#file	line	group	categories	tests	enclosing declaration	detail
?	0	?	conversion,tower	2		NonPrimitive.buildEnvFromParams:RR64<-ZZ32 x26
Interpreter generated.	0	other	conversion,numdef,numdef-mixed	1		method:Number.juxtaposition<-RR64 x2; method:Number.juxtaposition<-ZZ32 x1
Library/ChunkedSparseArray.fss	21	Library/other	inherit,inherit-missing,restate-only,tower	1	17 popCount(x0:ZZ64): ZZ32 = do	NonPrimitive.buildEnvFromParams:QQ<-ZZ32 x3503; method:QQ.NE<-ZZ64 x3503
Library/ChunkedSparseArray.fss	96	Library/other	conversion,tower	1	48 object ChunkedSparseArray[\T, nat n\](defaultValue : T) exte	NonPrimitive.buildEnvFromParams:ZZ64<-ZZ32 x16
Library/ChunkedSparseArray.fss	98	Library/other	conversion,tower	1	48 object ChunkedSparseArray[\T, nat n\](defaultValue : T) exte	NonPrimitive.buildEnvFromParams:ZZ64<-ZZ32 x16
Library/Constants.fss	17	Library/other	conversion,numdef,numdef-mixed	5	17 infinity : RR64 = 1.0 / 0.0	method:Number./<-RR64 x5
Library/CovariantCollection.fss	47	Library/other	conversion,tower	2	39 opr APPCOV(a: AnyCovColl, b: AnyCovColl): AnyCovColl =	NonPrimitive.buildEnvFromParams:RR64<-ZZ32 x32
Library/FlatString.fss	113	Library/other	inherit,inherit-missing,restate-only,tower	4	34 object FlatString extends { String, DelegatedIndexed⟦Char, Z	method:QQ.NE<-ZZ32 x1855; NonPrimitive.buildEnvFromParams:QQ<-ZZ32 x1855
Library/Format.fss	70	Library/other	inherit,inherit-missing,restate-only,tower	1	69 radixHelper(base:ZZ64,val:ZZ64):String = do	method:ZZ./<-ZZ32 x60; NonPrimitive.buildEnvFromParams:ZZ<-ZZ32 x60
Library/Format.fss	71	Library/other	inherit,inherit-missing,restate-only,tower	1	69 radixHelper(base:ZZ64,val:ZZ64):String = do	NonPrimitive.buildEnvFromParams:QQ<-ZZ32 x60; method:QQ.NE<-ZZ32 x60
Library/Format.fss	72	Library/other	inherit,inherit-missing,restate-only,tower	1	69 radixHelper(base:ZZ64,val:ZZ64):String = do	NonPrimitive.buildEnvFromParams:ZZ64<-ZZ32 x60; method:ZZ64.narrow<-ZZ32 x30
Library/Format.fss	74	Library/other	inherit,inherit-missing,restate-only	1	69 radixHelper(base:ZZ64,val:ZZ64):String = do	method:ZZ64.narrow<-ZZ32 x30
Library/Format.fss	80	Library/other	conversion,tower	1	78 radix(base:ZZ64,val:ZZ64):String = do	NonPrimitive.buildEnvFromParams:ZZ64<-ZZ32 x4
Library/Format.fss	82	Library/other	conversion,tower	1	78 radix(base:ZZ64,val:ZZ64):String = do	NonPrimitive.buildEnvFromParams:ZZ64<-ZZ32 x56
Library/Format.fss	87	Library/other	conversion,numdef,numdef-mixed	1	86 scientificHelper(number:RR64):String = do	method:Number.=<-RR64 x4
Library/Format.fss	90	Library/other	conversion,numdef,numdef-mixed	1	86 scientificHelper(number:RR64):String = do	method:Number.log<-ZZ32 x4; method:Number.log<-RR64 x4
Library/Format.fss	92	Library/other	conversion,tower	1	86 scientificHelper(number:RR64):String = do	NonPrimitive.buildEnvFromParams:ZZ64<-ZZ32 x4
Library/Format.fss	94	Library/other	conversion,numdef,numdef-mixed	1	86 scientificHelper(number:RR64):String = do	method:Number.><-RR64 x4; method:Number.<<-RR64 x4
Library/Format.fss	97	Library/other	conversion,numdef,numdef-mixed	1	86 scientificHelper(number:RR64):String = do	method:Number./<-RR64 x8
Library/Format.fss	109	Library/other	conversion,numdef,numdef-mixed	1	108 scientific(number:RR64):String = do	method:Number.<<-RR64 x4
Library/Format.fss	112	Library/other	conversion,tower	1	108 scientific(number:RR64):String = do	NonPrimitive.buildEnvFromParams:RR64<-ZZ32 x1
Library/Format.fss	117	Library/other	inherit,inherit-missing,restate-only,tower	1	116 digitSeparator(num:String,nth:ZZ32,separator:String):String 	method:ZZ64.narrow<-ZZ32 x12; NonPrimitive.buildEnvFromParams:ZZ<-ZZ32 x12; method:ZZ./<-ZZ32 x12
Library/Format.fss	122	Library/other	inherit,inherit-missing,restate-only,tower	1	121 digitSeparatorRight(num:String,nth:ZZ32,separator:String):St	NonPrimitive.buildEnvFromParams:ZZ<-ZZ32 x4; method:ZZ64.narrow<-ZZ32 x4; method:ZZ./<-ZZ32 x4
Library/Format.fss	270	Library/other	conversion,tower	1	266 compileD(front:String,string:String,allArgs:List[\Any\],args	NonPrimitive.buildEnvFromParams:ZZ64<-ZZ32 x42
Library/Format.fss	279	Library/other	conversion,numdef,numdef-mixed	1	277 compileF(front:String,string:String,allArgs:List[\Any\],args	method:Number.+<-ZZ32 x2
Library/Format.fss	293	Library/other	conversion,tower	1	289 compileX(front:String,string:String,allArgs:List[\Any\],args	NonPrimitive.buildEnvFromParams:ZZ64<-ZZ32 x6
Library/FortressLibrary.fss	35	FortressLibrary.fss	conversion,tower	1	33 cast[\T extends Any\](x:Any):T =	typecase:ZZ<-ZZ64 x92
Library/FortressLibrary.fss	52	FortressLibrary.fss	conversion,tower	2	52 opr COMPOSE[\A,B,C\](f: B->C, g: A->B): A->C = fn (a:A): C =	NonPrimitive.buildEnvFromParams:RR64<-ZZ32 x90
Library/FortressLibrary.fss	297	FortressLibrary.fss	conversion,inherit,inherit-missing,numdef,numdef-mixed,tower	78	296 assert(x:Any, y:Any, failMsg: Any...): () =	NonPrimitive.buildEnvFromParams:QQ<-ZZ32 x3785; method:QQ.NE<-ZZ32 x3751; method:QQ.NE<-ZZ64 x82
Library/FortressLibrary.fss	367	FortressLibrary.fss	conversion,numdef,numdef-mixed	1	352 trait Number	method:Number.<<-RR64 x1
Library/FortressLibrary.fss	451	FortressLibrary.fss	conversion,numdef,numdef-mixed	1	425 trait RR64 extends Number comprises { Float, FloatLiteral, R	method:Number.MIN<-RR64 x2
Library/FortressLibrary.fss	461	FortressLibrary.fss	conversion,numdef,numdef-mixed	1	425 trait RR64 extends Number comprises { Float, FloatLiteral, R	method:Number.MAX<-RR64 x2
Library/FortressLibrary.fss	475	FortressLibrary.fss	conversion,tower	1	474 simplestRationalBetween(a:QQ, b:QQ): QQ = label done	localdecl:ZZ<-ZZ32 x11
Library/FortressLibrary.fss	476	FortressLibrary.fss	conversion,tower	1	474 simplestRationalBetween(a:QQ, b:QQ): QQ = label done	localdecl:ZZ<-ZZ32 x11
Library/FortressLibrary.fss	477	FortressLibrary.fss	conversion,tower	1	474 simplestRationalBetween(a:QQ, b:QQ): QQ = label done	localdecl:ZZ<-ZZ32 x11
Library/FortressLibrary.fss	478	FortressLibrary.fss	conversion,tower	1	474 simplestRationalBetween(a:QQ, b:QQ): QQ = label done	localdecl:ZZ<-ZZ32 x11
Library/FortressLibrary.fss	484	FortressLibrary.fss	conversion,tower	1	474 simplestRationalBetween(a:QQ, b:QQ): QQ = label done	BaseEnv.assignValue:ZZ<-ZZ32 x12
Library/FortressLibrary.fss	491	FortressLibrary.fss	conversion,tower	1	474 simplestRationalBetween(a:QQ, b:QQ): QQ = label done	BaseEnv.assignValue:ZZ<-ZZ32 x12
Library/FortressLibrary.fss	495	FortressLibrary.fss	inherit,inherit-missing,restate-only	1	474 simplestRationalBetween(a:QQ, b:QQ): QQ = label done	method:ZZ64.big<-ZZ32 x2
Library/FortressLibrary.fss	499	FortressLibrary.fss	inherit,inherit-missing,restate-only,tower	1	474 simplestRationalBetween(a:QQ, b:QQ): QQ = label done	method:ZZ./<-ZZ32 x3; NonPrimitive.buildEnvFromParams:ZZ<-ZZ32 x3
Library/FortressLibrary.fss	512	FortressLibrary.fss	inherit,inherit-missing,restate-only,tower	1	474 simplestRationalBetween(a:QQ, b:QQ): QQ = label done	NonPrimitive.buildEnvFromParams:QQ<-ZZ32 x7; method:QQ.NE<-ZZ32 x7
Library/FortressLibrary.fss	515	FortressLibrary.fss	conversion,tower	1	474 simplestRationalBetween(a:QQ, b:QQ): QQ = label done	NonPrimitive.buildEnvFromParams:ZZ<-ZZ32 x8
Library/FortressLibrary.fss	520	FortressLibrary.fss	conversion,tower	1	474 simplestRationalBetween(a:QQ, b:QQ): QQ = label done	NonPrimitive.buildEnvFromParams:ZZ<-ZZ32 x24
Library/FortressLibrary.fss	521	FortressLibrary.fss	inherit,inherit-missing,restate-only,tower	1	474 simplestRationalBetween(a:QQ, b:QQ): QQ = label done	method:ZZ./<-ZZ32 x6; NonPrimitive.buildEnvFromParams:ZZ<-ZZ32 x6
Library/FortressLibrary.fss	532	FortressLibrary.fss	inherit,inherit-missing,restate-only,tower	1	524 trait QQ extends { RR64, StandardPartialOrder[\QQ\] } compri	NonPrimitive.buildEnvFromParams:ZZ<-ZZ32 x4; method:ZZ./<-ZZ32 x4
Library/FortressLibrary.fss	535	FortressLibrary.fss	conversion,inherit,inherit-missing,inherit-mixed	2	524 trait QQ extends { RR64, StandardPartialOrder[\QQ\] } compri	method:ZZ.numerator<-ZZ32 x55; method:ZZ.=<-ZZ32 x4
Library/FortressLibrary.fss	536	FortressLibrary.fss	conversion,inherit,inherit-mixed,tower	2	524 trait QQ extends { RR64, StandardPartialOrder[\QQ\] } compri	method:ZZ.=<-ZZ32 x18; NonPrimitive.buildEnvFromParams:QQ<-ZZ32 x6; method:QQ.=<-ZZ32 x5
Library/FortressLibrary.fss	538	FortressLibrary.fss	inherit,inherit-missing,restate-only	1	524 trait QQ extends { RR64, StandardPartialOrder[\QQ\] } compri	method:ZZ.numerator<-ZZ32 x66
Library/FortressLibrary.fss	539	FortressLibrary.fss	inherit,inherit-missing,restate-only	2	524 trait QQ extends { RR64, StandardPartialOrder[\QQ\] } compri	method:ZZ.numerator<-ZZ32 x160
Library/FortressLibrary.fss	542	FortressLibrary.fss	conversion,inherit,inherit-mixed,tower	1	524 trait QQ extends { RR64, StandardPartialOrder[\QQ\] } compri	NonPrimitive.buildEnvFromParams:QQ<-ZZ32 x22; method:QQ.=<-ZZ32 x11; method:QQ.<<-ZZ32 x11
Library/FortressLibrary.fss	543	FortressLibrary.fss	conversion,inherit,inherit-mixed,tower	1	524 trait QQ extends { RR64, StandardPartialOrder[\QQ\] } compri	method:QQ.<<-ZZ32 x28; NonPrimitive.buildEnvFromParams:QQ<-ZZ32 x28
Library/FortressLibrary.fss	544	FortressLibrary.fss	conversion,inherit,inherit-mixed,tower	1	524 trait QQ extends { RR64, StandardPartialOrder[\QQ\] } compri	method:QQ.<=<-ZZ32 x6; NonPrimitive.buildEnvFromParams:QQ<-ZZ32 x5
Library/FortressLibrary.fss	548	FortressLibrary.fss	conversion,inherit,inherit-missing,inherit-mixed,tower	1	524 trait QQ extends { RR64, StandardPartialOrder[\QQ\] } compri	NonPrimitive.buildEnvFromParams:ZZ<-ZZ32 x21; method:ZZ./<-ZZ32 x21; NonPrimitive.buildEnvFromParams:QQ<-ZZ32 x11
Library/FortressLibrary.fss	550	FortressLibrary.fss	conversion,inherit,inherit-missing,inherit-mixed,tower	1	524 trait QQ extends { RR64, StandardPartialOrder[\QQ\] } compri	NonPrimitive.buildEnvFromParams:ZZ<-ZZ32 x21; method:ZZ./<-ZZ32 x21; method:QQ.><-ZZ32 x11
Library/FortressLibrary.fss	558	FortressLibrary.fss	inherit,inherit-missing,restate-only,tower	2	524 trait QQ extends { RR64, StandardPartialOrder[\QQ\] } compri	method:ZZ./<-ZZ32 x688; NonPrimitive.buildEnvFromParams:ZZ<-ZZ32 x688
Library/FortressLibrary.fss	560	FortressLibrary.fss	conversion,inherit,inherit-mixed	1	524 trait QQ extends { RR64, StandardPartialOrder[\QQ\] } compri	method:QQ.=<-ZZ32 x1
Library/FortressLibrary.fss	561	FortressLibrary.fss	inherit,inherit-missing,restate-only	1	524 trait QQ extends { RR64, StandardPartialOrder[\QQ\] } compri	method:ZZ.numerator<-ZZ32 x1
Library/FortressLibrary.fss	563	FortressLibrary.fss	inherit,inherit-missing,restate-only,tower	2	524 trait QQ extends { RR64, StandardPartialOrder[\QQ\] } compri	NonPrimitive.buildEnvFromParams:ZZ<-ZZ32 x16; method:ZZ./<-ZZ32 x16
Library/FortressLibrary.fss	567	FortressLibrary.fss	inherit,inherit-missing,restate-only	2	524 trait QQ extends { RR64, StandardPartialOrder[\QQ\] } compri	method:ZZ.numerator<-ZZ32 x7
Library/FortressLibrary.fss	568	FortressLibrary.fss	inherit,inherit-missing,restate-only	1	524 trait QQ extends { RR64, StandardPartialOrder[\QQ\] } compri	method:ZZ.numerator<-ZZ32 x1
Library/FortressLibrary.fss	569	FortressLibrary.fss	inherit,inherit-missing,restate-only,tower	3	524 trait QQ extends { RR64, StandardPartialOrder[\QQ\] } compri	NonPrimitive.buildEnvFromParams:ZZ<-ZZ32 x32; method:ZZ./<-ZZ32 x32
Library/FortressLibrary.fss	572	FortressLibrary.fss	conversion,inherit,inherit-mixed,tower	2	524 trait QQ extends { RR64, StandardPartialOrder[\QQ\] } compri	method:QQ.DOT<-ZZ32 x7; NonPrimitive.buildEnvFromParams:QQ<-ZZ32 x1
Library/FortressLibrary.fss	574	FortressLibrary.fss	inherit,inherit-missing,restate-only	1	524 trait QQ extends { RR64, StandardPartialOrder[\QQ\] } compri	method:ZZ.numerator<-ZZ32 x4
Library/FortressLibrary.fss	575	FortressLibrary.fss	inherit,inherit-missing,restate-only	1	524 trait QQ extends { RR64, StandardPartialOrder[\QQ\] } compri	method:ZZ.numerator<-ZZ32 x120
Library/FortressLibrary.fss	576	FortressLibrary.fss	inherit,inherit-missing,restate-only,tower	2	524 trait QQ extends { RR64, StandardPartialOrder[\QQ\] } compri	NonPrimitive.buildEnvFromParams:ZZ<-ZZ64 x120; method:ZZ./<-ZZ64 x120; method:ZZ./<-ZZ32 x12
Library/FortressLibrary.fss	580	FortressLibrary.fss	inherit,inherit-missing,restate-only,tower	1	524 trait QQ extends { RR64, StandardPartialOrder[\QQ\] } compri	method:ZZ./<-ZZ32 x6; NonPrimitive.buildEnvFromParams:ZZ<-ZZ32 x6
Library/FortressLibrary.fss	582	FortressLibrary.fss	inherit,inherit-missing,restate-only,tower	1	524 trait QQ extends { RR64, StandardPartialOrder[\QQ\] } compri	method:ZZ./<-ZZ32 x14; NonPrimitive.buildEnvFromParams:ZZ<-ZZ32 x14
Library/FortressLibrary.fss	584	FortressLibrary.fss	inherit,inherit-missing,restate-only,tower	2	524 trait QQ extends { RR64, StandardPartialOrder[\QQ\] } compri	NonPrimitive.buildEnvFromParams:QQ<-ZZ32 x93; method:QQ.truncate<-ZZ32 x5; method:QQ.ceiling<-ZZ32 x3
Library/FortressLibrary.fss	587	FortressLibrary.fss	inherit,inherit-missing,restate-only	1	524 trait QQ extends { RR64, StandardPartialOrder[\QQ\] } compri	method:ZZ.numerator<-ZZ32 x7
Library/FortressLibrary.fss	588	FortressLibrary.fss	inherit,inherit-missing,restate-only	1	524 trait QQ extends { RR64, StandardPartialOrder[\QQ\] } compri	method:QQ.floor<-ZZ32 x2
Library/FortressLibrary.fss	591	FortressLibrary.fss	inherit,inherit-missing,restate-only	1	524 trait QQ extends { RR64, StandardPartialOrder[\QQ\] } compri	method:ZZ.numerator<-ZZ32 x7
Library/FortressLibrary.fss	592	FortressLibrary.fss	conversion,inherit,inherit-missing,inherit-mixed,tower	1	524 trait QQ extends { RR64, StandardPartialOrder[\QQ\] } compri	method:ZZ./<-ZZ32 x6; method:ZZ.odd<-ZZ32 x6; NonPrimitive.buildEnvFromParams:ZZ<-ZZ32 x6
Library/FortressLibrary.fss	594	FortressLibrary.fss	conversion,inherit,inherit-missing,inherit-mixed,tower	1	524 trait QQ extends { RR64, StandardPartialOrder[\QQ\] } compri	method:ZZ./<-ZZ32 x22; NonPrimitive.buildEnvFromParams:ZZ<-ZZ32 x22; NonPrimitive.buildEnvFromParams:QQ<-ZZ32 x11
Library/FortressLibrary.fss	596	FortressLibrary.fss	conversion,inherit,inherit-missing,inherit-mixed,tower	1	524 trait QQ extends { RR64, StandardPartialOrder[\QQ\] } compri	method:ZZ./<-ZZ32 x22; NonPrimitive.buildEnvFromParams:ZZ<-ZZ32 x22; method:QQ.><-ZZ32 x11
Library/FortressLibrary.fss	607	FortressLibrary.fss	conversion,numdef,numdef-mixed	3	599 object Ratio(num: ZZ, den: ZZ) extends { QQ }	method:Number./<-RR64 x110; method:Number.+<-ZZ64 x96; method:Number.+<-ZZ32 x14
Library/FortressLibrary.fss	632	FortressLibrary.fss	inherit,inherit-missing,restate-only,tower	5	615 trait Integral[\I extends Integral[\I\]\] extends { Standard	NonPrimitive.buildEnvFromParams:QQ<-ZZ32 x4323; method:QQ.NE<-ZZ32 x4323
Library/FortressLibrary.fss	710	FortressLibrary.fss	conversion,tower	1	704 trait ZZ64 extends { ZZ, Integral[\ZZ64\] } comprises { Long	NonPrimitive.buildEnvFromParams:ZZ64<-ZZ32 x4
Library/FortressLibrary.fss	720	FortressLibrary.fss	conversion,inherit,inherit-mixed	1	704 trait ZZ64 extends { ZZ, Integral[\ZZ64\] } comprises { Long	method:ZZ64.<<-ZZ32 x3
Library/FortressLibrary.fss	838	FortressLibrary.fss	inherit,inherit-missing,restate-only	1	826 trait ZZ extends Integral[\ZZ\]	method:ZZ.cmp<-NN32 x4
Library/FortressLibrary.fss	855	FortressLibrary.fss	inherit,inherit-missing,restate-only,tower	3	826 trait ZZ extends Integral[\ZZ\]	method:ZZ./<-ZZ64 x241; NonPrimitive.buildEnvFromParams:ZZ<-ZZ64 x241; NonPrimitive.buildEnvFromParams:ZZ<-ZZ32 x31
Library/FortressLibrary.fss	856	FortressLibrary.fss	conversion,inherit,inherit-mixed	1	826 trait ZZ extends Integral[\ZZ\]	method:ZZ64.GCD<-ZZ32 x1
Library/FortressLibrary.fss	857	FortressLibrary.fss	conversion,tower	1	826 trait ZZ extends Integral[\ZZ\]	NonPrimitive.buildEnvFromParams:ZZ<-ZZ32 x364
Library/FortressLibrary.fss	858	FortressLibrary.fss	conversion,inherit,inherit-mixed	1	826 trait ZZ extends Integral[\ZZ\]	method:ZZ64.DIV<-ZZ32 x1
Library/FortressLibrary.fss	859	FortressLibrary.fss	conversion,inherit,inherit-mixed	1	826 trait ZZ extends Integral[\ZZ\]	method:ZZ64.DIV<-ZZ32 x60
Library/FortressLibrary.fss	860	FortressLibrary.fss	conversion,tower	11	826 trait ZZ extends Integral[\ZZ\]	NonPrimitive.buildEnvFromParams:ZZ<-ZZ32 x4398; NonPrimitive.buildEnvFromParams:ZZ<-ZZ64 x1322
Library/FortressLibrary.fss	894	FortressLibrary.fss	inherit,inherit-missing,restate-only	3	826 trait ZZ extends Integral[\ZZ\]	method:ZZ.even<-ZZ64 x21216; method:ZZ.even<-ZZ32 x20
Library/FortressLibrary.fss	1336	FortressLibrary.fss	conversion,numdef,numdef-mixed	1	1316 value object Just[\T\](x:T) extends Maybe[\T\]	method:Number.=<-RR64 x3
Library/FortressLibrary.fss	1750	FortressLibrary.fss	conversion,numdef,numdef-mixed	1	1739 trait LexicographicOrder[\T extends LexicographicOrder[\T,E\	method:Number.=<-RR64 x4
Library/FortressLibrary.fss	1827	FortressLibrary.fss	conversion,tower	6	1806 trait ReadableArray[\E,I\]	NonPrimitive.buildEnvFromParams:RR64<-ZZ32 x122
Library/FortressLibrary.fss	1868	FortressLibrary.fss	conversion,numdef,numdef-mixed	2	1806 trait ReadableArray[\E,I\]	method:Number.=<-RR64 x127
Library/FortressLibrary.fss	1979	FortressLibrary.fss	conversion,tower	3	1976 trait StandardImmutableArrayType[\T extends StandardImmutabl	NonPrimitive.buildEnvFromParams:RR64<-ZZ32 x22
Library/FortressLibrary.fss	1994	FortressLibrary.fss	conversion,tower	1	1991 trait StandardMutableArrayType[\T extends StandardMutableArr	NonPrimitive.buildEnvFromParams:RR64<-ZZ32 x30
Library/FortressLibrary.fss	2197	FortressLibrary.fss	conversion,numdef,numdef-mixed	2	2193 trait Vector[\T extends Number, nat s0\]	method:Number.+<-RR64 x8
Library/FortressLibrary.fss	2201	FortressLibrary.fss	conversion,numdef,numdef-mixed	1	2193 trait Vector[\T extends Number, nat s0\]	method:Number.juxtaposition<-ZZ32 x5; method:Number.juxtaposition<-RR64 x5
Library/FortressLibrary.fss	2203	FortressLibrary.fss	conversion,numdef,numdef-mixed	1	2193 trait Vector[\T extends Number, nat s0\]	method:Number.juxtaposition<-RR64 x5
Library/FortressLibrary.fss	2205	FortressLibrary.fss	conversion,numdef,numdef-mixed	2	2193 trait Vector[\T extends Number, nat s0\]	method:Number.juxtaposition<-RR64 x26
Library/FortressLibrary.fss	2212	FortressLibrary.fss	conversion,tower	3	2208 object __DefaultVector[\T, nat s0\]() extends Vector[\T,s0\]	NonPrimitive.buildEnvFromParams:RR64<-ZZ32 x70
Library/FortressLibrary.fss	2278	FortressLibrary.fss	conversion,tower	1	2277 opr DOT[\ T extends Number, nat n \]	NonPrimitive.buildEnvFromParams:RR64<-ZZ32 x1
Library/FortressLibrary.fss	2505	FortressLibrary.fss	conversion,numdef,numdef-mixed	1	2501 trait Matrix[\T extends Number, nat s0, nat s1\]	method:Number.+<-RR64 x12
Library/FortressLibrary.fss	2509	FortressLibrary.fss	conversion,numdef,numdef-mixed	1	2501 trait Matrix[\T extends Number, nat s0, nat s1\]	method:Number.juxtaposition<-RR64 x24
Library/FortressLibrary.fss	2515	FortressLibrary.fss	conversion,numdef,numdef-mixed,tower	2	2501 trait Matrix[\T extends Number, nat s0, nat s1\]	method:Number.juxtaposition<-RR64 x161; localdecl:RR64<-ZZ32 x125; method:Number.juxtaposition<-ZZ32 x41
Library/FortressLibrary.fss	2517	FortressLibrary.fss	conversion,numdef,numdef-mixed,tower	1	2501 trait Matrix[\T extends Number, nat s0, nat s1\]	method:Number.+<-RR64 x95; NonPrimitive.buildEnvFromParams:RR64<-ZZ32 x30; method:Number.+<-ZZ32 x25
Library/FortressLibrary.fss	2533	FortressLibrary.fss	conversion,numdef,numdef-mixed,tower	3	2501 trait Matrix[\T extends Number, nat s0, nat s1\]	method:Number.juxtaposition<-RR64 x61; NonPrimitive.buildEnvFromParams:RR64<-ZZ32 x26; method:Number.juxtaposition<-ZZ32 x13
Library/FortressLibrary.fss	2555	FortressLibrary.fss	conversion,numdef,numdef-mixed	2	2501 trait Matrix[\T extends Number, nat s0, nat s1\]	method:Number.juxtaposition<-ZZ32 x48; method:Number.juxtaposition<-RR64 x19
Library/FortressLibrary.fss	2560	FortressLibrary.fss	conversion,numdef,numdef-mixed	1	2501 trait Matrix[\T extends Number, nat s0, nat s1\]	method:Number.juxtaposition<-RR64 x37
Library/FortressLibrary.fss	2570	FortressLibrary.fss	conversion,tower	3	2567 object __DefaultMatrix[\T, nat s0, nat s1\]()	NonPrimitive.buildEnvFromParams:RR64<-ZZ32 x38
Library/FortressLibrary.fss	3040	FortressLibrary.fss	conversion,numdef,numdef-mixed	2	3031 object SumReduction extends {	method:Number.+<-RR64 x22; method:Number.+<-ZZ32 x16
Library/FortressLibrary.fss	4121	FortressLibrary.fss	conversion,tower	357	4121 __globalTimeInformation: ZZ64 := 0	BaseEnv.assignValue:ZZ64<-ZZ32 x357; BuildEnvironments.forVarDecl4:ZZ64<-ZZ32 x357
Library/FortressLibrary.fss	4509	FortressLibrary.fss	conversion,numdef,numdef-mixed	2	4509 opr +[\T extends Number, I\](x: Array[\T,I\], y: T): Array[\	method:Number.+<-RR64 x11
Library/FortressLibrary.fss	4510	FortressLibrary.fss	conversion,numdef,numdef-mixed	2	4510 opr +[\T extends Number, I\](y: T, x: Array[\T,I\]): Array[\	method:Number.+<-RR64 x11
Library/FortressLibrary.fss	4511	FortressLibrary.fss	conversion,numdef,numdef-mixed	1	4511 opr -[\T extends Number, I\](x: Array[\T,I\], y: T): Array[\	method:Number.-<-RR64 x7
Library/FortressLibrary.fss	4515	FortressLibrary.fss	conversion,numdef,numdef-mixed	1	4515 opr -[\T extends Number, I\](y: T, x: Array[\T,I\]): Array[\	method:Number.-<-RR64 x7
Library/FortressLibrary.fss	4516	FortressLibrary.fss	conversion,numdef,numdef-mixed	1	4516 opr MIN[\T extends Number, I\](x: Array[\T,I\], y: T): Array	method:Number.MIN<-RR64 x7
Library/FortressLibrary.fss	4517	FortressLibrary.fss	conversion,numdef,numdef-mixed	1	4517 opr MIN[\T extends Number, I\](y: T, x: Array[\T,I\]): Array	method:Number.MIN<-RR64 x7
Library/FortressLibrary.fss	4518	FortressLibrary.fss	conversion,numdef,numdef-mixed	1	4518 opr MAX[\T extends Number, I\](x: Array[\T,I\], y: T): Array	method:Number.MAX<-RR64 x7
Library/FortressLibrary.fss	4519	FortressLibrary.fss	conversion,numdef,numdef-mixed	2	4519 opr MAX[\T extends Number, I\](y: T, x: Array[\T,I\]): Array	method:Number.MAX<-RR64 x10
Library/IntMap.fss	62	Library/other	conversion,tower	1	24 trait IntMap[\Val\]	NonPrimitive.buildEnvFromParams:ZZ64<-ZZ32 x4
Library/IntMap.fss	166	Library/other	conversion,tower	1	139 opr DIFFERENCE[\V,W\](this:IntMap[\V\], other:IntMap[\W\]):I	NonPrimitive.buildEnvFromParams:ZZ64<-ZZ32 x1
Library/IntMap.fss	251	Library/other	conversion,inherit,inherit-mixed	1	219 trait NonEmptyIntMap[\Val\] extends IntMap[\Val\]	method:ZZ64.<<-ZZ32 x345
Library/IntMap.fss	268	Library/other	conversion,inherit,inherit-mixed	1	219 trait NonEmptyIntMap[\Val\] extends IntMap[\Val\]	method:ZZ64.=<-ZZ32 x2
Library/IntMap.fss	271	Library/other	conversion,inherit,inherit-mixed	1	219 trait NonEmptyIntMap[\Val\] extends IntMap[\Val\]	method:ZZ64.=<-ZZ32 x67
Library/IntMap.fss	287	Library/other	conversion,inherit,inherit-mixed	1	219 trait NonEmptyIntMap[\Val\] extends IntMap[\Val\]	method:ZZ64.=<-ZZ32 x3
Library/IntMap.fss	288	Library/other	conversion,tower	1	219 trait NonEmptyIntMap[\Val\] extends IntMap[\Val\]	NonPrimitive.buildEnvFromParams:ZZ64<-ZZ32 x1
Library/IntMap.fss	297	Library/other	conversion,inherit,inherit-mixed	1	219 trait NonEmptyIntMap[\Val\] extends IntMap[\Val\]	method:ZZ64.=<-ZZ32 x3
Library/IntMap.fss	299	Library/other	conversion,tower	1	219 trait NonEmptyIntMap[\Val\] extends IntMap[\Val\]	NonPrimitive.buildEnvFromParams:ZZ64<-ZZ32 x1
Library/IntMap.fss	301	Library/other	conversion,inherit,inherit-mixed	1	219 trait NonEmptyIntMap[\Val\] extends IntMap[\Val\]	method:ZZ64.<<-ZZ32 x2
Library/IntMap.fss	305	Library/other	conversion,inherit,inherit-mixed	1	219 trait NonEmptyIntMap[\Val\] extends IntMap[\Val\]	method:ZZ64.=<-ZZ32 x5
Library/IntMap.fss	368	Library/other	conversion,tower	1	219 trait NonEmptyIntMap[\Val\] extends IntMap[\Val\]	NonPrimitive.buildEnvFromParams:ZZ64<-ZZ32 x3
Library/IntMap.fss	436	Library/other	conversion,tower	1	219 trait NonEmptyIntMap[\Val\] extends IntMap[\Val\]	NonPrimitive.buildEnvFromParams:ZZ64<-ZZ32 x140
Library/IntMap.fss	456	Library/other	conversion,inherit,inherit-mixed,tower	1	219 trait NonEmptyIntMap[\Val\] extends IntMap[\Val\]	method:ZZ64.<<-ZZ32 x10; NonPrimitive.buildEnvFromParams:ZZ64<-ZZ32 x6
Library/IntMap.fss	457	Library/other	conversion,tower	1	219 trait NonEmptyIntMap[\Val\] extends IntMap[\Val\]	NonPrimitive.buildEnvFromParams:ZZ64<-ZZ32 x4
Library/IntMap.fss	467	Library/other	conversion,inherit,inherit-mixed	1	219 trait NonEmptyIntMap[\Val\] extends IntMap[\Val\]	method:ZZ64.<<-ZZ32 x10
Library/IntMap.fss	471	Library/other	conversion,inherit,inherit-mixed,tower	1	219 trait NonEmptyIntMap[\Val\] extends IntMap[\Val\]	method:ZZ64.<<-ZZ32 x17; NonPrimitive.buildEnvFromParams:ZZ64<-ZZ32 x14
Library/IntMap.fss	472	Library/other	conversion,tower	1	219 trait NonEmptyIntMap[\Val\] extends IntMap[\Val\]	NonPrimitive.buildEnvFromParams:ZZ64<-ZZ32 x3
Library/IntMap.fss	674	Library/other	conversion,tower	1	673 keySplit(k1:ZZ64, k2:ZZ64): ZZ64 = do	NonPrimitive.buildEnvFromParams:ZZ64<-ZZ32 x3
Library/List.fss	194	Library/other	conversion,tower	1	191 list[\E\](g:Indexed[\E,ZZ32\]):List[\E\] = do	NonPrimitive.buildEnvFromParams:ZZ<-ZZ64 x28
Library/List.fss	302	Library/other	conversion,tower	1	251 object ArrayList[\E\]( underlying : ImmutableArray[\E,ZZ32\]	NonPrimitive.buildEnvFromParams:ZZ<-ZZ64 x72
Library/List.fss	312	Library/other	conversion,tower	1	251 object ArrayList[\E\]( underlying : ImmutableArray[\E,ZZ32\]	NonPrimitive.buildEnvFromParams:ZZ<-ZZ64 x92
Library/List.fss	494	Library/other	conversion,tower	1	492 singleton[\E\](e:E): List[\E\] = do	NonPrimitive.buildEnvFromParams:ZZ<-ZZ64 x44
Library/Map.fss	144	Library/other	conversion,tower	1	142 singleton[\Key,Val\](k:Key,v:Val): Map[\Key,Val\] = do	NonPrimitive.buildEnvFromParams:ZZ<-ZZ64 x230; NonPrimitive.buildEnvFromParams:QQ<-ZZ64 x1
Library/Map.fss	241	Library/other	conversion,tower	1	221 object EmptyMap[\Key,Val\] extends Map[\Key,Val\]	NonPrimitive.buildEnvFromParams:ZZ<-ZZ64 x980; NonPrimitive.buildEnvFromParams:QQ<-ZZ64 x3
Library/Map.fss	259	Library/other	conversion,tower	1	221 object EmptyMap[\Key,Val\] extends Map[\Key,Val\]	NonPrimitive.buildEnvFromParams:ZZ<-ZZ64 x753; NonPrimitive.buildEnvFromParams:QQ<-ZZ64 x2
Library/Map.fss	343	Library/other	conversion,numdef,numdef-mixed	1	272 object NodeMap[\Key,Val\](key:Key, val:Val, left:Map[\Key,Va	method:Number.CMP<-RR64 x1056
Library/Map.fss	345	Library/other	conversion,tower	1	272 object NodeMap[\Key,Val\](key:Key, val:Val, left:Map[\Key,Va	NonPrimitive.buildEnvFromParams:ZZ<-ZZ64 x520; NonPrimitive.buildEnvFromParams:QQ<-ZZ64 x5
Library/Map.fss	346	Library/other	conversion,tower	1	272 object NodeMap[\Key,Val\](key:Key, val:Val, left:Map[\Key,Va	NonPrimitive.buildEnvFromParams:ZZ<-ZZ64 x566; NonPrimitive.buildEnvFromParams:QQ<-ZZ64 x4
Library/Map.fss	374	Library/other	conversion,tower	1	272 object NodeMap[\Key,Val\](key:Key, val:Val, left:Map[\Key,Va	NonPrimitive.buildEnvFromParams:ZZ<-ZZ64 x320
Library/Map.fss	375	Library/other	conversion,tower	1	272 object NodeMap[\Key,Val\](key:Key, val:Val, left:Map[\Key,Va	NonPrimitive.buildEnvFromParams:ZZ<-ZZ64 x628; NonPrimitive.buildEnvFromParams:QQ<-ZZ64 x8
Library/Map.fss	393	Library/other	conversion,numdef,numdef-mixed	1	272 object NodeMap[\Key,Val\](key:Key, val:Val, left:Map[\Key,Va	method:Number.CMP<-RR64 x1043
Library/Map.fss	395	Library/other	conversion,tower	1	272 object NodeMap[\Key,Val\](key:Key, val:Val, left:Map[\Key,Va	NonPrimitive.buildEnvFromParams:ZZ<-ZZ64 x157
Library/Map.fss	396	Library/other	conversion,tower	1	272 object NodeMap[\Key,Val\](key:Key, val:Val, left:Map[\Key,Va	NonPrimitive.buildEnvFromParams:ZZ<-ZZ64 x281; NonPrimitive.buildEnvFromParams:QQ<-ZZ64 x1
Library/Map.fss	398	Library/other	conversion,tower	1	272 object NodeMap[\Key,Val\](key:Key, val:Val, left:Map[\Key,Va	NonPrimitive.buildEnvFromParams:ZZ<-ZZ64 x169
Library/Map.fss	399	Library/other	conversion,tower	1	272 object NodeMap[\Key,Val\](key:Key, val:Val, left:Map[\Key,Va	NonPrimitive.buildEnvFromParams:ZZ<-ZZ64 x275
Library/Map.fss	401	Library/other	conversion,tower	1	272 object NodeMap[\Key,Val\](key:Key, val:Val, left:Map[\Key,Va	NonPrimitive.buildEnvFromParams:ZZ<-ZZ64 x46
Library/Map.fss	406	Library/other	conversion,tower	1	272 object NodeMap[\Key,Val\](key:Key, val:Val, left:Map[\Key,Va	NonPrimitive.buildEnvFromParams:ZZ<-ZZ64 x1
Library/Map.fss	410	Library/other	conversion,tower	1	272 object NodeMap[\Key,Val\](key:Key, val:Val, left:Map[\Key,Va	NonPrimitive.buildEnvFromParams:ZZ<-ZZ64 x223; NonPrimitive.buildEnvFromParams:QQ<-ZZ64 x1
Library/Map.fss	414	Library/other	conversion,tower	1	272 object NodeMap[\Key,Val\](key:Key, val:Val, left:Map[\Key,Va	NonPrimitive.buildEnvFromParams:ZZ<-ZZ64 x386; NonPrimitive.buildEnvFromParams:QQ<-ZZ64 x6
Library/Map.fss	416	Library/other	conversion,tower	1	272 object NodeMap[\Key,Val\](key:Key, val:Val, left:Map[\Key,Va	NonPrimitive.buildEnvFromParams:ZZ<-ZZ64 x398; NonPrimitive.buildEnvFromParams:QQ<-ZZ64 x8
Library/Map.fss	418	Library/other	conversion,tower	1	272 object NodeMap[\Key,Val\](key:Key, val:Val, left:Map[\Key,Va	NonPrimitive.buildEnvFromParams:ZZ<-ZZ64 x232; NonPrimitive.buildEnvFromParams:QQ<-ZZ64 x6
Library/Map.fss	443	Library/other	conversion,tower	1	272 object NodeMap[\Key,Val\](key:Key, val:Val, left:Map[\Key,Va	NonPrimitive.buildEnvFromParams:ZZ<-ZZ64 x23
Library/Map.fss	467	Library/other	conversion,tower	1	272 object NodeMap[\Key,Val\](key:Key, val:Val, left:Map[\Key,Va	NonPrimitive.buildEnvFromParams:ZZ<-ZZ64 x622; NonPrimitive.buildEnvFromParams:QQ<-ZZ64 x4
Library/Map.fss	474	Library/other	conversion,tower	1	272 object NodeMap[\Key,Val\](key:Key, val:Val, left:Map[\Key,Va	NonPrimitive.buildEnvFromParams:ZZ<-ZZ64 x13; NonPrimitive.buildEnvFromParams:QQ<-ZZ64 x1
Library/Map.fss	475	Library/other	conversion,tower	1	272 object NodeMap[\Key,Val\](key:Key, val:Val, left:Map[\Key,Va	NonPrimitive.buildEnvFromParams:ZZ<-ZZ64 x18
Library/Map.fss	483	Library/other	conversion,tower	1	272 object NodeMap[\Key,Val\](key:Key, val:Val, left:Map[\Key,Va	NonPrimitive.buildEnvFromParams:ZZ<-ZZ64 x8
Library/Map.fss	484	Library/other	conversion,tower	1	272 object NodeMap[\Key,Val\](key:Key, val:Val, left:Map[\Key,Va	NonPrimitive.buildEnvFromParams:ZZ<-ZZ64 x21
Library/Map.fss	486	Library/other	conversion,tower	1	272 object NodeMap[\Key,Val\](key:Key, val:Val, left:Map[\Key,Va	NonPrimitive.buildEnvFromParams:ZZ<-ZZ64 x253; NonPrimitive.buildEnvFromParams:QQ<-ZZ64 x6
Library/Map.fss	490	Library/other	conversion,tower	1	272 object NodeMap[\Key,Val\](key:Key, val:Val, left:Map[\Key,Va	NonPrimitive.buildEnvFromParams:ZZ<-ZZ64 x13
Library/Map.fss	491	Library/other	conversion,tower	1	272 object NodeMap[\Key,Val\](key:Key, val:Val, left:Map[\Key,Va	NonPrimitive.buildEnvFromParams:ZZ<-ZZ64 x13; NonPrimitive.buildEnvFromParams:QQ<-ZZ64 x1
Library/Map.fss	495	Library/other	conversion,tower	1	272 object NodeMap[\Key,Val\](key:Key, val:Val, left:Map[\Key,Va	NonPrimitive.buildEnvFromParams:ZZ<-ZZ64 x8
Library/Map.fss	497	Library/other	conversion,tower	1	272 object NodeMap[\Key,Val\](key:Key, val:Val, left:Map[\Key,Va	NonPrimitive.buildEnvFromParams:ZZ<-ZZ64 x8
Library/Map.fss	507	Library/other	conversion,tower	1	272 object NodeMap[\Key,Val\](key:Key, val:Val, left:Map[\Key,Va	NonPrimitive.buildEnvFromParams:ZZ<-ZZ64 x54; NonPrimitive.buildEnvFromParams:QQ<-ZZ64 x1
Library/Map.fss	519	Library/other	conversion,tower	1	272 object NodeMap[\Key,Val\](key:Key, val:Val, left:Map[\Key,Va	NonPrimitive.buildEnvFromParams:ZZ<-ZZ64 x63
Library/PrefixSet.fss	381	Library/other	inherit,inherit-missing,restate-only,tower	1	381 prefixSet[\E extends StandardTotalOrder[\E\], F extends List	NonPrimitive.buildEnvFromParams:QQ<-ZZ32 x3; method:QQ.NE<-ZZ32 x3
Library/QuickCheck.fss	164	Library/other	conversion,tower	1	128 trait GenGenerator[\E,T extends Generator[\E\]\] extends Gen	NonPrimitive.buildEnvFromParams:ZZ<-ZZ64 x8
Library/QuickCheck.fss	174	Library/other	conversion,tower	1	128 trait GenGenerator[\E,T extends Generator[\E\]\] extends Gen	NonPrimitive.buildEnvFromParams:ZZ<-ZZ64 x280; NonPrimitive.buildEnvFromParams:QQ<-ZZ64 x1
Library/QuickCheck.fss	322	Library/other	conversion,tower	1	297 object genZZ extends Gen[\ZZ\]	NonPrimitive.buildEnvFromParams:ZZ<-ZZ64 x382
Library/QuickCheck.fss	334	Library/other	conversion,inherit,inherit-missing,tower	2	328 object genQQ extends Gen[\QQ\]	method:ZZ./<-ZZ64 x482; NonPrimitive.buildEnvFromParams:ZZ<-ZZ64 x482; NonPrimitive.buildEnvFromParams:ZZ64<-ZZ32 x482
Library/QuickCheck.fss	338	Library/other	inherit,inherit-missing,restate-only	1	328 object genQQ extends Gen[\QQ\]	method:ZZ.numerator<-ZZ64 x1
Library/QuickCheck.fss	341	Library/other	inherit,inherit-missing,restate-only,tower	1	328 object genQQ extends Gen[\QQ\]	NonPrimitive.buildEnvFromParams:ZZ<-ZZ64 x432; method:ZZ./<-ZZ64 x215; method:ZZ./<-ZZ32 x1
Library/QuickCheck.fss	350	Library/other	conversion,numdef,numdef-mixed	2	345 object genRR32 extends Gen[\RR32\]	method:Number.juxtaposition<-ZZ32 x812; method:Number./<-ZZ32 x812
Library/QuickCheck.fss	371	Library/other	conversion,numdef,numdef-mixed	2	365 object genRR64 extends Gen[\RR64\]	method:Number.juxtaposition<-ZZ64 x2051; method:Number./<-ZZ32 x2051
Library/QuickCheck.fss	372	Library/other	conversion,numdef,numdef-mixed	2	365 object genRR64 extends Gen[\RR64\]	method:Number./<-ZZ32 x2051
Library/QuickCheck.fss	525	Library/other	conversion,tower	1	513 object genTuple2[\T1,T2\](genT1:Gen[\T1\], genT2:Gen[\T2\]) 	NonPrimitive.buildEnvFromParams:ZZ<-ZZ64 x31
Library/QuickCheck.fss	526	Library/other	conversion,tower	1	513 object genTuple2[\T1,T2\](genT1:Gen[\T1\], genT2:Gen[\T2\]) 	NonPrimitive.buildEnvFromParams:ZZ<-ZZ64 x24; NonPrimitive.buildEnvFromParams:QQ<-ZZ64 x1
Library/QuickCheck.fss	1131	Library/other	conversion,inherit,inherit-missing,inherit-mixed,tower	1	1064 checkResult[\P\](t:Testable[\P\], g:Gen[\P\], c:TestContext)	NonPrimitive.buildEnvFromParams:ZZ<-ZZ32 x6; method:QQ.juxtaposition<-ZZ32 x6; method:ZZ./<-ZZ32 x6
Library/Random.fss	199	Library/other	conversion,inherit,inherit-missing,numdef,numdef-mixed	3	195 object SystemRandomGen extends RandomGen[\ZZ64\]	method:ZZ.widen<-ZZ64 x639; method:Number.juxtaposition<-ZZ64 x639
Library/Random.fss	235	Library/other	inherit,inherit-missing,restate-only	3	222 object LinearCongruential[\N\](seed:N, mult:N, add:N, modulu	method:ZZ.widen<-ZZ64 x250294
Library/Random.fss	241	Library/other	inherit,inherit-missing,restate-only	3	222 object LinearCongruential[\N\](seed:N, mult:N, add:N, modulu	method:ZZ.widen<-ZZ64 x27037
Library/Random.fss	243	Library/other	conversion,tower	3	222 object LinearCongruential[\N\](seed:N, mult:N, add:N, modulu	NonPrimitive.buildEnvFromParams:ZZ64<-ZZ32 x23027
Library/Random.fss	253	Library/other	conversion,tower	3	252 linearCongruential(seed:ZZ64): LinearCongruential[\ZZ64\] =	NonPrimitive.buildEnvFromParams:ZZ64<-ZZ32 x16
Library/Random.fss	270	Library/other	conversion,inherit,inherit-mixed	1	263 object MersenneTwister[\N, nat wordsize, nat degree\]	method:ZZ64.LSHIFT<-ZZ32 x1394
Library/Random.fss	278	Library/other	conversion,inherit,inherit-mixed	1	263 object MersenneTwister[\N, nat wordsize, nat degree\]	method:ZZ64.LSHIFT<-ZZ32 x34
Library/Random.fss	279	Library/other	conversion,inherit,inherit-mixed	1	263 object MersenneTwister[\N, nat wordsize, nat degree\]	method:ZZ64.LSHIFT<-ZZ32 x34
Library/Random.fss	285	Library/other	inherit,inherit-missing,restate-only	1	263 object MersenneTwister[\N, nat wordsize, nat degree\]	method:ZZ.odd<-ZZ64 x21216
Library/Random.fss	312	Library/other	conversion,tower	1	263 object MersenneTwister[\N, nat wordsize, nat degree\]	NonPrimitive.buildEnvFromParams:ZZ64<-ZZ32 x30
Library/Random.fss	327	Library/other	conversion,inherit,inherit-mixed	1	322 object MersenneTwisterInit(seed:ZZ64) extends SeededRandomGe	method:ZZ64.BITAND<-ZZ32 x30
Library/Random.fss	336	Library/other	conversion,inherit,inherit-mixed	1	322 object MersenneTwisterInit(seed:ZZ64) extends SeededRandomGe	method:ZZ64.juxtaposition<-ZZ32 x18720
Library/Random.fss	344	Library/other	conversion,inherit,inherit-missing,inherit-mixed	1	322 object MersenneTwisterInit(seed:ZZ64) extends SeededRandomGe	method:ZZ64.juxtaposition<-ZZ32 x30; method:ZZ.widen<-ZZ64 x30
Library/Random.fss	379	Library/other	conversion,inherit,inherit-mixed	3	369 object UniformDistribution[\T\](range:FullScalarRange[\T\])	method:ZZ64.juxtaposition<-ZZ32 x227912; method:ZZ64.+<-ZZ32 x227912
Library/RangeInternals.fss	71	Library/other	inherit,inherit-missing,restate-only,tower	19	60 meetingPoint[\I extends Integral[\I\]\](init0:I, stride0:I, 	method:QQ.NE<-ZZ32 x73873; NonPrimitive.buildEnvFromParams:QQ<-ZZ32 x73873
Library/RangeInternals.fss	158	Library/other	inherit,inherit-missing,restate-only,tower	28	146 trait ScalarRange[\I extends Integral[\I\]\] extends { Range	method:QQ.NE<-ZZ32 x151214; NonPrimitive.buildEnvFromParams:QQ<-ZZ32 x151214
Library/RangeInternals.fss	989	Library/other	inherit,inherit-missing,restate-only	19	984 trait CompactFullScalarRange[\I extends Integral[\I\]\] exte	method:ZZ64.narrow<-ZZ32 x242063
Library/RangeInternals.fss	1158	Library/other	inherit,inherit-missing,restate-only	3	1155 trait StridedFullScalarRange[\I extends Integral[\I\]\]	method:ZZ64.narrow<-ZZ32 x2860
Library/Reflect.fss	294	Library/other	conversion,tower	1	256 object ReflectMethod()	NonPrimitive.buildEnvFromParams:ZZ<-ZZ64 x24
Library/Set.fss	73	Library/other	conversion,tower	1	71 singleton[\E\](x:E): Set[\E\] = do	NonPrimitive.buildEnvFromParams:ZZ<-ZZ64 x14
Library/Set.fss	88	Library/other	inherit,inherit-missing,restate-only,tower	2	85 fromCopiedArray[\E extends StandardTotalOrder[\E\], T extend	method:QQ.NE<-ZZ32 x61; NonPrimitive.buildEnvFromParams:QQ<-ZZ32 x61
Library/Set.fss	188	Library/other	conversion,tower	1	164 object EmptySet[\E extends StandardTotalOrder[\E\]\] extends	NonPrimitive.buildEnvFromParams:ZZ<-ZZ64 x42
Library/Set.fss	199	Library/other	conversion,tower	1	164 object EmptySet[\E extends StandardTotalOrder[\E\]\] extends	NonPrimitive.buildEnvFromParams:ZZ<-ZZ64 x33
Library/Set.fss	263	Library/other	conversion,tower	1	207 object NodeSet[\E extends StandardTotalOrder[\E\]\](val:E,  	NonPrimitive.buildEnvFromParams:ZZ<-ZZ64 x22
Library/Set.fss	264	Library/other	conversion,tower	1	207 object NodeSet[\E extends StandardTotalOrder[\E\]\](val:E,  	NonPrimitive.buildEnvFromParams:ZZ<-ZZ64 x22
Library/Set.fss	324	Library/other	conversion,tower	1	207 object NodeSet[\E extends StandardTotalOrder[\E\]\](val:E,  	NonPrimitive.buildEnvFromParams:ZZ<-ZZ64 x23
Library/Set.fss	326	Library/other	conversion,tower	1	207 object NodeSet[\E extends StandardTotalOrder[\E\]\](val:E,  	NonPrimitive.buildEnvFromParams:ZZ<-ZZ64 x23
Library/Set.fss	409	Library/other	conversion,tower	1	207 object NodeSet[\E extends StandardTotalOrder[\E\]\](val:E,  	NonPrimitive.buildEnvFromParams:ZZ<-ZZ64 x24
Library/Set.fss	410	Library/other	conversion,tower	1	207 object NodeSet[\E extends StandardTotalOrder[\E\]\](val:E,  	NonPrimitive.buildEnvFromParams:ZZ<-ZZ64 x24
Library/Set.fss	412	Library/other	conversion,tower	1	207 object NodeSet[\E extends StandardTotalOrder[\E\]\](val:E,  	NonPrimitive.buildEnvFromParams:ZZ<-ZZ64 x14
Library/Set.fss	413	Library/other	conversion,tower	1	207 object NodeSet[\E extends StandardTotalOrder[\E\]\](val:E,  	NonPrimitive.buildEnvFromParams:ZZ<-ZZ64 x14
Library/Set.fss	426	Library/other	conversion,tower	1	207 object NodeSet[\E extends StandardTotalOrder[\E\]\](val:E,  	NonPrimitive.buildEnvFromParams:ZZ<-ZZ64 x2
Library/Set.fss	427	Library/other	conversion,tower	1	207 object NodeSet[\E extends StandardTotalOrder[\E\]\](val:E,  	NonPrimitive.buildEnvFromParams:ZZ<-ZZ64 x2
Library/Set.fss	428	Library/other	conversion,tower	1	207 object NodeSet[\E extends StandardTotalOrder[\E\]\](val:E,  	NonPrimitive.buildEnvFromParams:ZZ<-ZZ64 x19
Library/Set.fss	430	Library/other	conversion,tower	1	207 object NodeSet[\E extends StandardTotalOrder[\E\]\](val:E,  	NonPrimitive.buildEnvFromParams:ZZ<-ZZ64 x9
Library/Set.fss	435	Library/other	conversion,tower	1	207 object NodeSet[\E extends StandardTotalOrder[\E\]\](val:E,  	NonPrimitive.buildEnvFromParams:ZZ<-ZZ64 x21
Library/Set.fss	452	Library/other	conversion,tower	1	207 object NodeSet[\E extends StandardTotalOrder[\E\]\](val:E,  	NonPrimitive.buildEnvFromParams:ZZ<-ZZ64 x3
Library/SkipList.fss	42	Library/other	conversion,numdef,numdef-mixed	1	40 object SkipList[\Key,Val,nat pInverse\](root:Node[\Key,Val\]	method:Number./<-RR64 x21
Library/Sparse.fss	53	Library/other	conversion,tower	1	19 object SparseVector[\T extends Number, nat n\](mem:Array[\(Z	localdecl:RR64<-ZZ32 x72
Library/Sparse.fss	54	Library/other	conversion,tower	1	19 object SparseVector[\T extends Number, nat n\](mem:Array[\(Z	localdecl:RR64<-ZZ32 x72
Library/Sparse.fss	62	Library/other	conversion,tower	1	19 object SparseVector[\T extends Number, nat n\](mem:Array[\(Z	NonPrimitive.buildEnvFromParams:RR64<-ZZ32 x12
Library/Sparse.fss	101	Library/other	conversion,numdef,numdef-mixed	1	19 object SparseVector[\T extends Number, nat n\](mem:Array[\(Z	method:Number.+<-ZZ32 x12
Library/Sparse.fss	102	Library/other	conversion,tower	1	19 object SparseVector[\T extends Number, nat n\](mem:Array[\(Z	NonPrimitive.buildEnvFromParams:RR64<-ZZ32 x72
Library/Sparse.fss	108	Library/other	conversion,numdef,numdef-mixed	1	107 sparse[\T extends Number,nat n\](me:Array1[\RR64,0,n\]):Spar	method:Number.=<-RR64 x12
Library/Sparse.fss	112	Library/other	conversion,inherit,inherit-missing,numdef,numdef-mixed,tower	1	107 sparse[\T extends Number,nat n\](me:Array1[\RR64,0,n\]):Spar	NonPrimitive.buildEnvFromParams:QQ<-ZZ32 x60; method:QQ.NE<-ZZ32 x60; method:Number.NE<-RR64 x12
Library/Sparse.fss	141	Library/other	conversion,tower	1	121 object Csr[\N extends Number, nat n, nat m\]	NonPrimitive.buildEnvFromParams:RR64<-ZZ32 x60
Library/String.fss	508	Library/other	conversion,numdef,numdef-mixed	1		method:Number./<-ZZ32 x1
Library/Timing.fss	21	Library/other	conversion,inherit,inherit-mixed	1	18 object Timing(desc:String, duration: ZZ64)	method:ZZ64.<<-ZZ32 x7
Library/Timing.fss	23	Library/other	conversion,inherit,inherit-mixed	1	18 object Timing(desc:String, duration: ZZ64)	method:ZZ64.<<-ZZ32 x5
Library/Timing.fss	25	Library/other	conversion,inherit,inherit-mixed	1	18 object Timing(desc:String, duration: ZZ64)	method:ZZ64.<<-ZZ32 x3
Library/Timing.fss	30	Library/other	conversion,numdef,numdef-mixed	3	18 object Timing(desc:String, duration: ZZ64)	method:Number.^<-RR64 x124; method:Number./<-ZZ64 x123; method:Number./<-ZZ32 x1
Library/Timing.fss	31	Library/other	conversion,numdef,numdef-mixed	3	18 object Timing(desc:String, duration: ZZ64)	method:Number.^<-RR64 x68; method:Number./<-ZZ64 x66; method:Number./<-ZZ32 x2
Library/Timing.fss	32	Library/other	conversion,numdef,numdef-mixed	2	18 object Timing(desc:String, duration: ZZ64)	method:Number./<-ZZ64 x48; method:Number./<-ZZ32 x2
ProjectFortress/test_library/ArrayOperatorVocabulary.fss	4	other	conversion,numdef,numdef-mixed	1	4 opr MINMAX(x: Array[\RR64,ZZ32\], y: RR64): Array[\RR64,ZZ32	method:Number.MIN<-RR64 x3; method:Number.MAX<-RR64 x3
ProjectFortress/test_library/ArrayOperatorVocabulary.fss	5	other	conversion,numdef,numdef-mixed	1	5 opr MINMAX(y: RR64, x: Array[\RR64,ZZ32\]): Array[\RR64,ZZ32	method:Number.MIN<-RR64 x3
ProjectFortress/test_library/ArrayOperatorVocabulary.fss	8	other	conversion,numdef,numdef-mixed	1	7 opr +[\nat r, nat c, nat a, nat b, nat d\](m: Matrix[\RR64,r	method:Number.+<-RR64 x8
ProjectFortress/test_library/ArrayOperatorVocabulary.fss	10	other	conversion,numdef,numdef-mixed	1	9 opr +[\nat r, nat c, nat a, nat b, nat d\](t: Array3[\RR64,0	method:Number.+<-RR64 x8
ProjectFortress/test_library/ArrayOperatorVocabulary.fss	15	other	conversion,numdef,numdef-mixed	1	14 opr juxtaposition[\nat a, nat b, nat c, nat r, nat cc\](t: A	method:Number.juxtaposition<-RR64 x8
ProjectFortress/tests/ArrayListQuick.fss	17	tests	inherit,inherit-missing,restate-only,tower	1		method:QQ.NE<-ZZ32 x2123; NonPrimitive.buildEnvFromParams:QQ<-ZZ32 x2123
ProjectFortress/tests/ArrayListQuick.fss	171	tests	conversion,numdef,numdef-mixed	1		method:Number./<-ZZ64 x1
ProjectFortress/tests/ArrayOperatorsBesideLibrary.fss	6	tests	conversion,numdef,numdef-mixed	1		method:Number.=<-RR64 x9
ProjectFortress/tests/ArrayOperatorsBesideLibrary.fss	13	tests	conversion,numdef,numdef-mixed	1		method:Number.-<-RR64 x3; method:Number.juxtaposition<-RR64 x3
ProjectFortress/tests/ArrayOperatorsBesideLibrary.fss	22	tests	conversion,numdef,numdef-mixed	1		method:Number.juxtaposition<-RR64 x8
ProjectFortress/tests/ArrayScalarExtension.fss	5	tests	conversion,numdef,numdef-mixed	1		method:Number.=<-RR64 x12
ProjectFortress/tests/ArrayScalarExtension.fss	19	tests	conversion,numdef,numdef-mixed	1		method:Number.-<-RR64 x3; method:Number.juxtaposition<-RR64 x3
ProjectFortress/tests/ArrayScalarExtension.fss	22	tests	conversion,numdef,numdef-mixed	1		method:Number.prefix -<-RR64 x1
ProjectFortress/tests/ArrayScalarExtension.fss	27	tests	conversion,numdef,numdef-mixed	1		method:Number.prefix -<-RR64 x1
ProjectFortress/tests/ArrayScalarExtension.fss	30	tests	conversion,numdef,numdef-mixed	1		method:Number.prefix -<-RR64 x1
ProjectFortress/tests/ArrayScalarExtension.fss	32	tests	conversion,numdef,numdef-mixed	1		method:Number.prefix -<-RR64 x1
ProjectFortress/tests/ArrayScalarExtension.fss	39	tests	conversion,numdef,numdef-mixed	1		method:Number.prefix -<-RR64 x1
ProjectFortress/tests/BigNum.fss	17	tests	inherit,inherit-missing,restate-only	1		method:ZZ64.big<-ZZ32 x3
ProjectFortress/tests/BigNum.fss	23	tests	inherit,inherit-missing,restate-only	1		method:ZZ64.big<-ZZ32 x1
ProjectFortress/tests/BitTwiddle.fss	17	tests	conversion,tower	1		localdecl:ZZ64<-ZZ32 x1
ProjectFortress/tests/BitTwiddle.fss	32	tests	conversion,inherit,inherit-mixed	1		method:ZZ64.juxtaposition<-ZZ32 x1
ProjectFortress/tests/BitTwiddle.fss	45	tests	conversion,tower	1		NonPrimitive.buildEnvFromParams:ZZ64<-ZZ32 x1
ProjectFortress/tests/BitTwiddle.fss	47	tests	conversion,tower	1		NonPrimitive.buildEnvFromParams:ZZ64<-ZZ32 x1
ProjectFortress/tests/Brackets.fss	35	tests	conversion,inherit,inherit-missing,numdef,numdef-mixed,tower	1		method:Number.NE<-RR64 x2; method:QQ.NE<-ZZ64 x2; NonPrimitive.buildEnvFromParams:QQ<-ZZ32 x2
ProjectFortress/tests/Brackets.fss	50	tests	conversion,numdef,numdef-mixed	1		method:Number.|/_\|<-RR64 x1
ProjectFortress/tests/Brackets.fss	51	tests	conversion,numdef,numdef-mixed	1		method:Number.|\_/|<-RR64 x1
ProjectFortress/tests/Brackets.fss	73	tests	conversion,numdef,numdef-mixed	1		method:Number.prefix -<-RR64 x1
ProjectFortress/tests/Brackets.fss	74	tests	conversion,numdef,numdef-mixed	1		method:Number.prefix -<-RR64 x1
ProjectFortress/tests/CovCollTest.fss	52	tests	inherit,inherit-missing,restate-only	1		method:ZZ64.narrow<-ZZ32 x12
ProjectFortress/tests/CovCollTest.fss	55	tests	conversion,numdef,numdef-mixed	1		method:Number./<-RR64 x48
ProjectFortress/tests/CovCollTest.fss	77	tests	conversion,numdef,numdef-mixed	1		method:Number.juxtaposition<-ZZ32 x12; method:Number./<-ZZ64 x12
ProjectFortress/tests/CovCollTest.fss	79	tests	conversion,numdef,numdef-mixed	1		method:Number./<-RR64 x48
ProjectFortress/tests/CovariantTest.fss	19	tests	conversion,numdef,numdef-mixed	1		method:Number.juxtaposition<-RR64 x3
ProjectFortress/tests/DivPrecedence.fss	18	tests	conversion,inherit,inherit-missing,inherit-mixed,tower	1		NonPrimitive.buildEnvFromParams:ZZ<-ZZ32 x1; method:QQ.+<-ZZ32 x1; method:ZZ./<-ZZ32 x1
ProjectFortress/tests/HeapTest.fss	89	tests	inherit,inherit-missing,restate-only,tower	1		method:ZZ./<-ZZ64 x60; NonPrimitive.buildEnvFromParams:ZZ<-ZZ32 x60
ProjectFortress/tests/HeapTest.fss	103	tests	conversion,tower	1		NonPrimitive.buildEnvFromParams:QQ<-ZZ32 x120
ProjectFortress/tests/IntMapTest.fss	38	tests	conversion,tower	1		NonPrimitive.buildEnvFromParams:ZZ64<-ZZ32 x67
ProjectFortress/tests/IntMapTest.fss	48	tests	conversion,tower	1		NonPrimitive.buildEnvFromParams:ZZ64<-ZZ32 x1
ProjectFortress/tests/IntMapTest.fss	49	tests	conversion,tower	1		NonPrimitive.buildEnvFromParams:ZZ64<-ZZ32 x1
ProjectFortress/tests/IntMapTest.fss	50	tests	conversion,tower	1		NonPrimitive.buildEnvFromParams:ZZ64<-ZZ32 x1
ProjectFortress/tests/IntMapTest.fss	51	tests	conversion,tower	1		NonPrimitive.buildEnvFromParams:ZZ64<-ZZ32 x2
ProjectFortress/tests/IntMapTest.fss	53	tests	conversion,tower	1		NonPrimitive.buildEnvFromParams:ZZ64<-ZZ32 x1
ProjectFortress/tests/IntMapTest.fss	54	tests	conversion,tower	1		NonPrimitive.buildEnvFromParams:ZZ64<-ZZ32 x2
ProjectFortress/tests/IntMapTest.fss	55	tests	conversion,tower	1		NonPrimitive.buildEnvFromParams:ZZ64<-ZZ32 x2
ProjectFortress/tests/IntMapTest.fss	56	tests	conversion,tower	1		NonPrimitive.buildEnvFromParams:ZZ64<-ZZ32 x2
ProjectFortress/tests/IntMapTest.fss	62	tests	conversion,tower	1		NonPrimitive.buildEnvFromParams:ZZ64<-ZZ32 x1
ProjectFortress/tests/IntMapTest.fss	94	tests	conversion,tower	1		NonPrimitive.buildEnvFromParams:ZZ64<-ZZ32 x1
ProjectFortress/tests/IntMapTest.fss	95	tests	conversion,tower	1		NonPrimitive.buildEnvFromParams:ZZ64<-ZZ32 x1
ProjectFortress/tests/IntMapTest.fss	96	tests	conversion,tower	1		NonPrimitive.buildEnvFromParams:ZZ64<-ZZ32 x1
ProjectFortress/tests/IntMapTest.fss	97	tests	conversion,tower	1		NonPrimitive.buildEnvFromParams:ZZ64<-ZZ32 x1
ProjectFortress/tests/NumberPrintTest.fss	23	tests	inherit,inherit-missing,restate-only	1		method:ZZ64.big<-ZZ32 x1
ProjectFortress/tests/NumberPrintTest.fss	46	tests	conversion,inherit,inherit-mixed	1		method:ZZ64.+<-ZZ32 x1
ProjectFortress/tests/NumberPrintTest.fss	47	tests	conversion,inherit,inherit-mixed	1		method:ZZ.+<-ZZ32 x1
ProjectFortress/tests/NumberPrintTest.fss	50	tests	conversion,inherit,inherit-mixed	1		method:ZZ64.+<-ZZ32 x1
ProjectFortress/tests/NumberPrintTest.fss	51	tests	conversion,inherit,inherit-mixed	1		method:ZZ.+<-ZZ32 x1
ProjectFortress/tests/NumberPrintTest.fss	57	tests	conversion,numdef,numdef-mixed	1		method:Number.+<-RR64 x1
ProjectFortress/tests/NumberPrintTest.fss	59	tests	inherit,inherit-missing,restate-only,tower	1		NonPrimitive.buildEnvFromParams:ZZ<-ZZ32 x1; method:ZZ./<-ZZ32 x1
ProjectFortress/tests/NumberPrintTest.fss	60	tests	inherit,inherit-missing,restate-only,tower	1		method:ZZ./<-ZZ32 x1; NonPrimitive.buildEnvFromParams:ZZ<-ZZ32 x1
ProjectFortress/tests/NumeralTest.fss	24	tests	conversion,numdef,numdef-mixed	1		method:Number.+<-RR64 x1
ProjectFortress/tests/NumeralTest.fss	26	tests	conversion,numdef,numdef-mixed	1		method:Number.+<-RR64 x1
ProjectFortress/tests/OverloadBuiltinParam.fss	34	tests	inherit,inherit-missing,restate-only,tower	1		NonPrimitive.buildEnvFromParams:QQ<-ZZ32 x2; method:QQ.NE<-ZZ32 x2
ProjectFortress/tests/PureListQuick.fss	17	tests	inherit,inherit-missing,restate-only,tower	1		method:QQ.NE<-ZZ32 x2123; NonPrimitive.buildEnvFromParams:QQ<-ZZ32 x2123
ProjectFortress/tests/PureListQuick.fss	164	tests	conversion,numdef,numdef-mixed	1		method:Number./<-ZZ64 x1
ProjectFortress/tests/RandomTest.fss	21	tests	conversion,inherit,inherit-mixed	1		method:ZZ64.<=<-ZZ32 x260
ProjectFortress/tests/RandomTest.fss	23	tests	conversion,inherit,inherit-mixed	1		method:ZZ64.<=<-ZZ32 x260
ProjectFortress/tests/RandomTest.fss	25	tests	conversion,inherit,inherit-mixed	1		method:ZZ64.<<-ZZ32 x260
ProjectFortress/tests/RangePrototype.fss	363	tests	inherit,inherit-missing,restate-only,tower	1		NonPrimitive.buildEnvFromParams:QQ<-ZZ32 x4; method:QQ.NE<-ZZ32 x4
ProjectFortress/tests/RationalTest.fss	21	tests	inherit,inherit-missing,restate-only,tower	1		method:ZZ./<-ZZ32 x1; NonPrimitive.buildEnvFromParams:ZZ<-ZZ32 x1
ProjectFortress/tests/RationalTest.fss	22	tests	inherit,inherit-missing,restate-only,tower	1		NonPrimitive.buildEnvFromParams:ZZ<-ZZ32 x2; method:ZZ./<-ZZ32 x2
ProjectFortress/tests/RationalTest.fss	23	tests	inherit,inherit-missing,restate-only,tower	1		method:ZZ./<-ZZ32 x1; NonPrimitive.buildEnvFromParams:ZZ<-ZZ32 x1
ProjectFortress/tests/RationalTest.fss	24	tests	inherit,inherit-missing,restate-only,tower	1		method:ZZ./<-ZZ32 x1; NonPrimitive.buildEnvFromParams:ZZ<-ZZ32 x1
ProjectFortress/tests/RationalTest.fss	25	tests	inherit,inherit-missing,restate-only,tower	1		NonPrimitive.buildEnvFromParams:ZZ<-ZZ32 x2; method:ZZ./<-ZZ32 x2
ProjectFortress/tests/RationalTest.fss	26	tests	inherit,inherit-missing,restate-only,tower	1		method:ZZ./<-ZZ32 x2; NonPrimitive.buildEnvFromParams:ZZ<-ZZ32 x2
ProjectFortress/tests/RationalTest.fss	27	tests	inherit,inherit-missing,restate-only,tower	1		method:ZZ./<-ZZ32 x2; NonPrimitive.buildEnvFromParams:ZZ<-ZZ32 x2
ProjectFortress/tests/RationalTest.fss	28	tests	inherit,inherit-missing,restate-only,tower	1		NonPrimitive.buildEnvFromParams:ZZ<-ZZ32 x2; method:ZZ./<-ZZ32 x2
ProjectFortress/tests/RationalTest.fss	29	tests	inherit,inherit-missing,restate-only,tower	1		method:ZZ64.big<-ZZ32 x2; NonPrimitive.buildEnvFromParams:ZZ<-ZZ32 x1; method:ZZ./<-ZZ32 x1
ProjectFortress/tests/RationalTest.fss	30	tests	inherit,inherit-missing,restate-only,tower	1		method:ZZ64.big<-ZZ32 x2; NonPrimitive.buildEnvFromParams:ZZ<-ZZ32 x1; method:ZZ./<-ZZ32 x1
ProjectFortress/tests/RationalTest.fss	31	tests	inherit,inherit-missing,restate-only,tower	1		method:ZZ64.big<-ZZ32 x1; NonPrimitive.buildEnvFromParams:ZZ<-ZZ32 x1; method:ZZ./<-ZZ32 x1
ProjectFortress/tests/RationalTest.fss	32	tests	inherit,inherit-missing,restate-only,tower	1		NonPrimitive.buildEnvFromParams:ZZ<-ZZ32 x1; method:ZZ64.big<-ZZ32 x1; method:ZZ./<-ZZ32 x1
ProjectFortress/tests/RationalTest.fss	33	tests	inherit,inherit-missing,restate-only,tower	1		NonPrimitive.buildEnvFromParams:ZZ<-ZZ32 x2; method:ZZ./<-ZZ32 x2
ProjectFortress/tests/RationalTest.fss	34	tests	inherit,inherit-missing,restate-only,tower	1		NonPrimitive.buildEnvFromParams:ZZ<-ZZ32 x4; method:ZZ./<-ZZ32 x4
ProjectFortress/tests/RationalTest.fss	35	tests	inherit,inherit-missing,restate-only,tower	1		method:ZZ./<-ZZ32 x2; method:QQ./<-ZZ32 x2; NonPrimitive.buildEnvFromParams:ZZ<-ZZ32 x2
ProjectFortress/tests/RationalTest.fss	36	tests	inherit,inherit-missing,restate-only,tower	1		method:ZZ./<-ZZ32 x4; NonPrimitive.buildEnvFromParams:ZZ<-ZZ32 x4; method:QQ./<-ZZ32 x2
ProjectFortress/tests/RationalTest.fss	37	tests	inherit,inherit-missing,restate-only,tower	1		method:ZZ./<-ZZ32 x1; method:ZZ64.big<-ZZ32 x1; NonPrimitive.buildEnvFromParams:ZZ<-ZZ32 x1
ProjectFortress/tests/RationalTest.fss	38	tests	inherit,inherit-missing,restate-only,tower	1		NonPrimitive.buildEnvFromParams:ZZ<-ZZ32 x1; method:ZZ./<-ZZ32 x1; method:ZZ64.big<-ZZ32 x1
ProjectFortress/tests/RationalTest.fss	39	tests	inherit,inherit-missing,restate-only,tower	1		method:ZZ64.big<-ZZ32 x1; method:ZZ./<-ZZ32 x1; NonPrimitive.buildEnvFromParams:ZZ<-ZZ32 x1
ProjectFortress/tests/RationalTest.fss	40	tests	inherit,inherit-missing,restate-only,tower	1		method:ZZ./<-ZZ32 x1; NonPrimitive.buildEnvFromParams:ZZ<-ZZ32 x1; method:ZZ64.big<-ZZ32 x1
ProjectFortress/tests/RationalTest.fss	41	tests	inherit,inherit-missing,restate-only,tower	1		method:ZZ./<-ZZ32 x1; NonPrimitive.buildEnvFromParams:ZZ<-ZZ32 x1; method:ZZ64.big<-ZZ32 x1
ProjectFortress/tests/RationalTest.fss	42	tests	inherit,inherit-missing,restate-only,tower	1		method:ZZ.numerator<-ZZ32 x1; method:ZZ64.big<-ZZ32 x1; NonPrimitive.buildEnvFromParams:ZZ<-ZZ32 x1
ProjectFortress/tests/RationalTest.fss	43	tests	inherit,inherit-missing,restate-only,tower	1		method:ZZ64.big<-ZZ32 x1; method:ZZ.numerator<-ZZ32 x1; NonPrimitive.buildEnvFromParams:ZZ<-ZZ32 x1
ProjectFortress/tests/RationalTest.fss	44	tests	inherit,inherit-missing,restate-only,tower	1		method:ZZ./<-ZZ32 x1; NonPrimitive.buildEnvFromParams:ZZ<-ZZ32 x1; method:ZZ64.big<-ZZ32 x1
ProjectFortress/tests/RationalTest.fss	45	tests	inherit,inherit-missing,restate-only,tower	1		method:ZZ./<-ZZ32 x1; method:ZZ64.big<-ZZ32 x1; NonPrimitive.buildEnvFromParams:ZZ<-ZZ32 x1
ProjectFortress/tests/RationalTest.fss	46	tests	inherit,inherit-missing,restate-only,tower	1		NonPrimitive.buildEnvFromParams:ZZ<-ZZ32 x1; method:ZZ64.big<-ZZ32 x1; method:ZZ./<-ZZ32 x1
ProjectFortress/tests/RationalTest.fss	47	tests	inherit,inherit-missing,restate-only,tower	1		method:ZZ./<-ZZ32 x1; method:ZZ64.big<-ZZ32 x1; NonPrimitive.buildEnvFromParams:ZZ<-ZZ32 x1
ProjectFortress/tests/RationalTest.fss	48	tests	inherit,inherit-missing,restate-only,tower	1		method:ZZ64.big<-ZZ32 x1; NonPrimitive.buildEnvFromParams:ZZ<-ZZ32 x1; method:ZZ./<-ZZ32 x1
ProjectFortress/tests/RationalTest.fss	49	tests	inherit,inherit-missing,restate-only,tower	1		method:ZZ64.big<-ZZ32 x1; method:ZZ./<-ZZ32 x1; NonPrimitive.buildEnvFromParams:ZZ<-ZZ32 x1
ProjectFortress/tests/RationalTest.fss	50	tests	inherit,inherit-missing,restate-only,tower	1		NonPrimitive.buildEnvFromParams:ZZ<-ZZ32 x1; method:ZZ./<-ZZ32 x1; method:ZZ64.big<-ZZ32 x1
ProjectFortress/tests/RationalTest.fss	51	tests	inherit,inherit-missing,restate-only,tower	1		NonPrimitive.buildEnvFromParams:ZZ<-ZZ32 x1; method:ZZ64.big<-ZZ32 x1; method:ZZ./<-ZZ32 x1
ProjectFortress/tests/RationalTest.fss	52	tests	inherit,inherit-missing,restate-only,tower	1		method:ZZ./<-ZZ32 x1; method:ZZ64.big<-ZZ32 x1; NonPrimitive.buildEnvFromParams:ZZ<-ZZ32 x1
ProjectFortress/tests/RationalTest.fss	53	tests	inherit,inherit-missing,restate-only,tower	1		method:ZZ./<-ZZ32 x2; NonPrimitive.buildEnvFromParams:ZZ<-ZZ32 x2
ProjectFortress/tests/RationalTest.fss	54	tests	inherit,inherit-missing,restate-only,tower	1		method:ZZ./<-ZZ32 x2; NonPrimitive.buildEnvFromParams:ZZ<-ZZ32 x2
ProjectFortress/tests/RationalTest.fss	55	tests	inherit,inherit-missing,restate-only,tower	1		method:ZZ./<-ZZ32 x2; NonPrimitive.buildEnvFromParams:ZZ<-ZZ32 x2
ProjectFortress/tests/RationalTest.fss	56	tests	inherit,inherit-missing,restate-only,tower	1		method:ZZ./<-ZZ32 x2; NonPrimitive.buildEnvFromParams:ZZ<-ZZ32 x2
ProjectFortress/tests/RationalTest.fss	57	tests	inherit,inherit-missing,restate-only,tower	1		method:ZZ./<-ZZ32 x2; NonPrimitive.buildEnvFromParams:ZZ<-ZZ32 x2
ProjectFortress/tests/RationalTest.fss	58	tests	inherit,inherit-missing,restate-only,tower	1		method:ZZ./<-ZZ32 x2; NonPrimitive.buildEnvFromParams:ZZ<-ZZ32 x2
ProjectFortress/tests/RationalTest.fss	59	tests	inherit,inherit-missing,restate-only,tower	1		method:ZZ./<-ZZ32 x2; NonPrimitive.buildEnvFromParams:ZZ<-ZZ32 x2
ProjectFortress/tests/RationalTest.fss	60	tests	inherit,inherit-missing,restate-only,tower	1		method:ZZ./<-ZZ32 x2; NonPrimitive.buildEnvFromParams:ZZ<-ZZ32 x2
ProjectFortress/tests/RationalTest.fss	61	tests	inherit,inherit-missing,restate-only,tower	1		method:ZZ./<-ZZ32 x3; NonPrimitive.buildEnvFromParams:ZZ<-ZZ32 x3
ProjectFortress/tests/RationalTest.fss	62	tests	inherit,inherit-missing,restate-only,tower	1		NonPrimitive.buildEnvFromParams:ZZ<-ZZ32 x3; method:ZZ./<-ZZ32 x3
ProjectFortress/tests/RationalTest.fss	63	tests	inherit,inherit-missing,restate-only,tower	1		method:ZZ./<-ZZ32 x3; NonPrimitive.buildEnvFromParams:ZZ<-ZZ32 x3
ProjectFortress/tests/RationalTest.fss	64	tests	inherit,inherit-missing,restate-only,tower	1		method:ZZ./<-ZZ32 x3; NonPrimitive.buildEnvFromParams:ZZ<-ZZ32 x3
ProjectFortress/tests/RationalTest.fss	65	tests	inherit,inherit-missing,restate-only,tower	1		method:ZZ./<-ZZ32 x3; NonPrimitive.buildEnvFromParams:ZZ<-ZZ32 x3
ProjectFortress/tests/RationalTest.fss	66	tests	inherit,inherit-missing,restate-only,tower	1		method:ZZ./<-ZZ32 x3; NonPrimitive.buildEnvFromParams:ZZ<-ZZ32 x3
ProjectFortress/tests/RationalTest.fss	67	tests	inherit,inherit-missing,restate-only,tower	1		method:ZZ./<-ZZ32 x3; NonPrimitive.buildEnvFromParams:ZZ<-ZZ32 x3
ProjectFortress/tests/RationalTest.fss	68	tests	inherit,inherit-missing,restate-only,tower	1		NonPrimitive.buildEnvFromParams:ZZ<-ZZ32 x3; method:ZZ./<-ZZ32 x3
ProjectFortress/tests/RationalTest.fss	69	tests	inherit,inherit-missing,restate-only,tower	1		NonPrimitive.buildEnvFromParams:ZZ<-ZZ32 x3; method:ZZ./<-ZZ32 x3
ProjectFortress/tests/RationalTest.fss	70	tests	inherit,inherit-missing,restate-only,tower	1		NonPrimitive.buildEnvFromParams:ZZ<-ZZ32 x3; method:ZZ./<-ZZ32 x3
ProjectFortress/tests/RationalTest.fss	71	tests	inherit,inherit-missing,restate-only,tower	1		method:ZZ./<-ZZ32 x3; NonPrimitive.buildEnvFromParams:ZZ<-ZZ32 x3
ProjectFortress/tests/RationalTest.fss	72	tests	inherit,inherit-missing,restate-only,tower	1		NonPrimitive.buildEnvFromParams:ZZ<-ZZ32 x3; method:ZZ./<-ZZ32 x3
ProjectFortress/tests/RationalTest.fss	73	tests	inherit,inherit-missing,restate-only,tower	1		method:ZZ./<-ZZ32 x3; NonPrimitive.buildEnvFromParams:ZZ<-ZZ32 x3
ProjectFortress/tests/RationalTest.fss	74	tests	inherit,inherit-missing,restate-only,tower	1		NonPrimitive.buildEnvFromParams:ZZ<-ZZ32 x3; method:ZZ./<-ZZ32 x3
ProjectFortress/tests/RationalTest.fss	75	tests	inherit,inherit-missing,restate-only,tower	1		method:ZZ./<-ZZ32 x3; NonPrimitive.buildEnvFromParams:ZZ<-ZZ32 x3
ProjectFortress/tests/RationalTest.fss	76	tests	inherit,inherit-missing,restate-only,tower	1		method:ZZ./<-ZZ32 x3; NonPrimitive.buildEnvFromParams:ZZ<-ZZ32 x3
ProjectFortress/tests/RationalTest.fss	77	tests	inherit,inherit-missing,restate-only,tower	1		method:ZZ./<-ZZ32 x3; NonPrimitive.buildEnvFromParams:ZZ<-ZZ32 x3
ProjectFortress/tests/RationalTest.fss	78	tests	inherit,inherit-missing,restate-only,tower	1		method:ZZ./<-ZZ32 x3; NonPrimitive.buildEnvFromParams:ZZ<-ZZ32 x3
ProjectFortress/tests/RationalTest.fss	79	tests	inherit,inherit-missing,restate-only,tower	1		method:ZZ./<-ZZ32 x3; NonPrimitive.buildEnvFromParams:ZZ<-ZZ32 x3
ProjectFortress/tests/RationalTest.fss	80	tests	inherit,inherit-missing,restate-only,tower	1		NonPrimitive.buildEnvFromParams:ZZ<-ZZ32 x3; method:ZZ./<-ZZ32 x3
ProjectFortress/tests/RationalTest.fss	81	tests	inherit,inherit-missing,restate-only,tower	1		NonPrimitive.buildEnvFromParams:ZZ<-ZZ32 x3; method:ZZ./<-ZZ32 x3
ProjectFortress/tests/RationalTest.fss	82	tests	inherit,inherit-missing,restate-only,tower	1		method:ZZ./<-ZZ32 x3; NonPrimitive.buildEnvFromParams:ZZ<-ZZ32 x3
ProjectFortress/tests/RationalTest.fss	83	tests	inherit,inherit-missing,restate-only,tower	1		method:ZZ./<-ZZ32 x3; NonPrimitive.buildEnvFromParams:ZZ<-ZZ32 x3
ProjectFortress/tests/RationalTest.fss	84	tests	inherit,inherit-missing,restate-only,tower	1		method:ZZ./<-ZZ32 x3; NonPrimitive.buildEnvFromParams:ZZ<-ZZ32 x3
ProjectFortress/tests/RationalTest.fss	85	tests	inherit,inherit-missing,restate-only,tower	1		NonPrimitive.buildEnvFromParams:ZZ<-ZZ32 x3; method:ZZ./<-ZZ32 x3
ProjectFortress/tests/RationalTest.fss	86	tests	inherit,inherit-missing,restate-only,tower	1		method:ZZ./<-ZZ32 x3; NonPrimitive.buildEnvFromParams:ZZ<-ZZ32 x3
ProjectFortress/tests/RationalTest.fss	87	tests	inherit,inherit-missing,restate-only,tower	1		NonPrimitive.buildEnvFromParams:ZZ<-ZZ32 x3; method:ZZ./<-ZZ32 x3
ProjectFortress/tests/RationalTest.fss	88	tests	inherit,inherit-missing,restate-only,tower	1		NonPrimitive.buildEnvFromParams:ZZ<-ZZ32 x3; method:ZZ./<-ZZ32 x3
ProjectFortress/tests/RationalTest.fss	89	tests	inherit,inherit-missing,restate-only,tower	1		NonPrimitive.buildEnvFromParams:ZZ<-ZZ32 x3; method:ZZ./<-ZZ32 x3
ProjectFortress/tests/RationalTest.fss	90	tests	inherit,inherit-missing,restate-only,tower	1		NonPrimitive.buildEnvFromParams:ZZ<-ZZ32 x3; method:ZZ./<-ZZ32 x3
ProjectFortress/tests/RationalTest.fss	91	tests	inherit,inherit-missing,restate-only,tower	1		NonPrimitive.buildEnvFromParams:ZZ<-ZZ32 x3; method:ZZ./<-ZZ32 x3
ProjectFortress/tests/RationalTest.fss	92	tests	inherit,inherit-missing,restate-only,tower	1		NonPrimitive.buildEnvFromParams:ZZ<-ZZ32 x3; method:ZZ./<-ZZ32 x3
ProjectFortress/tests/RationalTest.fss	93	tests	inherit,inherit-missing,restate-only,tower	1		method:ZZ./<-ZZ32 x3; NonPrimitive.buildEnvFromParams:ZZ<-ZZ32 x3
ProjectFortress/tests/RationalTest.fss	94	tests	inherit,inherit-missing,restate-only,tower	1		method:ZZ./<-ZZ32 x3; NonPrimitive.buildEnvFromParams:ZZ<-ZZ32 x3
ProjectFortress/tests/RationalTest.fss	95	tests	inherit,inherit-missing,restate-only,tower	1		method:ZZ./<-ZZ32 x3; NonPrimitive.buildEnvFromParams:ZZ<-ZZ32 x3
ProjectFortress/tests/RationalTest.fss	96	tests	inherit,inherit-missing,restate-only,tower	1		NonPrimitive.buildEnvFromParams:ZZ<-ZZ32 x3; method:ZZ./<-ZZ32 x3
ProjectFortress/tests/RationalTest.fss	97	tests	inherit,inherit-missing,restate-only,tower	1		method:ZZ./<-ZZ32 x2; NonPrimitive.buildEnvFromParams:ZZ<-ZZ32 x2
ProjectFortress/tests/RationalTest.fss	98	tests	inherit,inherit-missing,restate-only,tower	1		NonPrimitive.buildEnvFromParams:ZZ<-ZZ32 x2; method:ZZ./<-ZZ32 x2
ProjectFortress/tests/RationalTest.fss	99	tests	inherit,inherit-missing,restate-only,tower	1		NonPrimitive.buildEnvFromParams:ZZ<-ZZ32 x2; method:ZZ./<-ZZ32 x2
ProjectFortress/tests/RationalTest.fss	100	tests	inherit,inherit-missing,restate-only,tower	1		method:ZZ./<-ZZ32 x2; NonPrimitive.buildEnvFromParams:ZZ<-ZZ32 x2
ProjectFortress/tests/RationalTest.fss	101	tests	inherit,inherit-missing,restate-only,tower	1		method:ZZ./<-ZZ32 x2; NonPrimitive.buildEnvFromParams:ZZ<-ZZ32 x2
ProjectFortress/tests/RationalTest.fss	102	tests	inherit,inherit-missing,restate-only,tower	1		NonPrimitive.buildEnvFromParams:ZZ<-ZZ32 x2; method:ZZ./<-ZZ32 x2
ProjectFortress/tests/RationalTest.fss	103	tests	inherit,inherit-missing,restate-only,tower	1		NonPrimitive.buildEnvFromParams:ZZ<-ZZ32 x2; method:ZZ./<-ZZ32 x2
ProjectFortress/tests/RationalTest.fss	104	tests	inherit,inherit-missing,restate-only,tower	1		NonPrimitive.buildEnvFromParams:ZZ<-ZZ32 x2; method:ZZ./<-ZZ32 x2
ProjectFortress/tests/RationalTest.fss	105	tests	inherit,inherit-missing,restate-only,tower	1		method:ZZ./<-ZZ32 x2; NonPrimitive.buildEnvFromParams:ZZ<-ZZ32 x2
ProjectFortress/tests/RationalTest.fss	106	tests	inherit,inherit-missing,restate-only,tower	1		method:ZZ./<-ZZ32 x2; NonPrimitive.buildEnvFromParams:ZZ<-ZZ32 x2
ProjectFortress/tests/RationalTest.fss	107	tests	inherit,inherit-missing,restate-only,tower	1		method:ZZ./<-ZZ32 x2; NonPrimitive.buildEnvFromParams:ZZ<-ZZ32 x2
ProjectFortress/tests/RationalTest.fss	108	tests	inherit,inherit-missing,restate-only,tower	1		method:ZZ./<-ZZ32 x2; NonPrimitive.buildEnvFromParams:ZZ<-ZZ32 x2
ProjectFortress/tests/RationalTest.fss	109	tests	inherit,inherit-missing,restate-only,tower	1		NonPrimitive.buildEnvFromParams:ZZ<-ZZ32 x2; method:ZZ./<-ZZ32 x2
ProjectFortress/tests/RationalTest.fss	110	tests	inherit,inherit-missing,restate-only,tower	1		NonPrimitive.buildEnvFromParams:ZZ<-ZZ32 x2; method:ZZ./<-ZZ32 x2
ProjectFortress/tests/RationalTest.fss	111	tests	inherit,inherit-missing,restate-only,tower	1		NonPrimitive.buildEnvFromParams:ZZ<-ZZ32 x2; method:ZZ./<-ZZ32 x2
ProjectFortress/tests/RationalTest.fss	112	tests	inherit,inherit-missing,restate-only,tower	1		method:ZZ./<-ZZ32 x2; NonPrimitive.buildEnvFromParams:ZZ<-ZZ32 x2
ProjectFortress/tests/RationalTest.fss	113	tests	inherit,inherit-missing,restate-only,tower	1		method:ZZ./<-ZZ32 x2; NonPrimitive.buildEnvFromParams:ZZ<-ZZ32 x2
ProjectFortress/tests/RationalTest.fss	114	tests	inherit,inherit-missing,restate-only,tower	1		NonPrimitive.buildEnvFromParams:ZZ<-ZZ32 x2; method:ZZ./<-ZZ32 x2
ProjectFortress/tests/RationalTest.fss	115	tests	inherit,inherit-missing,restate-only,tower	1		NonPrimitive.buildEnvFromParams:ZZ<-ZZ32 x2; method:ZZ./<-ZZ32 x2
ProjectFortress/tests/RationalTest.fss	116	tests	inherit,inherit-missing,restate-only,tower	1		NonPrimitive.buildEnvFromParams:ZZ<-ZZ32 x2; method:ZZ./<-ZZ32 x2
ProjectFortress/tests/RationalTest.fss	117	tests	inherit,inherit-missing,restate-only,tower	1		method:ZZ./<-ZZ32 x2; NonPrimitive.buildEnvFromParams:ZZ<-ZZ32 x2
ProjectFortress/tests/RationalTest.fss	118	tests	inherit,inherit-missing,restate-only,tower	1		NonPrimitive.buildEnvFromParams:ZZ<-ZZ32 x2; method:ZZ./<-ZZ32 x2
ProjectFortress/tests/RationalTest.fss	119	tests	inherit,inherit-missing,restate-only,tower	1		method:ZZ./<-ZZ32 x2; NonPrimitive.buildEnvFromParams:ZZ<-ZZ32 x2
ProjectFortress/tests/RationalTest.fss	120	tests	inherit,inherit-missing,restate-only,tower	1		method:ZZ./<-ZZ32 x2; NonPrimitive.buildEnvFromParams:ZZ<-ZZ32 x2
ProjectFortress/tests/RationalTest.fss	121	tests	inherit,inherit-missing,restate-only,tower	1		NonPrimitive.buildEnvFromParams:ZZ<-ZZ32 x2; method:ZZ./<-ZZ32 x2
ProjectFortress/tests/RationalTest.fss	122	tests	inherit,inherit-missing,restate-only,tower	1		method:ZZ./<-ZZ32 x2; NonPrimitive.buildEnvFromParams:ZZ<-ZZ32 x2
ProjectFortress/tests/RationalTest.fss	123	tests	inherit,inherit-missing,restate-only,tower	1		NonPrimitive.buildEnvFromParams:ZZ<-ZZ32 x2; method:ZZ./<-ZZ32 x2
ProjectFortress/tests/RationalTest.fss	124	tests	inherit,inherit-missing,restate-only,tower	1		NonPrimitive.buildEnvFromParams:ZZ<-ZZ32 x2; method:ZZ./<-ZZ32 x2
ProjectFortress/tests/RationalTest.fss	125	tests	inherit,inherit-missing,restate-only,tower	1		NonPrimitive.buildEnvFromParams:ZZ<-ZZ32 x2; method:ZZ./<-ZZ32 x2
ProjectFortress/tests/RationalTest.fss	126	tests	inherit,inherit-missing,restate-only,tower	1		NonPrimitive.buildEnvFromParams:ZZ<-ZZ32 x2; method:ZZ./<-ZZ32 x2
ProjectFortress/tests/RationalTest.fss	127	tests	inherit,inherit-missing,restate-only,tower	1		NonPrimitive.buildEnvFromParams:ZZ<-ZZ32 x2; method:ZZ./<-ZZ32 x2
ProjectFortress/tests/RationalTest.fss	128	tests	inherit,inherit-missing,restate-only,tower	1		method:ZZ./<-ZZ32 x2; NonPrimitive.buildEnvFromParams:ZZ<-ZZ32 x2
ProjectFortress/tests/RationalTest.fss	129	tests	inherit,inherit-missing,restate-only,tower	1		method:ZZ./<-ZZ32 x2; NonPrimitive.buildEnvFromParams:ZZ<-ZZ32 x2
ProjectFortress/tests/RationalTest.fss	130	tests	inherit,inherit-missing,restate-only,tower	1		NonPrimitive.buildEnvFromParams:ZZ<-ZZ32 x2; method:ZZ./<-ZZ32 x2
ProjectFortress/tests/RationalTest.fss	131	tests	inherit,inherit-missing,restate-only,tower	1		NonPrimitive.buildEnvFromParams:ZZ<-ZZ32 x2; method:ZZ./<-ZZ32 x2
ProjectFortress/tests/RationalTest.fss	132	tests	inherit,inherit-missing,restate-only,tower	1		method:ZZ./<-ZZ32 x2; NonPrimitive.buildEnvFromParams:ZZ<-ZZ32 x2
ProjectFortress/tests/RationalTest.fss	133	tests	inherit,inherit-missing,restate-only,tower	1		method:ZZ./<-ZZ32 x2; NonPrimitive.buildEnvFromParams:ZZ<-ZZ32 x2
ProjectFortress/tests/RationalTest.fss	134	tests	inherit,inherit-missing,restate-only,tower	1		method:ZZ./<-ZZ32 x2; NonPrimitive.buildEnvFromParams:ZZ<-ZZ32 x2
ProjectFortress/tests/RationalTest.fss	135	tests	inherit,inherit-missing,restate-only,tower	1		NonPrimitive.buildEnvFromParams:ZZ<-ZZ32 x2; method:ZZ./<-ZZ32 x2
ProjectFortress/tests/RationalTest.fss	136	tests	inherit,inherit-missing,restate-only,tower	1		method:ZZ./<-ZZ32 x2; NonPrimitive.buildEnvFromParams:ZZ<-ZZ32 x2
ProjectFortress/tests/RationalTest.fss	137	tests	inherit,inherit-missing,restate-only,tower	1		NonPrimitive.buildEnvFromParams:ZZ<-ZZ32 x2; method:ZZ./<-ZZ32 x2
ProjectFortress/tests/RationalTest.fss	138	tests	inherit,inherit-missing,restate-only,tower	1		NonPrimitive.buildEnvFromParams:ZZ<-ZZ32 x2; method:ZZ./<-ZZ32 x2
ProjectFortress/tests/RationalTest.fss	139	tests	inherit,inherit-missing,restate-only,tower	1		method:ZZ./<-ZZ32 x2; NonPrimitive.buildEnvFromParams:ZZ<-ZZ32 x2
ProjectFortress/tests/RationalTest.fss	140	tests	inherit,inherit-missing,restate-only,tower	1		method:ZZ./<-ZZ32 x2; NonPrimitive.buildEnvFromParams:ZZ<-ZZ32 x2
ProjectFortress/tests/RationalTest.fss	141	tests	inherit,inherit-missing,restate-only,tower	1		NonPrimitive.buildEnvFromParams:ZZ<-ZZ32 x2; method:ZZ./<-ZZ32 x2
ProjectFortress/tests/RationalTest.fss	142	tests	inherit,inherit-missing,restate-only,tower	1		NonPrimitive.buildEnvFromParams:ZZ<-ZZ32 x2; method:ZZ./<-ZZ32 x2
ProjectFortress/tests/RationalTest.fss	143	tests	conversion,inherit,inherit-missing,tower	1		NonPrimitive.buildEnvFromParams:ZZ<-ZZ32 x1; NonPrimitive.buildEnvFromParams:QQ<-ZZ32 x1; method:ZZ./<-ZZ32 x1
ProjectFortress/tests/RationalTest.fss	144	tests	conversion,inherit,inherit-missing,tower	1		method:ZZ./<-ZZ32 x1; NonPrimitive.buildEnvFromParams:ZZ<-ZZ32 x1; NonPrimitive.buildEnvFromParams:QQ<-ZZ32 x1
ProjectFortress/tests/RationalTest.fss	145	tests	conversion,inherit,inherit-missing,tower	1		method:ZZ./<-ZZ32 x1; NonPrimitive.buildEnvFromParams:ZZ<-ZZ32 x1; NonPrimitive.buildEnvFromParams:QQ<-ZZ32 x1
ProjectFortress/tests/RationalTest.fss	146	tests	conversion,inherit,inherit-missing,inherit-mixed,tower	1		method:QQ.<<-ZZ32 x1; NonPrimitive.buildEnvFromParams:ZZ<-ZZ32 x1; method:ZZ./<-ZZ32 x1
ProjectFortress/tests/RationalTest.fss	147	tests	conversion,inherit,inherit-missing,inherit-mixed,tower	1		method:ZZ./<-ZZ32 x1; method:QQ.<<-ZZ32 x1; NonPrimitive.buildEnvFromParams:ZZ<-ZZ32 x1
ProjectFortress/tests/RationalTest.fss	148	tests	conversion,inherit,inherit-missing,inherit-mixed,tower	1		method:QQ.<<-ZZ32 x1; method:ZZ./<-ZZ32 x1; NonPrimitive.buildEnvFromParams:ZZ<-ZZ32 x1
ProjectFortress/tests/RationalTest.fss	149	tests	conversion,inherit,inherit-missing,tower	1		NonPrimitive.buildEnvFromParams:QQ<-ZZ32 x1; NonPrimitive.buildEnvFromParams:ZZ<-ZZ32 x1; method:ZZ./<-ZZ32 x1
ProjectFortress/tests/RationalTest.fss	150	tests	conversion,inherit,inherit-missing,tower	1		NonPrimitive.buildEnvFromParams:ZZ<-ZZ32 x1; method:ZZ./<-ZZ32 x1; NonPrimitive.buildEnvFromParams:QQ<-ZZ32 x1
ProjectFortress/tests/RationalTest.fss	151	tests	conversion,inherit,inherit-missing,tower	1		method:ZZ./<-ZZ32 x1; NonPrimitive.buildEnvFromParams:QQ<-ZZ32 x1; NonPrimitive.buildEnvFromParams:ZZ<-ZZ32 x1
ProjectFortress/tests/RationalTest.fss	152	tests	conversion,inherit,inherit-missing,inherit-mixed,tower	1		NonPrimitive.buildEnvFromParams:ZZ<-ZZ32 x1; method:ZZ./<-ZZ32 x1; method:QQ.<<-ZZ32 x1
ProjectFortress/tests/RationalTest.fss	153	tests	conversion,inherit,inherit-missing,inherit-mixed,tower	1		method:ZZ./<-ZZ32 x1; method:QQ.<<-ZZ32 x1; NonPrimitive.buildEnvFromParams:ZZ<-ZZ32 x1
ProjectFortress/tests/RationalTest.fss	154	tests	inherit,inherit-missing,restate-only,tower	1		NonPrimitive.buildEnvFromParams:ZZ<-ZZ32 x1; method:ZZ./<-ZZ32 x1
ProjectFortress/tests/RationalTest.fss	155	tests	inherit,inherit-missing,restate-only,tower	1		method:ZZ./<-ZZ32 x2; NonPrimitive.buildEnvFromParams:ZZ<-ZZ32 x2
ProjectFortress/tests/RationalTest.fss	156	tests	inherit,inherit-missing,restate-only,tower	1		method:ZZ./<-ZZ32 x2; NonPrimitive.buildEnvFromParams:ZZ<-ZZ32 x2
ProjectFortress/tests/RationalTest.fss	157	tests	inherit,inherit-missing,restate-only,tower	1		method:ZZ./<-ZZ32 x2; NonPrimitive.buildEnvFromParams:ZZ<-ZZ32 x2
ProjectFortress/tests/RationalTest.fss	158	tests	inherit,inherit-missing,restate-only,tower	1		method:ZZ./<-ZZ32 x2; NonPrimitive.buildEnvFromParams:ZZ<-ZZ32 x2
ProjectFortress/tests/RationalTest.fss	159	tests	inherit,inherit-missing,restate-only,tower	1		method:ZZ./<-ZZ32 x2; NonPrimitive.buildEnvFromParams:ZZ<-ZZ32 x2
ProjectFortress/tests/RationalTest.fss	160	tests	inherit,inherit-missing,restate-only,tower	1		NonPrimitive.buildEnvFromParams:ZZ<-ZZ32 x2; method:ZZ./<-ZZ32 x2
ProjectFortress/tests/RationalTest.fss	161	tests	inherit,inherit-missing,restate-only,tower	1		method:ZZ./<-ZZ32 x2; NonPrimitive.buildEnvFromParams:ZZ<-ZZ32 x2
ProjectFortress/tests/RationalTest.fss	162	tests	inherit,inherit-missing,restate-only,tower	1		method:ZZ./<-ZZ32 x2; NonPrimitive.buildEnvFromParams:ZZ<-ZZ32 x2
ProjectFortress/tests/RationalTest.fss	163	tests	inherit,inherit-missing,restate-only,tower	1		method:ZZ./<-ZZ32 x2; NonPrimitive.buildEnvFromParams:ZZ<-ZZ32 x2
ProjectFortress/tests/RationalTest.fss	164	tests	inherit,inherit-missing,restate-only,tower	1		method:ZZ./<-ZZ32 x2; NonPrimitive.buildEnvFromParams:ZZ<-ZZ32 x2
ProjectFortress/tests/RationalTest.fss	165	tests	inherit,inherit-missing,restate-only,tower	1		NonPrimitive.buildEnvFromParams:ZZ<-ZZ32 x2; method:ZZ./<-ZZ32 x2
ProjectFortress/tests/RationalTest.fss	166	tests	inherit,inherit-missing,restate-only,tower	1		NonPrimitive.buildEnvFromParams:ZZ<-ZZ32 x2; method:ZZ./<-ZZ32 x2
ProjectFortress/tests/RationalTest.fss	167	tests	inherit,inherit-missing,restate-only,tower	1		method:ZZ./<-ZZ32 x2; NonPrimitive.buildEnvFromParams:ZZ<-ZZ32 x2
ProjectFortress/tests/RationalTest.fss	168	tests	inherit,inherit-missing,restate-only,tower	1		method:ZZ./<-ZZ32 x2; NonPrimitive.buildEnvFromParams:ZZ<-ZZ32 x2
ProjectFortress/tests/RationalTest.fss	169	tests	inherit,inherit-missing,restate-only,tower	1		NonPrimitive.buildEnvFromParams:ZZ<-ZZ32 x2; method:ZZ./<-ZZ32 x2
ProjectFortress/tests/RationalTest.fss	170	tests	inherit,inherit-missing,restate-only,tower	1		NonPrimitive.buildEnvFromParams:ZZ<-ZZ32 x2; method:ZZ./<-ZZ32 x2
ProjectFortress/tests/RationalTest.fss	171	tests	inherit,inherit-missing,restate-only,tower	1		method:ZZ./<-ZZ32 x2; NonPrimitive.buildEnvFromParams:ZZ<-ZZ32 x2
ProjectFortress/tests/RationalTest.fss	172	tests	inherit,inherit-missing,restate-only,tower	1		method:ZZ./<-ZZ32 x2; NonPrimitive.buildEnvFromParams:ZZ<-ZZ32 x2
ProjectFortress/tests/RationalTest.fss	173	tests	inherit,inherit-missing,restate-only,tower	1		NonPrimitive.buildEnvFromParams:ZZ<-ZZ32 x2; method:ZZ./<-ZZ32 x2
ProjectFortress/tests/RationalTest.fss	174	tests	inherit,inherit-missing,restate-only,tower	1		method:ZZ./<-ZZ32 x2; NonPrimitive.buildEnvFromParams:ZZ<-ZZ32 x2
ProjectFortress/tests/RationalTest.fss	175	tests	inherit,inherit-missing,restate-only,tower	1		NonPrimitive.buildEnvFromParams:ZZ<-ZZ32 x2; method:ZZ./<-ZZ32 x2
ProjectFortress/tests/RationalTest.fss	176	tests	inherit,inherit-missing,restate-only,tower	1		method:ZZ./<-ZZ32 x2; NonPrimitive.buildEnvFromParams:ZZ<-ZZ32 x2
ProjectFortress/tests/RationalTest.fss	177	tests	inherit,inherit-missing,restate-only,tower	1		method:ZZ./<-ZZ32 x2; NonPrimitive.buildEnvFromParams:ZZ<-ZZ32 x2
ProjectFortress/tests/RationalTest.fss	178	tests	inherit,inherit-missing,restate-only,tower	1		NonPrimitive.buildEnvFromParams:ZZ<-ZZ32 x2; method:ZZ./<-ZZ32 x2
ProjectFortress/tests/RationalTest.fss	179	tests	inherit,inherit-missing,restate-only,tower	1		method:ZZ./<-ZZ32 x2; NonPrimitive.buildEnvFromParams:ZZ<-ZZ32 x2
ProjectFortress/tests/RationalTest.fss	180	tests	inherit,inherit-missing,restate-only,tower	1		NonPrimitive.buildEnvFromParams:ZZ<-ZZ32 x2; method:ZZ./<-ZZ32 x2
ProjectFortress/tests/RationalTest.fss	181	tests	inherit,inherit-missing,restate-only,tower	1		method:ZZ./<-ZZ32 x2; NonPrimitive.buildEnvFromParams:ZZ<-ZZ32 x2
ProjectFortress/tests/RationalTest.fss	182	tests	inherit,inherit-missing,restate-only,tower	1		NonPrimitive.buildEnvFromParams:ZZ<-ZZ32 x2; method:ZZ./<-ZZ32 x2
ProjectFortress/tests/RationalTest.fss	183	tests	inherit,inherit-missing,restate-only,tower	1		method:ZZ./<-ZZ32 x2; NonPrimitive.buildEnvFromParams:ZZ<-ZZ32 x2
ProjectFortress/tests/RationalTest.fss	184	tests	inherit,inherit-missing,restate-only,tower	1		method:ZZ./<-ZZ32 x2; NonPrimitive.buildEnvFromParams:ZZ<-ZZ32 x2
ProjectFortress/tests/RationalTest.fss	185	tests	inherit,inherit-missing,restate-only,tower	1		NonPrimitive.buildEnvFromParams:ZZ<-ZZ32 x2; method:ZZ./<-ZZ32 x2
ProjectFortress/tests/RationalTest.fss	186	tests	inherit,inherit-missing,restate-only,tower	1		NonPrimitive.buildEnvFromParams:ZZ<-ZZ32 x2; method:ZZ./<-ZZ32 x2
ProjectFortress/tests/RationalTest.fss	187	tests	inherit,inherit-missing,restate-only,tower	1		method:ZZ./<-ZZ32 x2; NonPrimitive.buildEnvFromParams:ZZ<-ZZ32 x2
ProjectFortress/tests/RationalTest.fss	188	tests	inherit,inherit-missing,restate-only,tower	1		method:ZZ./<-ZZ32 x2; NonPrimitive.buildEnvFromParams:ZZ<-ZZ32 x2
ProjectFortress/tests/RationalTest.fss	189	tests	inherit,inherit-missing,restate-only,tower	1		NonPrimitive.buildEnvFromParams:ZZ<-ZZ32 x2; method:ZZ./<-ZZ32 x2
ProjectFortress/tests/RationalTest.fss	190	tests	inherit,inherit-missing,restate-only,tower	1		NonPrimitive.buildEnvFromParams:ZZ<-ZZ32 x2; method:ZZ./<-ZZ32 x2
ProjectFortress/tests/RationalTest.fss	191	tests	conversion,inherit,inherit-missing,tower	1		NonPrimitive.buildEnvFromParams:ZZ<-ZZ32 x1; NonPrimitive.buildEnvFromParams:QQ<-ZZ32 x1; method:ZZ./<-ZZ32 x1
ProjectFortress/tests/RationalTest.fss	192	tests	conversion,inherit,inherit-missing,tower	1		NonPrimitive.buildEnvFromParams:QQ<-ZZ32 x1; method:ZZ./<-ZZ32 x1; NonPrimitive.buildEnvFromParams:ZZ<-ZZ32 x1
ProjectFortress/tests/RationalTest.fss	193	tests	conversion,inherit,inherit-missing,tower	1		NonPrimitive.buildEnvFromParams:QQ<-ZZ32 x1; NonPrimitive.buildEnvFromParams:ZZ<-ZZ32 x1; method:ZZ./<-ZZ32 x1
ProjectFortress/tests/RationalTest.fss	194	tests	conversion,inherit,inherit-missing,inherit-mixed,tower	1		method:QQ.<=<-ZZ32 x1; method:ZZ./<-ZZ32 x1; NonPrimitive.buildEnvFromParams:ZZ<-ZZ32 x1
ProjectFortress/tests/RationalTest.fss	195	tests	conversion,inherit,inherit-missing,inherit-mixed,tower	1		method:ZZ./<-ZZ32 x1; method:QQ.<=<-ZZ32 x1; NonPrimitive.buildEnvFromParams:ZZ<-ZZ32 x1
ProjectFortress/tests/RationalTest.fss	196	tests	conversion,inherit,inherit-missing,inherit-mixed,tower	1		method:ZZ./<-ZZ32 x1; NonPrimitive.buildEnvFromParams:ZZ<-ZZ32 x1; method:QQ.<=<-ZZ32 x1
ProjectFortress/tests/RationalTest.fss	197	tests	conversion,inherit,inherit-missing,tower	1		method:ZZ./<-ZZ32 x1; NonPrimitive.buildEnvFromParams:QQ<-ZZ32 x1; NonPrimitive.buildEnvFromParams:ZZ<-ZZ32 x1
ProjectFortress/tests/RationalTest.fss	198	tests	conversion,inherit,inherit-missing,tower	1		NonPrimitive.buildEnvFromParams:QQ<-ZZ32 x1; method:ZZ./<-ZZ32 x1; NonPrimitive.buildEnvFromParams:ZZ<-ZZ32 x1
ProjectFortress/tests/RationalTest.fss	199	tests	conversion,inherit,inherit-missing,tower	1		NonPrimitive.buildEnvFromParams:QQ<-ZZ32 x1; method:ZZ./<-ZZ32 x1; NonPrimitive.buildEnvFromParams:ZZ<-ZZ32 x1
ProjectFortress/tests/RationalTest.fss	200	tests	conversion,inherit,inherit-missing,inherit-mixed,tower	1		method:ZZ./<-ZZ32 x1; NonPrimitive.buildEnvFromParams:ZZ<-ZZ32 x1; method:QQ.<=<-ZZ32 x1
ProjectFortress/tests/RationalTest.fss	201	tests	conversion,inherit,inherit-missing,inherit-mixed,tower	1		NonPrimitive.buildEnvFromParams:ZZ<-ZZ32 x1; method:QQ.<=<-ZZ32 x1; method:ZZ./<-ZZ32 x1
ProjectFortress/tests/RationalTest.fss	202	tests	inherit,inherit-missing,restate-only,tower	1		NonPrimitive.buildEnvFromParams:ZZ<-ZZ32 x1; method:ZZ./<-ZZ32 x1
ProjectFortress/tests/RationalTest.fss	203	tests	inherit,inherit-missing,restate-only,tower	1		method:ZZ./<-ZZ32 x2; NonPrimitive.buildEnvFromParams:ZZ<-ZZ32 x2
ProjectFortress/tests/RationalTest.fss	204	tests	inherit,inherit-missing,restate-only,tower	1		method:ZZ./<-ZZ32 x2; NonPrimitive.buildEnvFromParams:ZZ<-ZZ32 x2
ProjectFortress/tests/RationalTest.fss	205	tests	inherit,inherit-missing,restate-only,tower	1		method:ZZ./<-ZZ32 x2; NonPrimitive.buildEnvFromParams:ZZ<-ZZ32 x2
ProjectFortress/tests/RationalTest.fss	206	tests	inherit,inherit-missing,restate-only,tower	1		NonPrimitive.buildEnvFromParams:ZZ<-ZZ32 x2; method:ZZ./<-ZZ32 x2
ProjectFortress/tests/RationalTest.fss	207	tests	inherit,inherit-missing,restate-only,tower	1		NonPrimitive.buildEnvFromParams:ZZ<-ZZ32 x2; method:ZZ./<-ZZ32 x2
ProjectFortress/tests/RationalTest.fss	208	tests	inherit,inherit-missing,restate-only,tower	1		method:ZZ./<-ZZ32 x2; NonPrimitive.buildEnvFromParams:ZZ<-ZZ32 x2
ProjectFortress/tests/RationalTest.fss	209	tests	inherit,inherit-missing,restate-only,tower	1		method:ZZ./<-ZZ32 x2; NonPrimitive.buildEnvFromParams:ZZ<-ZZ32 x2
ProjectFortress/tests/RationalTest.fss	210	tests	inherit,inherit-missing,restate-only,tower	1		method:ZZ./<-ZZ32 x2; NonPrimitive.buildEnvFromParams:ZZ<-ZZ32 x2
ProjectFortress/tests/RationalTest.fss	211	tests	inherit,inherit-missing,restate-only,tower	1		NonPrimitive.buildEnvFromParams:ZZ<-ZZ32 x2; method:ZZ./<-ZZ32 x2
ProjectFortress/tests/RationalTest.fss	212	tests	inherit,inherit-missing,restate-only,tower	1		method:ZZ./<-ZZ32 x2; NonPrimitive.buildEnvFromParams:ZZ<-ZZ32 x2
ProjectFortress/tests/RationalTest.fss	213	tests	inherit,inherit-missing,restate-only,tower	1		method:ZZ./<-ZZ32 x2; NonPrimitive.buildEnvFromParams:ZZ<-ZZ32 x2
ProjectFortress/tests/RationalTest.fss	214	tests	inherit,inherit-missing,restate-only,tower	1		method:ZZ./<-ZZ32 x2; NonPrimitive.buildEnvFromParams:ZZ<-ZZ32 x2
ProjectFortress/tests/RationalTest.fss	215	tests	inherit,inherit-missing,restate-only,tower	1		method:ZZ./<-ZZ32 x2; NonPrimitive.buildEnvFromParams:ZZ<-ZZ32 x2
ProjectFortress/tests/RationalTest.fss	216	tests	inherit,inherit-missing,restate-only,tower	1		method:ZZ./<-ZZ32 x2; NonPrimitive.buildEnvFromParams:ZZ<-ZZ32 x2
ProjectFortress/tests/RationalTest.fss	217	tests	inherit,inherit-missing,restate-only,tower	1		NonPrimitive.buildEnvFromParams:ZZ<-ZZ32 x2; method:ZZ./<-ZZ32 x2
ProjectFortress/tests/RationalTest.fss	218	tests	inherit,inherit-missing,restate-only,tower	1		method:ZZ./<-ZZ32 x2; NonPrimitive.buildEnvFromParams:ZZ<-ZZ32 x2
ProjectFortress/tests/RationalTest.fss	219	tests	inherit,inherit-missing,restate-only,tower	1		NonPrimitive.buildEnvFromParams:ZZ<-ZZ32 x2; method:ZZ./<-ZZ32 x2
ProjectFortress/tests/RationalTest.fss	220	tests	inherit,inherit-missing,restate-only,tower	1		NonPrimitive.buildEnvFromParams:ZZ<-ZZ32 x2; method:ZZ./<-ZZ32 x2
ProjectFortress/tests/RationalTest.fss	221	tests	inherit,inherit-missing,restate-only,tower	1		NonPrimitive.buildEnvFromParams:ZZ<-ZZ32 x2; method:ZZ./<-ZZ32 x2
ProjectFortress/tests/RationalTest.fss	222	tests	inherit,inherit-missing,restate-only,tower	1		NonPrimitive.buildEnvFromParams:ZZ<-ZZ32 x2; method:ZZ./<-ZZ32 x2
ProjectFortress/tests/RationalTest.fss	223	tests	inherit,inherit-missing,restate-only,tower	1		NonPrimitive.buildEnvFromParams:ZZ<-ZZ32 x2; method:ZZ./<-ZZ32 x2
ProjectFortress/tests/RationalTest.fss	224	tests	inherit,inherit-missing,restate-only,tower	1		method:ZZ./<-ZZ32 x2; NonPrimitive.buildEnvFromParams:ZZ<-ZZ32 x2
ProjectFortress/tests/RationalTest.fss	225	tests	inherit,inherit-missing,restate-only,tower	1		method:ZZ./<-ZZ32 x2; NonPrimitive.buildEnvFromParams:ZZ<-ZZ32 x2
ProjectFortress/tests/RationalTest.fss	226	tests	inherit,inherit-missing,restate-only,tower	1		NonPrimitive.buildEnvFromParams:ZZ<-ZZ32 x2; method:ZZ./<-ZZ32 x2
ProjectFortress/tests/RationalTest.fss	227	tests	inherit,inherit-missing,restate-only,tower	1		NonPrimitive.buildEnvFromParams:ZZ<-ZZ32 x2; method:ZZ./<-ZZ32 x2
ProjectFortress/tests/RationalTest.fss	228	tests	inherit,inherit-missing,restate-only,tower	1		NonPrimitive.buildEnvFromParams:ZZ<-ZZ32 x2; method:ZZ./<-ZZ32 x2
ProjectFortress/tests/RationalTest.fss	229	tests	inherit,inherit-missing,restate-only,tower	1		method:ZZ./<-ZZ32 x2; NonPrimitive.buildEnvFromParams:ZZ<-ZZ32 x2
ProjectFortress/tests/RationalTest.fss	230	tests	inherit,inherit-missing,restate-only,tower	1		method:ZZ./<-ZZ32 x2; NonPrimitive.buildEnvFromParams:ZZ<-ZZ32 x2
ProjectFortress/tests/RationalTest.fss	231	tests	inherit,inherit-missing,restate-only,tower	1		NonPrimitive.buildEnvFromParams:ZZ<-ZZ32 x2; method:ZZ./<-ZZ32 x2
ProjectFortress/tests/RationalTest.fss	232	tests	inherit,inherit-missing,restate-only,tower	1		NonPrimitive.buildEnvFromParams:ZZ<-ZZ32 x2; method:ZZ./<-ZZ32 x2
ProjectFortress/tests/RationalTest.fss	233	tests	inherit,inherit-missing,restate-only,tower	1		method:ZZ./<-ZZ32 x2; NonPrimitive.buildEnvFromParams:ZZ<-ZZ32 x2
ProjectFortress/tests/RationalTest.fss	234	tests	inherit,inherit-missing,restate-only,tower	1		NonPrimitive.buildEnvFromParams:ZZ<-ZZ32 x2; method:ZZ./<-ZZ32 x2
ProjectFortress/tests/RationalTest.fss	235	tests	inherit,inherit-missing,restate-only,tower	1		method:ZZ./<-ZZ32 x2; NonPrimitive.buildEnvFromParams:ZZ<-ZZ32 x2
ProjectFortress/tests/RationalTest.fss	236	tests	inherit,inherit-missing,restate-only,tower	1		NonPrimitive.buildEnvFromParams:ZZ<-ZZ32 x2; method:ZZ./<-ZZ32 x2
ProjectFortress/tests/RationalTest.fss	237	tests	inherit,inherit-missing,restate-only,tower	1		NonPrimitive.buildEnvFromParams:ZZ<-ZZ32 x2; method:ZZ./<-ZZ32 x2
ProjectFortress/tests/RationalTest.fss	238	tests	inherit,inherit-missing,restate-only,tower	1		method:ZZ./<-ZZ32 x2; NonPrimitive.buildEnvFromParams:ZZ<-ZZ32 x2
ProjectFortress/tests/RationalTest.fss	239	tests	conversion,inherit,inherit-missing,tower	1		NonPrimitive.buildEnvFromParams:ZZ<-ZZ32 x1; NonPrimitive.buildEnvFromParams:QQ<-ZZ32 x1; method:ZZ./<-ZZ32 x1
ProjectFortress/tests/RationalTest.fss	240	tests	conversion,inherit,inherit-missing,tower	1		method:ZZ./<-ZZ32 x1; NonPrimitive.buildEnvFromParams:ZZ<-ZZ32 x1; NonPrimitive.buildEnvFromParams:QQ<-ZZ32 x1
ProjectFortress/tests/RationalTest.fss	241	tests	conversion,inherit,inherit-missing,tower	1		method:ZZ./<-ZZ32 x1; NonPrimitive.buildEnvFromParams:ZZ<-ZZ32 x1; NonPrimitive.buildEnvFromParams:QQ<-ZZ32 x1
ProjectFortress/tests/RationalTest.fss	242	tests	conversion,inherit,inherit-missing,inherit-mixed,tower	1		method:QQ.><-ZZ32 x1; method:ZZ./<-ZZ32 x1; NonPrimitive.buildEnvFromParams:ZZ<-ZZ32 x1
ProjectFortress/tests/RationalTest.fss	243	tests	conversion,inherit,inherit-missing,inherit-mixed,tower	1		method:ZZ./<-ZZ32 x1; NonPrimitive.buildEnvFromParams:ZZ<-ZZ32 x1; method:QQ.><-ZZ32 x1
ProjectFortress/tests/RationalTest.fss	244	tests	conversion,inherit,inherit-missing,inherit-mixed,tower	1		method:QQ.><-ZZ32 x1; method:ZZ./<-ZZ32 x1; NonPrimitive.buildEnvFromParams:ZZ<-ZZ32 x1
ProjectFortress/tests/RationalTest.fss	245	tests	conversion,inherit,inherit-missing,tower	1		NonPrimitive.buildEnvFromParams:ZZ<-ZZ32 x1; method:ZZ./<-ZZ32 x1; NonPrimitive.buildEnvFromParams:QQ<-ZZ32 x1
ProjectFortress/tests/RationalTest.fss	246	tests	conversion,inherit,inherit-missing,tower	1		NonPrimitive.buildEnvFromParams:QQ<-ZZ32 x1; method:ZZ./<-ZZ32 x1; NonPrimitive.buildEnvFromParams:ZZ<-ZZ32 x1
ProjectFortress/tests/RationalTest.fss	247	tests	conversion,inherit,inherit-missing,tower	1		NonPrimitive.buildEnvFromParams:QQ<-ZZ32 x1; NonPrimitive.buildEnvFromParams:ZZ<-ZZ32 x1; method:ZZ./<-ZZ32 x1
ProjectFortress/tests/RationalTest.fss	248	tests	conversion,inherit,inherit-missing,inherit-mixed,tower	1		NonPrimitive.buildEnvFromParams:ZZ<-ZZ32 x1; method:ZZ./<-ZZ32 x1; method:QQ.><-ZZ32 x1
ProjectFortress/tests/RationalTest.fss	249	tests	conversion,inherit,inherit-missing,inherit-mixed,tower	1		NonPrimitive.buildEnvFromParams:ZZ<-ZZ32 x1; method:QQ.><-ZZ32 x1; method:ZZ./<-ZZ32 x1
ProjectFortress/tests/RationalTest.fss	250	tests	conversion,inherit,inherit-missing,inherit-mixed,tower	1		method:QQ.><-ZZ32 x1; NonPrimitive.buildEnvFromParams:ZZ<-ZZ32 x1; method:ZZ./<-ZZ32 x1
ProjectFortress/tests/RationalTest.fss	251	tests	inherit,inherit-missing,restate-only,tower	1		method:ZZ./<-ZZ32 x2; NonPrimitive.buildEnvFromParams:ZZ<-ZZ32 x2
ProjectFortress/tests/RationalTest.fss	252	tests	inherit,inherit-missing,restate-only,tower	1		NonPrimitive.buildEnvFromParams:ZZ<-ZZ32 x2; method:ZZ./<-ZZ32 x2
ProjectFortress/tests/RationalTest.fss	253	tests	inherit,inherit-missing,restate-only,tower	1		NonPrimitive.buildEnvFromParams:ZZ<-ZZ32 x2; method:ZZ./<-ZZ32 x2
ProjectFortress/tests/RationalTest.fss	254	tests	inherit,inherit-missing,restate-only,tower	1		NonPrimitive.buildEnvFromParams:ZZ<-ZZ32 x2; method:ZZ./<-ZZ32 x2
ProjectFortress/tests/RationalTest.fss	255	tests	inherit,inherit-missing,restate-only,tower	1		method:ZZ./<-ZZ32 x2; NonPrimitive.buildEnvFromParams:ZZ<-ZZ32 x2
ProjectFortress/tests/RationalTest.fss	256	tests	inherit,inherit-missing,restate-only,tower	1		NonPrimitive.buildEnvFromParams:ZZ<-ZZ32 x2; method:ZZ./<-ZZ32 x2
ProjectFortress/tests/RationalTest.fss	257	tests	inherit,inherit-missing,restate-only,tower	1		NonPrimitive.buildEnvFromParams:ZZ<-ZZ32 x2; method:ZZ./<-ZZ32 x2
ProjectFortress/tests/RationalTest.fss	258	tests	inherit,inherit-missing,restate-only,tower	1		NonPrimitive.buildEnvFromParams:ZZ<-ZZ32 x2; method:ZZ./<-ZZ32 x2
ProjectFortress/tests/RationalTest.fss	259	tests	inherit,inherit-missing,restate-only,tower	1		NonPrimitive.buildEnvFromParams:ZZ<-ZZ32 x2; method:ZZ./<-ZZ32 x2
ProjectFortress/tests/RationalTest.fss	260	tests	inherit,inherit-missing,restate-only,tower	1		method:ZZ./<-ZZ32 x2; NonPrimitive.buildEnvFromParams:ZZ<-ZZ32 x2
ProjectFortress/tests/RationalTest.fss	261	tests	inherit,inherit-missing,restate-only,tower	1		NonPrimitive.buildEnvFromParams:ZZ<-ZZ32 x2; method:ZZ./<-ZZ32 x2
ProjectFortress/tests/RationalTest.fss	262	tests	inherit,inherit-missing,restate-only,tower	1		NonPrimitive.buildEnvFromParams:ZZ<-ZZ32 x2; method:ZZ./<-ZZ32 x2
ProjectFortress/tests/RationalTest.fss	263	tests	inherit,inherit-missing,restate-only,tower	1		method:ZZ./<-ZZ32 x2; NonPrimitive.buildEnvFromParams:ZZ<-ZZ32 x2
ProjectFortress/tests/RationalTest.fss	264	tests	inherit,inherit-missing,restate-only,tower	1		method:ZZ./<-ZZ32 x2; NonPrimitive.buildEnvFromParams:ZZ<-ZZ32 x2
ProjectFortress/tests/RationalTest.fss	265	tests	inherit,inherit-missing,restate-only,tower	1		NonPrimitive.buildEnvFromParams:ZZ<-ZZ32 x2; method:ZZ./<-ZZ32 x2
ProjectFortress/tests/RationalTest.fss	266	tests	inherit,inherit-missing,restate-only,tower	1		NonPrimitive.buildEnvFromParams:ZZ<-ZZ32 x2; method:ZZ./<-ZZ32 x2
ProjectFortress/tests/RationalTest.fss	267	tests	inherit,inherit-missing,restate-only,tower	1		NonPrimitive.buildEnvFromParams:ZZ<-ZZ32 x2; method:ZZ./<-ZZ32 x2
ProjectFortress/tests/RationalTest.fss	268	tests	inherit,inherit-missing,restate-only,tower	1		method:ZZ./<-ZZ32 x2; NonPrimitive.buildEnvFromParams:ZZ<-ZZ32 x2
ProjectFortress/tests/RationalTest.fss	269	tests	inherit,inherit-missing,restate-only,tower	1		NonPrimitive.buildEnvFromParams:ZZ<-ZZ32 x2; method:ZZ./<-ZZ32 x2
ProjectFortress/tests/RationalTest.fss	270	tests	inherit,inherit-missing,restate-only,tower	1		method:ZZ./<-ZZ32 x2; NonPrimitive.buildEnvFromParams:ZZ<-ZZ32 x2
ProjectFortress/tests/RationalTest.fss	271	tests	inherit,inherit-missing,restate-only,tower	1		method:ZZ./<-ZZ32 x2; NonPrimitive.buildEnvFromParams:ZZ<-ZZ32 x2
ProjectFortress/tests/RationalTest.fss	272	tests	inherit,inherit-missing,restate-only,tower	1		method:ZZ./<-ZZ32 x2; NonPrimitive.buildEnvFromParams:ZZ<-ZZ32 x2
ProjectFortress/tests/RationalTest.fss	273	tests	inherit,inherit-missing,restate-only,tower	1		method:ZZ./<-ZZ32 x2; NonPrimitive.buildEnvFromParams:ZZ<-ZZ32 x2
ProjectFortress/tests/RationalTest.fss	274	tests	inherit,inherit-missing,restate-only,tower	1		method:ZZ./<-ZZ32 x2; NonPrimitive.buildEnvFromParams:ZZ<-ZZ32 x2
ProjectFortress/tests/RationalTest.fss	275	tests	inherit,inherit-missing,restate-only,tower	1		method:ZZ./<-ZZ32 x2; NonPrimitive.buildEnvFromParams:ZZ<-ZZ32 x2
ProjectFortress/tests/RationalTest.fss	276	tests	inherit,inherit-missing,restate-only,tower	1		method:ZZ./<-ZZ32 x2; NonPrimitive.buildEnvFromParams:ZZ<-ZZ32 x2
ProjectFortress/tests/RationalTest.fss	277	tests	inherit,inherit-missing,restate-only,tower	1		NonPrimitive.buildEnvFromParams:ZZ<-ZZ32 x2; method:ZZ./<-ZZ32 x2
ProjectFortress/tests/RationalTest.fss	278	tests	inherit,inherit-missing,restate-only,tower	1		NonPrimitive.buildEnvFromParams:ZZ<-ZZ32 x2; method:ZZ./<-ZZ32 x2
ProjectFortress/tests/RationalTest.fss	279	tests	inherit,inherit-missing,restate-only,tower	1		NonPrimitive.buildEnvFromParams:ZZ<-ZZ32 x2; method:ZZ./<-ZZ32 x2
ProjectFortress/tests/RationalTest.fss	280	tests	inherit,inherit-missing,restate-only,tower	1		method:ZZ./<-ZZ32 x2; NonPrimitive.buildEnvFromParams:ZZ<-ZZ32 x2
ProjectFortress/tests/RationalTest.fss	281	tests	inherit,inherit-missing,restate-only,tower	1		NonPrimitive.buildEnvFromParams:ZZ<-ZZ32 x2; method:ZZ./<-ZZ32 x2
ProjectFortress/tests/RationalTest.fss	282	tests	inherit,inherit-missing,restate-only,tower	1		NonPrimitive.buildEnvFromParams:ZZ<-ZZ32 x2; method:ZZ./<-ZZ32 x2
ProjectFortress/tests/RationalTest.fss	283	tests	inherit,inherit-missing,restate-only,tower	1		method:ZZ./<-ZZ32 x2; NonPrimitive.buildEnvFromParams:ZZ<-ZZ32 x2
ProjectFortress/tests/RationalTest.fss	284	tests	inherit,inherit-missing,restate-only,tower	1		method:ZZ./<-ZZ32 x2; NonPrimitive.buildEnvFromParams:ZZ<-ZZ32 x2
ProjectFortress/tests/RationalTest.fss	285	tests	inherit,inherit-missing,restate-only,tower	1		NonPrimitive.buildEnvFromParams:ZZ<-ZZ32 x2; method:ZZ./<-ZZ32 x2
ProjectFortress/tests/RationalTest.fss	286	tests	inherit,inherit-missing,restate-only,tower	1		NonPrimitive.buildEnvFromParams:ZZ<-ZZ32 x2; method:ZZ./<-ZZ32 x2
ProjectFortress/tests/RationalTest.fss	287	tests	conversion,inherit,inherit-missing,tower	1		NonPrimitive.buildEnvFromParams:QQ<-ZZ32 x1; NonPrimitive.buildEnvFromParams:ZZ<-ZZ32 x1; method:ZZ./<-ZZ32 x1
ProjectFortress/tests/RationalTest.fss	288	tests	conversion,inherit,inherit-missing,tower	1		NonPrimitive.buildEnvFromParams:QQ<-ZZ32 x1; method:ZZ./<-ZZ32 x1; NonPrimitive.buildEnvFromParams:ZZ<-ZZ32 x1
ProjectFortress/tests/RationalTest.fss	289	tests	conversion,inherit,inherit-missing,tower	1		NonPrimitive.buildEnvFromParams:QQ<-ZZ32 x1; NonPrimitive.buildEnvFromParams:ZZ<-ZZ32 x1; method:ZZ./<-ZZ32 x1
ProjectFortress/tests/RationalTest.fss	290	tests	conversion,inherit,inherit-missing,inherit-mixed,tower	1		method:ZZ./<-ZZ32 x1; method:QQ.>=<-ZZ32 x1; NonPrimitive.buildEnvFromParams:ZZ<-ZZ32 x1
ProjectFortress/tests/RationalTest.fss	291	tests	conversion,inherit,inherit-missing,inherit-mixed,tower	1		method:QQ.>=<-ZZ32 x1; method:ZZ./<-ZZ32 x1; NonPrimitive.buildEnvFromParams:ZZ<-ZZ32 x1
ProjectFortress/tests/RationalTest.fss	292	tests	conversion,inherit,inherit-missing,inherit-mixed,tower	1		method:QQ.>=<-ZZ32 x1; method:ZZ./<-ZZ32 x1; NonPrimitive.buildEnvFromParams:ZZ<-ZZ32 x1
ProjectFortress/tests/RationalTest.fss	293	tests	conversion,inherit,inherit-missing,tower	1		method:ZZ./<-ZZ32 x1; NonPrimitive.buildEnvFromParams:ZZ<-ZZ32 x1; NonPrimitive.buildEnvFromParams:QQ<-ZZ32 x1
ProjectFortress/tests/RationalTest.fss	294	tests	conversion,inherit,inherit-missing,tower	1		method:ZZ./<-ZZ32 x1; NonPrimitive.buildEnvFromParams:QQ<-ZZ32 x1; NonPrimitive.buildEnvFromParams:ZZ<-ZZ32 x1
ProjectFortress/tests/RationalTest.fss	295	tests	conversion,inherit,inherit-missing,tower	1		method:ZZ./<-ZZ32 x1; NonPrimitive.buildEnvFromParams:ZZ<-ZZ32 x1; NonPrimitive.buildEnvFromParams:QQ<-ZZ32 x1
ProjectFortress/tests/RationalTest.fss	296	tests	conversion,inherit,inherit-missing,inherit-mixed,tower	1		method:QQ.>=<-ZZ32 x1; NonPrimitive.buildEnvFromParams:ZZ<-ZZ32 x1; method:ZZ./<-ZZ32 x1
ProjectFortress/tests/RationalTest.fss	297	tests	conversion,inherit,inherit-missing,inherit-mixed,tower	1		method:QQ.>=<-ZZ32 x1; method:ZZ./<-ZZ32 x1; NonPrimitive.buildEnvFromParams:ZZ<-ZZ32 x1
ProjectFortress/tests/RationalTest.fss	298	tests	inherit,inherit-missing,restate-only,tower	1		NonPrimitive.buildEnvFromParams:ZZ<-ZZ32 x1; method:ZZ./<-ZZ32 x1
ProjectFortress/tests/RationalTest.fss	299	tests	inherit,inherit-missing,restate-only,tower	1		NonPrimitive.buildEnvFromParams:ZZ<-ZZ32 x2; method:ZZ./<-ZZ32 x2
ProjectFortress/tests/RationalTest.fss	300	tests	inherit,inherit-missing,restate-only,tower	1		method:ZZ./<-ZZ32 x2; NonPrimitive.buildEnvFromParams:ZZ<-ZZ32 x2
ProjectFortress/tests/RationalTest.fss	301	tests	inherit,inherit-missing,restate-only,tower	1		method:ZZ./<-ZZ32 x2; NonPrimitive.buildEnvFromParams:ZZ<-ZZ32 x2
ProjectFortress/tests/RationalTest.fss	302	tests	inherit,inherit-missing,restate-only,tower	1		NonPrimitive.buildEnvFromParams:ZZ<-ZZ32 x2; method:ZZ./<-ZZ32 x2
ProjectFortress/tests/RationalTest.fss	303	tests	inherit,inherit-missing,restate-only,tower	1		NonPrimitive.buildEnvFromParams:ZZ<-ZZ32 x2; method:ZZ./<-ZZ32 x2
ProjectFortress/tests/RationalTest.fss	304	tests	inherit,inherit-missing,restate-only,tower	1		NonPrimitive.buildEnvFromParams:ZZ<-ZZ32 x2; method:ZZ./<-ZZ32 x2
ProjectFortress/tests/RationalTest.fss	305	tests	inherit,inherit-missing,restate-only,tower	1		method:ZZ./<-ZZ32 x2; NonPrimitive.buildEnvFromParams:ZZ<-ZZ32 x2
ProjectFortress/tests/RationalTest.fss	306	tests	inherit,inherit-missing,restate-only,tower	1		method:ZZ./<-ZZ32 x2; NonPrimitive.buildEnvFromParams:ZZ<-ZZ32 x2
ProjectFortress/tests/RationalTest.fss	307	tests	inherit,inherit-missing,restate-only,tower	1		NonPrimitive.buildEnvFromParams:ZZ<-ZZ32 x2; method:ZZ./<-ZZ32 x2
ProjectFortress/tests/RationalTest.fss	308	tests	inherit,inherit-missing,restate-only,tower	1		method:ZZ./<-ZZ32 x2; NonPrimitive.buildEnvFromParams:ZZ<-ZZ32 x2
ProjectFortress/tests/RationalTest.fss	309	tests	inherit,inherit-missing,restate-only,tower	1		method:ZZ./<-ZZ32 x2; NonPrimitive.buildEnvFromParams:ZZ<-ZZ32 x2
ProjectFortress/tests/RationalTest.fss	310	tests	inherit,inherit-missing,restate-only,tower	1		method:ZZ./<-ZZ32 x2; NonPrimitive.buildEnvFromParams:ZZ<-ZZ32 x2
ProjectFortress/tests/RationalTest.fss	311	tests	inherit,inherit-missing,restate-only,tower	1		NonPrimitive.buildEnvFromParams:ZZ<-ZZ32 x2; method:ZZ./<-ZZ32 x2
ProjectFortress/tests/RationalTest.fss	312	tests	inherit,inherit-missing,restate-only,tower	1		NonPrimitive.buildEnvFromParams:ZZ<-ZZ32 x2; method:ZZ./<-ZZ32 x2
ProjectFortress/tests/RationalTest.fss	313	tests	inherit,inherit-missing,restate-only,tower	1		NonPrimitive.buildEnvFromParams:ZZ<-ZZ32 x2; method:ZZ./<-ZZ32 x2
ProjectFortress/tests/RationalTest.fss	314	tests	inherit,inherit-missing,restate-only,tower	1		NonPrimitive.buildEnvFromParams:ZZ<-ZZ32 x2; method:ZZ./<-ZZ32 x2
ProjectFortress/tests/RationalTest.fss	315	tests	inherit,inherit-missing,restate-only,tower	1		NonPrimitive.buildEnvFromParams:ZZ<-ZZ32 x2; method:ZZ./<-ZZ32 x2
ProjectFortress/tests/RationalTest.fss	316	tests	inherit,inherit-missing,restate-only,tower	1		NonPrimitive.buildEnvFromParams:ZZ<-ZZ32 x2; method:ZZ./<-ZZ32 x2
ProjectFortress/tests/RationalTest.fss	317	tests	inherit,inherit-missing,restate-only,tower	1		method:ZZ./<-ZZ32 x2; NonPrimitive.buildEnvFromParams:ZZ<-ZZ32 x2
ProjectFortress/tests/RationalTest.fss	318	tests	inherit,inherit-missing,restate-only,tower	1		NonPrimitive.buildEnvFromParams:ZZ<-ZZ32 x2; method:ZZ./<-ZZ32 x2
ProjectFortress/tests/RationalTest.fss	319	tests	inherit,inherit-missing,restate-only,tower	1		NonPrimitive.buildEnvFromParams:ZZ<-ZZ32 x2; method:ZZ./<-ZZ32 x2
ProjectFortress/tests/RationalTest.fss	320	tests	inherit,inherit-missing,restate-only,tower	1		method:ZZ./<-ZZ32 x2; NonPrimitive.buildEnvFromParams:ZZ<-ZZ32 x2
ProjectFortress/tests/RationalTest.fss	321	tests	inherit,inherit-missing,restate-only,tower	1		method:ZZ./<-ZZ32 x2; NonPrimitive.buildEnvFromParams:ZZ<-ZZ32 x2
ProjectFortress/tests/RationalTest.fss	322	tests	inherit,inherit-missing,restate-only,tower	1		NonPrimitive.buildEnvFromParams:ZZ<-ZZ32 x2; method:ZZ./<-ZZ32 x2
ProjectFortress/tests/RationalTest.fss	323	tests	inherit,inherit-missing,restate-only,tower	1		NonPrimitive.buildEnvFromParams:ZZ<-ZZ32 x2; method:ZZ./<-ZZ32 x2
ProjectFortress/tests/RationalTest.fss	324	tests	inherit,inherit-missing,restate-only,tower	1		NonPrimitive.buildEnvFromParams:ZZ<-ZZ32 x2; method:ZZ./<-ZZ32 x2
ProjectFortress/tests/RationalTest.fss	325	tests	inherit,inherit-missing,restate-only,tower	1		method:ZZ./<-ZZ32 x2; NonPrimitive.buildEnvFromParams:ZZ<-ZZ32 x2
ProjectFortress/tests/RationalTest.fss	326	tests	inherit,inherit-missing,restate-only,tower	1		method:ZZ./<-ZZ32 x2; NonPrimitive.buildEnvFromParams:ZZ<-ZZ32 x2
ProjectFortress/tests/RationalTest.fss	327	tests	inherit,inherit-missing,restate-only,tower	1		method:ZZ./<-ZZ32 x2; NonPrimitive.buildEnvFromParams:ZZ<-ZZ32 x2
ProjectFortress/tests/RationalTest.fss	328	tests	inherit,inherit-missing,restate-only,tower	1		method:ZZ./<-ZZ32 x2; NonPrimitive.buildEnvFromParams:ZZ<-ZZ32 x2
ProjectFortress/tests/RationalTest.fss	329	tests	inherit,inherit-missing,restate-only,tower	1		NonPrimitive.buildEnvFromParams:ZZ<-ZZ32 x2; method:ZZ./<-ZZ32 x2
ProjectFortress/tests/RationalTest.fss	330	tests	inherit,inherit-missing,restate-only,tower	1		method:ZZ./<-ZZ32 x2; NonPrimitive.buildEnvFromParams:ZZ<-ZZ32 x2
ProjectFortress/tests/RationalTest.fss	331	tests	inherit,inherit-missing,restate-only,tower	1		method:ZZ./<-ZZ32 x2; NonPrimitive.buildEnvFromParams:ZZ<-ZZ32 x2
ProjectFortress/tests/RationalTest.fss	332	tests	inherit,inherit-missing,restate-only,tower	1		method:ZZ./<-ZZ32 x2; NonPrimitive.buildEnvFromParams:ZZ<-ZZ32 x2
ProjectFortress/tests/RationalTest.fss	333	tests	inherit,inherit-missing,restate-only,tower	1		method:ZZ./<-ZZ32 x2; NonPrimitive.buildEnvFromParams:ZZ<-ZZ32 x2
ProjectFortress/tests/RationalTest.fss	334	tests	inherit,inherit-missing,restate-only,tower	1		method:ZZ./<-ZZ32 x2; NonPrimitive.buildEnvFromParams:ZZ<-ZZ32 x2
ProjectFortress/tests/RationalTest.fss	335	tests	conversion,inherit,inherit-missing,tower	1		NonPrimitive.buildEnvFromParams:ZZ<-ZZ32 x1; NonPrimitive.buildEnvFromParams:QQ<-ZZ32 x1; method:ZZ./<-ZZ32 x1
ProjectFortress/tests/RationalTest.fss	336	tests	conversion,inherit,inherit-missing,tower	1		NonPrimitive.buildEnvFromParams:ZZ<-ZZ32 x1; method:ZZ./<-ZZ32 x1; NonPrimitive.buildEnvFromParams:QQ<-ZZ32 x1
ProjectFortress/tests/RationalTest.fss	337	tests	conversion,inherit,inherit-missing,tower	1		method:ZZ./<-ZZ32 x1; NonPrimitive.buildEnvFromParams:QQ<-ZZ32 x1; NonPrimitive.buildEnvFromParams:ZZ<-ZZ32 x1
ProjectFortress/tests/RationalTest.fss	338	tests	conversion,inherit,inherit-missing,inherit-mixed,tower	1		method:ZZ./<-ZZ32 x1; NonPrimitive.buildEnvFromParams:ZZ<-ZZ32 x1; method:QQ.=<-ZZ32 x1
ProjectFortress/tests/RationalTest.fss	339	tests	conversion,inherit,inherit-missing,inherit-mixed,tower	1		method:QQ.=<-ZZ32 x1; NonPrimitive.buildEnvFromParams:ZZ<-ZZ32 x1; method:ZZ./<-ZZ32 x1
ProjectFortress/tests/RationalTest.fss	340	tests	conversion,inherit,inherit-missing,inherit-mixed,tower	1		method:QQ.=<-ZZ32 x1; NonPrimitive.buildEnvFromParams:ZZ<-ZZ32 x1; method:ZZ./<-ZZ32 x1
ProjectFortress/tests/RationalTest.fss	341	tests	conversion,inherit,inherit-missing,tower	1		NonPrimitive.buildEnvFromParams:ZZ<-ZZ32 x1; method:ZZ./<-ZZ32 x1; NonPrimitive.buildEnvFromParams:QQ<-ZZ32 x1
ProjectFortress/tests/RationalTest.fss	342	tests	conversion,inherit,inherit-missing,tower	1		NonPrimitive.buildEnvFromParams:QQ<-ZZ32 x1; NonPrimitive.buildEnvFromParams:ZZ<-ZZ32 x1; method:ZZ./<-ZZ32 x1
ProjectFortress/tests/RationalTest.fss	343	tests	conversion,inherit,inherit-missing,tower	1		method:ZZ./<-ZZ32 x1; NonPrimitive.buildEnvFromParams:ZZ<-ZZ32 x1; NonPrimitive.buildEnvFromParams:QQ<-ZZ32 x1
ProjectFortress/tests/RationalTest.fss	344	tests	conversion,inherit,inherit-missing,inherit-mixed,tower	1		NonPrimitive.buildEnvFromParams:ZZ<-ZZ32 x1; method:ZZ./<-ZZ32 x1; method:QQ.=<-ZZ32 x1
ProjectFortress/tests/RationalTest.fss	345	tests	conversion,inherit,inherit-missing,inherit-mixed,tower	1		method:ZZ./<-ZZ32 x1; NonPrimitive.buildEnvFromParams:ZZ<-ZZ32 x1; method:QQ.=<-ZZ32 x1
ProjectFortress/tests/RationalTest.fss	346	tests	inherit,inherit-missing,restate-only,tower	1		method:ZZ./<-ZZ32 x1; NonPrimitive.buildEnvFromParams:ZZ<-ZZ32 x1
ProjectFortress/tests/RationalTest.fss	347	tests	inherit,inherit-missing,restate-only,tower	1		NonPrimitive.buildEnvFromParams:ZZ<-ZZ32 x2; method:ZZ./<-ZZ32 x2
ProjectFortress/tests/RationalTest.fss	348	tests	inherit,inherit-missing,restate-only,tower	1		NonPrimitive.buildEnvFromParams:ZZ<-ZZ32 x2; method:ZZ./<-ZZ32 x2
ProjectFortress/tests/RationalTest.fss	349	tests	inherit,inherit-missing,restate-only,tower	1		NonPrimitive.buildEnvFromParams:ZZ<-ZZ32 x2; method:ZZ./<-ZZ32 x2
ProjectFortress/tests/RationalTest.fss	350	tests	inherit,inherit-missing,restate-only,tower	1		method:ZZ./<-ZZ32 x2; NonPrimitive.buildEnvFromParams:ZZ<-ZZ32 x2
ProjectFortress/tests/RationalTest.fss	351	tests	inherit,inherit-missing,restate-only,tower	1		method:ZZ./<-ZZ32 x2; NonPrimitive.buildEnvFromParams:ZZ<-ZZ32 x2
ProjectFortress/tests/RationalTest.fss	352	tests	inherit,inherit-missing,restate-only,tower	1		NonPrimitive.buildEnvFromParams:ZZ<-ZZ32 x2; method:ZZ./<-ZZ32 x2
ProjectFortress/tests/RationalTest.fss	353	tests	inherit,inherit-missing,restate-only,tower	1		NonPrimitive.buildEnvFromParams:ZZ<-ZZ32 x2; method:ZZ./<-ZZ32 x2
ProjectFortress/tests/RationalTest.fss	354	tests	inherit,inherit-missing,restate-only,tower	1		NonPrimitive.buildEnvFromParams:ZZ<-ZZ32 x2; method:ZZ./<-ZZ32 x2
ProjectFortress/tests/RationalTest.fss	355	tests	inherit,inherit-missing,restate-only,tower	1		method:ZZ./<-ZZ32 x2; NonPrimitive.buildEnvFromParams:ZZ<-ZZ32 x2
ProjectFortress/tests/RationalTest.fss	356	tests	inherit,inherit-missing,restate-only,tower	1		method:ZZ./<-ZZ32 x2; NonPrimitive.buildEnvFromParams:ZZ<-ZZ32 x2
ProjectFortress/tests/RationalTest.fss	357	tests	inherit,inherit-missing,restate-only,tower	1		method:ZZ./<-ZZ32 x2; NonPrimitive.buildEnvFromParams:ZZ<-ZZ32 x2
ProjectFortress/tests/RationalTest.fss	358	tests	inherit,inherit-missing,restate-only,tower	1		NonPrimitive.buildEnvFromParams:ZZ<-ZZ32 x2; method:ZZ./<-ZZ32 x2
ProjectFortress/tests/RationalTest.fss	359	tests	inherit,inherit-missing,restate-only,tower	1		NonPrimitive.buildEnvFromParams:ZZ<-ZZ32 x2; method:ZZ./<-ZZ32 x2
ProjectFortress/tests/RationalTest.fss	360	tests	inherit,inherit-missing,restate-only,tower	1		method:ZZ./<-ZZ32 x2; NonPrimitive.buildEnvFromParams:ZZ<-ZZ32 x2
ProjectFortress/tests/RationalTest.fss	361	tests	inherit,inherit-missing,restate-only,tower	1		method:ZZ./<-ZZ32 x2; NonPrimitive.buildEnvFromParams:ZZ<-ZZ32 x2
ProjectFortress/tests/RationalTest.fss	362	tests	inherit,inherit-missing,restate-only,tower	1		NonPrimitive.buildEnvFromParams:ZZ<-ZZ32 x2; method:ZZ./<-ZZ32 x2
ProjectFortress/tests/RationalTest.fss	363	tests	inherit,inherit-missing,restate-only,tower	1		NonPrimitive.buildEnvFromParams:ZZ<-ZZ32 x2; method:ZZ./<-ZZ32 x2
ProjectFortress/tests/RationalTest.fss	364	tests	inherit,inherit-missing,restate-only,tower	1		NonPrimitive.buildEnvFromParams:ZZ<-ZZ32 x2; method:ZZ./<-ZZ32 x2
ProjectFortress/tests/RationalTest.fss	365	tests	inherit,inherit-missing,restate-only,tower	1		method:ZZ./<-ZZ32 x2; NonPrimitive.buildEnvFromParams:ZZ<-ZZ32 x2
ProjectFortress/tests/RationalTest.fss	366	tests	inherit,inherit-missing,restate-only,tower	1		method:ZZ./<-ZZ32 x2; NonPrimitive.buildEnvFromParams:ZZ<-ZZ32 x2
ProjectFortress/tests/RationalTest.fss	367	tests	inherit,inherit-missing,restate-only,tower	1		NonPrimitive.buildEnvFromParams:ZZ<-ZZ32 x2; method:ZZ./<-ZZ32 x2
ProjectFortress/tests/RationalTest.fss	368	tests	inherit,inherit-missing,restate-only,tower	1		method:ZZ./<-ZZ32 x2; NonPrimitive.buildEnvFromParams:ZZ<-ZZ32 x2
ProjectFortress/tests/RationalTest.fss	369	tests	inherit,inherit-missing,restate-only,tower	1		NonPrimitive.buildEnvFromParams:ZZ<-ZZ32 x2; method:ZZ./<-ZZ32 x2
ProjectFortress/tests/RationalTest.fss	370	tests	inherit,inherit-missing,restate-only,tower	1		method:ZZ./<-ZZ32 x2; NonPrimitive.buildEnvFromParams:ZZ<-ZZ32 x2
ProjectFortress/tests/RationalTest.fss	371	tests	inherit,inherit-missing,restate-only,tower	1		method:ZZ./<-ZZ32 x2; NonPrimitive.buildEnvFromParams:ZZ<-ZZ32 x2
ProjectFortress/tests/RationalTest.fss	372	tests	inherit,inherit-missing,restate-only,tower	1		NonPrimitive.buildEnvFromParams:ZZ<-ZZ32 x2; method:ZZ./<-ZZ32 x2
ProjectFortress/tests/RationalTest.fss	373	tests	inherit,inherit-missing,restate-only,tower	1		NonPrimitive.buildEnvFromParams:ZZ<-ZZ32 x2; method:ZZ./<-ZZ32 x2
ProjectFortress/tests/RationalTest.fss	374	tests	inherit,inherit-missing,restate-only,tower	1		NonPrimitive.buildEnvFromParams:ZZ<-ZZ32 x2; method:ZZ./<-ZZ32 x2
ProjectFortress/tests/RationalTest.fss	375	tests	inherit,inherit-missing,restate-only,tower	1		method:ZZ./<-ZZ32 x2; NonPrimitive.buildEnvFromParams:ZZ<-ZZ32 x2
ProjectFortress/tests/RationalTest.fss	376	tests	inherit,inherit-missing,restate-only,tower	1		method:ZZ./<-ZZ32 x2; NonPrimitive.buildEnvFromParams:ZZ<-ZZ32 x2
ProjectFortress/tests/RationalTest.fss	377	tests	inherit,inherit-missing,restate-only,tower	1		NonPrimitive.buildEnvFromParams:ZZ<-ZZ32 x2; method:ZZ./<-ZZ32 x2
ProjectFortress/tests/RationalTest.fss	378	tests	inherit,inherit-missing,restate-only,tower	1		NonPrimitive.buildEnvFromParams:ZZ<-ZZ32 x2; method:ZZ./<-ZZ32 x2
ProjectFortress/tests/RationalTest.fss	379	tests	inherit,inherit-missing,restate-only,tower	1		NonPrimitive.buildEnvFromParams:ZZ<-ZZ32 x2; method:ZZ./<-ZZ32 x2
ProjectFortress/tests/RationalTest.fss	380	tests	inherit,inherit-missing,restate-only,tower	1		method:ZZ./<-ZZ32 x2; NonPrimitive.buildEnvFromParams:ZZ<-ZZ32 x2
ProjectFortress/tests/RationalTest.fss	381	tests	inherit,inherit-missing,restate-only,tower	1		method:ZZ./<-ZZ32 x2; NonPrimitive.buildEnvFromParams:ZZ<-ZZ32 x2
ProjectFortress/tests/RationalTest.fss	382	tests	inherit,inherit-missing,restate-only,tower	1		NonPrimitive.buildEnvFromParams:ZZ<-ZZ32 x2; method:ZZ./<-ZZ32 x2
ProjectFortress/tests/RationalTest.fss	383	tests	conversion,inherit,inherit-missing,tower	1		method:ZZ./<-ZZ32 x1; NonPrimitive.buildEnvFromParams:QQ<-ZZ32 x1; NonPrimitive.buildEnvFromParams:ZZ<-ZZ32 x1
ProjectFortress/tests/RationalTest.fss	384	tests	conversion,inherit,inherit-missing,tower	1		NonPrimitive.buildEnvFromParams:QQ<-ZZ32 x1; NonPrimitive.buildEnvFromParams:ZZ<-ZZ32 x1; method:ZZ./<-ZZ32 x1
ProjectFortress/tests/RationalTest.fss	385	tests	conversion,inherit,inherit-missing,tower	1		NonPrimitive.buildEnvFromParams:QQ<-ZZ32 x1; NonPrimitive.buildEnvFromParams:ZZ<-ZZ32 x1; method:ZZ./<-ZZ32 x1
ProjectFortress/tests/RationalTest.fss	386	tests	inherit,inherit-missing,restate-only,tower	1		method:QQ.NE<-ZZ32 x1; method:ZZ./<-ZZ32 x1; NonPrimitive.buildEnvFromParams:ZZ<-ZZ32 x1
ProjectFortress/tests/RationalTest.fss	387	tests	inherit,inherit-missing,restate-only,tower	1		method:ZZ./<-ZZ32 x1; NonPrimitive.buildEnvFromParams:ZZ<-ZZ32 x1; method:QQ.NE<-ZZ32 x1
ProjectFortress/tests/RationalTest.fss	388	tests	inherit,inherit-missing,restate-only,tower	1		method:QQ.NE<-ZZ32 x1; method:ZZ./<-ZZ32 x1; NonPrimitive.buildEnvFromParams:ZZ<-ZZ32 x1
ProjectFortress/tests/RationalTest.fss	389	tests	conversion,inherit,inherit-missing,tower	1		method:ZZ./<-ZZ32 x1; NonPrimitive.buildEnvFromParams:ZZ<-ZZ32 x1; NonPrimitive.buildEnvFromParams:QQ<-ZZ32 x1
ProjectFortress/tests/RationalTest.fss	390	tests	conversion,inherit,inherit-missing,tower	1		method:ZZ./<-ZZ32 x1; NonPrimitive.buildEnvFromParams:ZZ<-ZZ32 x1; NonPrimitive.buildEnvFromParams:QQ<-ZZ32 x1
ProjectFortress/tests/RationalTest.fss	391	tests	conversion,inherit,inherit-missing,tower	1		NonPrimitive.buildEnvFromParams:ZZ<-ZZ32 x1; method:ZZ./<-ZZ32 x1; NonPrimitive.buildEnvFromParams:QQ<-ZZ32 x1
ProjectFortress/tests/RationalTest.fss	392	tests	inherit,inherit-missing,restate-only,tower	1		method:QQ.NE<-ZZ32 x1; NonPrimitive.buildEnvFromParams:ZZ<-ZZ32 x1; method:ZZ./<-ZZ32 x1
ProjectFortress/tests/RationalTest.fss	393	tests	inherit,inherit-missing,restate-only,tower	1		NonPrimitive.buildEnvFromParams:ZZ<-ZZ32 x1; method:QQ.NE<-ZZ32 x1; method:ZZ./<-ZZ32 x1
ProjectFortress/tests/RationalTest.fss	394	tests	inherit,inherit-missing,restate-only,tower	1		NonPrimitive.buildEnvFromParams:ZZ<-ZZ32 x1; method:ZZ./<-ZZ32 x1; method:QQ.NE<-ZZ32 x1
ProjectFortress/tests/RationalTest.fss	395	tests	inherit,inherit-missing,restate-only,tower	1		method:ZZ./<-ZZ32 x1; NonPrimitive.buildEnvFromParams:ZZ<-ZZ32 x1
ProjectFortress/tests/RationalTest.fss	396	tests	inherit,inherit-missing,restate-only,tower	1		NonPrimitive.buildEnvFromParams:ZZ<-ZZ32 x1; method:ZZ./<-ZZ32 x1
ProjectFortress/tests/RationalTest.fss	397	tests	inherit,inherit-missing,restate-only,tower	1		NonPrimitive.buildEnvFromParams:ZZ<-ZZ32 x1; method:ZZ./<-ZZ32 x1
ProjectFortress/tests/RationalTest.fss	398	tests	inherit,inherit-missing,restate-only,tower	1		NonPrimitive.buildEnvFromParams:ZZ<-ZZ32 x1; method:ZZ./<-ZZ32 x1
ProjectFortress/tests/RationalTest.fss	399	tests	inherit,inherit-missing,restate-only,tower	1		NonPrimitive.buildEnvFromParams:ZZ<-ZZ32 x2; method:ZZ./<-ZZ32 x2
ProjectFortress/tests/RationalTest.fss	400	tests	inherit,inherit-missing,restate-only,tower	1		NonPrimitive.buildEnvFromParams:ZZ<-ZZ32 x2; method:ZZ./<-ZZ32 x2
ProjectFortress/tests/RationalTest.fss	401	tests	inherit,inherit-missing,restate-only,tower	1		method:ZZ./<-ZZ32 x1; NonPrimitive.buildEnvFromParams:ZZ<-ZZ32 x1
ProjectFortress/tests/RationalTest.fss	402	tests	inherit,inherit-missing,restate-only,tower	1		method:ZZ./<-ZZ32 x1; NonPrimitive.buildEnvFromParams:ZZ<-ZZ32 x1
ProjectFortress/tests/RationalTest.fss	403	tests	inherit,inherit-missing,restate-only,tower	1		NonPrimitive.buildEnvFromParams:ZZ<-ZZ32 x1; method:ZZ./<-ZZ32 x1
ProjectFortress/tests/RationalTest.fss	404	tests	inherit,inherit-missing,restate-only,tower	1		method:ZZ./<-ZZ32 x1; NonPrimitive.buildEnvFromParams:ZZ<-ZZ32 x1
ProjectFortress/tests/RationalTest.fss	405	tests	inherit,inherit-missing,restate-only,tower	1		NonPrimitive.buildEnvFromParams:ZZ<-ZZ32 x2; method:ZZ./<-ZZ32 x2
ProjectFortress/tests/RationalTest.fss	406	tests	inherit,inherit-missing,restate-only,tower	1		method:ZZ./<-ZZ32 x2; NonPrimitive.buildEnvFromParams:ZZ<-ZZ32 x2
ProjectFortress/tests/RationalTest.fss	407	tests	inherit,inherit-missing,restate-only,tower	1		NonPrimitive.buildEnvFromParams:ZZ<-ZZ32 x1; method:ZZ./<-ZZ32 x1
ProjectFortress/tests/RationalTest.fss	408	tests	inherit,inherit-missing,restate-only,tower	1		method:ZZ./<-ZZ32 x1; NonPrimitive.buildEnvFromParams:ZZ<-ZZ32 x1
ProjectFortress/tests/RationalTest.fss	409	tests	inherit,inherit-missing,restate-only,tower	1		NonPrimitive.buildEnvFromParams:ZZ<-ZZ32 x1; method:ZZ./<-ZZ32 x1
ProjectFortress/tests/RationalTest.fss	410	tests	inherit,inherit-missing,restate-only,tower	1		NonPrimitive.buildEnvFromParams:ZZ<-ZZ32 x1; method:ZZ./<-ZZ32 x1
ProjectFortress/tests/RationalTest.fss	411	tests	inherit,inherit-missing,restate-only,tower	1		method:ZZ./<-ZZ32 x2; NonPrimitive.buildEnvFromParams:ZZ<-ZZ32 x2
ProjectFortress/tests/RationalTest.fss	412	tests	inherit,inherit-missing,restate-only,tower	1		method:ZZ./<-ZZ32 x2; NonPrimitive.buildEnvFromParams:ZZ<-ZZ32 x2
ProjectFortress/tests/RationalTest.fss	413	tests	inherit,inherit-missing,restate-only,tower	1		method:ZZ./<-ZZ32 x1; NonPrimitive.buildEnvFromParams:ZZ<-ZZ32 x1; method:QQ.floor<-ZZ32 x1
ProjectFortress/tests/RationalTest.fss	414	tests	inherit,inherit-missing,restate-only,tower	1		method:QQ.ceiling<-ZZ32 x1; method:ZZ./<-ZZ32 x1; NonPrimitive.buildEnvFromParams:ZZ<-ZZ32 x1
ProjectFortress/tests/RationalTest.fss	415	tests	inherit,inherit-missing,restate-only,tower	1		method:QQ.truncate<-ZZ32 x1; NonPrimitive.buildEnvFromParams:ZZ<-ZZ32 x1; method:ZZ./<-ZZ32 x1
ProjectFortress/tests/RationalTest.fss	416	tests	inherit,inherit-missing,restate-only,tower	1		NonPrimitive.buildEnvFromParams:ZZ<-ZZ32 x1; method:ZZ./<-ZZ32 x1
ProjectFortress/tests/RationalTest.fss	417	tests	inherit,inherit-missing,restate-only,tower	1		NonPrimitive.buildEnvFromParams:ZZ<-ZZ32 x2; method:ZZ./<-ZZ32 x2; method:QQ.floor<-ZZ32 x1
ProjectFortress/tests/RationalTest.fss	418	tests	inherit,inherit-missing,restate-only,tower	1		NonPrimitive.buildEnvFromParams:ZZ<-ZZ32 x2; method:ZZ./<-ZZ32 x2; method:QQ.ceiling<-ZZ32 x1
ProjectFortress/tests/RationalTest.fss	419	tests	inherit,inherit-missing,restate-only,tower	1		method:QQ.floor<-ZZ32 x1; NonPrimitive.buildEnvFromParams:ZZ<-ZZ32 x1; method:ZZ./<-ZZ32 x1
ProjectFortress/tests/RationalTest.fss	420	tests	inherit,inherit-missing,restate-only,tower	1		method:QQ.ceiling<-ZZ32 x1; NonPrimitive.buildEnvFromParams:ZZ<-ZZ32 x1; method:ZZ./<-ZZ32 x1
ProjectFortress/tests/RationalTest.fss	421	tests	inherit,inherit-missing,restate-only,tower	1		NonPrimitive.buildEnvFromParams:ZZ<-ZZ32 x1; method:ZZ./<-ZZ32 x1; method:QQ.truncate<-ZZ32 x1
ProjectFortress/tests/RationalTest.fss	422	tests	inherit,inherit-missing,restate-only,tower	1		NonPrimitive.buildEnvFromParams:ZZ<-ZZ32 x1; method:ZZ./<-ZZ32 x1
ProjectFortress/tests/RationalTest.fss	423	tests	inherit,inherit-missing,restate-only,tower	1		NonPrimitive.buildEnvFromParams:ZZ<-ZZ32 x2; method:ZZ./<-ZZ32 x2; method:QQ.floor<-ZZ32 x1
ProjectFortress/tests/RationalTest.fss	424	tests	inherit,inherit-missing,restate-only,tower	1		method:ZZ./<-ZZ32 x2; NonPrimitive.buildEnvFromParams:ZZ<-ZZ32 x2; method:QQ.ceiling<-ZZ32 x1
ProjectFortress/tests/RationalTest.fss	425	tests	inherit,inherit-missing,restate-only,tower	1		method:ZZ./<-ZZ32 x1; NonPrimitive.buildEnvFromParams:ZZ<-ZZ32 x1
ProjectFortress/tests/RationalTest.fss	426	tests	inherit,inherit-missing,restate-only,tower	1		NonPrimitive.buildEnvFromParams:ZZ<-ZZ32 x1; method:ZZ./<-ZZ32 x1
ProjectFortress/tests/RationalTest.fss	427	tests	inherit,inherit-missing,restate-only,tower	1		NonPrimitive.buildEnvFromParams:ZZ<-ZZ32 x1; method:ZZ./<-ZZ32 x1
ProjectFortress/tests/RationalTest.fss	428	tests	inherit,inherit-missing,restate-only,tower	1		NonPrimitive.buildEnvFromParams:ZZ<-ZZ32 x1; method:ZZ./<-ZZ32 x1
ProjectFortress/tests/RationalTest.fss	429	tests	inherit,inherit-missing,restate-only,tower	1		NonPrimitive.buildEnvFromParams:ZZ<-ZZ32 x2; method:ZZ./<-ZZ32 x2
ProjectFortress/tests/RationalTest.fss	430	tests	inherit,inherit-missing,restate-only,tower	1		NonPrimitive.buildEnvFromParams:ZZ<-ZZ32 x2; method:ZZ./<-ZZ32 x2
ProjectFortress/tests/RationalTest.fss	431	tests	inherit,inherit-missing,restate-only,tower	1		NonPrimitive.buildEnvFromParams:ZZ<-ZZ32 x1; method:ZZ./<-ZZ32 x1
ProjectFortress/tests/RationalTest.fss	432	tests	inherit,inherit-missing,restate-only,tower	1		NonPrimitive.buildEnvFromParams:ZZ<-ZZ32 x1; method:ZZ./<-ZZ32 x1
ProjectFortress/tests/RationalTest.fss	433	tests	inherit,inherit-missing,restate-only,tower	1		NonPrimitive.buildEnvFromParams:ZZ<-ZZ32 x1; method:ZZ./<-ZZ32 x1
ProjectFortress/tests/RationalTest.fss	434	tests	inherit,inherit-missing,restate-only,tower	1		method:ZZ./<-ZZ32 x1; NonPrimitive.buildEnvFromParams:ZZ<-ZZ32 x1
ProjectFortress/tests/RationalTest.fss	435	tests	inherit,inherit-missing,restate-only,tower	1		NonPrimitive.buildEnvFromParams:ZZ<-ZZ32 x2; method:ZZ./<-ZZ32 x2
ProjectFortress/tests/RationalTest.fss	436	tests	inherit,inherit-missing,restate-only,tower	1		method:ZZ./<-ZZ32 x2; NonPrimitive.buildEnvFromParams:ZZ<-ZZ32 x2
ProjectFortress/tests/RationalTest.fss	437	tests	inherit,inherit-missing,restate-only,tower	1		NonPrimitive.buildEnvFromParams:ZZ<-ZZ32 x1; method:ZZ./<-ZZ32 x1
ProjectFortress/tests/RationalTest.fss	438	tests	inherit,inherit-missing,restate-only,tower	1		NonPrimitive.buildEnvFromParams:ZZ<-ZZ32 x1; method:ZZ./<-ZZ32 x1
ProjectFortress/tests/RationalTest.fss	439	tests	inherit,inherit-missing,restate-only,tower	1		method:ZZ./<-ZZ32 x1; NonPrimitive.buildEnvFromParams:ZZ<-ZZ32 x1
ProjectFortress/tests/RationalTest.fss	440	tests	inherit,inherit-missing,restate-only,tower	1		method:ZZ./<-ZZ32 x1; NonPrimitive.buildEnvFromParams:ZZ<-ZZ32 x1
ProjectFortress/tests/RationalTest.fss	441	tests	inherit,inherit-missing,restate-only,tower	1		method:ZZ./<-ZZ32 x2; NonPrimitive.buildEnvFromParams:ZZ<-ZZ32 x2
ProjectFortress/tests/RationalTest.fss	442	tests	inherit,inherit-missing,restate-only,tower	1		NonPrimitive.buildEnvFromParams:ZZ<-ZZ32 x2; method:ZZ./<-ZZ32 x2
ProjectFortress/tests/RationalTest.fss	443	tests	inherit,inherit-missing,restate-only,tower	1		method:ZZ./<-ZZ32 x3; NonPrimitive.buildEnvFromParams:ZZ<-ZZ32 x3
ProjectFortress/tests/RationalTest.fss	444	tests	inherit,inherit-missing,restate-only,tower	1		method:ZZ./<-ZZ32 x3; NonPrimitive.buildEnvFromParams:ZZ<-ZZ32 x3
ProjectFortress/tests/RationalTest.fss	445	tests	inherit,inherit-missing,restate-only,tower	1		method:ZZ./<-ZZ32 x3; NonPrimitive.buildEnvFromParams:ZZ<-ZZ32 x3
ProjectFortress/tests/RationalTest.fss	446	tests	inherit,inherit-missing,restate-only,tower	1		NonPrimitive.buildEnvFromParams:ZZ<-ZZ32 x3; method:ZZ./<-ZZ32 x3
ProjectFortress/tests/RationalTest.fss	447	tests	inherit,inherit-missing,restate-only,tower	1		NonPrimitive.buildEnvFromParams:ZZ<-ZZ32 x3; method:ZZ./<-ZZ32 x3
ProjectFortress/tests/RationalTest.fss	448	tests	inherit,inherit-missing,restate-only,tower	1		NonPrimitive.buildEnvFromParams:ZZ<-ZZ32 x3; method:ZZ./<-ZZ32 x3
ProjectFortress/tests/RationalTest.fss	449	tests	inherit,inherit-missing,restate-only,tower	1		method:ZZ./<-ZZ32 x3; NonPrimitive.buildEnvFromParams:ZZ<-ZZ32 x3
ProjectFortress/tests/RationalTest.fss	450	tests	inherit,inherit-missing,restate-only,tower	1		method:ZZ./<-ZZ32 x3; NonPrimitive.buildEnvFromParams:ZZ<-ZZ32 x3
ProjectFortress/tests/RationalTest.fss	451	tests	inherit,inherit-missing,restate-only,tower	1		NonPrimitive.buildEnvFromParams:ZZ<-ZZ32 x3; method:ZZ./<-ZZ32 x3
ProjectFortress/tests/RationalTest.fss	452	tests	inherit,inherit-missing,restate-only,tower	1		NonPrimitive.buildEnvFromParams:ZZ<-ZZ32 x3; method:ZZ./<-ZZ32 x3
ProjectFortress/tests/RationalTest.fss	453	tests	inherit,inherit-missing,restate-only,tower	1		method:ZZ./<-ZZ32 x3; NonPrimitive.buildEnvFromParams:ZZ<-ZZ32 x3
ProjectFortress/tests/RationalTest.fss	454	tests	inherit,inherit-missing,restate-only,tower	1		method:ZZ./<-ZZ32 x3; NonPrimitive.buildEnvFromParams:ZZ<-ZZ32 x3
ProjectFortress/tests/RationalTest.fss	455	tests	conversion,inherit,inherit-missing,tower	1		method:ZZ./<-ZZ32 x3; NonPrimitive.buildEnvFromParams:ZZ<-ZZ32 x3; NonPrimitive.buildEnvFromParams:QQ<-ZZ32 x1
ProjectFortress/tests/RationalTest.fss	456	tests	conversion,inherit,inherit-missing,tower	1		NonPrimitive.buildEnvFromParams:ZZ<-ZZ32 x3; method:ZZ./<-ZZ32 x3; NonPrimitive.buildEnvFromParams:QQ<-ZZ32 x1
ProjectFortress/tests/RationalTest.fss	457	tests	conversion,inherit,inherit-missing,tower	1		method:ZZ./<-ZZ32 x3; NonPrimitive.buildEnvFromParams:ZZ<-ZZ32 x3; NonPrimitive.buildEnvFromParams:QQ<-ZZ32 x1
ProjectFortress/tests/RationalTest.fss	458	tests	conversion,inherit,inherit-missing,tower	1		method:ZZ./<-ZZ32 x3; NonPrimitive.buildEnvFromParams:ZZ<-ZZ32 x3; NonPrimitive.buildEnvFromParams:QQ<-ZZ32 x1
ProjectFortress/tests/RationalTest.fss	459	tests	inherit,inherit-missing,restate-only,tower	1		method:ZZ./<-ZZ32 x3; NonPrimitive.buildEnvFromParams:ZZ<-ZZ32 x3
ProjectFortress/tests/RationalTest.fss	460	tests	inherit,inherit-missing,restate-only,tower	1		NonPrimitive.buildEnvFromParams:ZZ<-ZZ32 x3; method:ZZ./<-ZZ32 x3
ProjectFortress/tests/RationalTest.fss	461	tests	inherit,inherit-missing,restate-only,tower	1		method:ZZ./<-ZZ32 x3; NonPrimitive.buildEnvFromParams:ZZ<-ZZ32 x3
ProjectFortress/tests/RationalTest.fss	462	tests	inherit,inherit-missing,restate-only,tower	1		method:ZZ./<-ZZ32 x3; NonPrimitive.buildEnvFromParams:ZZ<-ZZ32 x3
ProjectFortress/tests/RationalTest.fss	463	tests	inherit,inherit-missing,restate-only,tower	1		NonPrimitive.buildEnvFromParams:ZZ<-ZZ32 x3; method:ZZ./<-ZZ32 x3
ProjectFortress/tests/RationalTest.fss	464	tests	inherit,inherit-missing,restate-only,tower	1		NonPrimitive.buildEnvFromParams:ZZ<-ZZ32 x3; method:ZZ./<-ZZ32 x3
ProjectFortress/tests/RationalTest.fss	465	tests	inherit,inherit-missing,restate-only,tower	1		NonPrimitive.buildEnvFromParams:ZZ<-ZZ32 x3; method:ZZ./<-ZZ32 x3
ProjectFortress/tests/RationalTest.fss	466	tests	inherit,inherit-missing,restate-only,tower	1		NonPrimitive.buildEnvFromParams:ZZ<-ZZ32 x3; method:ZZ./<-ZZ32 x3
ProjectFortress/tests/RationalTest.fss	467	tests	inherit,inherit-missing,restate-only,tower	1		method:ZZ./<-ZZ32 x3; NonPrimitive.buildEnvFromParams:ZZ<-ZZ32 x3
ProjectFortress/tests/RationalTest.fss	468	tests	inherit,inherit-missing,restate-only,tower	1		NonPrimitive.buildEnvFromParams:ZZ<-ZZ32 x3; method:ZZ./<-ZZ32 x3
ProjectFortress/tests/RationalTest.fss	469	tests	inherit,inherit-missing,restate-only,tower	1		NonPrimitive.buildEnvFromParams:ZZ<-ZZ32 x3; method:ZZ./<-ZZ32 x3
ProjectFortress/tests/RationalTest.fss	470	tests	inherit,inherit-missing,restate-only,tower	1		NonPrimitive.buildEnvFromParams:ZZ<-ZZ32 x3; method:ZZ./<-ZZ32 x3
ProjectFortress/tests/RationalTest.fss	471	tests	inherit,inherit-missing,restate-only,tower	1		NonPrimitive.buildEnvFromParams:ZZ<-ZZ32 x3; method:ZZ./<-ZZ32 x3
ProjectFortress/tests/RationalTest.fss	472	tests	inherit,inherit-missing,restate-only,tower	1		method:ZZ./<-ZZ32 x3; NonPrimitive.buildEnvFromParams:ZZ<-ZZ32 x3
ProjectFortress/tests/RationalTest.fss	473	tests	inherit,inherit-missing,restate-only,tower	1		method:ZZ./<-ZZ32 x3; NonPrimitive.buildEnvFromParams:ZZ<-ZZ32 x3
ProjectFortress/tests/RationalTest.fss	474	tests	inherit,inherit-missing,restate-only,tower	1		NonPrimitive.buildEnvFromParams:ZZ<-ZZ32 x3; method:ZZ./<-ZZ32 x3
ProjectFortress/tests/RationalTest.fss	475	tests	inherit,inherit-missing,restate-only,tower	1		NonPrimitive.buildEnvFromParams:ZZ<-ZZ32 x3; method:ZZ./<-ZZ32 x3
ProjectFortress/tests/RationalTest.fss	476	tests	inherit,inherit-missing,restate-only,tower	1		NonPrimitive.buildEnvFromParams:ZZ<-ZZ32 x3; method:ZZ./<-ZZ32 x3
ProjectFortress/tests/RationalTest.fss	477	tests	inherit,inherit-missing,restate-only,tower	1		NonPrimitive.buildEnvFromParams:ZZ<-ZZ32 x3; method:ZZ./<-ZZ32 x3
ProjectFortress/tests/RationalTest.fss	478	tests	inherit,inherit-missing,restate-only,tower	1		method:ZZ./<-ZZ32 x3; NonPrimitive.buildEnvFromParams:ZZ<-ZZ32 x3
ProjectFortress/tests/RationalTest.fss	479	tests	inherit,inherit-missing,restate-only,tower	1		NonPrimitive.buildEnvFromParams:ZZ<-ZZ32 x3; method:ZZ./<-ZZ32 x3
ProjectFortress/tests/RationalTest.fss	480	tests	inherit,inherit-missing,restate-only,tower	1		method:ZZ./<-ZZ32 x3; NonPrimitive.buildEnvFromParams:ZZ<-ZZ32 x3
ProjectFortress/tests/RationalTest.fss	481	tests	inherit,inherit-missing,restate-only,tower	1		method:ZZ./<-ZZ32 x3; NonPrimitive.buildEnvFromParams:ZZ<-ZZ32 x3
ProjectFortress/tests/RationalTest.fss	482	tests	inherit,inherit-missing,restate-only,tower	1		method:ZZ./<-ZZ32 x3; NonPrimitive.buildEnvFromParams:ZZ<-ZZ32 x3
ProjectFortress/tests/RationalTest.fss	483	tests	inherit,inherit-missing,restate-only,tower	1		method:ZZ./<-ZZ32 x3; NonPrimitive.buildEnvFromParams:ZZ<-ZZ32 x3
ProjectFortress/tests/RationalTest.fss	484	tests	inherit,inherit-missing,restate-only,tower	1		NonPrimitive.buildEnvFromParams:ZZ<-ZZ32 x3; method:ZZ./<-ZZ32 x3
ProjectFortress/tests/RationalTest.fss	485	tests	inherit,inherit-missing,restate-only,tower	1		NonPrimitive.buildEnvFromParams:ZZ<-ZZ32 x3; method:ZZ./<-ZZ32 x3
ProjectFortress/tests/RationalTest.fss	486	tests	inherit,inherit-missing,restate-only,tower	1		method:ZZ./<-ZZ32 x3; NonPrimitive.buildEnvFromParams:ZZ<-ZZ32 x3
ProjectFortress/tests/RationalTest.fss	487	tests	conversion,inherit,inherit-missing,tower	1		NonPrimitive.buildEnvFromParams:ZZ<-ZZ32 x3; method:ZZ./<-ZZ32 x3; NonPrimitive.buildEnvFromParams:QQ<-ZZ32 x1
ProjectFortress/tests/RationalTest.fss	488	tests	conversion,inherit,inherit-missing,tower	1		NonPrimitive.buildEnvFromParams:ZZ<-ZZ32 x3; method:ZZ./<-ZZ32 x3; NonPrimitive.buildEnvFromParams:QQ<-ZZ32 x1
ProjectFortress/tests/RationalTest.fss	489	tests	conversion,inherit,inherit-missing,tower	1		NonPrimitive.buildEnvFromParams:ZZ<-ZZ32 x3; method:ZZ./<-ZZ32 x3; NonPrimitive.buildEnvFromParams:QQ<-ZZ32 x1
ProjectFortress/tests/RationalTest.fss	490	tests	conversion,inherit,inherit-missing,tower	1		method:ZZ./<-ZZ32 x3; NonPrimitive.buildEnvFromParams:ZZ<-ZZ32 x3; NonPrimitive.buildEnvFromParams:QQ<-ZZ32 x1
ProjectFortress/tests/RationalTest.fss	491	tests	inherit,inherit-missing,restate-only,tower	1		NonPrimitive.buildEnvFromParams:ZZ<-ZZ32 x3; method:ZZ./<-ZZ32 x3
ProjectFortress/tests/RationalTest.fss	492	tests	inherit,inherit-missing,restate-only,tower	1		NonPrimitive.buildEnvFromParams:ZZ<-ZZ32 x3; method:ZZ./<-ZZ32 x3
ProjectFortress/tests/RationalTest.fss	493	tests	inherit,inherit-missing,restate-only,tower	1		NonPrimitive.buildEnvFromParams:ZZ<-ZZ32 x3; method:ZZ./<-ZZ32 x3
ProjectFortress/tests/RationalTest.fss	494	tests	inherit,inherit-missing,restate-only,tower	1		NonPrimitive.buildEnvFromParams:ZZ<-ZZ32 x3; method:ZZ./<-ZZ32 x3
ProjectFortress/tests/RationalTest.fss	495	tests	inherit,inherit-missing,restate-only,tower	1		method:ZZ./<-ZZ32 x3; NonPrimitive.buildEnvFromParams:ZZ<-ZZ32 x3
ProjectFortress/tests/RationalTest.fss	496	tests	inherit,inherit-missing,restate-only,tower	1		method:ZZ./<-ZZ32 x3; NonPrimitive.buildEnvFromParams:ZZ<-ZZ32 x3
ProjectFortress/tests/RationalTest.fss	497	tests	inherit,inherit-missing,restate-only,tower	1		NonPrimitive.buildEnvFromParams:ZZ<-ZZ32 x3; method:ZZ./<-ZZ32 x3
ProjectFortress/tests/RationalTest.fss	498	tests	inherit,inherit-missing,restate-only,tower	1		NonPrimitive.buildEnvFromParams:ZZ<-ZZ32 x3; method:ZZ./<-ZZ32 x3
ProjectFortress/tests/RationalTest.fss	499	tests	inherit,inherit-missing,restate-only,tower	1		method:ZZ./<-ZZ32 x3; NonPrimitive.buildEnvFromParams:ZZ<-ZZ32 x3
ProjectFortress/tests/RationalTest.fss	500	tests	inherit,inherit-missing,restate-only,tower	1		NonPrimitive.buildEnvFromParams:ZZ<-ZZ32 x3; method:ZZ./<-ZZ32 x3
ProjectFortress/tests/RationalTest.fss	501	tests	inherit,inherit-missing,restate-only,tower	1		NonPrimitive.buildEnvFromParams:ZZ<-ZZ32 x3; method:ZZ./<-ZZ32 x3
ProjectFortress/tests/RationalTest.fss	502	tests	inherit,inherit-missing,restate-only,tower	1		NonPrimitive.buildEnvFromParams:ZZ<-ZZ32 x3; method:ZZ./<-ZZ32 x3
ProjectFortress/tests/RationalTest.fss	503	tests	inherit,inherit-missing,restate-only,tower	1		method:ZZ./<-ZZ32 x3; NonPrimitive.buildEnvFromParams:ZZ<-ZZ32 x3
ProjectFortress/tests/RationalTest.fss	504	tests	inherit,inherit-missing,restate-only,tower	1		method:ZZ./<-ZZ32 x3; NonPrimitive.buildEnvFromParams:ZZ<-ZZ32 x3
ProjectFortress/tests/RationalTest.fss	505	tests	inherit,inherit-missing,restate-only,tower	1		NonPrimitive.buildEnvFromParams:ZZ<-ZZ32 x3; method:ZZ./<-ZZ32 x3
ProjectFortress/tests/RationalTest.fss	506	tests	inherit,inherit-missing,restate-only,tower	1		NonPrimitive.buildEnvFromParams:ZZ<-ZZ32 x3; method:ZZ./<-ZZ32 x3
ProjectFortress/tests/RationalTest.fss	507	tests	inherit,inherit-missing,restate-only,tower	1		method:ZZ./<-ZZ32 x3; NonPrimitive.buildEnvFromParams:ZZ<-ZZ32 x3
ProjectFortress/tests/RationalTest.fss	508	tests	inherit,inherit-missing,restate-only,tower	1		method:ZZ./<-ZZ32 x3; NonPrimitive.buildEnvFromParams:ZZ<-ZZ32 x3
ProjectFortress/tests/RationalTest.fss	509	tests	inherit,inherit-missing,restate-only,tower	1		method:ZZ./<-ZZ32 x3; NonPrimitive.buildEnvFromParams:ZZ<-ZZ32 x3
ProjectFortress/tests/RationalTest.fss	510	tests	inherit,inherit-missing,restate-only,tower	1		NonPrimitive.buildEnvFromParams:ZZ<-ZZ32 x3; method:ZZ./<-ZZ32 x3
ProjectFortress/tests/RationalTest.fss	511	tests	inherit,inherit-missing,restate-only,tower	1		method:ZZ./<-ZZ32 x3; NonPrimitive.buildEnvFromParams:ZZ<-ZZ32 x3
ProjectFortress/tests/RationalTest.fss	512	tests	inherit,inherit-missing,restate-only,tower	1		method:ZZ./<-ZZ32 x3; NonPrimitive.buildEnvFromParams:ZZ<-ZZ32 x3
ProjectFortress/tests/RationalTest.fss	513	tests	inherit,inherit-missing,restate-only,tower	1		method:ZZ./<-ZZ32 x3; NonPrimitive.buildEnvFromParams:ZZ<-ZZ32 x3
ProjectFortress/tests/RationalTest.fss	514	tests	inherit,inherit-missing,restate-only,tower	1		method:ZZ./<-ZZ32 x3; NonPrimitive.buildEnvFromParams:ZZ<-ZZ32 x3
ProjectFortress/tests/RationalTest.fss	515	tests	inherit,inherit-missing,restate-only,tower	1		NonPrimitive.buildEnvFromParams:ZZ<-ZZ32 x3; method:ZZ./<-ZZ32 x3
ProjectFortress/tests/RationalTest.fss	516	tests	inherit,inherit-missing,restate-only,tower	1		NonPrimitive.buildEnvFromParams:ZZ<-ZZ32 x3; method:ZZ./<-ZZ32 x3
ProjectFortress/tests/RationalTest.fss	517	tests	inherit,inherit-missing,restate-only,tower	1		method:ZZ./<-ZZ32 x3; NonPrimitive.buildEnvFromParams:ZZ<-ZZ32 x3
ProjectFortress/tests/RationalTest.fss	518	tests	inherit,inherit-missing,restate-only,tower	1		method:ZZ./<-ZZ32 x3; NonPrimitive.buildEnvFromParams:ZZ<-ZZ32 x3
ProjectFortress/tests/RationalTest.fss	519	tests	conversion,inherit,inherit-missing,tower	1		method:ZZ./<-ZZ32 x3; NonPrimitive.buildEnvFromParams:ZZ<-ZZ32 x3; NonPrimitive.buildEnvFromParams:QQ<-ZZ32 x1
ProjectFortress/tests/RationalTest.fss	520	tests	conversion,inherit,inherit-missing,tower	1		NonPrimitive.buildEnvFromParams:ZZ<-ZZ32 x3; method:ZZ./<-ZZ32 x3; NonPrimitive.buildEnvFromParams:QQ<-ZZ32 x1
ProjectFortress/tests/RationalTest.fss	521	tests	conversion,inherit,inherit-missing,tower	1		method:ZZ./<-ZZ32 x3; NonPrimitive.buildEnvFromParams:ZZ<-ZZ32 x3; NonPrimitive.buildEnvFromParams:QQ<-ZZ32 x1
ProjectFortress/tests/RationalTest.fss	522	tests	conversion,inherit,inherit-missing,tower	1		NonPrimitive.buildEnvFromParams:ZZ<-ZZ32 x3; method:ZZ./<-ZZ32 x3; NonPrimitive.buildEnvFromParams:QQ<-ZZ32 x1
ProjectFortress/tests/RationalTest.fss	523	tests	inherit,inherit-missing,restate-only,tower	1		method:ZZ./<-ZZ32 x3; NonPrimitive.buildEnvFromParams:ZZ<-ZZ32 x3
ProjectFortress/tests/RationalTest.fss	524	tests	inherit,inherit-missing,restate-only,tower	1		NonPrimitive.buildEnvFromParams:ZZ<-ZZ32 x3; method:ZZ./<-ZZ32 x3
ProjectFortress/tests/RationalTest.fss	525	tests	inherit,inherit-missing,restate-only,tower	1		method:ZZ./<-ZZ32 x3; NonPrimitive.buildEnvFromParams:ZZ<-ZZ32 x3
ProjectFortress/tests/RationalTest.fss	526	tests	inherit,inherit-missing,restate-only,tower	1		method:ZZ./<-ZZ32 x3; NonPrimitive.buildEnvFromParams:ZZ<-ZZ32 x3
ProjectFortress/tests/RationalTest.fss	527	tests	inherit,inherit-missing,restate-only,tower	1		method:ZZ./<-ZZ32 x3; NonPrimitive.buildEnvFromParams:ZZ<-ZZ32 x3
ProjectFortress/tests/RationalTest.fss	528	tests	inherit,inherit-missing,restate-only,tower	1		NonPrimitive.buildEnvFromParams:ZZ<-ZZ32 x3; method:ZZ./<-ZZ32 x3
ProjectFortress/tests/RationalTest.fss	529	tests	inherit,inherit-missing,restate-only,tower	1		NonPrimitive.buildEnvFromParams:ZZ<-ZZ32 x3; method:ZZ./<-ZZ32 x3
ProjectFortress/tests/RationalTest.fss	530	tests	inherit,inherit-missing,restate-only,tower	1		method:ZZ./<-ZZ32 x3; NonPrimitive.buildEnvFromParams:ZZ<-ZZ32 x3
ProjectFortress/tests/RationalTest.fss	531	tests	inherit,inherit-missing,restate-only,tower	1		method:ZZ./<-ZZ32 x3; NonPrimitive.buildEnvFromParams:ZZ<-ZZ32 x3
ProjectFortress/tests/RationalTest.fss	532	tests	inherit,inherit-missing,restate-only,tower	1		method:ZZ./<-ZZ32 x3; NonPrimitive.buildEnvFromParams:ZZ<-ZZ32 x3
ProjectFortress/tests/RationalTest.fss	533	tests	inherit,inherit-missing,restate-only,tower	1		NonPrimitive.buildEnvFromParams:ZZ<-ZZ32 x3; method:ZZ./<-ZZ32 x3
ProjectFortress/tests/RationalTest.fss	534	tests	inherit,inherit-missing,restate-only,tower	1		method:ZZ./<-ZZ32 x3; NonPrimitive.buildEnvFromParams:ZZ<-ZZ32 x3
ProjectFortress/tests/RationalTest.fss	535	tests	inherit,inherit-missing,restate-only,tower	1		NonPrimitive.buildEnvFromParams:ZZ<-ZZ32 x3; method:ZZ./<-ZZ32 x3
ProjectFortress/tests/RationalTest.fss	536	tests	inherit,inherit-missing,restate-only,tower	1		NonPrimitive.buildEnvFromParams:ZZ<-ZZ32 x3; method:ZZ./<-ZZ32 x3
ProjectFortress/tests/RationalTest.fss	537	tests	inherit,inherit-missing,restate-only,tower	1		method:ZZ./<-ZZ32 x3; NonPrimitive.buildEnvFromParams:ZZ<-ZZ32 x3
ProjectFortress/tests/RationalTest.fss	538	tests	inherit,inherit-missing,restate-only,tower	1		NonPrimitive.buildEnvFromParams:ZZ<-ZZ32 x3; method:ZZ./<-ZZ32 x3
ProjectFortress/tests/RationalTest.fss	539	tests	conversion,inherit,inherit-missing,inherit-mixed,tower	1		method:ZZ./<-ZZ32 x3; NonPrimitive.buildEnvFromParams:ZZ<-ZZ32 x3; method:QQ.MAX<-ZZ32 x1
ProjectFortress/tests/RationalTest.fss	540	tests	inherit,inherit-missing,restate-only,tower	1		NonPrimitive.buildEnvFromParams:ZZ<-ZZ32 x3; method:ZZ./<-ZZ32 x3; method:QQ.MAXNUM<-ZZ32 x1
ProjectFortress/tests/RationalTest.fss	541	tests	conversion,inherit,inherit-missing,inherit-mixed,tower	1		NonPrimitive.buildEnvFromParams:ZZ<-ZZ32 x3; method:ZZ./<-ZZ32 x3; method:QQ.MIN<-ZZ32 x1
ProjectFortress/tests/RationalTest.fss	542	tests	inherit,inherit-missing,restate-only,tower	1		method:ZZ./<-ZZ32 x3; NonPrimitive.buildEnvFromParams:ZZ<-ZZ32 x3; method:QQ.MINNUM<-ZZ32 x1
ProjectFortress/tests/RationalTest.fss	543	tests	conversion,inherit,inherit-missing,inherit-mixed,tower	1		method:ZZ./<-ZZ32 x3; NonPrimitive.buildEnvFromParams:ZZ<-ZZ32 x3; method:QQ.MAX<-ZZ32 x1
ProjectFortress/tests/RationalTest.fss	544	tests	inherit,inherit-missing,restate-only,tower	1		method:ZZ./<-ZZ32 x3; NonPrimitive.buildEnvFromParams:ZZ<-ZZ32 x3; method:QQ.MAXNUM<-ZZ32 x1
ProjectFortress/tests/RationalTest.fss	545	tests	conversion,inherit,inherit-missing,inherit-mixed,tower	1		method:ZZ./<-ZZ32 x3; NonPrimitive.buildEnvFromParams:ZZ<-ZZ32 x3; method:QQ.MIN<-ZZ32 x1
ProjectFortress/tests/RationalTest.fss	546	tests	inherit,inherit-missing,restate-only,tower	1		method:ZZ./<-ZZ32 x3; NonPrimitive.buildEnvFromParams:ZZ<-ZZ32 x3; method:QQ.MINNUM<-ZZ32 x1
ProjectFortress/tests/RationalTest.fss	547	tests	conversion,inherit,inherit-missing,inherit-mixed,tower	1		method:ZZ./<-ZZ32 x3; NonPrimitive.buildEnvFromParams:ZZ<-ZZ32 x3; method:QQ.MAX<-ZZ32 x1
ProjectFortress/tests/RationalTest.fss	548	tests	inherit,inherit-missing,restate-only,tower	1		method:ZZ./<-ZZ32 x3; NonPrimitive.buildEnvFromParams:ZZ<-ZZ32 x3; method:QQ.MAXNUM<-ZZ32 x1
ProjectFortress/tests/RationalTest.fss	549	tests	conversion,inherit,inherit-missing,inherit-mixed,tower	1		method:ZZ./<-ZZ32 x3; NonPrimitive.buildEnvFromParams:ZZ<-ZZ32 x3; method:QQ.MIN<-ZZ32 x1
ProjectFortress/tests/RationalTest.fss	550	tests	inherit,inherit-missing,restate-only,tower	1		NonPrimitive.buildEnvFromParams:ZZ<-ZZ32 x3; method:ZZ./<-ZZ32 x3; method:QQ.MINNUM<-ZZ32 x1
ProjectFortress/tests/RationalTest.fss	551	tests	inherit,inherit-missing,restate-only,tower	1		NonPrimitive.buildEnvFromParams:ZZ<-ZZ32 x3; method:ZZ./<-ZZ32 x3
ProjectFortress/tests/RationalTest.fss	552	tests	inherit,inherit-missing,restate-only,tower	1		NonPrimitive.buildEnvFromParams:ZZ<-ZZ32 x3; method:ZZ./<-ZZ32 x3; NonPrimitive.buildEnvFromParams:QQ<-ZZ32 x1
ProjectFortress/tests/RationalTest.fss	553	tests	inherit,inherit-missing,restate-only,tower	1		NonPrimitive.buildEnvFromParams:ZZ<-ZZ32 x3; method:ZZ./<-ZZ32 x3
ProjectFortress/tests/RationalTest.fss	554	tests	inherit,inherit-missing,restate-only,tower	1		NonPrimitive.buildEnvFromParams:ZZ<-ZZ32 x3; method:ZZ./<-ZZ32 x3; method:QQ.MINNUM<-ZZ32 x1
ProjectFortress/tests/RationalTest.fss	555	tests	conversion,inherit,inherit-missing,inherit-mixed,tower	1		NonPrimitive.buildEnvFromParams:ZZ<-ZZ32 x3; method:ZZ./<-ZZ32 x3; method:QQ.MAX<-ZZ32 x1
ProjectFortress/tests/RationalTest.fss	556	tests	inherit,inherit-missing,restate-only,tower	1		method:ZZ./<-ZZ32 x3; NonPrimitive.buildEnvFromParams:ZZ<-ZZ32 x3; method:QQ.MAXNUM<-ZZ32 x1
ProjectFortress/tests/RationalTest.fss	557	tests	conversion,inherit,inherit-missing,inherit-mixed,tower	1		NonPrimitive.buildEnvFromParams:ZZ<-ZZ32 x3; method:ZZ./<-ZZ32 x3; method:QQ.MIN<-ZZ32 x1
ProjectFortress/tests/RationalTest.fss	558	tests	inherit,inherit-missing,restate-only,tower	1		NonPrimitive.buildEnvFromParams:ZZ<-ZZ32 x3; method:ZZ./<-ZZ32 x3; method:QQ.MINNUM<-ZZ32 x1
ProjectFortress/tests/RationalTest.fss	559	tests	conversion,inherit,inherit-missing,inherit-mixed,tower	1		NonPrimitive.buildEnvFromParams:ZZ<-ZZ32 x3; method:ZZ./<-ZZ32 x3; method:QQ.MAX<-ZZ32 x1
ProjectFortress/tests/RationalTest.fss	560	tests	inherit,inherit-missing,restate-only,tower	1		method:ZZ./<-ZZ32 x3; NonPrimitive.buildEnvFromParams:ZZ<-ZZ32 x3; method:QQ.MAXNUM<-ZZ32 x1
ProjectFortress/tests/RationalTest.fss	561	tests	conversion,inherit,inherit-missing,inherit-mixed,tower	1		method:ZZ./<-ZZ32 x3; NonPrimitive.buildEnvFromParams:ZZ<-ZZ32 x3; method:QQ.MIN<-ZZ32 x1
ProjectFortress/tests/RationalTest.fss	562	tests	inherit,inherit-missing,restate-only,tower	1		NonPrimitive.buildEnvFromParams:ZZ<-ZZ32 x3; method:ZZ./<-ZZ32 x3; method:QQ.MINNUM<-ZZ32 x1
ProjectFortress/tests/RationalTest.fss	563	tests	conversion,inherit,inherit-missing,inherit-mixed,tower	1		method:ZZ./<-ZZ32 x3; NonPrimitive.buildEnvFromParams:ZZ<-ZZ32 x3; method:QQ.MAX<-ZZ32 x1
ProjectFortress/tests/RationalTest.fss	564	tests	inherit,inherit-missing,restate-only,tower	1		NonPrimitive.buildEnvFromParams:ZZ<-ZZ32 x3; method:ZZ./<-ZZ32 x3; method:QQ.MAXNUM<-ZZ32 x1
ProjectFortress/tests/RationalTest.fss	565	tests	conversion,inherit,inherit-missing,inherit-mixed,tower	1		NonPrimitive.buildEnvFromParams:ZZ<-ZZ32 x3; method:ZZ./<-ZZ32 x3; method:QQ.MIN<-ZZ32 x1
ProjectFortress/tests/RationalTest.fss	566	tests	inherit,inherit-missing,restate-only,tower	1		NonPrimitive.buildEnvFromParams:ZZ<-ZZ32 x3; method:ZZ./<-ZZ32 x3; method:QQ.MINNUM<-ZZ32 x1
ProjectFortress/tests/RationalTest.fss	567	tests	conversion,inherit,inherit-missing,inherit-mixed,tower	1		NonPrimitive.buildEnvFromParams:ZZ<-ZZ32 x3; method:ZZ./<-ZZ32 x3; method:QQ.MAX<-ZZ32 x1
ProjectFortress/tests/RationalTest.fss	568	tests	inherit,inherit-missing,restate-only,tower	1		NonPrimitive.buildEnvFromParams:ZZ<-ZZ32 x3; method:ZZ./<-ZZ32 x3; method:QQ.MAXNUM<-ZZ32 x1
ProjectFortress/tests/RationalTest.fss	569	tests	conversion,inherit,inherit-missing,inherit-mixed,tower	1		NonPrimitive.buildEnvFromParams:ZZ<-ZZ32 x3; method:ZZ./<-ZZ32 x3; method:QQ.MIN<-ZZ32 x1
ProjectFortress/tests/RationalTest.fss	570	tests	inherit,inherit-missing,restate-only,tower	1		method:ZZ./<-ZZ32 x3; NonPrimitive.buildEnvFromParams:ZZ<-ZZ32 x3; method:QQ.MINNUM<-ZZ32 x1
ProjectFortress/tests/RationalTest.fss	571	tests	inherit,inherit-missing,restate-only,tower	1		method:ZZ./<-ZZ32 x3; NonPrimitive.buildEnvFromParams:ZZ<-ZZ32 x3
ProjectFortress/tests/RationalTest.fss	572	tests	inherit,inherit-missing,restate-only,tower	1		NonPrimitive.buildEnvFromParams:ZZ<-ZZ32 x3; method:ZZ./<-ZZ32 x3
ProjectFortress/tests/RationalTest.fss	573	tests	inherit,inherit-missing,restate-only,tower	1		NonPrimitive.buildEnvFromParams:ZZ<-ZZ32 x3; method:ZZ./<-ZZ32 x3
ProjectFortress/tests/RationalTest.fss	574	tests	inherit,inherit-missing,restate-only,tower	1		NonPrimitive.buildEnvFromParams:ZZ<-ZZ32 x3; method:ZZ./<-ZZ32 x3
ProjectFortress/tests/RationalTest.fss	575	tests	inherit,inherit-missing,restate-only,tower	1		NonPrimitive.buildEnvFromParams:ZZ<-ZZ32 x3; method:ZZ./<-ZZ32 x3
ProjectFortress/tests/RationalTest.fss	576	tests	inherit,inherit-missing,restate-only,tower	1		method:ZZ./<-ZZ32 x3; NonPrimitive.buildEnvFromParams:ZZ<-ZZ32 x3
ProjectFortress/tests/RationalTest.fss	577	tests	inherit,inherit-missing,restate-only,tower	1		method:ZZ./<-ZZ32 x3; NonPrimitive.buildEnvFromParams:ZZ<-ZZ32 x3
ProjectFortress/tests/RationalTest.fss	578	tests	inherit,inherit-missing,restate-only,tower	1		method:ZZ./<-ZZ32 x3; NonPrimitive.buildEnvFromParams:ZZ<-ZZ32 x3
ProjectFortress/tests/RationalTest.fss	579	tests	inherit,inherit-missing,restate-only,tower	1		NonPrimitive.buildEnvFromParams:ZZ<-ZZ32 x3; method:ZZ./<-ZZ32 x3
ProjectFortress/tests/RationalTest.fss	580	tests	inherit,inherit-missing,restate-only,tower	1		method:ZZ./<-ZZ32 x3; NonPrimitive.buildEnvFromParams:ZZ<-ZZ32 x3
ProjectFortress/tests/RationalTest.fss	581	tests	inherit,inherit-missing,restate-only,tower	1		method:ZZ./<-ZZ32 x3; NonPrimitive.buildEnvFromParams:ZZ<-ZZ32 x3
ProjectFortress/tests/RationalTest.fss	582	tests	inherit,inherit-missing,restate-only,tower	1		NonPrimitive.buildEnvFromParams:ZZ<-ZZ32 x3; method:ZZ./<-ZZ32 x3
ProjectFortress/tests/RationalTest.fss	583	tests	conversion,inherit,inherit-missing,tower	1		NonPrimitive.buildEnvFromParams:ZZ<-ZZ32 x3; method:ZZ./<-ZZ32 x3; NonPrimitive.buildEnvFromParams:QQ<-ZZ32 x1
ProjectFortress/tests/RationalTest.fss	584	tests	conversion,inherit,inherit-missing,tower	1		method:ZZ./<-ZZ32 x3; NonPrimitive.buildEnvFromParams:ZZ<-ZZ32 x3; NonPrimitive.buildEnvFromParams:QQ<-ZZ32 x1
ProjectFortress/tests/RationalTest.fss	585	tests	conversion,inherit,inherit-missing,tower	1		method:ZZ./<-ZZ32 x3; NonPrimitive.buildEnvFromParams:ZZ<-ZZ32 x3; NonPrimitive.buildEnvFromParams:QQ<-ZZ32 x1
ProjectFortress/tests/RationalTest.fss	586	tests	conversion,inherit,inherit-missing,tower	1		NonPrimitive.buildEnvFromParams:ZZ<-ZZ32 x3; method:ZZ./<-ZZ32 x3; NonPrimitive.buildEnvFromParams:QQ<-ZZ32 x1
ProjectFortress/tests/RationalTest.fss	587	tests	inherit,inherit-missing,restate-only,tower	1		NonPrimitive.buildEnvFromParams:ZZ<-ZZ32 x3; method:ZZ./<-ZZ32 x3
ProjectFortress/tests/RationalTest.fss	588	tests	inherit,inherit-missing,restate-only,tower	1		method:ZZ./<-ZZ32 x3; NonPrimitive.buildEnvFromParams:ZZ<-ZZ32 x3
ProjectFortress/tests/RationalTest.fss	589	tests	inherit,inherit-missing,restate-only,tower	1		NonPrimitive.buildEnvFromParams:ZZ<-ZZ32 x3; method:ZZ./<-ZZ32 x3
ProjectFortress/tests/RationalTest.fss	590	tests	inherit,inherit-missing,restate-only,tower	1		NonPrimitive.buildEnvFromParams:ZZ<-ZZ32 x3; method:ZZ./<-ZZ32 x3
ProjectFortress/tests/RationalTest.fss	591	tests	inherit,inherit-missing,restate-only,tower	1		NonPrimitive.buildEnvFromParams:ZZ<-ZZ32 x3; method:ZZ./<-ZZ32 x3
ProjectFortress/tests/RationalTest.fss	592	tests	inherit,inherit-missing,restate-only,tower	1		method:ZZ./<-ZZ32 x3; NonPrimitive.buildEnvFromParams:ZZ<-ZZ32 x3
ProjectFortress/tests/RationalTest.fss	593	tests	inherit,inherit-missing,restate-only,tower	1		method:ZZ./<-ZZ32 x3; NonPrimitive.buildEnvFromParams:ZZ<-ZZ32 x3
ProjectFortress/tests/RationalTest.fss	594	tests	inherit,inherit-missing,restate-only,tower	1		method:ZZ./<-ZZ32 x3; NonPrimitive.buildEnvFromParams:ZZ<-ZZ32 x3
ProjectFortress/tests/RationalTest.fss	595	tests	inherit,inherit-missing,restate-only,tower	1		NonPrimitive.buildEnvFromParams:ZZ<-ZZ32 x3; method:ZZ./<-ZZ32 x3
ProjectFortress/tests/RationalTest.fss	596	tests	inherit,inherit-missing,restate-only,tower	1		method:ZZ./<-ZZ32 x3; NonPrimitive.buildEnvFromParams:ZZ<-ZZ32 x3
ProjectFortress/tests/RationalTest.fss	597	tests	inherit,inherit-missing,restate-only,tower	1		NonPrimitive.buildEnvFromParams:ZZ<-ZZ32 x3; method:ZZ./<-ZZ32 x3
ProjectFortress/tests/RationalTest.fss	598	tests	inherit,inherit-missing,restate-only,tower	1		method:ZZ./<-ZZ32 x3; NonPrimitive.buildEnvFromParams:ZZ<-ZZ32 x3
ProjectFortress/tests/RationalTest.fss	599	tests	inherit,inherit-missing,restate-only,tower	1		method:ZZ./<-ZZ32 x3; NonPrimitive.buildEnvFromParams:ZZ<-ZZ32 x3
ProjectFortress/tests/RationalTest.fss	600	tests	inherit,inherit-missing,restate-only,tower	1		method:ZZ./<-ZZ32 x3; NonPrimitive.buildEnvFromParams:ZZ<-ZZ32 x3
ProjectFortress/tests/RationalTest.fss	601	tests	inherit,inherit-missing,restate-only,tower	1		NonPrimitive.buildEnvFromParams:ZZ<-ZZ32 x3; method:ZZ./<-ZZ32 x3
ProjectFortress/tests/RationalTest.fss	602	tests	inherit,inherit-missing,restate-only,tower	1		method:ZZ./<-ZZ32 x3; NonPrimitive.buildEnvFromParams:ZZ<-ZZ32 x3
ProjectFortress/tests/RationalTest.fss	603	tests	inherit,inherit-missing,restate-only,tower	1		method:ZZ./<-ZZ32 x3; NonPrimitive.buildEnvFromParams:ZZ<-ZZ32 x3
ProjectFortress/tests/RationalTest.fss	604	tests	inherit,inherit-missing,restate-only,tower	1		method:ZZ./<-ZZ32 x3; NonPrimitive.buildEnvFromParams:ZZ<-ZZ32 x3
ProjectFortress/tests/RationalTest.fss	605	tests	inherit,inherit-missing,restate-only,tower	1		NonPrimitive.buildEnvFromParams:ZZ<-ZZ32 x3; method:ZZ./<-ZZ32 x3
ProjectFortress/tests/RationalTest.fss	606	tests	inherit,inherit-missing,restate-only,tower	1		method:ZZ./<-ZZ32 x3; NonPrimitive.buildEnvFromParams:ZZ<-ZZ32 x3
ProjectFortress/tests/RationalTest.fss	607	tests	inherit,inherit-missing,restate-only,tower	1		method:ZZ./<-ZZ32 x3; NonPrimitive.buildEnvFromParams:ZZ<-ZZ32 x3
ProjectFortress/tests/RationalTest.fss	608	tests	inherit,inherit-missing,restate-only,tower	1		NonPrimitive.buildEnvFromParams:ZZ<-ZZ32 x3; method:ZZ./<-ZZ32 x3
ProjectFortress/tests/RationalTest.fss	609	tests	inherit,inherit-missing,restate-only,tower	1		NonPrimitive.buildEnvFromParams:ZZ<-ZZ32 x3; method:ZZ./<-ZZ32 x3
ProjectFortress/tests/RationalTest.fss	610	tests	inherit,inherit-missing,restate-only,tower	1		method:ZZ./<-ZZ32 x3; NonPrimitive.buildEnvFromParams:ZZ<-ZZ32 x3
ProjectFortress/tests/RationalTest.fss	611	tests	inherit,inherit-missing,restate-only,tower	1		method:ZZ./<-ZZ32 x3; NonPrimitive.buildEnvFromParams:ZZ<-ZZ32 x3
ProjectFortress/tests/RationalTest.fss	612	tests	inherit,inherit-missing,restate-only,tower	1		method:ZZ./<-ZZ32 x3; NonPrimitive.buildEnvFromParams:ZZ<-ZZ32 x3
ProjectFortress/tests/RationalTest.fss	613	tests	inherit,inherit-missing,restate-only,tower	1		method:ZZ./<-ZZ32 x3; NonPrimitive.buildEnvFromParams:ZZ<-ZZ32 x3
ProjectFortress/tests/RationalTest.fss	614	tests	inherit,inherit-missing,restate-only,tower	1		NonPrimitive.buildEnvFromParams:ZZ<-ZZ32 x3; method:ZZ./<-ZZ32 x3
ProjectFortress/tests/RationalTest.fss	615	tests	conversion,inherit,inherit-missing,tower	1		NonPrimitive.buildEnvFromParams:ZZ<-ZZ32 x3; method:ZZ./<-ZZ32 x3; NonPrimitive.buildEnvFromParams:QQ<-ZZ32 x1
ProjectFortress/tests/RationalTest.fss	616	tests	conversion,inherit,inherit-missing,tower	1		method:ZZ./<-ZZ32 x3; NonPrimitive.buildEnvFromParams:ZZ<-ZZ32 x3; NonPrimitive.buildEnvFromParams:QQ<-ZZ32 x1
ProjectFortress/tests/RationalTest.fss	617	tests	conversion,inherit,inherit-missing,tower	1		method:ZZ./<-ZZ32 x3; NonPrimitive.buildEnvFromParams:ZZ<-ZZ32 x3; NonPrimitive.buildEnvFromParams:QQ<-ZZ32 x1
ProjectFortress/tests/RationalTest.fss	618	tests	conversion,inherit,inherit-missing,tower	1		NonPrimitive.buildEnvFromParams:ZZ<-ZZ32 x3; method:ZZ./<-ZZ32 x3; NonPrimitive.buildEnvFromParams:QQ<-ZZ32 x1
ProjectFortress/tests/RationalTest.fss	619	tests	inherit,inherit-missing,restate-only,tower	1		NonPrimitive.buildEnvFromParams:ZZ<-ZZ32 x3; method:ZZ./<-ZZ32 x3
ProjectFortress/tests/RationalTest.fss	620	tests	inherit,inherit-missing,restate-only,tower	1		method:ZZ./<-ZZ32 x3; NonPrimitive.buildEnvFromParams:ZZ<-ZZ32 x3
ProjectFortress/tests/RationalTest.fss	621	tests	inherit,inherit-missing,restate-only,tower	1		NonPrimitive.buildEnvFromParams:ZZ<-ZZ32 x3; method:ZZ./<-ZZ32 x3
ProjectFortress/tests/RationalTest.fss	622	tests	inherit,inherit-missing,restate-only,tower	1		NonPrimitive.buildEnvFromParams:ZZ<-ZZ32 x3; method:ZZ./<-ZZ32 x3
ProjectFortress/tests/RationalTest.fss	623	tests	inherit,inherit-missing,restate-only,tower	1		NonPrimitive.buildEnvFromParams:ZZ<-ZZ32 x3; method:ZZ./<-ZZ32 x3
ProjectFortress/tests/RationalTest.fss	624	tests	inherit,inherit-missing,restate-only,tower	1		NonPrimitive.buildEnvFromParams:ZZ<-ZZ32 x3; method:ZZ./<-ZZ32 x3
ProjectFortress/tests/RationalTest.fss	625	tests	inherit,inherit-missing,restate-only,tower	1		NonPrimitive.buildEnvFromParams:ZZ<-ZZ32 x3; method:ZZ./<-ZZ32 x3
ProjectFortress/tests/RationalTest.fss	626	tests	inherit,inherit-missing,restate-only,tower	1		method:ZZ./<-ZZ32 x3; NonPrimitive.buildEnvFromParams:ZZ<-ZZ32 x3
ProjectFortress/tests/RationalTest.fss	627	tests	inherit,inherit-missing,restate-only,tower	1		NonPrimitive.buildEnvFromParams:ZZ<-ZZ32 x3; method:ZZ./<-ZZ32 x3
ProjectFortress/tests/RationalTest.fss	628	tests	inherit,inherit-missing,restate-only,tower	1		NonPrimitive.buildEnvFromParams:ZZ<-ZZ32 x3; method:ZZ./<-ZZ32 x3
ProjectFortress/tests/RationalTest.fss	629	tests	inherit,inherit-missing,restate-only,tower	1		method:ZZ./<-ZZ32 x3; NonPrimitive.buildEnvFromParams:ZZ<-ZZ32 x3
ProjectFortress/tests/RationalTest.fss	630	tests	inherit,inherit-missing,restate-only,tower	1		method:ZZ./<-ZZ32 x3; NonPrimitive.buildEnvFromParams:ZZ<-ZZ32 x3
ProjectFortress/tests/RationalTest.fss	631	tests	inherit,inherit-missing,restate-only,tower	1		method:ZZ./<-ZZ32 x3; NonPrimitive.buildEnvFromParams:ZZ<-ZZ32 x3
ProjectFortress/tests/RationalTest.fss	632	tests	inherit,inherit-missing,restate-only,tower	1		NonPrimitive.buildEnvFromParams:ZZ<-ZZ32 x3; method:ZZ./<-ZZ32 x3
ProjectFortress/tests/RationalTest.fss	633	tests	inherit,inherit-missing,restate-only,tower	1		method:ZZ./<-ZZ32 x3; NonPrimitive.buildEnvFromParams:ZZ<-ZZ32 x3
ProjectFortress/tests/RationalTest.fss	634	tests	inherit,inherit-missing,restate-only,tower	1		method:ZZ./<-ZZ32 x3; NonPrimitive.buildEnvFromParams:ZZ<-ZZ32 x3
ProjectFortress/tests/RationalTest.fss	635	tests	inherit,inherit-missing,restate-only,tower	1		method:ZZ./<-ZZ32 x3; NonPrimitive.buildEnvFromParams:ZZ<-ZZ32 x3
ProjectFortress/tests/RationalTest.fss	636	tests	inherit,inherit-missing,restate-only,tower	1		NonPrimitive.buildEnvFromParams:ZZ<-ZZ32 x3; method:ZZ./<-ZZ32 x3
ProjectFortress/tests/RationalTest.fss	637	tests	inherit,inherit-missing,restate-only,tower	1		NonPrimitive.buildEnvFromParams:ZZ<-ZZ32 x3; method:ZZ./<-ZZ32 x3
ProjectFortress/tests/RationalTest.fss	638	tests	inherit,inherit-missing,restate-only,tower	1		NonPrimitive.buildEnvFromParams:ZZ<-ZZ32 x3; method:ZZ./<-ZZ32 x3
ProjectFortress/tests/RationalTest.fss	639	tests	inherit,inherit-missing,restate-only,tower	1		method:ZZ./<-ZZ32 x3; NonPrimitive.buildEnvFromParams:ZZ<-ZZ32 x3
ProjectFortress/tests/RationalTest.fss	640	tests	inherit,inherit-missing,restate-only,tower	1		method:ZZ./<-ZZ32 x3; NonPrimitive.buildEnvFromParams:ZZ<-ZZ32 x3
ProjectFortress/tests/RationalTest.fss	641	tests	inherit,inherit-missing,restate-only,tower	1		method:ZZ./<-ZZ32 x3; NonPrimitive.buildEnvFromParams:ZZ<-ZZ32 x3
ProjectFortress/tests/RationalTest.fss	642	tests	inherit,inherit-missing,restate-only,tower	1		NonPrimitive.buildEnvFromParams:ZZ<-ZZ32 x3; method:ZZ./<-ZZ32 x3
ProjectFortress/tests/RationalTest.fss	643	tests	inherit,inherit-missing,restate-only,tower	1		NonPrimitive.buildEnvFromParams:ZZ<-ZZ32 x3; method:ZZ./<-ZZ32 x3
ProjectFortress/tests/RationalTest.fss	644	tests	inherit,inherit-missing,restate-only,tower	1		method:ZZ./<-ZZ32 x3; NonPrimitive.buildEnvFromParams:ZZ<-ZZ32 x3
ProjectFortress/tests/RationalTest.fss	645	tests	inherit,inherit-missing,restate-only,tower	1		method:ZZ./<-ZZ32 x3; NonPrimitive.buildEnvFromParams:ZZ<-ZZ32 x3
ProjectFortress/tests/RationalTest.fss	646	tests	inherit,inherit-missing,restate-only,tower	1		NonPrimitive.buildEnvFromParams:ZZ<-ZZ32 x3; method:ZZ./<-ZZ32 x3
ProjectFortress/tests/RationalTest.fss	647	tests	conversion,inherit,inherit-missing,tower	1		NonPrimitive.buildEnvFromParams:ZZ<-ZZ32 x3; method:ZZ./<-ZZ32 x3; NonPrimitive.buildEnvFromParams:QQ<-ZZ32 x1
ProjectFortress/tests/RationalTest.fss	648	tests	conversion,inherit,inherit-missing,tower	1		method:ZZ./<-ZZ32 x3; NonPrimitive.buildEnvFromParams:ZZ<-ZZ32 x3; NonPrimitive.buildEnvFromParams:QQ<-ZZ32 x1
ProjectFortress/tests/RationalTest.fss	649	tests	conversion,inherit,inherit-missing,tower	1		method:ZZ./<-ZZ32 x3; NonPrimitive.buildEnvFromParams:ZZ<-ZZ32 x3; NonPrimitive.buildEnvFromParams:QQ<-ZZ32 x1
ProjectFortress/tests/RationalTest.fss	650	tests	conversion,inherit,inherit-missing,tower	1		method:ZZ./<-ZZ32 x3; NonPrimitive.buildEnvFromParams:ZZ<-ZZ32 x3; NonPrimitive.buildEnvFromParams:QQ<-ZZ32 x1
ProjectFortress/tests/RationalTest.fss	651	tests	inherit,inherit-missing,restate-only,tower	1		method:ZZ./<-ZZ32 x3; NonPrimitive.buildEnvFromParams:ZZ<-ZZ32 x3
ProjectFortress/tests/RationalTest.fss	652	tests	inherit,inherit-missing,restate-only,tower	1		method:ZZ./<-ZZ32 x3; NonPrimitive.buildEnvFromParams:ZZ<-ZZ32 x3
ProjectFortress/tests/RationalTest.fss	653	tests	inherit,inherit-missing,restate-only,tower	1		method:ZZ./<-ZZ32 x3; NonPrimitive.buildEnvFromParams:ZZ<-ZZ32 x3
ProjectFortress/tests/RationalTest.fss	654	tests	inherit,inherit-missing,restate-only,tower	1		NonPrimitive.buildEnvFromParams:ZZ<-ZZ32 x3; method:ZZ./<-ZZ32 x3
ProjectFortress/tests/RationalTest.fss	655	tests	inherit,inherit-missing,restate-only,tower	1		NonPrimitive.buildEnvFromParams:ZZ<-ZZ32 x3; method:ZZ./<-ZZ32 x3
ProjectFortress/tests/RationalTest.fss	656	tests	inherit,inherit-missing,restate-only,tower	1		method:ZZ./<-ZZ32 x3; NonPrimitive.buildEnvFromParams:ZZ<-ZZ32 x3
ProjectFortress/tests/RationalTest.fss	657	tests	inherit,inherit-missing,restate-only,tower	1		method:ZZ./<-ZZ32 x3; NonPrimitive.buildEnvFromParams:ZZ<-ZZ32 x3
ProjectFortress/tests/RationalTest.fss	658	tests	inherit,inherit-missing,restate-only,tower	1		method:ZZ./<-ZZ32 x3; NonPrimitive.buildEnvFromParams:ZZ<-ZZ32 x3
ProjectFortress/tests/RationalTest.fss	659	tests	inherit,inherit-missing,restate-only,tower	1		NonPrimitive.buildEnvFromParams:ZZ<-ZZ32 x3; method:ZZ./<-ZZ32 x3
ProjectFortress/tests/RationalTest.fss	660	tests	inherit,inherit-missing,restate-only,tower	1		NonPrimitive.buildEnvFromParams:ZZ<-ZZ32 x3; method:ZZ./<-ZZ32 x3
ProjectFortress/tests/RationalTest.fss	661	tests	inherit,inherit-missing,restate-only,tower	1		NonPrimitive.buildEnvFromParams:ZZ<-ZZ32 x3; method:ZZ./<-ZZ32 x3
ProjectFortress/tests/RationalTest.fss	662	tests	inherit,inherit-missing,restate-only,tower	1		NonPrimitive.buildEnvFromParams:ZZ<-ZZ32 x3; method:ZZ./<-ZZ32 x3
ProjectFortress/tests/RationalTest.fss	663	tests	inherit,inherit-missing,restate-only,tower	1		method:ZZ./<-ZZ32 x3; NonPrimitive.buildEnvFromParams:ZZ<-ZZ32 x3
ProjectFortress/tests/RationalTest.fss	664	tests	inherit,inherit-missing,restate-only,tower	1		method:ZZ./<-ZZ32 x3; NonPrimitive.buildEnvFromParams:ZZ<-ZZ32 x3
ProjectFortress/tests/RationalTest.fss	665	tests	inherit,inherit-missing,restate-only,tower	1		NonPrimitive.buildEnvFromParams:ZZ<-ZZ32 x3; method:ZZ./<-ZZ32 x3
ProjectFortress/tests/RationalTest.fss	666	tests	inherit,inherit-missing,restate-only,tower	1		NonPrimitive.buildEnvFromParams:ZZ<-ZZ32 x3; method:ZZ./<-ZZ32 x3
ProjectFortress/tests/RationalTest.fss	667	tests	inherit,inherit-missing,restate-only,tower	1		method:ZZ./<-ZZ32 x3; NonPrimitive.buildEnvFromParams:ZZ<-ZZ32 x3
ProjectFortress/tests/RationalTest.fss	668	tests	inherit,inherit-missing,restate-only,tower	1		method:ZZ./<-ZZ32 x3; NonPrimitive.buildEnvFromParams:ZZ<-ZZ32 x3
ProjectFortress/tests/RationalTest.fss	669	tests	inherit,inherit-missing,restate-only,tower	1		method:ZZ./<-ZZ32 x3; NonPrimitive.buildEnvFromParams:ZZ<-ZZ32 x3
ProjectFortress/tests/RationalTest.fss	670	tests	inherit,inherit-missing,restate-only,tower	1		NonPrimitive.buildEnvFromParams:ZZ<-ZZ32 x3; method:ZZ./<-ZZ32 x3
ProjectFortress/tests/RationalTest.fss	671	tests	inherit,inherit-missing,restate-only,tower	1		method:ZZ./<-ZZ32 x3; NonPrimitive.buildEnvFromParams:ZZ<-ZZ32 x3
ProjectFortress/tests/RationalTest.fss	672	tests	inherit,inherit-missing,restate-only,tower	1		method:ZZ./<-ZZ32 x3; NonPrimitive.buildEnvFromParams:ZZ<-ZZ32 x3
ProjectFortress/tests/RationalTest.fss	673	tests	inherit,inherit-missing,restate-only,tower	1		NonPrimitive.buildEnvFromParams:ZZ<-ZZ32 x3; method:ZZ./<-ZZ32 x3
ProjectFortress/tests/RationalTest.fss	674	tests	inherit,inherit-missing,restate-only,tower	1		NonPrimitive.buildEnvFromParams:ZZ<-ZZ32 x3; method:ZZ./<-ZZ32 x3
ProjectFortress/tests/RationalTest.fss	675	tests	inherit,inherit-missing,restate-only,tower	1		method:ZZ./<-ZZ32 x3; NonPrimitive.buildEnvFromParams:ZZ<-ZZ32 x3
ProjectFortress/tests/RationalTest.fss	676	tests	inherit,inherit-missing,restate-only,tower	1		method:ZZ./<-ZZ32 x3; NonPrimitive.buildEnvFromParams:ZZ<-ZZ32 x3
ProjectFortress/tests/RationalTest.fss	677	tests	inherit,inherit-missing,restate-only,tower	1		method:ZZ./<-ZZ32 x3; NonPrimitive.buildEnvFromParams:ZZ<-ZZ32 x3
ProjectFortress/tests/RationalTest.fss	678	tests	inherit,inherit-missing,restate-only,tower	1		method:ZZ./<-ZZ32 x3; NonPrimitive.buildEnvFromParams:ZZ<-ZZ32 x3
ProjectFortress/tests/RationalTest.fss	679	tests	conversion,inherit,inherit-missing,tower	1		NonPrimitive.buildEnvFromParams:ZZ<-ZZ32 x3; method:ZZ./<-ZZ32 x3; NonPrimitive.buildEnvFromParams:QQ<-ZZ32 x1
ProjectFortress/tests/RationalTest.fss	680	tests	conversion,inherit,inherit-missing,tower	1		method:ZZ./<-ZZ32 x3; NonPrimitive.buildEnvFromParams:ZZ<-ZZ32 x3; NonPrimitive.buildEnvFromParams:QQ<-ZZ32 x1
ProjectFortress/tests/RationalTest.fss	681	tests	conversion,inherit,inherit-missing,tower	1		method:ZZ./<-ZZ32 x3; NonPrimitive.buildEnvFromParams:ZZ<-ZZ32 x3; NonPrimitive.buildEnvFromParams:QQ<-ZZ32 x1
ProjectFortress/tests/RationalTest.fss	682	tests	conversion,inherit,inherit-missing,tower	1		NonPrimitive.buildEnvFromParams:ZZ<-ZZ32 x3; method:ZZ./<-ZZ32 x3; NonPrimitive.buildEnvFromParams:QQ<-ZZ32 x1
ProjectFortress/tests/RationalTest.fss	683	tests	inherit,inherit-missing,restate-only,tower	1		NonPrimitive.buildEnvFromParams:ZZ<-ZZ32 x3; method:ZZ./<-ZZ32 x3
ProjectFortress/tests/RationalTest.fss	684	tests	inherit,inherit-missing,restate-only,tower	1		method:ZZ./<-ZZ32 x3; NonPrimitive.buildEnvFromParams:ZZ<-ZZ32 x3
ProjectFortress/tests/RationalTest.fss	685	tests	inherit,inherit-missing,restate-only,tower	1		NonPrimitive.buildEnvFromParams:ZZ<-ZZ32 x3; method:ZZ./<-ZZ32 x3
ProjectFortress/tests/RationalTest.fss	686	tests	inherit,inherit-missing,restate-only,tower	1		method:ZZ./<-ZZ32 x3; NonPrimitive.buildEnvFromParams:ZZ<-ZZ32 x3
ProjectFortress/tests/RationalTest.fss	687	tests	inherit,inherit-missing,restate-only,tower	1		NonPrimitive.buildEnvFromParams:ZZ<-ZZ32 x3; method:ZZ./<-ZZ32 x3
ProjectFortress/tests/RationalTest.fss	688	tests	inherit,inherit-missing,restate-only,tower	1		method:ZZ./<-ZZ32 x3; NonPrimitive.buildEnvFromParams:ZZ<-ZZ32 x3
ProjectFortress/tests/RationalTest.fss	689	tests	inherit,inherit-missing,restate-only,tower	1		method:ZZ./<-ZZ32 x3; NonPrimitive.buildEnvFromParams:ZZ<-ZZ32 x3
ProjectFortress/tests/RationalTest.fss	690	tests	inherit,inherit-missing,restate-only,tower	1		method:ZZ./<-ZZ32 x3; NonPrimitive.buildEnvFromParams:ZZ<-ZZ32 x3
ProjectFortress/tests/RationalTest.fss	691	tests	inherit,inherit-missing,restate-only,tower	1		method:ZZ./<-ZZ32 x3; NonPrimitive.buildEnvFromParams:ZZ<-ZZ32 x3
ProjectFortress/tests/RationalTest.fss	692	tests	inherit,inherit-missing,restate-only,tower	1		NonPrimitive.buildEnvFromParams:ZZ<-ZZ32 x3; method:ZZ./<-ZZ32 x3
ProjectFortress/tests/RationalTest.fss	693	tests	inherit,inherit-missing,restate-only,tower	1		NonPrimitive.buildEnvFromParams:ZZ<-ZZ32 x3; method:ZZ./<-ZZ32 x3
ProjectFortress/tests/RationalTest.fss	694	tests	inherit,inherit-missing,restate-only,tower	1		method:ZZ./<-ZZ32 x3; NonPrimitive.buildEnvFromParams:ZZ<-ZZ32 x3
ProjectFortress/tests/RationalTest.fss	695	tests	inherit,inherit-missing,restate-only,tower	1		method:ZZ./<-ZZ32 x3; NonPrimitive.buildEnvFromParams:ZZ<-ZZ32 x3
ProjectFortress/tests/RationalTest.fss	696	tests	inherit,inherit-missing,restate-only,tower	1		NonPrimitive.buildEnvFromParams:ZZ<-ZZ32 x3; method:ZZ./<-ZZ32 x3
ProjectFortress/tests/RationalTest.fss	697	tests	inherit,inherit-missing,restate-only,tower	1		NonPrimitive.buildEnvFromParams:ZZ<-ZZ32 x3; method:ZZ./<-ZZ32 x3
ProjectFortress/tests/RationalTest.fss	698	tests	inherit,inherit-missing,restate-only,tower	1		method:ZZ./<-ZZ32 x3; NonPrimitive.buildEnvFromParams:ZZ<-ZZ32 x3
ProjectFortress/tests/RationalTest.fss	699	tests	inherit,inherit-missing,restate-only,tower	1		NonPrimitive.buildEnvFromParams:ZZ<-ZZ32 x1; method:ZZ./<-ZZ32 x1
ProjectFortress/tests/RationalTest.fss	700	tests	inherit,inherit-missing,restate-only,tower	1		method:ZZ./<-ZZ32 x1; NonPrimitive.buildEnvFromParams:ZZ<-ZZ32 x1
ProjectFortress/tests/RationalTest.fss	701	tests	inherit,inherit-missing,restate-only,tower	1		NonPrimitive.buildEnvFromParams:ZZ<-ZZ32 x2; method:ZZ./<-ZZ32 x2
ProjectFortress/tests/RationalTest.fss	702	tests	inherit,inherit-missing,restate-only,tower	1		method:ZZ./<-ZZ32 x2; NonPrimitive.buildEnvFromParams:ZZ<-ZZ32 x2
ProjectFortress/tests/RationalTest.fss	703	tests	inherit,inherit-missing,restate-only,tower	1		NonPrimitive.buildEnvFromParams:ZZ<-ZZ32 x2; method:ZZ./<-ZZ32 x2
ProjectFortress/tests/RationalTest.fss	704	tests	inherit,inherit-missing,restate-only,tower	1		method:ZZ./<-ZZ32 x2; NonPrimitive.buildEnvFromParams:ZZ<-ZZ32 x2
ProjectFortress/tests/RationalTest.fss	705	tests	inherit,inherit-missing,restate-only,tower	1		NonPrimitive.buildEnvFromParams:ZZ<-ZZ32 x2; method:ZZ./<-ZZ32 x2
ProjectFortress/tests/RationalTest.fss	706	tests	inherit,inherit-missing,restate-only,tower	1		method:ZZ./<-ZZ32 x2; NonPrimitive.buildEnvFromParams:ZZ<-ZZ32 x2
ProjectFortress/tests/RationalTest.fss	707	tests	inherit,inherit-missing,restate-only,tower	1		method:ZZ./<-ZZ32 x2; NonPrimitive.buildEnvFromParams:ZZ<-ZZ32 x2
ProjectFortress/tests/RationalTest.fss	708	tests	inherit,inherit-missing,restate-only,tower	1		NonPrimitive.buildEnvFromParams:ZZ<-ZZ32 x2; method:ZZ./<-ZZ32 x2
ProjectFortress/tests/RationalTest.fss	709	tests	inherit,inherit-missing,restate-only,tower	1		method:ZZ./<-ZZ32 x2; NonPrimitive.buildEnvFromParams:ZZ<-ZZ32 x2
ProjectFortress/tests/RationalTest.fss	710	tests	inherit,inherit-missing,restate-only,tower	1		method:ZZ./<-ZZ32 x2; NonPrimitive.buildEnvFromParams:ZZ<-ZZ32 x2
ProjectFortress/tests/RationalTest.fss	711	tests	inherit,inherit-missing,restate-only,tower	1		NonPrimitive.buildEnvFromParams:ZZ<-ZZ32 x2; method:ZZ./<-ZZ32 x2
ProjectFortress/tests/RationalTest.fss	712	tests	inherit,inherit-missing,restate-only,tower	1		NonPrimitive.buildEnvFromParams:ZZ<-ZZ32 x2; method:ZZ./<-ZZ32 x2
ProjectFortress/tests/RationalTest.fss	713	tests	inherit,inherit-missing,restate-only,tower	1		NonPrimitive.buildEnvFromParams:ZZ<-ZZ32 x2; method:ZZ./<-ZZ32 x2
ProjectFortress/tests/RationalTest.fss	714	tests	inherit,inherit-missing,restate-only,tower	1		LHSEvaluator.forVarRef:ZZ<-ZZ32 x4; NonPrimitive.buildEnvFromParams:ZZ<-ZZ32 x2; method:ZZ./<-ZZ32 x2
ProjectFortress/tests/RationalTest.fss	715	tests	inherit,inherit-missing,restate-only,tower	1		method:ZZ./<-ZZ32 x2; NonPrimitive.buildEnvFromParams:ZZ<-ZZ32 x2
ProjectFortress/tests/RationalTest.fss	716	tests	inherit,inherit-missing,restate-only,tower	1		method:ZZ./<-ZZ32 x2; NonPrimitive.buildEnvFromParams:ZZ<-ZZ32 x2
ProjectFortress/tests/RationalTest.fss	717	tests	inherit,inherit-missing,restate-only,tower	1		LHSEvaluator.forVarRef:ZZ<-ZZ32 x8; method:ZZ./<-ZZ32 x2; NonPrimitive.buildEnvFromParams:ZZ<-ZZ32 x2
ProjectFortress/tests/RationalTest.fss	718	tests	inherit,inherit-missing,restate-only,tower	1		LHSEvaluator.forVarRef:ZZ<-ZZ32 x4; method:ZZ./<-ZZ32 x2; NonPrimitive.buildEnvFromParams:ZZ<-ZZ32 x2
ProjectFortress/tests/RationalTest.fss	719	tests	inherit,inherit-missing,restate-only,tower	1		LHSEvaluator.forVarRef:ZZ<-ZZ32 x4; method:ZZ./<-ZZ32 x2; NonPrimitive.buildEnvFromParams:ZZ<-ZZ32 x2
ProjectFortress/tests/RationalTest.fss	720	tests	inherit,inherit-missing,restate-only,tower	1		LHSEvaluator.forVarRef:ZZ<-ZZ32 x4; method:ZZ./<-ZZ32 x2; NonPrimitive.buildEnvFromParams:ZZ<-ZZ32 x2
ProjectFortress/tests/RationalTest.fss	721	tests	inherit,inherit-missing,restate-only,tower	1		NonPrimitive.buildEnvFromParams:ZZ<-ZZ32 x3; method:ZZ./<-ZZ32 x3
ProjectFortress/tests/RationalTest.fss	722	tests	inherit,inherit-missing,restate-only,tower	1		NonPrimitive.buildEnvFromParams:ZZ<-ZZ32 x3; method:ZZ./<-ZZ32 x3
ProjectFortress/tests/RationalTest.fss	723	tests	inherit,inherit-missing,restate-only,tower	1		method:ZZ./<-ZZ32 x3; NonPrimitive.buildEnvFromParams:ZZ<-ZZ32 x3
ProjectFortress/tests/ReflectiveQuickCheckTest.fss	23	tests	conversion,numdef,numdef-mixed	1		method:Number.juxtaposition<-RR64 x400
ProjectFortress/tests/ReflectiveQuickCheckTest.fss	26	tests	conversion,numdef,numdef-mixed	1		method:Number.juxtaposition<-RR64 x400
ProjectFortress/tests/ReflectiveQuickCheckTest.fss	40	tests	conversion,tower	1		NonPrimitive.buildEnvFromParams:ZZ<-ZZ64 x4
ProjectFortress/tests/Region.fss	20	tests	conversion,tower	1		NonPrimitive.buildEnvFromParams:RR64<-ZZ32 x1
ProjectFortress/tests/Reversals.fss	25	tests	inherit,inherit-missing,restate-only	1		method:ZZ.odd<-ZZ32 x7
ProjectFortress/tests/Reversals.fss	34	tests	inherit,inherit-missing,restate-only	1		method:ZZ.odd<-ZZ32 x7
ProjectFortress/tests/RoundHalfEvenRungR.fss	7	tests	conversion,numdef,numdef-mixed	1		method:Number.round<-RR64 x1
ProjectFortress/tests/RoundHalfEvenRungR.fss	8	tests	conversion,numdef,numdef-mixed	1		method:Number.prefix -<-RR64 x1
ProjectFortress/tests/RoundHalfEvenRungR.fss	9	tests	conversion,numdef,numdef-mixed	1		method:Number.round<-RR64 x1
ProjectFortress/tests/RoundHalfEvenRungR.fss	10	tests	conversion,numdef,numdef-mixed	1		method:Number.prefix -<-RR64 x1
ProjectFortress/tests/RoundHalfEvenRungR.fss	11	tests	conversion,numdef,numdef-mixed	1		method:Number.round<-RR64 x1
ProjectFortress/tests/RoundHalfEvenRungR.fss	12	tests	conversion,numdef,numdef-mixed	1		method:Number.prefix -<-RR64 x1
ProjectFortress/tests/RoundHalfEvenRungR.fss	13	tests	conversion,numdef,numdef-mixed	1		method:Number.round<-RR64 x1
ProjectFortress/tests/RoundHalfEvenRungR.fss	14	tests	conversion,numdef,numdef-mixed	1		method:Number.round<-RR64 x1
ProjectFortress/tests/RoundHalfEvenRungR.fss	15	tests	conversion,numdef,numdef-mixed	1		method:Number.prefix -<-RR64 x1
ProjectFortress/tests/RoundHalfEvenRungR.fss	17	tests	numdef,numdef-missing,restate-only	1		method:Number.prefix SQRT<-RR64 x1
ProjectFortress/tests/RoundHalfEvenRungR.fss	18	tests	numdef,numdef-missing,restate-only	1		method:Number.prefix SQRT<-RR64 x1
ProjectFortress/tests/RoundHalfEvenRungR.fss	19	tests	numdef,numdef-missing,restate-only	1		method:Number.prefix SQRT<-RR64 x1
ProjectFortress/tests/RoundHalfEvenRungR.fss	20	tests	numdef,numdef-missing,restate-only	1		method:Number.prefix SQRT<-RR64 x1
ProjectFortress/tests/RoundHalfEvenRungR.fss	21	tests	numdef,numdef-missing,restate-only	1		method:Number.prefix SQRT<-RR64 x1
ProjectFortress/tests/RoundHalfEvenRungR.fss	24	tests	conversion,numdef,numdef-mixed	1		method:Number.prefix -<-RR64 x1
ProjectFortress/tests/RoundHalfEvenRungR.fss	26	tests	conversion,numdef,numdef-mixed	1		method:Number.prefix -<-RR64 x1
ProjectFortress/tests/RoundHalfEvenRungR.fss	28	tests	conversion,numdef,numdef-mixed	1		method:Number.prefix -<-RR64 x1
ProjectFortress/tests/ShuffleTest.fss	27	tests	inherit,inherit-missing,restate-only,tower	1		NonPrimitive.buildEnvFromParams:QQ<-ZZ32 x500; method:QQ.NE<-ZZ32 x500
ProjectFortress/tests/TimingTests.fss	22	tests	conversion,tower	1		NonPrimitive.buildEnvFromParams:ZZ64<-ZZ32 x1
ProjectFortress/tests/TimingTests.fss	23	tests	conversion,tower	1		NonPrimitive.buildEnvFromParams:ZZ64<-ZZ32 x1
ProjectFortress/tests/TimingTests.fss	24	tests	conversion,tower	1		NonPrimitive.buildEnvFromParams:ZZ64<-ZZ32 x1
ProjectFortress/tests/TimingTests.fss	25	tests	conversion,tower	1		NonPrimitive.buildEnvFromParams:ZZ64<-ZZ32 x1
ProjectFortress/tests/TimingTests.fss	26	tests	conversion,tower	1		NonPrimitive.buildEnvFromParams:ZZ64<-ZZ32 x1
ProjectFortress/tests/TimingTests.fss	27	tests	conversion,tower	1		NonPrimitive.buildEnvFromParams:ZZ64<-ZZ32 x1
ProjectFortress/tests/TimingTests.fss	28	tests	conversion,tower	1		NonPrimitive.buildEnvFromParams:ZZ64<-ZZ32 x1
ProjectFortress/tests/UnnamedParam.fss	25	tests	conversion,tower	1		NonPrimitive.buildEnvFromParams:ZZ64<-ZZ32 x1
ProjectFortress/tests/UnsignedTest.fss	51	tests	conversion,inherit,inherit-mixed	1		method:ZZ.+<-ZZ32 x1
ProjectFortress/tests/UnsignedTest.fss	52	tests	conversion,inherit,inherit-mixed	1		method:ZZ.+<-ZZ32 x1
ProjectFortress/tests/UnsignedTest.fss	84	tests	inherit,inherit-missing,restate-only,tower	1		method:QQ.NE<-NN32 x1; NonPrimitive.buildEnvFromParams:QQ<-NN32 x1
ProjectFortress/tests/UnsignedTest.fss	85	tests	inherit,inherit-missing,restate-only,tower	1		NonPrimitive.buildEnvFromParams:QQ<-NN32 x1; method:QQ.NE<-NN32 x1
ProjectFortress/tests/UnsignedTest.fss	156	tests	conversion,inherit,inherit-mixed	1		method:ZZ.+<-ZZ32 x1
ProjectFortress/tests/UnsignedTest.fss	157	tests	conversion,inherit,inherit-mixed	1		method:ZZ.+<-ZZ32 x1
ProjectFortress/tests/UnsignedTest.fss	189	tests	inherit,inherit-missing,restate-only,tower	1		method:QQ.NE<-NN64 x1; NonPrimitive.buildEnvFromParams:QQ<-NN64 x1
ProjectFortress/tests/UnsignedTest.fss	190	tests	inherit,inherit-missing,restate-only,tower	1		NonPrimitive.buildEnvFromParams:QQ<-NN64 x1; method:QQ.NE<-NN64 x1
ProjectFortress/tests/UnsignedTest.fss	210	tests	conversion,inherit,inherit-mixed	1		method:ZZ.-<-NN64 x1
ProjectFortress/tests/WordCountSmall.fss	85	tests	conversion,numdef,numdef-mixed	1		method:Number.^<-RR64 x4; method:Number./<-ZZ64 x4
ProjectFortress/tests/XXXRadixTenPointNumeral.fss	7	tests	conversion,numdef,numdef-mixed	1		method:Number.round<-RR64 x1
ProjectFortress/tests/XXXRoundNearTieNumeral.fss	7	tests	conversion,numdef,numdef-mixed	1		method:Number.round<-RR64 x1
ProjectFortress/tests/asifTest.fss	62	tests	conversion,tower	1		NonPrimitive.buildEnvFromParams:RR64<-ZZ32 x4
ProjectFortress/tests/asifTest.fss	102	tests	conversion,numdef,numdef-mixed	1		method:Number.+<-ZZ32 x1
ProjectFortress/tests/atomic0.fss	21	tests	inherit,inherit-missing,restate-only,tower	1		NonPrimitive.buildEnvFromParams:QQ<-ZZ32 x1; method:QQ.NE<-ZZ32 x1
ProjectFortress/tests/atomic1.fss	20	tests	inherit,inherit-missing,restate-only,tower	1		method:QQ.NE<-ZZ32 x1; NonPrimitive.buildEnvFromParams:QQ<-ZZ32 x1
ProjectFortress/tests/atomic2.fss	24	tests	inherit,inherit-missing,restate-only,tower	1		method:QQ.NE<-ZZ32 x4; NonPrimitive.buildEnvFromParams:QQ<-ZZ32 x4
ProjectFortress/tests/atomic3.fss	22	tests	inherit,inherit-missing,restate-only,tower	1		method:QQ.NE<-ZZ32 x1; NonPrimitive.buildEnvFromParams:QQ<-ZZ32 x1
ProjectFortress/tests/atomic4.fss	25	tests	inherit,inherit-missing,restate-only,tower	1		NonPrimitive.buildEnvFromParams:QQ<-ZZ32 x1; method:QQ.NE<-ZZ32 x1
ProjectFortress/tests/atomicArrayOps.fss	25	tests	inherit,inherit-missing,restate-only,tower	1		NonPrimitive.buildEnvFromParams:QQ<-ZZ32 x100; method:QQ.NE<-ZZ32 x100
ProjectFortress/tests/atomicTest.fss	21	tests	inherit,inherit-missing,restate-only,tower	1		method:QQ.NE<-ZZ32 x1; NonPrimitive.buildEnvFromParams:QQ<-ZZ32 x1
ProjectFortress/tests/buffons.fss	24	tests	conversion,numdef,numdef-mixed	1		method:Number.-<-RR64 x3000
ProjectFortress/tests/buffons.fss	25	tests	conversion,numdef,numdef-mixed	1		method:Number.-<-RR64 x3000
ProjectFortress/tests/buffons.fss	27	tests	conversion,numdef,numdef-mixed	1		method:Number.<<-RR64 x3000; method:Number.<<-ZZ32 x3000
ProjectFortress/tests/buffons.fss	28	tests	conversion,numdef,numdef-mixed	1		method:Number.juxtaposition<-ZZ32 x2337
ProjectFortress/tests/buffons.fss	29	tests	conversion,numdef,numdef-mixed	1		method:Number.juxtaposition<-ZZ32 x2337
ProjectFortress/tests/buffons.fss	31	tests	conversion,numdef,numdef-mixed	1		method:Number./<-RR64 x4674
ProjectFortress/tests/buffons.fss	32	tests	conversion,numdef,numdef-mixed	1		method:Number.+<-RR64 x1492
ProjectFortress/tests/buffons.fss	34	tests	conversion,numdef,numdef-mixed	1		method:Number.+<-RR64 x2337
ProjectFortress/tests/buffons.fss	38	tests	conversion,numdef,numdef-mixed	1		method:Number./<-RR64 x1
ProjectFortress/tests/caseTest.fss	76	tests	conversion,numdef,numdef-mixed	1		method:Number.><-ZZ32 x1
ProjectFortress/tests/caseTest.fss	77	tests	conversion,numdef,numdef-mixed	1		method:Number.juxtaposition<-ZZ32 x1
ProjectFortress/tests/commonSuper.fss	32	tests	conversion,tower	1		NonPrimitive.buildEnvFromParams:RR64<-ZZ32 x1
ProjectFortress/tests/commonSuper.fss	34	tests	conversion,tower	1		NonPrimitive.buildEnvFromParams:RR64<-ZZ32 x1
ProjectFortress/tests/commonSuper.fss	36	tests	conversion,numdef,numdef-mixed	1		method:Number.juxtaposition<-RR64 x1
ProjectFortress/tests/compoundArray.fss	17	tests	conversion,numdef,numdef-mixed	1		method:Number.juxtaposition<-RR64 x2
ProjectFortress/tests/compoundArray.fss	18	tests	conversion,numdef,numdef-mixed	1		method:Number.juxtaposition<-RR64 x2
ProjectFortress/tests/compoundArray.fss	22	tests	conversion,numdef,numdef-mixed	1		method:Number.juxtaposition<-RR64 x1
ProjectFortress/tests/compoundArray.fss	23	tests	conversion,numdef,numdef-mixed	1		method:Number.^<-RR64 x1; method:Number.juxtaposition<-ZZ32 x1
ProjectFortress/tests/compoundArray.fss	24	tests	conversion,numdef,numdef-mixed	1		method:Number.^<-RR64 x1; method:Number.juxtaposition<-RR64 x1
ProjectFortress/tests/compoundArray.fss	26	tests	conversion,numdef,numdef-mixed	1		method:Number.juxtaposition<-ZZ32 x1; method:Number.^<-RR64 x1
ProjectFortress/tests/compoundArray.fss	27	tests	conversion,numdef,numdef-mixed	1		method:Number.juxtaposition<-ZZ32 x1
ProjectFortress/tests/compoundArray.fss	28	tests	conversion,numdef,numdef-mixed	1		method:Number.juxtaposition<-RR64 x1; method:Number.^<-RR64 x1
ProjectFortress/tests/compoundArray.fss	29	tests	conversion,numdef,numdef-mixed	1		method:Number.^<-RR64 x1; method:Number.juxtaposition<-RR64 x1
ProjectFortress/tests/compoundArray.fss	30	tests	conversion,numdef,numdef-mixed	1		method:Number.juxtaposition<-RR64 x1
ProjectFortress/tests/compoundArray.fss	31	tests	conversion,numdef,numdef-mixed	1		method:Number.^<-RR64 x1; method:Number.juxtaposition<-RR64 x1
ProjectFortress/tests/compoundArray.fss	32	tests	conversion,numdef,numdef-mixed	1		method:Number.juxtaposition<-RR64 x1
ProjectFortress/tests/compoundArray.fss	34	tests	conversion,numdef,numdef-mixed	1		method:Number.prefix -<-RR64 x1
ProjectFortress/tests/compoundArray.fss	36	tests	conversion,numdef,numdef-mixed	1		method:Number.^<-RR64 x1
ProjectFortress/tests/compoundArray.fss	37	tests	conversion,numdef,numdef-mixed	1		method:Number.juxtaposition<-RR64 x1
ProjectFortress/tests/compoundArray.fss	38	tests	conversion,numdef,numdef-mixed	1		method:Number.^<-RR64 x1
ProjectFortress/tests/compoundArray.fss	39	tests	conversion,numdef,numdef-mixed	1		method:Number.^<-RR64 x1; method:Number.juxtaposition<-ZZ32 x1
ProjectFortress/tests/compoundArray.fss	40	tests	conversion,numdef,numdef-mixed	1		method:Number.^<-RR64 x1
ProjectFortress/tests/contracts1.fss	33	tests	inherit,inherit-missing,restate-only,tower	1		method:ZZ./<-ZZ32 x1; NonPrimitive.buildEnvFromParams:ZZ<-ZZ32 x1
ProjectFortress/tests/contracts1.fss	56	tests	inherit,inherit-missing,restate-only,tower	1		method:QQ.NE<-ZZ32 x1; NonPrimitive.buildEnvFromParams:QQ<-ZZ32 x1
ProjectFortress/tests/expTest.fss	18	tests	conversion,tower	1		localdecl:ZZ64<-ZZ32 x1
ProjectFortress/tests/expTest.fss	20	tests	conversion,tower	1		localdecl:ZZ64<-ZZ32 x1
ProjectFortress/tests/expTest.fss	22	tests	conversion,inherit,inherit-missing,numdef,numdef-mixed,tower	1		method:ZZ./<-ZZ32 x1; method:Number.^<-RR64 x1; NonPrimitive.buildEnvFromParams:ZZ<-ZZ32 x1
ProjectFortress/tests/expTest.fss	24	tests	conversion,inherit,inherit-missing,numdef,numdef-mixed,tower	1		NonPrimitive.buildEnvFromParams:ZZ<-ZZ32 x1; method:Number.^<-RR64 x1; method:ZZ./<-ZZ32 x1
ProjectFortress/tests/expTest.fss	25	tests	conversion,numdef,numdef-mixed	1		method:Number.^<-ZZ32 x1
ProjectFortress/tests/expTest.fss	26	tests	conversion,numdef,numdef-mixed	1		method:Number.^<-RR64 x1
ProjectFortress/tests/expTest.fss	27	tests	conversion,numdef,numdef-mixed	1		method:Number.^<-ZZ32 x1
ProjectFortress/tests/fib13.fss	15	tests	conversion,numdef,numdef-mixed	1		method:Number.prefix SQRT<-ZZ32 x1; method:Number./<-RR64 x1; method:Number.+<-ZZ32 x1
ProjectFortress/tests/fib13.fss	17	tests	conversion,inherit,inherit-mixed,tower	1		method:ZZ.>=<-NN32 x4; NonPrimitive.buildEnvFromParams:ZZ<-ZZ32 x4
ProjectFortress/tests/fib13.fss	18	tests	conversion,inherit,inherit-missing,numdef,numdef-mixed,tower	1		NonPrimitive.buildEnvFromParams:ZZ<-ZZ32 x12; method:Number.+<-RR64 x12; method:ZZ./<-ZZ32 x12
ProjectFortress/tests/fib13.fss	24	tests	conversion,tower	1		NonPrimitive.buildEnvFromParams:ZZ<-ZZ32 x1
ProjectFortress/tests/fib13.fss	25	tests	conversion,tower	1		NonPrimitive.buildEnvFromParams:ZZ<-ZZ32 x1
ProjectFortress/tests/fib13.fss	28	tests	conversion,tower	1		NonPrimitive.buildEnvFromParams:ZZ64<-ZZ32 x1
ProjectFortress/tests/fib13.fss	29	tests	conversion,tower	1		NonPrimitive.buildEnvFromParams:ZZ64<-ZZ32 x1
ProjectFortress/tests/fib13.fss	32	tests	conversion,tower	1		NonPrimitive.buildEnvFromParams:NN64<-NN32 x1
ProjectFortress/tests/fib13.fss	33	tests	conversion,tower	1		NonPrimitive.buildEnvFromParams:NN64<-NN32 x1
ProjectFortress/tests/formatTest.fss	24	tests	conversion,tower	1		NonPrimitive.buildEnvFromParams:ZZ64<-ZZ32 x2
ProjectFortress/tests/formatTest.fss	25	tests	conversion,tower	1		NonPrimitive.buildEnvFromParams:ZZ64<-ZZ32 x2
ProjectFortress/tests/formatTest.fss	26	tests	conversion,tower	1		NonPrimitive.buildEnvFromParams:ZZ64<-ZZ32 x2
ProjectFortress/tests/formatTest.fss	27	tests	conversion,tower	1		NonPrimitive.buildEnvFromParams:ZZ64<-ZZ32 x2
ProjectFortress/tests/formatTest.fss	28	tests	conversion,tower	1		NonPrimitive.buildEnvFromParams:ZZ64<-ZZ32 x2
ProjectFortress/tests/formatTest.fss	29	tests	conversion,tower	1		NonPrimitive.buildEnvFromParams:ZZ64<-ZZ32 x2
ProjectFortress/tests/formatTest.fss	38	tests	conversion,tower	1		NonPrimitive.buildEnvFromParams:RR64<-ZZ32 x1
ProjectFortress/tests/generatorTest.fss	16	tests	conversion,inherit,inherit-missing,numdef,numdef-mixed,tower	1		method:QQ.NE<-ZZ32 x12; NonPrimitive.buildEnvFromParams:QQ<-ZZ32 x12; method:Number.NE<-RR64 x2
ProjectFortress/tests/generatorTest.fss	28	tests	conversion,numdef,numdef-mixed	1		method:Number.+<-ZZ32 x12
ProjectFortress/tests/generatorTest.fss	36	tests	conversion,numdef,numdef-mixed	1		method:Number.+<-RR64 x1
ProjectFortress/tests/genericTest3.fss	29	tests	conversion,numdef,numdef-mixed	1		method:Number.+<-RR64 x1
ProjectFortress/tests/genericTest3.fss	42	tests	conversion,numdef,numdef-mixed	1		method:Number.=<-RR64 x1
ProjectFortress/tests/intDivisionTest.fss	16	tests	inherit,inherit-missing,restate-only,tower	1		method:ZZ./<-ZZ32 x2; NonPrimitive.buildEnvFromParams:ZZ<-ZZ32 x2
ProjectFortress/tests/juxtTwice.fss	26	tests	conversion,numdef,numdef-mixed	1		method:Number./<-RR64 x1
ProjectFortress/tests/juxtTwice.fss	30	tests	inherit,inherit-missing,restate-only,tower	1		method:QQ.NE<-ZZ32 x1; NonPrimitive.buildEnvFromParams:QQ<-ZZ32 x1
ProjectFortress/tests/juxtTwice.fss	33	tests	conversion,numdef,numdef-mixed	1		method:Number.juxtaposition<-ZZ32 x2; method:Number.log<-RR64 x1
ProjectFortress/tests/juxtTwice.fss	34	tests	conversion,numdef,numdef-mixed	1		method:Number.juxtaposition<-ZZ32 x2; method:Number.log<-RR64 x1
ProjectFortress/tests/labelExit.fss	69	tests	inherit,inherit-missing,restate-only,tower	1		NonPrimitive.buildEnvFromParams:QQ<-ZZ32 x5; method:QQ.NE<-ZZ32 x5
ProjectFortress/tests/labelExit.fss	82	tests	inherit,inherit-missing,restate-only,tower	1		NonPrimitive.buildEnvFromParams:QQ<-ZZ32 x5; method:QQ.NE<-ZZ32 x5
ProjectFortress/tests/litCoercion.fss	15	tests	conversion,tower	1		LHSEvaluator.forVarRef:ZZ64<-ZZ32 x1
ProjectFortress/tests/litCoercion.fss	19	tests	conversion,tower	1		localdecl:ZZ64<-ZZ32 x1
ProjectFortress/tests/litCoercion.fss	23	tests	conversion,tower	1		BaseEnv.assignValue:ZZ64<-ZZ32 x1
ProjectFortress/tests/longPrim.fss	20	tests	conversion,tower	1		localdecl:ZZ64<-ZZ32 x1
ProjectFortress/tests/longPrim.fss	21	tests	conversion,tower	1		NonPrimitive.buildEnvFromParams:ZZ64<-ZZ32 x2
ProjectFortress/tests/longPrim.fss	22	tests	conversion,tower	1		NonPrimitive.buildEnvFromParams:ZZ64<-ZZ32 x2
ProjectFortress/tests/longPrim.fss	33	tests	alg,alg-mixed,conversion	1		method:Integral[ZZ64].∣<-ZZ32 x1
ProjectFortress/tests/longPrim.fss	34	tests	alg,alg-mixed,conversion	1		method:Integral[ZZ64].∣<-ZZ32 x1
ProjectFortress/tests/multiGenFor.fss	25	tests	inherit,inherit-missing,restate-only,tower	1		method:QQ.NE<-ZZ32 x100; NonPrimitive.buildEnvFromParams:QQ<-ZZ32 x100
ProjectFortress/tests/multiGenFor.fss	29	tests	inherit,inherit-missing,restate-only,tower	1		method:QQ.NE<-ZZ32 x1; NonPrimitive.buildEnvFromParams:QQ<-ZZ32 x1
ProjectFortress/tests/naiveSeq.fss	16	tests	inherit,inherit-missing,restate-only,tower	1		NonPrimitive.buildEnvFromParams:QQ<-ZZ32 x4; method:QQ.NE<-ZZ32 x4
ProjectFortress/tests/neOperator.fss	34	tests	inherit,inherit-missing,restate-only,tower	1		NonPrimitive.buildEnvFromParams:QQ<-ZZ32 x1; method:QQ.NE<-ZZ32 x1
ProjectFortress/tests/neOperator.fss	35	tests	inherit,inherit-missing,restate-only,tower	1		NonPrimitive.buildEnvFromParams:QQ<-ZZ32 x1; method:QQ.NE<-ZZ32 x1
ProjectFortress/tests/neOperator.fss	36	tests	inherit,inherit-missing,restate-only,tower	1		method:QQ.NE<-ZZ32 x1; NonPrimitive.buildEnvFromParams:QQ<-ZZ32 x1
ProjectFortress/tests/neOperator.fss	37	tests	inherit,inherit-missing,restate-only,tower	1		method:QQ.NE<-ZZ32 x2; NonPrimitive.buildEnvFromParams:QQ<-ZZ32 x2
ProjectFortress/tests/objectCC_label.fss	41	tests	inherit,inherit-missing,restate-only,tower	1		NonPrimitive.buildEnvFromParams:QQ<-ZZ32 x2; method:QQ.NE<-ZZ32 x2
ProjectFortress/tests/objectCC_label.fss	55	tests	inherit,inherit-missing,restate-only,tower	1		method:QQ.NE<-ZZ32 x2; NonPrimitive.buildEnvFromParams:QQ<-ZZ32 x2
ProjectFortress/tests/objectCC_label.fss	70	tests	inherit,inherit-missing,restate-only,tower	1		method:QQ.NE<-ZZ32 x2; NonPrimitive.buildEnvFromParams:QQ<-ZZ32 x2
ProjectFortress/tests/objectCC_label.fss	85	tests	inherit,inherit-missing,restate-only,tower	1		NonPrimitive.buildEnvFromParams:QQ<-ZZ32 x2; method:QQ.NE<-ZZ32 x2
ProjectFortress/tests/objectCC_label.fss	124	tests	inherit,inherit-missing,restate-only,tower	1		NonPrimitive.buildEnvFromParams:QQ<-ZZ32 x2; method:QQ.NE<-ZZ32 x2
ProjectFortress/tests/oprTests.fss	40	tests	inherit,inherit-missing,restate-only,tower	1		method:ZZ./<-ZZ32 x1; NonPrimitive.buildEnvFromParams:ZZ<-ZZ32 x1
ProjectFortress/tests/oprTests.fss	41	tests	conversion,inherit,inherit-missing,inherit-mixed,tower	1		NonPrimitive.buildEnvFromParams:QQ<-ZZ32 x1; method:ZZ./<-ZZ32 x1; method:QQ.juxtaposition<-ZZ32 x1
ProjectFortress/tests/oprTests.fss	42	tests	inherit,inherit-missing,restate-only,tower	1		method:ZZ./<-ZZ32 x1; NonPrimitive.buildEnvFromParams:ZZ<-ZZ32 x1
ProjectFortress/tests/oprTests.fss	43	tests	conversion,numdef,numdef-mixed	1		method:Number.sin<-RR64 x1; method:Number.+<-RR64 x1
ProjectFortress/tests/oprTests.fss	59	tests	conversion,numdef,numdef-mixed	1		method:Number.juxtaposition<-ZZ32 x2; method:Number.log<-RR64 x1
ProjectFortress/tests/oprTests.fss	63	tests	conversion,numdef,numdef-mixed	1		method:Number.+<-RR64 x2; method:Number.juxtaposition<-ZZ32 x1
ProjectFortress/tests/overloadGenericNon.fss	32	tests	inherit,inherit-missing,restate-only,tower	1		method:QQ.NE<-ZZ32 x2; NonPrimitive.buildEnvFromParams:QQ<-ZZ32 x2
ProjectFortress/tests/realArith.fss	19	tests	conversion,numdef,numdef-mixed	1		method:Number.juxtaposition<-RR64 x1
ProjectFortress/tests/realArith.fss	22	tests	conversion,numdef,numdef-mixed	1		method:Number.=<-RR64 x1
ProjectFortress/tests/realArith.fss	23	tests	conversion,numdef,numdef-mixed	1		method:Number.NE<-RR64 x1
ProjectFortress/tests/realArith.fss	24	tests	conversion,numdef,numdef-mixed	1		method:Number.<<-RR64 x1
ProjectFortress/tests/realArith.fss	25	tests	conversion,numdef,numdef-mixed	1		method:Number.<=<-RR64 x1
ProjectFortress/tests/realArith.fss	26	tests	conversion,numdef,numdef-mixed	1		method:Number.><-RR64 x1
ProjectFortress/tests/realArith.fss	27	tests	conversion,numdef,numdef-mixed	1		method:Number.>=<-RR64 x1
ProjectFortress/tests/realArith.fss	28	tests	conversion,numdef,numdef-mixed	1		method:Number.CMP<-RR64 x1
ProjectFortress/tests/realArith.fss	29	tests	conversion,numdef,numdef-mixed	1		method:Number.MIN<-RR64 x1
ProjectFortress/tests/realArith.fss	30	tests	conversion,numdef,numdef-mixed	1		method:Number.MAX<-RR64 x1
ProjectFortress/tests/realArith.fss	31	tests	conversion,numdef,numdef-mixed	1		method:Number.MIN<-RR64 x1
ProjectFortress/tests/realArith.fss	32	tests	conversion,numdef,numdef-mixed	1		method:Number.MAX<-RR64 x1
ProjectFortress/tests/realArith.fss	33	tests	conversion,numdef,numdef-mixed	1		method:Number.prefix -<-RR64 x1
ProjectFortress/tests/realArith.fss	34	tests	conversion,numdef,numdef-mixed	1		method:Number.+<-RR64 x1
ProjectFortress/tests/realArith.fss	35	tests	conversion,numdef,numdef-mixed	1		method:Number.-<-RR64 x1
ProjectFortress/tests/realArith.fss	36	tests	conversion,numdef,numdef-mixed	1		method:Number.DOT<-RR64 x1
ProjectFortress/tests/realArith.fss	37	tests	conversion,numdef,numdef-mixed	1		method:Number.BY<-RR64 x1
ProjectFortress/tests/realArith.fss	39	tests	conversion,numdef,numdef-mixed	1		method:Number./<-RR64 x1
ProjectFortress/tests/realArith.fss	41	tests	conversion,numdef,numdef-mixed	1		method:Number.PLUS_UP<-RR64 x1
ProjectFortress/tests/realArith.fss	42	tests	conversion,numdef,numdef-mixed	1		method:Number.MINUS_UP<-RR64 x1
ProjectFortress/tests/realArith.fss	43	tests	conversion,numdef,numdef-mixed	1		method:Number.DOT_UP<-RR64 x1
ProjectFortress/tests/realArith.fss	44	tests	conversion,numdef,numdef-mixed	1		method:Number.SLASH_UP<-RR64 x1
ProjectFortress/tests/realArith.fss	46	tests	conversion,numdef,numdef-mixed	1		method:Number.PLUS_DOWN<-RR64 x1
ProjectFortress/tests/realArith.fss	47	tests	conversion,numdef,numdef-mixed	1		method:Number.MINUS_DOWN<-RR64 x1
ProjectFortress/tests/realArith.fss	48	tests	conversion,numdef,numdef-mixed	1		method:Number.DOT_DOWN<-RR64 x1
ProjectFortress/tests/realArith.fss	49	tests	conversion,numdef,numdef-mixed	1		method:Number.SLASH_DOWN<-RR64 x1
ProjectFortress/tests/realArith.fss	51	tests	conversion,numdef,numdef-mixed	1		method:Number.|_|<-RR64 x1
ProjectFortress/tests/realArith.fss	52	tests	conversion,numdef,numdef-mixed	1		method:Number.prefix -<-RR64 x1
ProjectFortress/tests/realArith.fss	53	tests	conversion,numdef,numdef-mixed	1		method:Number.^<-RR64 x1
ProjectFortress/tests/realArith.fss	54	tests	conversion,numdef,numdef-mixed	1		method:Number.sin<-RR64 x1; method:Number.BY<-RR64 x1
ProjectFortress/tests/realArith.fss	55	tests	conversion,numdef,numdef-mixed	1		method:Number.NE<-RR64 x1; method:Number.sin<-RR64 x1
ProjectFortress/tests/realArith.fss	56	tests	conversion,numdef,numdef-mixed	1		method:Number.cos<-RR64 x1
ProjectFortress/tests/realArith.fss	57	tests	conversion,numdef,numdef-mixed	1		method:Number.prefix -<-RR64 x1; method:Number.tan<-RR64 x1
ProjectFortress/tests/realArith.fss	58	tests	conversion,numdef,numdef-mixed	1		method:Number./<-RR64 x1
ProjectFortress/tests/realArith.fss	59	tests	conversion,numdef,numdef-mixed	1		method:Number.asin<-RR64 x1
ProjectFortress/tests/realArith.fss	60	tests	conversion,numdef,numdef-mixed	1		method:Number.acos<-RR64 x1
ProjectFortress/tests/realArith.fss	61	tests	conversion,numdef,numdef-mixed	1		method:Number./<-RR64 x1; method:Number.atan<-ZZ32 x1
ProjectFortress/tests/realArith.fss	62	tests	conversion,numdef,numdef-mixed	1		method:Number.juxtaposition<-ZZ32 x1; method:Number./<-RR64 x1; method:Number.prefix -<-RR64 x1
ProjectFortress/tests/realArith.fss	64	tests	conversion,numdef,numdef-mixed	1		method:Number.log<-RR64 x1
ProjectFortress/tests/realArith.fss	65	tests	conversion,numdef,numdef-mixed	1		method:Number.exp<-RR64 x1
ProjectFortress/tests/realArith.fss	66	tests	conversion,numdef,numdef-mixed	1		method:Number.floor<-RR64 x1
ProjectFortress/tests/realArith.fss	67	tests	conversion,numdef,numdef-mixed	1		method:Number.|\_/|<-RR64 x1
ProjectFortress/tests/realArith.fss	68	tests	conversion,numdef,numdef-mixed	1		method:Number.ceiling<-RR64 x1
ProjectFortress/tests/realArith.fss	69	tests	conversion,numdef,numdef-mixed	1		method:Number.|/_\|<-RR64 x1
ProjectFortress/tests/realArith.fss	70	tests	conversion,numdef,numdef-mixed	1		method:Number.truncate<-RR64 x1
ProjectFortress/tests/realArith.fss	71	tests	conversion,numdef,numdef-mixed	1		method:Number.prefix -<-RR64 x1
ProjectFortress/tests/realArith.fss	72	tests	conversion,numdef,numdef-mixed	1		method:Number.prefix -<-RR64 x1
ProjectFortress/tests/realArith.fss	73	tests	conversion,numdef,numdef-mixed	1		method:Number.prefix -<-RR64 x1
ProjectFortress/tests/realArith.fss	74	tests	conversion,numdef,numdef-mixed	1		method:Number.prefix -<-RR64 x1
ProjectFortress/tests/realArith.fss	75	tests	conversion,numdef,numdef-mixed	1		method:Number.prefix -<-RR64 x1
ProjectFortress/tests/realArith.fss	94	tests	conversion,numdef,numdef-mixed	1		method:Number./<-RR64 x1
ProjectFortress/tests/roundBug.fss	19	tests	conversion,numdef,numdef-mixed	1		method:Number.prefix SQRT<-ZZ32 x1
ProjectFortress/tests/roundBug.fss	21	tests	conversion,inherit,inherit-mixed	1		method:ZZ64.=<-ZZ32 x1
ProjectFortress/tests/roundBug.fss	23	tests	conversion,inherit,inherit-mixed	1		method:ZZ64.=<-ZZ32 x1
ProjectFortress/tests/seqLoop.fss	26	tests	inherit,inherit-missing,restate-only,tower	1		NonPrimitive.buildEnvFromParams:QQ<-ZZ32 x1; method:QQ.NE<-ZZ32 x1
ProjectFortress/tests/seqLoop.fss	30	tests	inherit,inherit-missing,restate-only,tower	1		method:QQ.NE<-ZZ32 x100; NonPrimitive.buildEnvFromParams:QQ<-ZZ32 x100
ProjectFortress/tests/sequivTest.fss	31	tests	conversion,numdef,numdef-mixed	1		method:Number.+<-RR64 x1
ProjectFortress/tests/sequivTest.fss	34	tests	conversion,numdef,numdef-mixed	1		method:Number.+<-RR64 x1
ProjectFortress/tests/sequivTest.fss	79	tests	conversion,numdef,numdef-mixed	1		method:Number.+<-ZZ x1
ProjectFortress/tests/sideEffUpdate.fss	25	tests	inherit,inherit-missing,restate-only,tower	1		method:QQ.NE<-ZZ32 x2; NonPrimitive.buildEnvFromParams:QQ<-ZZ32 x2
ProjectFortress/tests/simpleBig.fss	23	tests	conversion,numdef,numdef-mixed	1		method:Number.juxtaposition<-RR64 x30
ProjectFortress/tests/simpleExp.fss	20	tests	conversion,numdef,numdef-mixed	1		method:Number.juxtaposition<-RR64 x1
ProjectFortress/tests/simpleExp.fss	22	tests	conversion,numdef,numdef-mixed	1		method:Number.NE<-RR64 x1
ProjectFortress/tests/simpleSum.fss	30	tests	conversion,numdef,numdef-mixed	1		method:Number.juxtaposition<-RR64 x5
ProjectFortress/tests/sparseMatrix.fss	20	tests	conversion,numdef,numdef-mixed	1		method:Number.log<-ZZ32 x1; method:Number./<-ZZ32 x1
ProjectFortress/tests/sparseMatrix.fss	21	tests	conversion,numdef,numdef-mixed	1		method:Number.prefix SQRT<-ZZ32 x1
ProjectFortress/tests/sparseMatrix.fss	42	tests	conversion,numdef,numdef-mixed	1		method:Number.-<-RR64 x6
ProjectFortress/tests/sparseMatrix.fss	65	tests	conversion,numdef,numdef-mixed	1		method:Number.><-RR64 x1
ProjectFortress/tests/testRR32.fss	20	tests	conversion,numdef,numdef-mixed	1		method:Number.prefix -<-RR64 x1
ProjectFortress/tests/testRR32.fss	28	tests	conversion,numdef,numdef-mixed	1		method:Number.prefix -<-RR64 x1
ProjectFortress/tests/testRR32.fss	29	tests	conversion,numdef,numdef-mixed	1		method:Number.prefix -<-RR64 x1
ProjectFortress/tests/testRR32.fss	44	tests	conversion,numdef,numdef-mixed	1		method:Number.prefix -<-RR64 x1
ProjectFortress/tests/tryatomicTest.fss	28	tests	inherit,inherit-missing,restate-only,tower	1		NonPrimitive.buildEnvFromParams:QQ<-ZZ32 x1; method:QQ.NE<-ZZ32 x1
ProjectFortress/tests/typecaseSelf.fss	17	tests	conversion,numdef,numdef-mixed	1		method:Number.juxtaposition<-RR64 x1
ProjectFortress/tests/varTest.fss	16	tests	conversion,tower	1		localdecl:ZZ64<-ZZ32 x1
ProjectFortress/tests/vectorOps.fss	27	tests	conversion,tower	1		NonPrimitive.buildEnvFromParams:RR64<-ZZ32 x1
ProjectFortress/tests/whileTest.fss	17	tests	inherit,inherit-missing,restate-only,tower	1		method:QQ.NE<-ZZ32 x40; NonPrimitive.buildEnvFromParams:QQ<-ZZ32 x40
ProjectFortress/tests/wrapZZ.fss	28	tests	inherit,inherit-missing,restate-only,tower	1		NonPrimitive.buildEnvFromParams:QQ<-ZZ32 x2; method:QQ.NE<-ZZ32 x2
ProjectFortress/tests/zeno.fss	95	tests	inherit,inherit-missing,restate-only,tower	1		NonPrimitive.buildEnvFromParams:QQ<-ZZ32 x1024; method:QQ.NE<-ZZ32 x1024
ProjectFortress/tests/zeno.fss	99	tests	inherit,inherit-missing,restate-only,tower	1		NonPrimitive.buildEnvFromParams:QQ<-ZZ32 x1024; method:QQ.NE<-ZZ32 x1024
