# kind	family	subclass	unit(s)	stage(s)	location	message
abstract-method	simpleJoin	-	component FortressLibrary	overloading	FortressLibrary.fss:3289	The inherited abstract method simpleJoin(a:Any,b:Any):Any from the trait AssociativeReduction[\T\] has no concrete implementation in the object MinReduction in component FortressLibrary.
abstract-method	simpleJoin	-	component FortressLibrary	overloading	FortressLibrary.fss:3298	The inherited abstract method simpleJoin(a:Any,b:Any):Any from the trait AssociativeReduction[\T\] has no concrete implementation in the object MaxReduction in component FortressLibrary.
abstract-method	simpleJoin	-	component FortressLibrary	overloading	FortressLibrary.fss:3307	The inherited abstract method simpleJoin(a:Any,b:Any):Any from the trait AssociativeReduction[\(T, T)\] has no concrete implementation in the object MinMaxReduction in component FortressLibrary.
abstract-method	simpleJoin	-	component FortressLibrary	overloading	FortressLibrary.fss:3338	The inherited abstract method simpleJoin(a:Any,b:Any):Any from the trait AssociativeReduction[\(T, U)\] has no concrete implementation in the object TupleMinMinReduction in component FortressLibrary.
abstract-method	simpleJoin	-	component FortressLibrary	overloading	FortressLibrary.fss:3358	The inherited abstract method simpleJoin(a:Any,b:Any):Any from the trait AssociativeReduction[\(T, U)\] has no concrete implementation in the object TupleMinMaxReduction in component FortressLibrary.
abstract-method	simpleJoin	-	component FortressLibrary	overloading	FortressLibrary.fss:3378	The inherited abstract method simpleJoin(a:Any,b:Any):Any from the trait AssociativeReduction[\(T, U)\] has no concrete implementation in the object TupleMaxMinReduction in component FortressLibrary.
abstract-method	simpleJoin	-	component FortressLibrary	overloading	FortressLibrary.fss:3398	The inherited abstract method simpleJoin(a:Any,b:Any):Any from the trait AssociativeReduction[\(T, U)\] has no concrete implementation in the object TupleMaxMaxReduction in component FortressLibrary.
abstract-method	simpleJoin	-	component FortressLibrary	overloading	FortressLibrary.fss:3496	The inherited abstract method simpleJoin(a:Any,b:Any):Any from the trait AssociativeReduction[\String\] has no concrete implementation in the object NewlineReduction in component FortressLibrary.
export	Component FortressLibrary exports API FortressLibrary but does not define all declarations in FortressLibrary.	-	component FortressLibrary	export	FortressLibrary.fss:12	Component FortressLibrary exports API FortressLibrary but does not define all declarations in FortressLibrary. Missing declarations: {immutableArray[\E\](x:ZZ32,y:ZZ32):ImmutableArray[\E,(ZZ32, ZZ32)\] at FortressLibrary.fsi:1489:1-67, immutableArray[\E\](x:ZZ32,y:ZZ32,z:ZZ32):ImmutableArray[\E,(ZZ32, ZZ32, ZZ32)\] at FortressLibrary.fsi:1490:1-79, DOT[\T extends Number,nat n,nat m,nat p\](me:Vector[\T,n\],other:Vector[\T,n\]):T at FortressLibrary.fsi:1650:1-1651:53, juxtaposition[\T extends Number,nat n,nat m,nat p\](me:Vector[\T,n\],other:Vector[\T,n\]):T at FortressLibrary.fsi:1653:1-1654:51, DOT[\T extends Number,nat n,nat m,nat p\](me:Vector[\T,n\],other:T):Vector[\T,n\] at FortressLibrary.fsi:1656:1-1657:55, juxtaposition[\T extends Number,nat n,nat m,nat p\](me:Vector[\T,n\],other:T):Vector[\T,n\] at FortressLibrary.fsi:1659:1-1660:53, DOT[\T extends Number,nat n,nat m,nat p\](other:T,me:Vector[\T,n\]):Vector[\T,n\] at FortressLibrary.fsi:1662:1-1663:56, juxtaposition[\T extends Number,nat n,nat m,nat p\](other:T,me:Vector[\T,n\]):Vector[\T,n\] at FortressLibrary.fsi:1665:1-1666:53, DOT[\T extends Number,nat n,nat m,nat p\](me:Matrix[\T,n,m\],v:Vector[\T,m\]):Vector[\T,n\] at FortressLibrary.fsi:1763:1-1764:59, juxtaposition[\T extends Number,nat n,nat m,nat p\](me:Matrix[\T,n,m\],v:Vector[\T,m\]):Vector[\T,n\] at FortressLibrary.fsi:1766:1-1769:36, DOT[\T extends Number,nat n,nat m,nat p\](v:Vector[\T,n\],me:Matrix[\T,n,m\]):Vector[\T,m\] at FortressLibrary.fsi:1770:1-1771:59, juxtaposition[\T extends Number,nat n,nat m,nat p\](v:Vector[\T,n\],me:Matrix[\T,n,m\]):Vector[\T,m\] at FortressLibrary.fsi:1773:1-1774:57, DOT[\T extends Number,nat n,nat m,nat p\](me:Matrix[\T,n,m\],other:T):Matrix[\T,n,m\] at FortressLibrary.fsi:1776:1-1777:59, juxtaposition[\T extends Number,nat n,nat m,nat p\](me:Matrix[\T,n,m\],other:T):Matrix[\T,n,m\] at FortressLibrary.fsi:1779:1-1780:57, DOT[\T extends Number,nat n,nat m,nat p\](other:T,me:Matrix[\T,n,m\]):Matrix[\T,n,m\] at FortressLibrary.fsi:1782:1-1783:59, juxtaposition[\T extends Number,nat n,nat m,nat p\](other:T,me:Matrix[\T,n,m\]):Matrix[\T,n,m\] at FortressLibrary.fsi:1785:1-1793:30, array3[\T,nat s0,nat s1,nat s2\]():Array3[\T,0,s0,0,s1,0,s2\] at FortressLibrary.fsi:1849:1-64}
export	The following declarations in API FlatString are not matched by the declarations in component FlatString. Unma	-	component FlatString	export	FlatString.fss:12	The following declarations in API FlatString are not matched by the declarations in component FlatString. Unmatched declarations: { (ObjectDecl FlatString at FlatString.fsi:16.3, due to different extends clauses, due to different extends clauses, different method || @ FlatString.fsi:20:5-38) }
export	The following declarations in API FortressLibrary are not matched by the declarations in component FortressLib	-	component FortressLibrary	export	FortressLibrary.fss:12	The following declarations in API FortressLibrary are not matched by the declarations in component FortressLibrary. Unmatched declarations: { (TraitDecl Comparison at FortressLibrary.fsi:100.1, due to Asbtract method asString @ FortressLibrary.fss:135:5-29 is not declared in the API), (TraitDecl AnyUniqueItem at FortressLibrary.fsi:1019.1, due to different method holds @ FortressLibrary.fsi:1020:5-28, due to different method holds @ FortressLibrary.fsi:1020:5-28, Asbtract method holds @ FortressLibrary.fss:1563:5-28 is not declared in the API), (TraitDecl Indexed1 at FortressLibrary.fsi:1223.1, due to different extends clauses), (TraitDecl Indexed2 at FortressLibrary.fsi:1225.1, due to different extends clauses), (TraitDecl Indexed3 at FortressLibrary.fsi:1227.1, due to different extends clauses), (TraitDecl Indexed at FortressLibrary.fsi:1248.1, due to different method size @ FortressLibrary.fsi:1254:5-1256:29), (TraitDecl ZeroIndexed at FortressLibrary.fsi:1319.1, due to different method bounds @ FortressLibrary.fsi:1320:5-38, due to different method bounds @ FortressLibrary.fsi:1320:5-38, Asbtract method _[_] @ FortressLibrary.fss:1912:5-43 is not declared in the API), (TraitDecl DelegatedIndexed at FortressLibrary.fsi:1351.1, due to missing members of the trait/object in the component), (TraitDecl ReadableArray at FortressLibrary.fsi:1384.1, due to missing members of the trait/object in the component), (TraitDecl ReadableArray1 at FortressLibrary.fsi:1530.1, due to different method subarray @ FortressLibrary.fsi:1538:5-1541:36, due to different method subarray @ FortressLibrary.fsi:1538:5-1541:36, Asbtract method subarray @ FortressLibrary.fss:2227:5-2230:34 is not declared in the API), (TraitDecl ImmutableArray1 at FortressLibrary.fsi:1548.1, due to missing members of the trait/object in the component), (TraitDecl Array1 at FortressLibrary.fsi:1577.1, due to missing members of the trait/object in the component), (ObjectDecl EqualTo at FortressLibrary.fsi:158.1, due to different method < @ FortressLibrary.fsi:161:5-40), (TraitDecl Array2 at FortressLibrary.fsi:1679.1, due to different method bounds @ FortressLibrary.fsi:1685:3-49, due to different method bounds @ FortressLibrary.fsi:1685:3-49, Asbtract method put @ FortressLibrary.fss:2596:3-32 is not declared in the API), (TraitDecl Array3 at FortressLibrary.fsi:1794.1, due to different method bounds @ FortressLibrary.fsi:1808:5-1809:1), (TraitDecl Reduction at FortressLibrary.fsi:1856.1, due to different method empty @ FortressLibrary.fsi:1858:5-14, due to different method empty @ FortressLibrary.fsi:1858:5-14, Asbtract method empty @ FortressLibrary.fss:3046:5-14 is not declared in the API), (TraitDecl ActualReduction at FortressLibrary.fsi:1866.1, due to missing members of the trait/object in the component, due to missing members of the trait/object in the component, Asbtract method lift @ FortressLibrary.fss:3062:5-19 is not declared in the API), (TraitDecl ReductionPair at FortressLibrary.fsi:1898.1, due to different extends clauses), (TraitDecl StandardMin at FortressLibrary.fsi:189.1, due to different method MIN @ FortressLibrary.fsi:191:5-192:1, due to different method MIN @ FortressLibrary.fsi:191:5-192:1, Asbtract method MIN @ FortressLibrary.fss:243:5-244:1 is not declared in the API), (TraitDecl AssociativeReduction at FortressLibrary.fsi:1904.1, due to different method lift @ FortressLibrary.fsi:1908:5-23), (ObjectDecl BigReduction at FortressLibrary.fsi:1938.1, due to missing members of the trait/object in the component), (ObjectDecl Comprehension at FortressLibrary.fsi:1944.1, due to missing members of the trait/object in the component), (TraitDecl StandardMax at FortressLibrary.fsi:201.1, due to different method MAX @ FortressLibrary.fsi:203:5-204:1, due to different method MAX @ FortressLibrary.fsi:203:5-204:1, Asbtract method MAX @ FortressLibrary.fss:255:5-256:1 is not declared in the API), (TraitDecl FilterGenerator at FortressLibrary.fsi:2143.1, due to different method g @ FortressLibrary.fsi:2145:5-30, due to different method g @ FortressLibrary.fsi:2145:5-30, Asbtract method g @ FortressLibrary.fss:3617:5-30 is not declared in the API), (TraitDecl Range at FortressLibrary.fsi:2163.1, due to missing members of the trait/object in the component), (TraitDecl OpenRange at FortressLibrary.fsi:2196.1, due to Asbtract method forward @ FortressLibrary.fss:3866:5-29 is not declared in the API), (TraitDecl RangeWithExtent at FortressLibrary.fsi:2213.1, due to different method extent @ FortressLibrary.fsi:2214:5-2215:1, due to different method extent @ FortressLibrary.fsi:2214:5-2215:1, Asbtract method extent @ FortressLibrary.fss:3889:5-3890:1 is not declared in the API), (TraitDecl BoundedRange at FortressLibrary.fsi:2225.1, due to different method leftOrRight @ FortressLibrary.fsi:2226:5-2227:4, due to different method leftOrRight @ FortressLibrary.fsi:2226:5-2227:4, Asbtract method leftOrRight @ FortressLibrary.fss:3912:5-3913:4 is not declared in the API), (TraitDecl RangeWithLeft at FortressLibrary.fsi:2234.1, due to different method left @ FortressLibrary.fsi:2235:5-28, due to different method left @ FortressLibrary.fsi:2235:5-28, Asbtract method left @ FortressLibrary.fss:3922:5-28 is not declared in the API), (TraitDecl RangeWithRight at FortressLibrary.fsi:2246.1, due to different method right @ FortressLibrary.fsi:2247:5-2248:1, due to different method right @ FortressLibrary.fsi:2247:5-2248:1, Asbtract method right @ FortressLibrary.fss:3947:5-3948:1 is not declared in the API), (TraitDecl FullRange at FortressLibrary.fsi:2258.1, due to different method extent @ FortressLibrary.fsi:2259:5-30, due to different method extent @ FortressLibrary.fsi:2259:5-30, Asbtract method extent @ FortressLibrary.fss:3972:5-30 is not declared in the API), (TraitDecl CompactFullRange at FortressLibrary.fsi:2267.1, due to different method |_| @ FortressLibrary.fsi:2270:5-18), (TraitDecl String at FortressLibrary.fsi:2415.1, due to different extends clauses, missing members of the trait/object in the component, due to different extends clauses, missing members of the trait/object in the component, Asbtract method size @ FortressLibrary.fss:4179:5-24 is not declared in the API, different excludes clauses for traits), (TraitDecl Generator2 at FortressLibrary.fsi:2641.1, due to different method seed @ FortressLibrary.fsi:2643:3-35, due to different method seed @ FortressLibrary.fsi:2643:3-35, Asbtract method seed @ FortressLibrary.fss:4595:3-35 is not declared in the API), (TraitDecl RelationalPredicateCondition at FortressLibrary.fsi:2659.1, due to different method relation @ FortressLibrary.fsi:2660:3-2661:2, due to different method relation @ FortressLibrary.fsi:2660:3-2661:2, Asbtract method relation @ FortressLibrary.fss:4672:3-4673:2 is not declared in the API), (TraitDecl MultiplicativeRing at FortressLibrary.fsi:274.1, due to different method ^ @ FortressLibrary.fsi:280:5-281:1, due to different method ^ @ FortressLibrary.fsi:280:5-281:1, Asbtract method ^ @ FortressLibrary.fss:374:5-375:1 is not declared in the API), (TraitDecl Number at FortressLibrary.fsi:283.1, due to different method asFloat @ FortressLibrary.fsi:286:5-289:30, due to different method asFloat @ FortressLibrary.fsi:286:5-289:30, Asbtract method asFloat @ FortressLibrary.fss:379:5-382:30 is not declared in the API), (TraitDecl RR64 at FortressLibrary.fsi:293.1, due to different method |\_/| @ FortressLibrary.fsi:373:5-23), (TraitDecl QQ at FortressLibrary.fsi:391.1, due to different method ^ @ FortressLibrary.fsi:427:5-30, due to different method ^ @ FortressLibrary.fsi:427:5-30, Asbtract method isNaN @ FortressLibrary.fss:586:5-27 is not declared in the API), (TraitDecl Integral at FortressLibrary.fsi:443.1, due to different method zero @ FortressLibrary.fsi:444:5-20, due to different method zero @ FortressLibrary.fsi:444:5-20, Asbtract method zero @ FortressLibrary.fss:681:5-20 is not declared in the API), (TraitDecl Equality at FortressLibrary.fsi:73.1, due to different method = @ FortressLibrary.fsi:74:5-75:1), (TraitDecl Condition at FortressLibrary.fsi:901.1, due to different extends clauses, due to different extends clauses, different method indexValuePairs @ FortressLibrary.fsi:909:5-51), (TraitDecl AnyMaybe at FortressLibrary.fsi:947.1, due to missing members of the trait/object in the component), (TraitDecl Maybe at FortressLibrary.fsi:963.1, due to different extends clauses), (ObjectDecl Just at FortressLibrary.fsi:971.1, due to different method _[_] @ FortressLibrary.fsi:980:5-35), (ObjectDecl Nothing at FortressLibrary.fsi:996.1, due to different method _[_] @ FortressLibrary.fsi:1005:5-38) }
export	The following declarations in API List are not matched by the declarations in component List. Unmatched declar	-	component List	export	List.fss:12	The following declarations in API List are not matched by the declarations in component List. Unmatched declarations: { (TraitDecl List at List.fsi:67.1, due to Asbtract method appendRC @ List.fss:130:5-53 is not declared in the API) }
overloading	isLeftZero	same-sparams	api FortressLibrary	overloading	FortressLibrary.fsi:1927,FortressLibrary.fsi:93	Invalid overloading of isLeftZero in trait LexicographicReduction: (LexicographicReduction, Comparison)->Boolean @ FortressLibrary.fsi:93:5-94:1 and (ReductionWithZeroes[\TotalComparison,TotalComparison\], TotalComparison)->Boolean @ FortressLibrary.fsi:1927:5-1928:4
overloading	isLeftZero	same-sparams	component FortressLibrary	overloading	FortressLibrary.fss:123,FortressLibrary.fss:3171	Invalid overloading of isLeftZero in trait LexicographicReduction: (LexicographicReduction, Comparison)->Boolean @ FortressLibrary.fss:123:5-44 and (ReductionWithZeroes[\TotalComparison,TotalComparison\], TotalComparison)->Boolean @ FortressLibrary.fss:3171:5-40
return-type	distribute	-	component FortressLibrary	overloading	FortressLibrary.fss:3075,FortressLibrary.fss:3263	For distribute, the return type of (SumReduction[\T\], MaxReduction[\T\])->PossibleReductionPair[\AnyMaybe\] @ FortressLibrary.fss:3263:5-3264:28 should be a subtype of the return type of (ActualReduction[\T,T\], Any)->PossibleReductionPair[\T\] @ FortressLibrary.fss:3075:5-3079:2
return-type	distribute	-	component FortressLibrary	overloading	FortressLibrary.fss:3075,FortressLibrary.fss:3265	For distribute, the return type of (SumReduction[\T\], MinReduction[\T\])->PossibleReductionPair[\AnyMaybe\] @ FortressLibrary.fss:3265:5-3266:28 should be a subtype of the return type of (ActualReduction[\T,T\], Any)->PossibleReductionPair[\T\] @ FortressLibrary.fss:3075:5-3079:2
typecheck	An Q clause without corresponding Q has type Any instead of type ().	-	component FortressLibrary	typecheck	FortressLibrary.fss:295	An 'if' clause without corresponding 'else' has type Any instead of type ().
typecheck	An Q clause without corresponding Q has type Any instead of type ().	-	component FortressLibrary	typecheck	FortressLibrary.fss:300	An 'if' clause without corresponding 'else' has type Any instead of type ().
typecheck	An Q clause without corresponding Q has type Any instead of type ().	-	component FortressLibrary	typecheck	FortressLibrary.fss:305	An 'if' clause without corresponding 'else' has type Any instead of type ().
typecheck	An Q clause without corresponding Q has type Any instead of type ().	-	component FortressLibrary	typecheck	FortressLibrary.fss:323	An 'if' clause without corresponding 'else' has type Any instead of type ().
typecheck	An Q clause without corresponding Q has type Any instead of type ().	-	component FortressLibrary	typecheck	FortressLibrary.fss:4403	An 'if' clause without corresponding 'else' has type Any instead of type ().
typecheck	An Q clause without corresponding Q has type Any instead of type ().	-	component RangeInternals	typecheck	RangeInternals.fss:157	An 'if' clause without corresponding 'else' has type Any instead of type ().
typecheck	Any has no getter called asString	-	component FortressLibrary	typecheck	FortressLibrary.fss:4262	Any has no getter called asString
typecheck	Any has no getter called asString	-	component FortressLibrary	typecheck	FortressLibrary.fss:4263	Any has no getter called asString
typecheck	Could not check call to function Comprehension - [\..\], _->_).	-	component FortressLibrary	typecheck	FortressLibrary.fss:3557	Could not check call to function Comprehension - [\T, T, Any, Any\](Any->T, ActualReduction[\Any,Any\], T->Any)->Comprehension[\T,T,Any,Any\] is not applicable to any type of the form (_->_, MIMapReduceReduction[\T\], _->_).
typecheck	Could not check call to function __arr1 - [\..\] is not applicable to an argument of type (()->E, NatReflect.N	-	component FortressLibrary	typecheck	FortressLibrary.fss:2114	Could not check call to function __arr1 - [\E, nat n\](()->E, NatReflect.N[\n\])->Array1[\E,0,n\] is not applicable to an argument of type (()->E, NatReflect.NatParam).
typecheck	Could not check call to function __arr2 - [\..\] is not applicable to an argument of type (()->E, NatReflect.N	-	component FortressLibrary	typecheck	FortressLibrary.fss:2116	Could not check call to function __arr2 - [\E, nat n, nat m\](()->E, NatReflect.N[\n\], NatReflect.N[\m\])->Array2[\E,0,n,0,m\] is not applicable to an argument of type (()->E, NatReflect.NatParam, NatReflect.NatParam).
typecheck	Could not check call to function __arr3 - [\..\] is not applicable to an argument of type (()->E, NatReflect.N	-	component FortressLibrary	typecheck	FortressLibrary.fss:2118	Could not check call to function __arr3 - [\E, nat n, nat m, nat p\](()->E, NatReflect.N[\n\], NatReflect.N[\m\], NatReflect.N[\p\])->Array3[\E,0,n,0,m,0,p\] is not applicable to an argument of type (()->E, NatReflect.NatParam, NatReflect.NatParam, NatReflect.NatParam).
typecheck	Could not check call to function __cond - [\..\]).	-	component FortressLibrary	typecheck	FortressLibrary.fss:3133	Could not check call to function __cond - [\E, R\](Condition[\E\], E->R, ()->R)->R is not applicable to any type of the form (AnyMaybe, _->_, ()->Nothing[\R\]). - [\E\](Condition[\E\], E->())->() is not applicable to any type of the form (AnyMaybe, _->_, ()->Nothing[\R\]).
typecheck	Could not check call to function __cond - [\..\], E->())->() is not applicable to any type of the form (AnyMay	-	component FortressLibrary	typecheck	FortressLibrary.fss:3107	Could not check call to function __cond - [\E, R\](Condition[\E\], E->R, ()->R)->R is not applicable to any type of the form (AnyMaybe, _->_, ()->AnyMaybe). - [\E\](Condition[\E\], E->())->() is not applicable to any type of the form (AnyMaybe, _->_, ()->AnyMaybe).
typecheck	Could not check call to function __cond - [\..\], E->())->() is not applicable to any type of the form (AnyMay	-	component FortressLibrary	typecheck	FortressLibrary.fss:3119	Could not check call to function __cond - [\E, R\](Condition[\E\], E->R, ()->R)->R is not applicable to any type of the form (AnyMaybe, _->_, ()->BottomType). - [\E\](Condition[\E\], E->())->() is not applicable to any type of the form (AnyMaybe, _->_, ()->BottomType).
typecheck	Could not check call to function __cond - [\..\], E->())->() is not applicable to any type of the form (AnyMay	-	component FortressLibrary	typecheck	FortressLibrary.fss:3144	Could not check call to function __cond - [\E, R\](Condition[\E\], E->R, ()->R)->R is not applicable to any type of the form (AnyMaybe, _->_, ()->BottomType). - [\E\](Condition[\E\], E->())->() is not applicable to any type of the form (AnyMaybe, _->_, ()->BottomType).
typecheck	Could not check call to function __cond - [\..\], _->_, ()->OR(LessThan,Unordered)).	-	component FortressLibrary	typecheck	FortressLibrary.fss:3898	Could not check call to function __cond - [\E, R\](Condition[\E\], E->R, ()->R)->R: FortressLibrary.fss:3899:15-28: Could not check call to operator PCMP - ((ZZ32, ZZ32), (ZZ32, ZZ32))->Comparison is not applicable to an argument of type (I, I). - ((ZZ32, ZZ32, ZZ32), (ZZ32, ZZ32, ZZ32))->Comparison is not applicable to an argument of type (I, I). - (ZZ32, ZZ32)->Comparison is not applicable to an argument of type (I, I). FortressLibrary.fss:3898:12-34: Possibly because ext: I after argument inference - [\E\](Condition[\E\], E->())->() is not applicable to any type of the form (Maybe[\I\], _->_, ()->OR(LessThan,Unordered)).
typecheck	Could not check call to function __cond - [\..\], _->_, ()->OR(LessThan,Unordered)).	-	component FortressLibrary	typecheck	FortressLibrary.fss:3931	Could not check call to function __cond - [\E, R\](Condition[\E\], E->R, ()->R)->R: FortressLibrary.fss:3933:22: Could not check call to operator PCMP - ((ZZ32, ZZ32), (ZZ32, ZZ32))->Comparison is not applicable to an argument of type (I, I). - ((ZZ32, ZZ32, ZZ32), (ZZ32, ZZ32, ZZ32))->Comparison is not applicable to an argument of type (I, I). - (ZZ32, ZZ32)->Comparison is not applicable to an argument of type (I, I). FortressLibrary.fss:3931:12-30: Possibly because l: I after argument inference - [\E\](Condition[\E\], E->())->() is not applicable to any type of the form (Maybe[\I\], _->_, ()->OR(LessThan,Unordered)).
typecheck	Could not check call to function __cond - [\..\], _->_, ()->OR(LessThan,Unordered)).	-	component FortressLibrary	typecheck	FortressLibrary.fss:3956	Could not check call to function __cond - [\E, R\](Condition[\E\], E->R, ()->R)->R: FortressLibrary.fss:3958:22: Could not check call to operator PCMP - ((ZZ32, ZZ32), (ZZ32, ZZ32))->Comparison is not applicable to an argument of type (I, I). - ((ZZ32, ZZ32, ZZ32), (ZZ32, ZZ32, ZZ32))->Comparison is not applicable to an argument of type (I, I). - (ZZ32, ZZ32)->Comparison is not applicable to an argument of type (I, I). FortressLibrary.fss:3956:12-31: Possibly because r: I after argument inference - [\E\](Condition[\E\], E->())->() is not applicable to any type of the form (Maybe[\I\], _->_, ()->OR(LessThan,Unordered)).
typecheck	Could not check call to function __imm1 - [\..\] is not applicable to an argument of type (()->E, NatReflect.N	-	component FortressLibrary	typecheck	FortressLibrary.fss:2132	Could not check call to function __imm1 - [\E, nat n\](()->E, NatReflect.N[\n\])->ImmutableArray1[\E,0,n\] is not applicable to an argument of type (()->E, NatReflect.NatParam).
typecheck	Could not check call to function __parr - [\..\] is not applicable to an argument of type (()->E, NatReflect.N	-	component FortressLibrary	typecheck	FortressLibrary.fss:2151	Could not check call to function __parr - [\E, nat n\](()->E, NatReflect.N[\n\])->NativeArray.PrimitiveArray[\E,n\] is not applicable to an argument of type (()->E, NatReflect.NatParam).
typecheck	Could not check call to function __piarr - [\..\] is not applicable to an argument of type (()->E, NatReflect.	-	component FortressLibrary	typecheck	FortressLibrary.fss:2156	Could not check call to function __piarr - [\E, nat n\](()->E, NatReflect.N[\n\])->NativeArray.PrimImmutableArray[\E,n\] is not applicable to an argument of type (()->E, NatReflect.NatParam).
typecheck	Could not check call to function __subarray - [\..\], IntLiteral).	-	component FortressLibrary	typecheck	FortressLibrary.fss:2307	Could not check call to function __subarray - [\T, nat b0, nat s0, nat b, nat s, nat o\](Array1[\T,b0,s0\], NatReflect.N[\b\], NatReflect.N[\s\], NatReflect.N[\o\], ZZ32)->Array1[\T,b,s\] is not applicable to an argument of type (Array1[\T,b0,s0\], NatReflect.NatParam, NatReflect.N[\s0\], NatReflect.N[\b0\], IntLiteral). - [\T, nat b0, nat s0, nat b1, nat s1, nat b2, nat s2, nat bo0, nat so0, nat bo1, nat so1, nat bo2, nat so2, nat o0, nat o1, nat o2\](Array3[\T,b0,s0,b1,s1,b2,s2\], NatReflect.N[\bo0\], NatReflect.N[\so0\], NatReflect.N[\bo1\], NatReflect.N[\so1\], NatReflect.N[\bo2\], NatReflect.N[\so2\], NatReflect.N[\o0\], NatReflect.N[\o1\], NatReflect.N[\o2\], ZZ32, ZZ32, ZZ32)->Array3[\T,bo0,so0,bo1,so1,bo2,so2\] is not applicable to an argument of type (Array1[\T,b0,s0\], NatReflect.NatParam, NatReflect.N[\s0\], NatReflect.N[\b0\], IntLiteral). - [\T, nat b0, nat s0, nat b1, nat s1, nat bo0, nat so0, nat bo1, nat so1, nat o0, nat o1\](Array2[\T,b0,s0,b1,s1\], NatReflect.N[\bo0\], NatReflect.N[\so0\], NatReflect.N[\bo1\], NatReflect.N[\so1\], NatReflect.N[\o0\], NatReflect.N[\o1\], ZZ32, ZZ32)->Array2[\T,bo0,so0,bo1,so1\] is not applicable to an argument of type (Array1[\T,b0,s0\], NatReflect.NatParam, NatReflect.N[\s0\], NatReflect.N[\b0\], IntLiteral).
typecheck	Could not check call to function __subarray - [\..\], NatReflect.NatParam, NatReflect.NatParam, ZZ32).	-	component FortressLibrary	typecheck	FortressLibrary.fss:2315	Could not check call to function __subarray - [\T, nat b0, nat s0, nat b, nat s, nat o\](Array1[\T,b0,s0\], NatReflect.N[\b\], NatReflect.N[\s\], NatReflect.N[\o\], ZZ32)->Array1[\T,b,s\] is not applicable to an argument of type (Array1[\T,b0,s0\], NatReflect.N[\0\], NatReflect.NatParam, NatReflect.NatParam, ZZ32). - [\T, nat b0, nat s0, nat b1, nat s1, nat b2, nat s2, nat bo0, nat so0, nat bo1, nat so1, nat bo2, nat so2, nat o0, nat o1, nat o2\](Array3[\T,b0,s0,b1,s1,b2,s2\], NatReflect.N[\bo0\], NatReflect.N[\so0\], NatReflect.N[\bo1\], NatReflect.N[\so1\], NatReflect.N[\bo2\], NatReflect.N[\so2\], NatReflect.N[\o0\], NatReflect.N[\o1\], NatReflect.N[\o2\], ZZ32, ZZ32, ZZ32)->Array3[\T,bo0,so0,bo1,so1,bo2,so2\] is not applicable to an argument of type (Array1[\T,b0,s0\], NatReflect.N[\0\], NatReflect.NatParam, NatReflect.NatParam, ZZ32). - [\T, nat b0, nat s0, nat b1, nat s1, nat bo0, nat so0, nat bo1, nat so1, nat o0, nat o1\](Array2[\T,b0,s0,b1,s1\], NatReflect.N[\bo0\], NatReflect.N[\so0\], NatReflect.N[\bo1\], NatReflect.N[\so1\], NatReflect.N[\o0\], NatReflect.N[\o1\], ZZ32, ZZ32)->Array2[\T,bo0,so0,bo1,so1\] is not applicable to an argument of type (Array1[\T,b0,s0\], NatReflect.N[\0\], NatReflect.NatParam, NatReflect.NatParam, ZZ32).
typecheck	Could not check call to function __subarrayI - [\..\], IntLiteral).	-	component FortressLibrary	typecheck	FortressLibrary.fss:2249	Could not check call to function __subarrayI - [\T, nat b0, nat s0, nat b, nat s, nat o\](ImmutableArray1[\T,b0,s0\], NatReflect.N[\b\], NatReflect.N[\s\], NatReflect.N[\o\], ZZ32)->ImmutableArray1[\T,b,s\] is not applicable to an argument of type (ImmutableArray1[\T,b0,s0\], NatReflect.NatParam, NatReflect.N[\s0\], NatReflect.N[\b0\], IntLiteral).
typecheck	Could not check call to function addL - [\..\] is not applicable to an argument of type (Any, List.AnyList).	-	component List	typecheck	List.fss:89	Could not check call to function addL - [\T, E extends T, F extends T\](E, List.List[\F\])->List.List[\T\] is not applicable to an argument of type (Any, List.AnyList).
typecheck	Could not check call to function addR - [\..\] is not applicable to an argument of type (List.AnyList, Any).	-	component List	typecheck	List.fss:90	Could not check call to function addR - [\T, E extends T, F extends T\](List.List[\F\], E)->List.List[\T\] is not applicable to an argument of type (List.AnyList, Any).
typecheck	Could not check call to function app - [\..\] is not applicable to an argument of type (List.AnyList, List.Any	-	component List	typecheck	List.fss:88	Could not check call to function app - [\T, E extends T, F extends T\](List.List[\E\], List.List[\F\])->List.List[\T\] is not applicable to an argument of type (List.AnyList, List.AnyList).
typecheck	Could not check call to function combine2D - (RangeInternals.CompactFullScalarRange, RangeInternals.CompactFul	-	component RangeInternals	typecheck	RangeInternals.fss:182	Could not check call to function combine2D - (RangeInternals.CompactFullScalarRange, RangeInternals.CompactFullScalarRange)->RangeInternals.CompactFullRange2D is not applicable to an argument of type (RangeWithRight[\ZZ32\], RangeWithRight[\ZZ32\]). - (RangeInternals.ExtentScalarRange, RangeInternals.ExtentScalarRange)->RangeInternals.ExtentRange2D is not applicable to an argument of type (RangeWithRight[\ZZ32\], RangeWithRight[\ZZ32\]). - (RangeInternals.FullScalarRange, RangeInternals.FullScalarRange)->RangeInternals.FullRange2D is not applicable to an argument of type (RangeWithRight[\ZZ32\], RangeWithRight[\ZZ32\]). - (RangeInternals.LeftScalarRange, RangeInternals.LeftScalarRange)->RangeInternals.LeftRange2D is not applicable to an argument of type (RangeWithRight[\ZZ32\], RangeWithRight[\ZZ32\]). - (RangeInternals.OpenScalarRange, RangeInternals.OpenScalarRange)->RangeInternals.OpenRange2D is not applicable to an argument of type (RangeWithRight[\ZZ32\], RangeWithRight[\ZZ32\]). - (RangeInternals.RightScalarRange, RangeInternals.RightScalarRange)->RangeInternals.RightRange2D is not applicable to an argument of type (RangeWithRight[\ZZ32\], RangeWithRight[\ZZ32\]). - (RangeInternals.ScalarRange, RangeInternals.ScalarRange)->RangeInternals.Range2D is not applicable to an argument of type (RangeWithRight[\ZZ32\], RangeWithRight[\ZZ32\]).
typecheck	Could not check call to function combine3D - (RangeInternals.CompactFullScalarRange, RangeInternals.CompactFul	-	component RangeInternals	typecheck	RangeInternals.fss:241	Could not check call to function combine3D - (RangeInternals.CompactFullScalarRange, RangeInternals.CompactFullScalarRange, RangeInternals.CompactFullScalarRange)->RangeInternals.CompactFullRange3D is not applicable to an argument of type (RangeWithRight[\ZZ32\], RangeWithRight[\ZZ32\], RangeWithRight[\ZZ32\]). - (RangeInternals.ExtentScalarRange, RangeInternals.ExtentScalarRange, RangeInternals.ExtentScalarRange)->RangeInternals.ExtentRange3D is not applicable to an argument of type (RangeWithRight[\ZZ32\], RangeWithRight[\ZZ32\], RangeWithRight[\ZZ32\]). - (RangeInternals.FullScalarRange, RangeInternals.FullScalarRange, RangeInternals.FullScalarRange)->RangeInternals.FullRange3D is not applicable to an argument of type (RangeWithRight[\ZZ32\], RangeWithRight[\ZZ32\], RangeWithRight[\ZZ32\]). - (RangeInternals.LeftScalarRange, RangeInternals.LeftScalarRange, RangeInternals.LeftScalarRange)->RangeInternals.LeftRange3D is not applicable to an argument of type (RangeWithRight[\ZZ32\], RangeWithRight[\ZZ32\], RangeWithRight[\ZZ32\]). - (RangeInternals.OpenScalarRange, RangeInternals.OpenScalarRange, RangeInternals.OpenScalarRange)->RangeInternals.OpenRange3D is not applicable to an argument of type (RangeWithRight[\ZZ32\], RangeWithRight[\ZZ32\], RangeWithRight[\ZZ32\]). - (RangeInternals.RightScalarRange, RangeInternals.RightScalarRange, RangeInternals.RightScalarRange)->RangeInternals.RightRange3D is not applicable to an argument of type (RangeWithRight[\ZZ32\], RangeWithRight[\ZZ32\], RangeWithRight[\ZZ32\]). - (RangeInternals.ScalarRange, RangeInternals.ScalarRange, RangeInternals.ScalarRange)->RangeInternals.Range3D is not applicable to an argument of type (RangeWithRight[\ZZ32\], RangeWithRight[\ZZ32\], RangeWithRight[\ZZ32\]).
typecheck	Could not check call to function map - [\..\])->T is not applicable to an argument of type (T, T). L: Possibly	-	component FortressLibrary	typecheck	FortressLibrary.fss:2400	Could not check call to function map - [\T\]T->T->Array1[\T,0,s0\]: FortressLibrary.fss:2400:54-56: Could not check call to operator juxtaposition - ((NN64 & {UnsignedLong}), NN64)->NN64 is not applicable to an argument of type (T, T). - ((QQ & {Ratio}), QQ)->QQ is not applicable to an argument of type (T, T). - ((RR64 & {Float, FloatLiteral}), RR64)->RR64 is not applicable to an argument of type (T, T). - ((ZZ & {BigNum}), ZZ)->ZZ is not applicable to an argument of type (T, T). - ((ZZ32 & {Int}), ZZ32)->ZZ32 is not applicable to an argument of type (T, T). - ((ZZ64 & {Long}), ZZ64)->ZZ64 is not applicable to an argument of type (T, T). - (Any, String)->String is not applicable to an argument of type (T, T). - (IntLiteral, IntLiteral)->IntLiteral is not applicable to an argument of type (T, T). - (Integral[\I\], I)->I is not applicable to an argument of type (T, T). - (MultiplicativeRing[\T\], T)->T is not applicable to an argument of type (T, T). - (NN32, NN32)->NN32 is not applicable to an argument of type (T, T). - (RR32, RR32)->RR32 is not applicable to an argument of type (T, T). - (String, Any)->String is not applicable to an argument of type (T, T). - (String, String)->String is not applicable to an argument of type (T, T). - [\T extends Number, nat n, nat m, nat p\](Matrix[\T,n,m\], Matrix[\T,m,p\])->Matrix[\T,n,p\] is not applicable to an argument of type (T, T). - [\T extends Number, nat n, nat m\](Matrix[\T,n,m\], T)->Matrix[\T,n,m\] is not applicable to an argument of type (T, T). - [\T extends Number, nat n, nat m\](Matrix[\T,n,m\], Vector[\T,m\])->Vector[\T,n\] is not applicable to an argument of type (T, T). - [\T extends Number, nat n, nat m\](T, Matrix[\T,n,m\])->Matrix[\T,n,m\] is not applicable to an argument of type (T, T). - [\T extends Number, nat n, nat m\](Vector[\T,n\], Matrix[\T,n,m\])->Vector[\T,m\] is not applicable to an argument of type (T, T). - [\T extends Number, nat n\](T, Vector[\T,n\])->Vector[\T,n\] is not applicable to an argument of type (T, T). - [\T extends Number, nat n\](Vector[\T,n\], T)->Vector[\T,n\] is not applicable to an argument of type (T, T). - [\T extends Number, nat n\](Vector[\T,n\], Vector[\T,n\])->T is not applicable to an argument of type (T, T). FortressLibrary.fss:2400:44-56: Possibly because v: T after argument inference - [\T\]T->T->Array[\T,ZZ32\]: FortressLibrary.fss:2400:54-56: Could not check call to operator juxtaposition - ((NN64 & {UnsignedLong}), NN64)->NN64 is not applicable to an argument of type (T, T). - ((QQ & {Ratio}), QQ)->QQ is not applicable to an argument of type (T, T). - ((RR64 & {Float, FloatLiteral}), RR64)->RR64 is not applicable to an argument of type (T, T). - ((ZZ & {BigNum}), ZZ)->ZZ is not applicable to an argument of type (T, T). - ((ZZ32 & {Int}), ZZ32)->ZZ32 is not applicable to an argument of type (T, T). - ((ZZ64 & {Long}), ZZ64)->ZZ64 is not applicable to an argument of type (T, T). - (Any, String)->String is not applicable to an argument of type (T, T). - (IntLiteral, IntLiteral)->IntLiteral is not applicable to an argument of type (T, T). - (Integral[\I\], I)->I is not applicable to an argument of type (T, T). - (MultiplicativeRing[\T\], T)->T is not applicable to an argument of type (T, T). - (NN32, NN32)->NN32 is not applicable to an argument of type (T, T). - (RR32, RR32)->RR32 is not applicable to an argument of type (T, T). - (String, Any)->String is not applicable to an argument of type (T, T). - (String, String)->String is not applicable to an argument of type (T, T). - [\T extends Number, nat n, nat m, nat p\](Matrix[\T,n,m\], Matrix[\T,m,p\])->Matrix[\T,n,p\] is not applicable to an argument of type (T, T). - [\T extends Number, nat n, nat m\](Matrix[\T,n,m\], T)->Matrix[\T,n,m\] is not applicable to an argument of type (T, T). - [\T extends Number, nat n, nat m\](Matrix[\T,n,m\], Vector[\T,m\])->Vector[\T,n\] is not applicable to an argument of type (T, T). - [\T extends Number, nat n, nat m\](T, Matrix[\T,n,m\])->Matrix[\T,n,m\] is not applicable to an argument of type (T, T). - [\T extends Number, nat n, nat m\](Vector[\T,n\], Matrix[\T,n,m\])->Vector[\T,m\] is not applicable to an argument of type (T, T). - [\T extends Number, nat n\](T, Vector[\T,n\])->Vector[\T,n\] is not applicable to an argument of type (T, T). - [\T extends Number, nat n\](Vector[\T,n\], T)->Vector[\T,n\] is not applicable to an argument of type (T, T). - [\T extends Number, nat n\](Vector[\T,n\], Vector[\T,n\])->T is not applicable to an argument of type (T, T). FortressLibrary.fss:2400:44-56: Possibly because v: T after argument inference - [\T\]T->T->Generator[\T\]: FortressLibrary.fss:2400:54-56: Could not check call to operator juxtaposition - ((NN64 & {UnsignedLong}), NN64)->NN64 is not applicable to an argument of type (T, T). - ((QQ & {Ratio}), QQ)->QQ is not applicable to an argument of type (T, T). - ((RR64 & {Float, FloatLiteral}), RR64)->RR64 is not applicable to an argument of type (T, T). - ((ZZ & {BigNum}), ZZ)->ZZ is not applicable to an argument of type (T, T). - ((ZZ32 & {Int}), ZZ32)->ZZ32 is not applicable to an argument of type (T, T). - ((ZZ64 & {Long}), ZZ64)->ZZ64 is not applicable to an argument of type (T, T). - (Any, String)->String is not applicable to an argument of type (T, T). - (IntLiteral, IntLiteral)->IntLiteral is not applicable to an argument of type (T, T). - (Integral[\I\], I)->I is not applicable to an argument of type (T, T). - (MultiplicativeRing[\T\], T)->T is not applicable to an argument of type (T, T). - (NN32, NN32)->NN32 is not applicable to an argument of type (T, T). - (RR32, RR32)->RR32 is not applicable to an argument of type (T, T). - (String, Any)->String is not applicable to an argument of type (T, T). - (String, String)->String is not applicable to an argument of type (T, T). - [\T extends Number, nat n, nat m, nat p\](Matrix[\T,n,m\], Matrix[\T,m,p\])->Matrix[\T,n,p\] is not applicable to an argument of type (T, T). - [\T extends Number, nat n, nat m\](Matrix[\T,n,m\], T)->Matrix[\T,n,m\] is not applicable to an argument of type (T, T). - [\T extends Number, nat n, nat m\](Matrix[\T,n,m\], Vector[\T,m\])->Vector[\T,n\] is not applicable to an argument of type (T, T). - [\T extends Number, nat n, nat m\](T, Matrix[\T,n,m\])->Matrix[\T,n,m\] is not applicable to an argument of type (T, T). - [\T extends Number, nat n, nat m\](Vector[\T,n\], Matrix[\T,n,m\])->Vector[\T,m\] is not applicable to an argument of type (T, T). - [\T extends Number, nat n\](T, Vector[\T,n\])->Vector[\T,n\] is not applicable to an argument of type (T, T). - [\T extends Number, nat n\](Vector[\T,n\], T)->Vector[\T,n\] is not applicable to an argument of type (T, T). - [\T extends Number, nat n\](Vector[\T,n\], Vector[\T,n\])->T is not applicable to an argument of type (T, T). FortressLibrary.fss:2400:44-56: Possibly because v: T after argument inference - [\T\]T->T->Indexed[\T,ZZ32\]: FortressLibrary.fss:2400:54-56: Could not check call to operator juxtaposition - ((NN64 & {UnsignedLong}), NN64)->NN64 is not applicable to an argument of type (T, T). - ((QQ & {Ratio}), QQ)->QQ is not applicable to an argument of type (T, T). - ((RR64 & {Float, FloatLiteral}), RR64)->RR64 is not applicable to an argument of type (T, T). - ((ZZ & {BigNum}), ZZ)->ZZ is not applicable to an argument of type (T, T). - ((ZZ32 & {Int}), ZZ32)->ZZ32 is not applicable to an argument of type (T, T). - ((ZZ64 & {Long}), ZZ64)->ZZ64 is not applicable to an argument of type (T, T). - (Any, String)->String is not applicable to an argument of type (T, T). - (IntLiteral, IntLiteral)->IntLiteral is not applicable to an argument of type (T, T). - (Integral[\I\], I)->I is not applicable to an argument of type (T, T). - (MultiplicativeRing[\T\], T)->T is not applicable to an argument of type (T, T). - (NN32, NN32)->NN32 is not applicable to an argument of type (T, T). - (RR32, RR32)->RR32 is not applicable to an argument of type (T, T). - (String, Any)->String is not applicable to an argument of type (T, T). - (String, String)->String is not applicable to an argument of type (T, T). - [\T extends Number, nat n, nat m, nat p\](Matrix[\T,n,m\], Matrix[\T,m,p\])->Matrix[\T,n,p\] is not applicable to an argument of type (T, T). - [\T extends Number, nat n, nat m\](Matrix[\T,n,m\], T)->Matrix[\T,n,m\] is not applicable to an argument of type (T, T). - [\T extends Number, nat n, nat m\](Matrix[\T,n,m\], Vector[\T,m\])->Vector[\T,n\] is not applicable to an argument of type (T, T). - [\T extends Number, nat n, nat m\](T, Matrix[\T,n,m\])->Matrix[\T,n,m\] is not applicable to an argument of type (T, T). - [\T extends Number, nat n, nat m\](Vector[\T,n\], Matrix[\T,n,m\])->Vector[\T,m\] is not applicable to an argument of type (T, T). - [\T extends Number, nat n\](T, Vector[\T,n\])->Vector[\T,n\] is not applicable to an argument of type (T, T). - [\T extends Number, nat n\](Vector[\T,n\], T)->Vector[\T,n\] is not applicable to an argument of type (T, T). - [\T extends Number, nat n\](Vector[\T,n\], Vector[\T,n\])->T is not applicable to an argument of type (T, T). FortressLibrary.fss:2400:44-56: Possibly because v: T after argument inference - [\T\]T->T->ReadableArray[\T,ZZ32\]: FortressLibrary.fss:2400:54-56: Could not check call to operator juxtaposition - ((NN64 & {UnsignedLong}), NN64)->NN64 is not applicable to an argument of type (T, T). - ((QQ & {Ratio}), QQ)->QQ is not applicable to an argument of type (T, T). - ((RR64 & {Float, FloatLiteral}), RR64)->RR64 is not applicable to an argument of type (T, T). - ((ZZ & {BigNum}), ZZ)->ZZ is not applicable to an argument of type (T, T). - ((ZZ32 & {Int}), ZZ32)->ZZ32 is not applicable to an argument of type (T, T). - ((ZZ64 & {Long}), ZZ64)->ZZ64 is not applicable to an argument of type (T, T). - (Any, String)->String is not applicable to an argument of type (T, T). - (IntLiteral, IntLiteral)->IntLiteral is not applicable to an argument of type (T, T). - (Integral[\I\], I)->I is not applicable to an argument of type (T, T). - (MultiplicativeRing[\T\], T)->T is not applicable to an argument of type (T, T). - (NN32, NN32)->NN32 is not applicable to an argument of type (T, T). - (RR32, RR32)->RR32 is not applicable to an argument of type (T, T). - (String, Any)->String is not applicable to an argument of type (T, T). - (String, String)->String is not applicable to an argument of type (T, T). - [\T extends Number, nat n, nat m, nat p\](Matrix[\T,n,m\], Matrix[\T,m,p\])->Matrix[\T,n,p\] is not applicable to an argument of type (T, T). - [\T extends Number, nat n, nat m\](Matrix[\T,n,m\], T)->Matrix[\T,n,m\] is not applicable to an argument of type (T, T). - [\T extends Number, nat n, nat m\](Matrix[\T,n,m\], Vector[\T,m\])->Vector[\T,n\] is not applicable to an argument of type (T, T). - [\T extends Number, nat n, nat m\](T, Matrix[\T,n,m\])->Matrix[\T,n,m\] is not applicable to an argument of type (T, T). - [\T extends Number, nat n, nat m\](Vector[\T,n\], Matrix[\T,n,m\])->Vector[\T,m\] is not applicable to an argument of type (T, T). - [\T extends Number, nat n\](T, Vector[\T,n\])->Vector[\T,n\] is not applicable to an argument of type (T, T). - [\T extends Number, nat n\](Vector[\T,n\], T)->Vector[\T,n\] is not applicable to an argument of type (T, T). - [\T extends Number, nat n\](Vector[\T,n\], Vector[\T,n\])->T is not applicable to an argument of type (T, T). FortressLibrary.fss:2400:44-56: Possibly because v: T after argument inference
typecheck	Could not check call to function seq - DelegatedIndexed[\..\].	-	component FortressLibrary	typecheck	FortressLibrary.fss:4729	Could not check call to function seq - DelegatedIndexed[\E,I\]->SequentialGenerator[\E\] is not applicable to an argument of type Range[\ZZ32\]. - FilterGenerator[\E\]->SequentialGenerator[\E\] is not applicable to an argument of type Range[\ZZ32\]. - Generator[\E\]->SequentialGenerator[\E\] is not applicable to an argument of type Range[\ZZ32\]. - MappedGenerator[\E,F\]->SimpleMappedSeqGenerator[\E,F\] is not applicable to an argument of type Range[\ZZ32\]. - RangeInternals.CompactFullParScalarRange->RangeInternals.CompactFullSeqScalarRange is not applicable to an argument of type Range[\ZZ32\]. - RangeInternals.StridedFullParScalarRange->RangeInternals.StridedFullSeqScalarRange is not applicable to an argument of type Range[\ZZ32\]. - RangeInternals.StridedFullSeqScalarRange->RangeInternals.StridedFullSeqScalarRange is not applicable to an argument of type Range[\ZZ32\]. - ReadableArray[\E,I\]->SequentialGenerator[\E\] is not applicable to an argument of type Range[\ZZ32\]. - SequentialGenerator[\E\]->SequentialGenerator[\E\] is not applicable to an argument of type Range[\ZZ32\]. - SimpleMappedSeqGenerator[\E,F\]->SimpleMappedSeqGenerator[\E,F\] is not applicable to an argument of type Range[\ZZ32\]. - SimpleMappedSeqIndexed[\E,F,I\]->SimpleMappedSeqIndexed[\E,F,I\] is not applicable to an argument of type Range[\ZZ32\]. - SimpleNestedGenerator[\E,F\]->SequentialGenerator[\F\] is not applicable to an argument of type Range[\ZZ32\]. - SimplePairGenerator[\E,F\]->SequentialGenerator[\(E, F)\] is not applicable to an argument of type Range[\ZZ32\]. - SimpleSeqFilterGenerator[\E\]->SimpleSeqFilterGenerator[\E\] is not applicable to an argument of type Range[\ZZ32\].
typecheck	Could not check call to operator # - (ZZ32, ZZ32)->ExtentRange[\..\] is not applicable to an argument of type 	-	component FortressLibrary	typecheck	FortressLibrary.fss:3881	Could not check call to operator # - (ZZ32, ZZ32)->ExtentRange[\(ZZ32, ZZ32)\] is not applicable to an argument of type Any. - (ZZ32, ZZ32, ZZ32)->ExtentRange[\(ZZ32, ZZ32, ZZ32)\] is not applicable to an argument of type Any. - ZZ32->ExtentRange[\ZZ32\] is not applicable to an argument of type Any.
typecheck	Could not check call to operator # - (ZZ32, ZZ32)->LeftRange[\..\] is not applicable to an argument of type An	-	component FortressLibrary	typecheck	FortressLibrary.fss:3875	Could not check call to operator # - (ZZ32, ZZ32)->LeftRange[\(ZZ32, ZZ32)\] is not applicable to an argument of type Any. - (ZZ32, ZZ32, ZZ32)->LeftRange[\(ZZ32, ZZ32, ZZ32)\] is not applicable to an argument of type Any. - ZZ32->LeftRange[\ZZ32\] is not applicable to an argument of type Any.
typecheck	Could not check call to operator + - ((NN64 & {UnsignedLong}), NN64)->NN64 is not applicable to an argument of	-	component FortressLibrary	typecheck	FortressLibrary.fss:2396	Could not check call to operator + - ((NN64 & {UnsignedLong}), NN64)->NN64 is not applicable to an argument of type (T, T). - ((QQ & {Ratio}), QQ)->QQ is not applicable to an argument of type (T, T). - ((RR64 & {Float, FloatLiteral}), RR64)->RR64 is not applicable to an argument of type (T, T). - ((ZZ & {BigNum}), ZZ)->ZZ is not applicable to an argument of type (T, T). - ((ZZ32 & {Int}), ZZ32)->ZZ32 is not applicable to an argument of type (T, T). - ((ZZ64 & {Long}), ZZ64)->ZZ64 is not applicable to an argument of type (T, T). - (AdditiveGroup[\T\], T)->T is not applicable to an argument of type (T, T). - (IntLiteral, IntLiteral)->IntLiteral is not applicable to an argument of type (T, T). - (Integral[\I\], I)->I is not applicable to an argument of type (T, T). - (Matrix[\T,s0,s1\], Matrix[\T,s0,s1\])->Matrix[\T,s0,s1\] is not applicable to an argument of type (T, T). - (NN32, NN32)->NN32 is not applicable to an argument of type (T, T). - (RR32, RR32)->RR32 is not applicable to an argument of type (T, T). - (Vector[\T,s0\], Vector[\T,s0\])->Vector[\T,s0\] is not applicable to an argument of type (T, T). - [\T extends Number, I\](Array[\T,I\], T)->Array[\T,I\] is not applicable to an argument of type (T, T). - [\T extends Number, I\](T, Array[\T,I\])->Array[\T,I\] is not applicable to an argument of type (T, T).
typecheck	Could not check call to operator + - ((NN64 & {UnsignedLong}), NN64)->NN64 is not applicable to an argument of	-	component FortressLibrary	typecheck	FortressLibrary.fss:2704	Could not check call to operator + - ((NN64 & {UnsignedLong}), NN64)->NN64 is not applicable to an argument of type (T, T). - ((QQ & {Ratio}), QQ)->QQ is not applicable to an argument of type (T, T). - ((RR64 & {Float, FloatLiteral}), RR64)->RR64 is not applicable to an argument of type (T, T). - ((ZZ & {BigNum}), ZZ)->ZZ is not applicable to an argument of type (T, T). - ((ZZ32 & {Int}), ZZ32)->ZZ32 is not applicable to an argument of type (T, T). - ((ZZ64 & {Long}), ZZ64)->ZZ64 is not applicable to an argument of type (T, T). - (AdditiveGroup[\T\], T)->T is not applicable to an argument of type (T, T). - (IntLiteral, IntLiteral)->IntLiteral is not applicable to an argument of type (T, T). - (Integral[\I\], I)->I is not applicable to an argument of type (T, T). - (Matrix[\T,s0,s1\], Matrix[\T,s0,s1\])->Matrix[\T,s0,s1\] is not applicable to an argument of type (T, T). - (NN32, NN32)->NN32 is not applicable to an argument of type (T, T). - (RR32, RR32)->RR32 is not applicable to an argument of type (T, T). - (Vector[\T,s0\], Vector[\T,s0\])->Vector[\T,s0\] is not applicable to an argument of type (T, T). - [\T extends Number, I\](Array[\T,I\], T)->Array[\T,I\] is not applicable to an argument of type (T, T). - [\T extends Number, I\](T, Array[\T,I\])->Array[\T,I\] is not applicable to an argument of type (T, T).
typecheck	Could not check call to operator + - ((NN64 & {UnsignedLong}), NN64)->NN64 is not applicable to an argument of	-	component FortressLibrary	typecheck	FortressLibrary.fss:2716	Could not check call to operator + - ((NN64 & {UnsignedLong}), NN64)->NN64 is not applicable to an argument of type (T, T). - ((QQ & {Ratio}), QQ)->QQ is not applicable to an argument of type (T, T). - ((RR64 & {Float, FloatLiteral}), RR64)->RR64 is not applicable to an argument of type (T, T). - ((ZZ & {BigNum}), ZZ)->ZZ is not applicable to an argument of type (T, T). - ((ZZ32 & {Int}), ZZ32)->ZZ32 is not applicable to an argument of type (T, T). - ((ZZ64 & {Long}), ZZ64)->ZZ64 is not applicable to an argument of type (T, T). - (AdditiveGroup[\T\], T)->T is not applicable to an argument of type (T, T). - (IntLiteral, IntLiteral)->IntLiteral is not applicable to an argument of type (T, T). - (Integral[\I\], I)->I is not applicable to an argument of type (T, T). - (Matrix[\T,s0,s1\], Matrix[\T,s0,s1\])->Matrix[\T,s0,s1\] is not applicable to an argument of type (T, T). - (NN32, NN32)->NN32 is not applicable to an argument of type (T, T). - (RR32, RR32)->RR32 is not applicable to an argument of type (T, T). - (Vector[\T,s0\], Vector[\T,s0\])->Vector[\T,s0\] is not applicable to an argument of type (T, T). - [\T extends Number, I\](Array[\T,I\], T)->Array[\T,I\] is not applicable to an argument of type (T, T). - [\T extends Number, I\](T, Array[\T,I\])->Array[\T,I\] is not applicable to an argument of type (T, T).
typecheck	Could not check call to operator + - ((NN64 & {UnsignedLong}), NN64)->NN64 is not applicable to an argument of	-	component FortressLibrary	typecheck	FortressLibrary.fss:4739	Could not check call to operator + - ((NN64 & {UnsignedLong}), NN64)->NN64 is not applicable to an argument of type (T, T). - ((QQ & {Ratio}), QQ)->QQ is not applicable to an argument of type (T, T). - ((RR64 & {Float, FloatLiteral}), RR64)->RR64 is not applicable to an argument of type (T, T). - ((ZZ & {BigNum}), ZZ)->ZZ is not applicable to an argument of type (T, T). - ((ZZ32 & {Int}), ZZ32)->ZZ32 is not applicable to an argument of type (T, T). - ((ZZ64 & {Long}), ZZ64)->ZZ64 is not applicable to an argument of type (T, T). - (AdditiveGroup[\T\], T)->T is not applicable to an argument of type (T, T). - (IntLiteral, IntLiteral)->IntLiteral is not applicable to an argument of type (T, T). - (Integral[\I\], I)->I is not applicable to an argument of type (T, T). - (Matrix[\T,s0,s1\], Matrix[\T,s0,s1\])->Matrix[\T,s0,s1\] is not applicable to an argument of type (T, T). - (NN32, NN32)->NN32 is not applicable to an argument of type (T, T). - (RR32, RR32)->RR32 is not applicable to an argument of type (T, T). - (Vector[\T,s0\], Vector[\T,s0\])->Vector[\T,s0\] is not applicable to an argument of type (T, T). - [\T extends Number, I\](Array[\T,I\], T)->Array[\T,I\] is not applicable to an argument of type (T, T). - [\T extends Number, I\](T, Array[\T,I\])->Array[\T,I\] is not applicable to an argument of type (T, T).
typecheck	Could not check call to operator + - ((NN64 & {UnsignedLong}), NN64)->NN64 is not applicable to an argument of	-	component FortressLibrary	typecheck	FortressLibrary.fss:4740	Could not check call to operator + - ((NN64 & {UnsignedLong}), NN64)->NN64 is not applicable to an argument of type (T, T). - ((QQ & {Ratio}), QQ)->QQ is not applicable to an argument of type (T, T). - ((RR64 & {Float, FloatLiteral}), RR64)->RR64 is not applicable to an argument of type (T, T). - ((ZZ & {BigNum}), ZZ)->ZZ is not applicable to an argument of type (T, T). - ((ZZ32 & {Int}), ZZ32)->ZZ32 is not applicable to an argument of type (T, T). - ((ZZ64 & {Long}), ZZ64)->ZZ64 is not applicable to an argument of type (T, T). - (AdditiveGroup[\T\], T)->T is not applicable to an argument of type (T, T). - (IntLiteral, IntLiteral)->IntLiteral is not applicable to an argument of type (T, T). - (Integral[\I\], I)->I is not applicable to an argument of type (T, T). - (Matrix[\T,s0,s1\], Matrix[\T,s0,s1\])->Matrix[\T,s0,s1\] is not applicable to an argument of type (T, T). - (NN32, NN32)->NN32 is not applicable to an argument of type (T, T). - (RR32, RR32)->RR32 is not applicable to an argument of type (T, T). - (Vector[\T,s0\], Vector[\T,s0\])->Vector[\T,s0\] is not applicable to an argument of type (T, T). - [\T extends Number, I\](Array[\T,I\], T)->Array[\T,I\] is not applicable to an argument of type (T, T). - [\T extends Number, I\](T, Array[\T,I\])->Array[\T,I\] is not applicable to an argument of type (T, T).
typecheck	Could not check call to operator - - ((NN64 & {UnsignedLong}), NN64)->NN64 is not applicable to an argument of	-	component FortressLibrary	typecheck	FortressLibrary.fss:2398	Could not check call to operator - - ((NN64 & {UnsignedLong}), NN64)->NN64 is not applicable to an argument of type (T, T). - ((QQ & {Ratio}), QQ)->QQ is not applicable to an argument of type (T, T). - ((RR64 & {Float, FloatLiteral}), RR64)->RR64 is not applicable to an argument of type (T, T). - ((ZZ & {BigNum}), ZZ)->ZZ is not applicable to an argument of type (T, T). - ((ZZ32 & {Int}), ZZ32)->ZZ32 is not applicable to an argument of type (T, T). - ((ZZ64 & {Long}), ZZ64)->ZZ64 is not applicable to an argument of type (T, T). - (AdditiveGroup[\T\], T)->T is not applicable to an argument of type (T, T). - (IntLiteral, IntLiteral)->IntLiteral is not applicable to an argument of type (T, T). - (Integral[\I\], I)->I is not applicable to an argument of type (T, T). - (Matrix[\T,s0,s1\], Matrix[\T,s0,s1\])->Matrix[\T,s0,s1\] is not applicable to an argument of type (T, T). - (NN32, NN32)->NN32 is not applicable to an argument of type (T, T). - (RR32, RR32)->RR32 is not applicable to an argument of type (T, T). - (Vector[\T,s0\], Vector[\T,s0\])->Vector[\T,s0\] is not applicable to an argument of type (T, T). - [\T extends Number, I\](Array[\T,I\], T)->Array[\T,I\] is not applicable to an argument of type (T, T). - [\T extends Number, I\](T, Array[\T,I\])->Array[\T,I\] is not applicable to an argument of type (T, T).
typecheck	Could not check call to operator - - ((NN64 & {UnsignedLong}), NN64)->NN64 is not applicable to an argument of	-	component FortressLibrary	typecheck	FortressLibrary.fss:2706	Could not check call to operator - - ((NN64 & {UnsignedLong}), NN64)->NN64 is not applicable to an argument of type (T, T). - ((QQ & {Ratio}), QQ)->QQ is not applicable to an argument of type (T, T). - ((RR64 & {Float, FloatLiteral}), RR64)->RR64 is not applicable to an argument of type (T, T). - ((ZZ & {BigNum}), ZZ)->ZZ is not applicable to an argument of type (T, T). - ((ZZ32 & {Int}), ZZ32)->ZZ32 is not applicable to an argument of type (T, T). - ((ZZ64 & {Long}), ZZ64)->ZZ64 is not applicable to an argument of type (T, T). - (AdditiveGroup[\T\], T)->T is not applicable to an argument of type (T, T). - (IntLiteral, IntLiteral)->IntLiteral is not applicable to an argument of type (T, T). - (Integral[\I\], I)->I is not applicable to an argument of type (T, T). - (Matrix[\T,s0,s1\], Matrix[\T,s0,s1\])->Matrix[\T,s0,s1\] is not applicable to an argument of type (T, T). - (NN32, NN32)->NN32 is not applicable to an argument of type (T, T). - (RR32, RR32)->RR32 is not applicable to an argument of type (T, T). - (Vector[\T,s0\], Vector[\T,s0\])->Vector[\T,s0\] is not applicable to an argument of type (T, T). - [\T extends Number, I\](Array[\T,I\], T)->Array[\T,I\] is not applicable to an argument of type (T, T). - [\T extends Number, I\](T, Array[\T,I\])->Array[\T,I\] is not applicable to an argument of type (T, T).
typecheck	Could not check call to operator - - ((NN64 & {UnsignedLong}), NN64)->NN64 is not applicable to an argument of	-	component FortressLibrary	typecheck	FortressLibrary.fss:357	Could not check call to operator - - ((NN64 & {UnsignedLong}), NN64)->NN64 is not applicable to an argument of type (AdditiveGroup[\T\], AdditiveGroup[\T\]). - ((QQ & {Ratio}), QQ)->QQ is not applicable to an argument of type (AdditiveGroup[\T\], AdditiveGroup[\T\]). - ((RR64 & {Float, FloatLiteral}), RR64)->RR64 is not applicable to an argument of type (AdditiveGroup[\T\], AdditiveGroup[\T\]). - ((ZZ & {BigNum}), ZZ)->ZZ is not applicable to an argument of type (AdditiveGroup[\T\], AdditiveGroup[\T\]). - ((ZZ32 & {Int}), ZZ32)->ZZ32 is not applicable to an argument of type (AdditiveGroup[\T\], AdditiveGroup[\T\]). - ((ZZ64 & {Long}), ZZ64)->ZZ64 is not applicable to an argument of type (AdditiveGroup[\T\], AdditiveGroup[\T\]). - (AdditiveGroup[\T\], T)->T is not applicable to an argument of type (AdditiveGroup[\T\], AdditiveGroup[\T\]). - (IntLiteral, IntLiteral)->IntLiteral is not applicable to an argument of type (AdditiveGroup[\T\], AdditiveGroup[\T\]). - (Integral[\I\], I)->I is not applicable to an argument of type (AdditiveGroup[\T\], AdditiveGroup[\T\]). - (Matrix[\T,s0,s1\], Matrix[\T,s0,s1\])->Matrix[\T,s0,s1\] is not applicable to an argument of type (AdditiveGroup[\T\], AdditiveGroup[\T\]). - (NN32, NN32)->NN32 is not applicable to an argument of type (AdditiveGroup[\T\], AdditiveGroup[\T\]). - (RR32, RR32)->RR32 is not applicable to an argument of type (AdditiveGroup[\T\], AdditiveGroup[\T\]). - (Vector[\T,s0\], Vector[\T,s0\])->Vector[\T,s0\] is not applicable to an argument of type (AdditiveGroup[\T\], AdditiveGroup[\T\]). - [\T extends Number, I\](Array[\T,I\], T)->Array[\T,I\] is not applicable to an argument of type (AdditiveGroup[\T\], AdditiveGroup[\T\]). - [\T extends Number, I\](T, Array[\T,I\])->Array[\T,I\] is not applicable to an argument of type (AdditiveGroup[\T\], AdditiveGroup[\T\]).
typecheck	Could not check call to operator - - ((NN64 & {UnsignedLong}), NN64)->NN64 is not applicable to an argument of	-	component FortressLibrary	typecheck	FortressLibrary.fss:360	Could not check call to operator - - ((NN64 & {UnsignedLong}), NN64)->NN64 is not applicable to an argument of type (T, AdditiveGroup[\T\]). - ((QQ & {Ratio}), QQ)->QQ is not applicable to an argument of type (T, AdditiveGroup[\T\]). - ((RR64 & {Float, FloatLiteral}), RR64)->RR64 is not applicable to an argument of type (T, AdditiveGroup[\T\]). - ((ZZ & {BigNum}), ZZ)->ZZ is not applicable to an argument of type (T, AdditiveGroup[\T\]). - ((ZZ32 & {Int}), ZZ32)->ZZ32 is not applicable to an argument of type (T, AdditiveGroup[\T\]). - ((ZZ64 & {Long}), ZZ64)->ZZ64 is not applicable to an argument of type (T, AdditiveGroup[\T\]). - (AdditiveGroup[\T\], T)->T is not applicable to an argument of type (T, AdditiveGroup[\T\]). - (IntLiteral, IntLiteral)->IntLiteral is not applicable to an argument of type (T, AdditiveGroup[\T\]). - (Integral[\I\], I)->I is not applicable to an argument of type (T, AdditiveGroup[\T\]). - (Matrix[\T,s0,s1\], Matrix[\T,s0,s1\])->Matrix[\T,s0,s1\] is not applicable to an argument of type (T, AdditiveGroup[\T\]). - (NN32, NN32)->NN32 is not applicable to an argument of type (T, AdditiveGroup[\T\]). - (RR32, RR32)->RR32 is not applicable to an argument of type (T, AdditiveGroup[\T\]). - (Vector[\T,s0\], Vector[\T,s0\])->Vector[\T,s0\] is not applicable to an argument of type (T, AdditiveGroup[\T\]). - [\T extends Number, I\](Array[\T,I\], T)->Array[\T,I\] is not applicable to an argument of type (T, AdditiveGroup[\T\]). - [\T extends Number, I\](T, Array[\T,I\])->Array[\T,I\] is not applicable to an argument of type (T, AdditiveGroup[\T\]).
typecheck	Could not check call to operator - - ((NN64 & {UnsignedLong}), NN64)->NN64 is not applicable to an argument of	-	component FortressLibrary	typecheck	FortressLibrary.fss:3994	Could not check call to operator - - ((NN64 & {UnsignedLong}), NN64)->NN64 is not applicable to an argument of type (I, AND(ZZ32,I)). - ((QQ & {Ratio}), QQ)->QQ is not applicable to an argument of type (I, AND(ZZ32,I)). - ((RR64 & {Float, FloatLiteral}), RR64)->RR64 is not applicable to an argument of type (I, AND(ZZ32,I)). - ((ZZ & {BigNum}), ZZ)->ZZ is not applicable to an argument of type (I, AND(ZZ32,I)). - ((ZZ32 & {Int}), ZZ32)->ZZ32 is not applicable to an argument of type (I, AND(ZZ32,I)). - ((ZZ64 & {Long}), ZZ64)->ZZ64 is not applicable to an argument of type (I, AND(ZZ32,I)). - (AdditiveGroup[\T\], T)->T is not applicable to an argument of type (I, AND(ZZ32,I)). - (IntLiteral, IntLiteral)->IntLiteral is not applicable to an argument of type (I, AND(ZZ32,I)). - (Integral[\I\], I)->I is not applicable to an argument of type (I, AND(ZZ32,I)). - (Matrix[\T,s0,s1\], Matrix[\T,s0,s1\])->Matrix[\T,s0,s1\] is not applicable to an argument of type (I, AND(ZZ32,I)). - (NN32, NN32)->NN32 is not applicable to an argument of type (I, AND(ZZ32,I)). - (RR32, RR32)->RR32 is not applicable to an argument of type (I, AND(ZZ32,I)). - (Vector[\T,s0\], Vector[\T,s0\])->Vector[\T,s0\] is not applicable to an argument of type (I, AND(ZZ32,I)). - [\T extends Number, I\](Array[\T,I\], T)->Array[\T,I\] is not applicable to an argument of type (I, AND(ZZ32,I)). - [\T extends Number, I\](T, Array[\T,I\])->Array[\T,I\] is not applicable to an argument of type (I, AND(ZZ32,I)).
typecheck	Could not check call to operator - - ((NN64 & {UnsignedLong}), NN64)->NN64 is not applicable to an argument of	-	component FortressLibrary	typecheck	FortressLibrary.fss:4741	Could not check call to operator - - ((NN64 & {UnsignedLong}), NN64)->NN64 is not applicable to an argument of type (T, T). - ((QQ & {Ratio}), QQ)->QQ is not applicable to an argument of type (T, T). - ((RR64 & {Float, FloatLiteral}), RR64)->RR64 is not applicable to an argument of type (T, T). - ((ZZ & {BigNum}), ZZ)->ZZ is not applicable to an argument of type (T, T). - ((ZZ32 & {Int}), ZZ32)->ZZ32 is not applicable to an argument of type (T, T). - ((ZZ64 & {Long}), ZZ64)->ZZ64 is not applicable to an argument of type (T, T). - (AdditiveGroup[\T\], T)->T is not applicable to an argument of type (T, T). - (IntLiteral, IntLiteral)->IntLiteral is not applicable to an argument of type (T, T). - (Integral[\I\], I)->I is not applicable to an argument of type (T, T). - (Matrix[\T,s0,s1\], Matrix[\T,s0,s1\])->Matrix[\T,s0,s1\] is not applicable to an argument of type (T, T). - (NN32, NN32)->NN32 is not applicable to an argument of type (T, T). - (RR32, RR32)->RR32 is not applicable to an argument of type (T, T). - (Vector[\T,s0\], Vector[\T,s0\])->Vector[\T,s0\] is not applicable to an argument of type (T, T). - [\T extends Number, I\](Array[\T,I\], T)->Array[\T,I\] is not applicable to an argument of type (T, T). - [\T extends Number, I\](T, Array[\T,I\])->Array[\T,I\] is not applicable to an argument of type (T, T).
typecheck	Could not check call to operator - - ((NN64 & {UnsignedLong}), NN64)->NN64 is not applicable to an argument of	-	component FortressLibrary	typecheck	FortressLibrary.fss:4745	Could not check call to operator - - ((NN64 & {UnsignedLong}), NN64)->NN64 is not applicable to an argument of type (T, T). - ((QQ & {Ratio}), QQ)->QQ is not applicable to an argument of type (T, T). - ((RR64 & {Float, FloatLiteral}), RR64)->RR64 is not applicable to an argument of type (T, T). - ((ZZ & {BigNum}), ZZ)->ZZ is not applicable to an argument of type (T, T). - ((ZZ32 & {Int}), ZZ32)->ZZ32 is not applicable to an argument of type (T, T). - ((ZZ64 & {Long}), ZZ64)->ZZ64 is not applicable to an argument of type (T, T). - (AdditiveGroup[\T\], T)->T is not applicable to an argument of type (T, T). - (IntLiteral, IntLiteral)->IntLiteral is not applicable to an argument of type (T, T). - (Integral[\I\], I)->I is not applicable to an argument of type (T, T). - (Matrix[\T,s0,s1\], Matrix[\T,s0,s1\])->Matrix[\T,s0,s1\] is not applicable to an argument of type (T, T). - (NN32, NN32)->NN32 is not applicable to an argument of type (T, T). - (RR32, RR32)->RR32 is not applicable to an argument of type (T, T). - (Vector[\T,s0\], Vector[\T,s0\])->Vector[\T,s0\] is not applicable to an argument of type (T, T). - [\T extends Number, I\](Array[\T,I\], T)->Array[\T,I\] is not applicable to an argument of type (T, T). - [\T extends Number, I\](T, Array[\T,I\])->Array[\T,I\] is not applicable to an argument of type (T, T).
typecheck	Could not check call to operator - - (NN64 & {UnsignedLong})->NN64 is not applicable to an argument of type An	-	component FortressLibrary	typecheck	FortressLibrary.fss:639	Could not check call to operator - - (NN64 & {UnsignedLong})->NN64 is not applicable to an argument of type AnyIntegral. - (QQ & {Ratio})->QQ is not applicable to an argument of type AnyIntegral. - (RR64 & {Float, FloatLiteral})->RR64 is not applicable to an argument of type AnyIntegral. - (ZZ & {BigNum})->ZZ is not applicable to an argument of type AnyIntegral. - (ZZ32 & {Int})->ZZ32 is not applicable to an argument of type AnyIntegral. - (ZZ64 & {Long})->ZZ64 is not applicable to an argument of type AnyIntegral. - AdditiveGroup[\T\]->T is not applicable to an argument of type AnyIntegral. - IntLiteral->IntLiteral is not applicable to an argument of type AnyIntegral. - Integral[\I\]->I is not applicable to an argument of type AnyIntegral. - Matrix[\T,s0,s1\]->Matrix[\T,s0,s1\] is not applicable to an argument of type AnyIntegral. - NN32->NN32 is not applicable to an argument of type AnyIntegral. - RR32->RR32 is not applicable to an argument of type AnyIntegral. - Vector[\T,s0\]->Vector[\T,s0\] is not applicable to an argument of type AnyIntegral.
typecheck	Could not check call to operator - - (NN64 & {UnsignedLong})->NN64 is not applicable to an argument of type An	-	component FortressLibrary	typecheck	FortressLibrary.fss:640	Could not check call to operator - - (NN64 & {UnsignedLong})->NN64 is not applicable to an argument of type AnyIntegral. - (QQ & {Ratio})->QQ is not applicable to an argument of type AnyIntegral. - (RR64 & {Float, FloatLiteral})->RR64 is not applicable to an argument of type AnyIntegral. - (ZZ & {BigNum})->ZZ is not applicable to an argument of type AnyIntegral. - (ZZ32 & {Int})->ZZ32 is not applicable to an argument of type AnyIntegral. - (ZZ64 & {Long})->ZZ64 is not applicable to an argument of type AnyIntegral. - AdditiveGroup[\T\]->T is not applicable to an argument of type AnyIntegral. - IntLiteral->IntLiteral is not applicable to an argument of type AnyIntegral. - Integral[\I\]->I is not applicable to an argument of type AnyIntegral. - Matrix[\T,s0,s1\]->Matrix[\T,s0,s1\] is not applicable to an argument of type AnyIntegral. - NN32->NN32 is not applicable to an argument of type AnyIntegral. - RR32->RR32 is not applicable to an argument of type AnyIntegral. - Vector[\T,s0\]->Vector[\T,s0\] is not applicable to an argument of type AnyIntegral.
typecheck	Could not check call to operator - - (NN64 & {UnsignedLong})->NN64 is not applicable to an argument of type T.	-	component FortressLibrary	typecheck	FortressLibrary.fss:2399	Could not check call to operator - - (NN64 & {UnsignedLong})->NN64 is not applicable to an argument of type T. - (QQ & {Ratio})->QQ is not applicable to an argument of type T. - (RR64 & {Float, FloatLiteral})->RR64 is not applicable to an argument of type T. - (ZZ & {BigNum})->ZZ is not applicable to an argument of type T. - (ZZ32 & {Int})->ZZ32 is not applicable to an argument of type T. - (ZZ64 & {Long})->ZZ64 is not applicable to an argument of type T. - AdditiveGroup[\T\]->T is not applicable to an argument of type T. - IntLiteral->IntLiteral is not applicable to an argument of type T. - Integral[\I\]->I is not applicable to an argument of type T. - Matrix[\T,s0,s1\]->Matrix[\T,s0,s1\] is not applicable to an argument of type T. - NN32->NN32 is not applicable to an argument of type T. - RR32->RR32 is not applicable to an argument of type T. - Vector[\T,s0\]->Vector[\T,s0\] is not applicable to an argument of type T.
typecheck	Could not check call to operator - - (NN64 & {UnsignedLong})->NN64 is not applicable to an argument of type T.	-	component FortressLibrary	typecheck	FortressLibrary.fss:2707	Could not check call to operator - - (NN64 & {UnsignedLong})->NN64 is not applicable to an argument of type T. - (QQ & {Ratio})->QQ is not applicable to an argument of type T. - (RR64 & {Float, FloatLiteral})->RR64 is not applicable to an argument of type T. - (ZZ & {BigNum})->ZZ is not applicable to an argument of type T. - (ZZ32 & {Int})->ZZ32 is not applicable to an argument of type T. - (ZZ64 & {Long})->ZZ64 is not applicable to an argument of type T. - AdditiveGroup[\T\]->T is not applicable to an argument of type T. - IntLiteral->IntLiteral is not applicable to an argument of type T. - Integral[\I\]->I is not applicable to an argument of type T. - Matrix[\T,s0,s1\]->Matrix[\T,s0,s1\] is not applicable to an argument of type T. - NN32->NN32 is not applicable to an argument of type T. - RR32->RR32 is not applicable to an argument of type T. - Vector[\T,s0\]->Vector[\T,s0\] is not applicable to an argument of type T.
typecheck	Could not check call to operator : - (ZZ32, ZZ32)->RightRange[\..\] is not applicable to an argument of type A	-	component FortressLibrary	typecheck	FortressLibrary.fss:3876	Could not check call to operator : - (ZZ32, ZZ32)->RightRange[\(ZZ32, ZZ32)\] is not applicable to an argument of type Any. - (ZZ32, ZZ32, ZZ32)->RightRange[\(ZZ32, ZZ32, ZZ32)\] is not applicable to an argument of type Any. - ZZ32->RightRange[\ZZ32\] is not applicable to an argument of type Any.
typecheck	Could not check call to operator :: - (ZZ32, ZZ32)->OpenRange[\..\] is not applicable to an argument of type A	-	component FortressLibrary	typecheck	FortressLibrary.fss:3879	Could not check call to operator :: - (ZZ32, ZZ32)->OpenRange[\(ZZ32, ZZ32)\] is not applicable to an argument of type Any. - (ZZ32, ZZ32, ZZ32)->OpenRange[\(ZZ32, ZZ32, ZZ32)\] is not applicable to an argument of type Any. - ZZ32->OpenRange[\ZZ32\] is not applicable to an argument of type Any.
typecheck	Could not check call to operator :: - (ZZ32, ZZ32)->OpenRange[\..\] is not applicable to an argument of type A	-	component FortressLibrary	typecheck	FortressLibrary.fss:3880	Could not check call to operator :: - (ZZ32, ZZ32)->OpenRange[\(ZZ32, ZZ32)\] is not applicable to an argument of type Any. - (ZZ32, ZZ32, ZZ32)->OpenRange[\(ZZ32, ZZ32, ZZ32)\] is not applicable to an argument of type Any. - ZZ32->OpenRange[\ZZ32\] is not applicable to an argument of type Any.
typecheck	Could not check call to operator < - ((NN64 & {UnsignedLong}), NN64)->Boolean is not applicable to an argument	-	component FortressLibrary	typecheck	FortressLibrary.fss:223	Could not check call to operator < - ((NN64 & {UnsignedLong}), NN64)->Boolean is not applicable to an argument of type (T, StandardPartialOrder[\T\]). - ((QQ & {Ratio}), QQ)->Boolean is not applicable to an argument of type (T, StandardPartialOrder[\T\]). - ((RR64 & {Float, FloatLiteral}), RR64)->Boolean is not applicable to an argument of type (T, StandardPartialOrder[\T\]). - ((TotalComparison & {LessThan, EqualTo, GreaterThan}), Unordered)->Boolean is not applicable to an argument of type (T, StandardPartialOrder[\T\]). - ((ZZ & {BigNum}), ZZ)->Boolean is not applicable to an argument of type (T, StandardPartialOrder[\T\]). - ((ZZ32 & {Int}), ZZ32)->Boolean is not applicable to an argument of type (T, StandardPartialOrder[\T\]). - ((ZZ64 & {Long}), ZZ64)->Boolean is not applicable to an argument of type (T, StandardPartialOrder[\T\]). - (Char, Char)->Boolean is not applicable to an argument of type (T, StandardPartialOrder[\T\]). - (EqualTo, GreaterThan)->Boolean is not applicable to an argument of type (T, StandardPartialOrder[\T\]). - (EqualTo, TotalComparison)->Boolean is not applicable to an argument of type (T, StandardPartialOrder[\T\]). - (GreaterThan, TotalComparison)->Boolean is not applicable to an argument of type (T, StandardPartialOrder[\T\]). - (IntLiteral, IntLiteral)->Boolean is not applicable to an argument of type (T, StandardPartialOrder[\T\]). - (LessThan, LessThan)->Boolean is not applicable to an argument of type (T, StandardPartialOrder[\T\]). - (LessThan, TotalComparison)->Boolean is not applicable to an argument of type (T, StandardPartialOrder[\T\]). - (NN32, NN32)->Boolean is not applicable to an argument of type (T, StandardPartialOrder[\T\]). - (RR32, RR32)->Boolean is not applicable to an argument of type (T, StandardPartialOrder[\T\]). - (StandardPartialOrder[\T\], T)->Boolean is not applicable to an argument of type (T, StandardPartialOrder[\T\]). - (Unordered, Comparison)->Boolean is not applicable to an argument of type (T, StandardPartialOrder[\T\]). - [\A, B, C\]((A, B, C), (A, B, C))->Boolean is not applicable to an argument of type (T, StandardPartialOrder[\T\]). - [\A, B\]((A, B), (A, B))->Boolean is not applicable to an argument of type (T, StandardPartialOrder[\T\]).
typecheck	Could not check call to operator < - ((NN64 & {UnsignedLong}), NN64)->Boolean is not applicable to an argument	-	component FortressLibrary	typecheck	FortressLibrary.fss:228	Could not check call to operator < - ((NN64 & {UnsignedLong}), NN64)->Boolean is not applicable to an argument of type (T, StandardPartialOrder[\T\]). - ((QQ & {Ratio}), QQ)->Boolean is not applicable to an argument of type (T, StandardPartialOrder[\T\]). - ((RR64 & {Float, FloatLiteral}), RR64)->Boolean is not applicable to an argument of type (T, StandardPartialOrder[\T\]). - ((TotalComparison & {LessThan, EqualTo, GreaterThan}), Unordered)->Boolean is not applicable to an argument of type (T, StandardPartialOrder[\T\]). - ((ZZ & {BigNum}), ZZ)->Boolean is not applicable to an argument of type (T, StandardPartialOrder[\T\]). - ((ZZ32 & {Int}), ZZ32)->Boolean is not applicable to an argument of type (T, StandardPartialOrder[\T\]). - ((ZZ64 & {Long}), ZZ64)->Boolean is not applicable to an argument of type (T, StandardPartialOrder[\T\]). - (Char, Char)->Boolean is not applicable to an argument of type (T, StandardPartialOrder[\T\]). - (EqualTo, GreaterThan)->Boolean is not applicable to an argument of type (T, StandardPartialOrder[\T\]). - (EqualTo, TotalComparison)->Boolean is not applicable to an argument of type (T, StandardPartialOrder[\T\]). - (GreaterThan, TotalComparison)->Boolean is not applicable to an argument of type (T, StandardPartialOrder[\T\]). - (IntLiteral, IntLiteral)->Boolean is not applicable to an argument of type (T, StandardPartialOrder[\T\]). - (LessThan, LessThan)->Boolean is not applicable to an argument of type (T, StandardPartialOrder[\T\]). - (LessThan, TotalComparison)->Boolean is not applicable to an argument of type (T, StandardPartialOrder[\T\]). - (NN32, NN32)->Boolean is not applicable to an argument of type (T, StandardPartialOrder[\T\]). - (RR32, RR32)->Boolean is not applicable to an argument of type (T, StandardPartialOrder[\T\]). - (StandardPartialOrder[\T\], T)->Boolean is not applicable to an argument of type (T, StandardPartialOrder[\T\]). - (Unordered, Comparison)->Boolean is not applicable to an argument of type (T, StandardPartialOrder[\T\]). - [\A, B, C\]((A, B, C), (A, B, C))->Boolean is not applicable to an argument of type (T, StandardPartialOrder[\T\]). - [\A, B\]((A, B), (A, B))->Boolean is not applicable to an argument of type (T, StandardPartialOrder[\T\]).
typecheck	Could not check call to operator < - ((NN64 & {UnsignedLong}), NN64)->Boolean is not applicable to an argument	-	component FortressLibrary	typecheck	FortressLibrary.fss:282	Could not check call to operator < - ((NN64 & {UnsignedLong}), NN64)->Boolean is not applicable to an argument of type (T, StandardTotalOrder[\T\]). - ((QQ & {Ratio}), QQ)->Boolean is not applicable to an argument of type (T, StandardTotalOrder[\T\]). - ((RR64 & {Float, FloatLiteral}), RR64)->Boolean is not applicable to an argument of type (T, StandardTotalOrder[\T\]). - ((TotalComparison & {LessThan, EqualTo, GreaterThan}), Unordered)->Boolean is not applicable to an argument of type (T, StandardTotalOrder[\T\]). - ((ZZ & {BigNum}), ZZ)->Boolean is not applicable to an argument of type (T, StandardTotalOrder[\T\]). - ((ZZ32 & {Int}), ZZ32)->Boolean is not applicable to an argument of type (T, StandardTotalOrder[\T\]). - ((ZZ64 & {Long}), ZZ64)->Boolean is not applicable to an argument of type (T, StandardTotalOrder[\T\]). - (Char, Char)->Boolean is not applicable to an argument of type (T, StandardTotalOrder[\T\]). - (EqualTo, GreaterThan)->Boolean is not applicable to an argument of type (T, StandardTotalOrder[\T\]). - (EqualTo, TotalComparison)->Boolean is not applicable to an argument of type (T, StandardTotalOrder[\T\]). - (GreaterThan, TotalComparison)->Boolean is not applicable to an argument of type (T, StandardTotalOrder[\T\]). - (IntLiteral, IntLiteral)->Boolean is not applicable to an argument of type (T, StandardTotalOrder[\T\]). - (LessThan, LessThan)->Boolean is not applicable to an argument of type (T, StandardTotalOrder[\T\]). - (LessThan, TotalComparison)->Boolean is not applicable to an argument of type (T, StandardTotalOrder[\T\]). - (NN32, NN32)->Boolean is not applicable to an argument of type (T, StandardTotalOrder[\T\]). - (RR32, RR32)->Boolean is not applicable to an argument of type (T, StandardTotalOrder[\T\]). - (StandardPartialOrder[\T\], T)->Boolean is not applicable to an argument of type (T, StandardTotalOrder[\T\]). - (Unordered, Comparison)->Boolean is not applicable to an argument of type (T, StandardTotalOrder[\T\]). - [\A, B, C\]((A, B, C), (A, B, C))->Boolean is not applicable to an argument of type (T, StandardTotalOrder[\T\]). - [\A, B\]((A, B), (A, B))->Boolean is not applicable to an argument of type (T, StandardTotalOrder[\T\]).
typecheck	Could not check call to operator < - ((NN64 & {UnsignedLong}), NN64)->Boolean is not applicable to an argument	-	component FortressLibrary	typecheck	FortressLibrary.fss:286	Could not check call to operator < - ((NN64 & {UnsignedLong}), NN64)->Boolean is not applicable to an argument of type (T, StandardTotalOrder[\T\]). - ((QQ & {Ratio}), QQ)->Boolean is not applicable to an argument of type (T, StandardTotalOrder[\T\]). - ((RR64 & {Float, FloatLiteral}), RR64)->Boolean is not applicable to an argument of type (T, StandardTotalOrder[\T\]). - ((TotalComparison & {LessThan, EqualTo, GreaterThan}), Unordered)->Boolean is not applicable to an argument of type (T, StandardTotalOrder[\T\]). - ((ZZ & {BigNum}), ZZ)->Boolean is not applicable to an argument of type (T, StandardTotalOrder[\T\]). - ((ZZ32 & {Int}), ZZ32)->Boolean is not applicable to an argument of type (T, StandardTotalOrder[\T\]). - ((ZZ64 & {Long}), ZZ64)->Boolean is not applicable to an argument of type (T, StandardTotalOrder[\T\]). - (Char, Char)->Boolean is not applicable to an argument of type (T, StandardTotalOrder[\T\]). - (EqualTo, GreaterThan)->Boolean is not applicable to an argument of type (T, StandardTotalOrder[\T\]). - (EqualTo, TotalComparison)->Boolean is not applicable to an argument of type (T, StandardTotalOrder[\T\]). - (GreaterThan, TotalComparison)->Boolean is not applicable to an argument of type (T, StandardTotalOrder[\T\]). - (IntLiteral, IntLiteral)->Boolean is not applicable to an argument of type (T, StandardTotalOrder[\T\]). - (LessThan, LessThan)->Boolean is not applicable to an argument of type (T, StandardTotalOrder[\T\]). - (LessThan, TotalComparison)->Boolean is not applicable to an argument of type (T, StandardTotalOrder[\T\]). - (NN32, NN32)->Boolean is not applicable to an argument of type (T, StandardTotalOrder[\T\]). - (RR32, RR32)->Boolean is not applicable to an argument of type (T, StandardTotalOrder[\T\]). - (StandardPartialOrder[\T\], T)->Boolean is not applicable to an argument of type (T, StandardTotalOrder[\T\]). - (Unordered, Comparison)->Boolean is not applicable to an argument of type (T, StandardTotalOrder[\T\]). - [\A, B, C\]((A, B, C), (A, B, C))->Boolean is not applicable to an argument of type (T, StandardTotalOrder[\T\]). - [\A, B\]((A, B), (A, B))->Boolean is not applicable to an argument of type (T, StandardTotalOrder[\T\]).
typecheck	Could not check call to operator < - ((NN64 & {UnsignedLong}), NN64)->Boolean is not applicable to an argument	-	component FortressLibrary	typecheck	FortressLibrary.fss:287	Could not check call to operator < - ((NN64 & {UnsignedLong}), NN64)->Boolean is not applicable to an argument of type (T, StandardTotalOrder[\T\]). - ((QQ & {Ratio}), QQ)->Boolean is not applicable to an argument of type (T, StandardTotalOrder[\T\]). - ((RR64 & {Float, FloatLiteral}), RR64)->Boolean is not applicable to an argument of type (T, StandardTotalOrder[\T\]). - ((TotalComparison & {LessThan, EqualTo, GreaterThan}), Unordered)->Boolean is not applicable to an argument of type (T, StandardTotalOrder[\T\]). - ((ZZ & {BigNum}), ZZ)->Boolean is not applicable to an argument of type (T, StandardTotalOrder[\T\]). - ((ZZ32 & {Int}), ZZ32)->Boolean is not applicable to an argument of type (T, StandardTotalOrder[\T\]). - ((ZZ64 & {Long}), ZZ64)->Boolean is not applicable to an argument of type (T, StandardTotalOrder[\T\]). - (Char, Char)->Boolean is not applicable to an argument of type (T, StandardTotalOrder[\T\]). - (EqualTo, GreaterThan)->Boolean is not applicable to an argument of type (T, StandardTotalOrder[\T\]). - (EqualTo, TotalComparison)->Boolean is not applicable to an argument of type (T, StandardTotalOrder[\T\]). - (GreaterThan, TotalComparison)->Boolean is not applicable to an argument of type (T, StandardTotalOrder[\T\]). - (IntLiteral, IntLiteral)->Boolean is not applicable to an argument of type (T, StandardTotalOrder[\T\]). - (LessThan, LessThan)->Boolean is not applicable to an argument of type (T, StandardTotalOrder[\T\]). - (LessThan, TotalComparison)->Boolean is not applicable to an argument of type (T, StandardTotalOrder[\T\]). - (NN32, NN32)->Boolean is not applicable to an argument of type (T, StandardTotalOrder[\T\]). - (RR32, RR32)->Boolean is not applicable to an argument of type (T, StandardTotalOrder[\T\]). - (StandardPartialOrder[\T\], T)->Boolean is not applicable to an argument of type (T, StandardTotalOrder[\T\]). - (Unordered, Comparison)->Boolean is not applicable to an argument of type (T, StandardTotalOrder[\T\]). - [\A, B, C\]((A, B, C), (A, B, C))->Boolean is not applicable to an argument of type (T, StandardTotalOrder[\T\]). - [\A, B\]((A, B), (A, B))->Boolean is not applicable to an argument of type (T, StandardTotalOrder[\T\]).
typecheck	Could not check call to operator < - ((NN64 & {UnsignedLong}), NN64)->Boolean is not applicable to an argument	-	component FortressLibrary	typecheck	FortressLibrary.fss:288	Could not check call to operator < - ((NN64 & {UnsignedLong}), NN64)->Boolean is not applicable to an argument of type (T, StandardTotalOrder[\T\]). - ((QQ & {Ratio}), QQ)->Boolean is not applicable to an argument of type (T, StandardTotalOrder[\T\]). - ((RR64 & {Float, FloatLiteral}), RR64)->Boolean is not applicable to an argument of type (T, StandardTotalOrder[\T\]). - ((TotalComparison & {LessThan, EqualTo, GreaterThan}), Unordered)->Boolean is not applicable to an argument of type (T, StandardTotalOrder[\T\]). - ((ZZ & {BigNum}), ZZ)->Boolean is not applicable to an argument of type (T, StandardTotalOrder[\T\]). - ((ZZ32 & {Int}), ZZ32)->Boolean is not applicable to an argument of type (T, StandardTotalOrder[\T\]). - ((ZZ64 & {Long}), ZZ64)->Boolean is not applicable to an argument of type (T, StandardTotalOrder[\T\]). - (Char, Char)->Boolean is not applicable to an argument of type (T, StandardTotalOrder[\T\]). - (EqualTo, GreaterThan)->Boolean is not applicable to an argument of type (T, StandardTotalOrder[\T\]). - (EqualTo, TotalComparison)->Boolean is not applicable to an argument of type (T, StandardTotalOrder[\T\]). - (GreaterThan, TotalComparison)->Boolean is not applicable to an argument of type (T, StandardTotalOrder[\T\]). - (IntLiteral, IntLiteral)->Boolean is not applicable to an argument of type (T, StandardTotalOrder[\T\]). - (LessThan, LessThan)->Boolean is not applicable to an argument of type (T, StandardTotalOrder[\T\]). - (LessThan, TotalComparison)->Boolean is not applicable to an argument of type (T, StandardTotalOrder[\T\]). - (NN32, NN32)->Boolean is not applicable to an argument of type (T, StandardTotalOrder[\T\]). - (RR32, RR32)->Boolean is not applicable to an argument of type (T, StandardTotalOrder[\T\]). - (StandardPartialOrder[\T\], T)->Boolean is not applicable to an argument of type (T, StandardTotalOrder[\T\]). - (Unordered, Comparison)->Boolean is not applicable to an argument of type (T, StandardTotalOrder[\T\]). - [\A, B, C\]((A, B, C), (A, B, C))->Boolean is not applicable to an argument of type (T, StandardTotalOrder[\T\]). - [\A, B\]((A, B), (A, B))->Boolean is not applicable to an argument of type (T, StandardTotalOrder[\T\]).
typecheck	Could not check call to operator < - ((NN64 & {UnsignedLong}), NN64)->Boolean is not applicable to an argument	-	component FortressLibrary	typecheck	FortressLibrary.fss:290	Could not check call to operator < - ((NN64 & {UnsignedLong}), NN64)->Boolean is not applicable to an argument of type (T, StandardTotalOrder[\T\]). - ((QQ & {Ratio}), QQ)->Boolean is not applicable to an argument of type (T, StandardTotalOrder[\T\]). - ((RR64 & {Float, FloatLiteral}), RR64)->Boolean is not applicable to an argument of type (T, StandardTotalOrder[\T\]). - ((TotalComparison & {LessThan, EqualTo, GreaterThan}), Unordered)->Boolean is not applicable to an argument of type (T, StandardTotalOrder[\T\]). - ((ZZ & {BigNum}), ZZ)->Boolean is not applicable to an argument of type (T, StandardTotalOrder[\T\]). - ((ZZ32 & {Int}), ZZ32)->Boolean is not applicable to an argument of type (T, StandardTotalOrder[\T\]). - ((ZZ64 & {Long}), ZZ64)->Boolean is not applicable to an argument of type (T, StandardTotalOrder[\T\]). - (Char, Char)->Boolean is not applicable to an argument of type (T, StandardTotalOrder[\T\]). - (EqualTo, GreaterThan)->Boolean is not applicable to an argument of type (T, StandardTotalOrder[\T\]). - (EqualTo, TotalComparison)->Boolean is not applicable to an argument of type (T, StandardTotalOrder[\T\]). - (GreaterThan, TotalComparison)->Boolean is not applicable to an argument of type (T, StandardTotalOrder[\T\]). - (IntLiteral, IntLiteral)->Boolean is not applicable to an argument of type (T, StandardTotalOrder[\T\]). - (LessThan, LessThan)->Boolean is not applicable to an argument of type (T, StandardTotalOrder[\T\]). - (LessThan, TotalComparison)->Boolean is not applicable to an argument of type (T, StandardTotalOrder[\T\]). - (NN32, NN32)->Boolean is not applicable to an argument of type (T, StandardTotalOrder[\T\]). - (RR32, RR32)->Boolean is not applicable to an argument of type (T, StandardTotalOrder[\T\]). - (StandardPartialOrder[\T\], T)->Boolean is not applicable to an argument of type (T, StandardTotalOrder[\T\]). - (Unordered, Comparison)->Boolean is not applicable to an argument of type (T, StandardTotalOrder[\T\]). - [\A, B, C\]((A, B, C), (A, B, C))->Boolean is not applicable to an argument of type (T, StandardTotalOrder[\T\]). - [\A, B\]((A, B), (A, B))->Boolean is not applicable to an argument of type (T, StandardTotalOrder[\T\]).
typecheck	Could not check call to operator < - ((NN64 & {UnsignedLong}), NN64)->Boolean is not applicable to an argument	-	component FortressLibrary	typecheck	FortressLibrary.fss:3994	Could not check call to operator < - ((NN64 & {UnsignedLong}), NN64)->Boolean is not applicable to an argument of type (I, AND(ZZ32,I)). - ((QQ & {Ratio}), QQ)->Boolean is not applicable to an argument of type (I, AND(ZZ32,I)). - ((RR64 & {Float, FloatLiteral}), RR64)->Boolean is not applicable to an argument of type (I, AND(ZZ32,I)). - ((TotalComparison & {LessThan, EqualTo, GreaterThan}), Unordered)->Boolean is not applicable to an argument of type (I, AND(ZZ32,I)). - ((ZZ & {BigNum}), ZZ)->Boolean is not applicable to an argument of type (I, AND(ZZ32,I)). - ((ZZ32 & {Int}), ZZ32)->Boolean is not applicable to an argument of type (I, AND(ZZ32,I)). - ((ZZ64 & {Long}), ZZ64)->Boolean is not applicable to an argument of type (I, AND(ZZ32,I)). - (Char, Char)->Boolean is not applicable to an argument of type (I, AND(ZZ32,I)). - (EqualTo, GreaterThan)->Boolean is not applicable to an argument of type (I, AND(ZZ32,I)). - (EqualTo, TotalComparison)->Boolean is not applicable to an argument of type (I, AND(ZZ32,I)). - (GreaterThan, TotalComparison)->Boolean is not applicable to an argument of type (I, AND(ZZ32,I)). - (IntLiteral, IntLiteral)->Boolean is not applicable to an argument of type (I, AND(ZZ32,I)). - (LessThan, LessThan)->Boolean is not applicable to an argument of type (I, AND(ZZ32,I)). - (LessThan, TotalComparison)->Boolean is not applicable to an argument of type (I, AND(ZZ32,I)). - (NN32, NN32)->Boolean is not applicable to an argument of type (I, AND(ZZ32,I)). - (RR32, RR32)->Boolean is not applicable to an argument of type (I, AND(ZZ32,I)). - (StandardPartialOrder[\T\], T)->Boolean is not applicable to an argument of type (I, AND(ZZ32,I)). - (Unordered, Comparison)->Boolean is not applicable to an argument of type (I, AND(ZZ32,I)). - [\A, B, C\]((A, B, C), (A, B, C))->Boolean is not applicable to an argument of type (I, AND(ZZ32,I)). - [\A, B\]((A, B), (A, B))->Boolean is not applicable to an argument of type (I, AND(ZZ32,I)).
typecheck	Could not check call to operator >= - ((NN64 & {UnsignedLong}), NN64)->Boolean is not applicable to an argumen	-	component FortressLibrary	typecheck	FortressLibrary.fss:230	Could not check call to operator >= - ((NN64 & {UnsignedLong}), NN64)->Boolean is not applicable to an argument of type (T, StandardPartialOrder[\T\]). - ((QQ & {Ratio}), QQ)->Boolean is not applicable to an argument of type (T, StandardPartialOrder[\T\]). - ((RR64 & {Float, FloatLiteral}), RR64)->Boolean is not applicable to an argument of type (T, StandardPartialOrder[\T\]). - ((TotalComparison & {LessThan, EqualTo, GreaterThan}), Comparison)->Boolean is not applicable to an argument of type (T, StandardPartialOrder[\T\]). - ((TotalComparison & {LessThan, EqualTo, GreaterThan}), TotalComparison)->Boolean is not applicable to an argument of type (T, StandardPartialOrder[\T\]). - ((TotalComparison & {LessThan, EqualTo, GreaterThan}), Unordered)->Boolean is not applicable to an argument of type (T, StandardPartialOrder[\T\]). - ((ZZ & {BigNum}), ZZ)->Boolean is not applicable to an argument of type (T, StandardPartialOrder[\T\]). - ((ZZ32 & {Int}), ZZ32)->Boolean is not applicable to an argument of type (T, StandardPartialOrder[\T\]). - ((ZZ64 & {Long}), ZZ64)->Boolean is not applicable to an argument of type (T, StandardPartialOrder[\T\]). - (IntLiteral, IntLiteral)->Boolean is not applicable to an argument of type (T, StandardPartialOrder[\T\]). - (NN32, NN32)->Boolean is not applicable to an argument of type (T, StandardPartialOrder[\T\]). - (RR32, RR32)->Boolean is not applicable to an argument of type (T, StandardPartialOrder[\T\]). - (StandardPartialOrder[\T\], T)->Boolean is not applicable to an argument of type (T, StandardPartialOrder[\T\]). - (StandardTotalOrder[\T\], T)->Boolean is not applicable to an argument of type (T, StandardPartialOrder[\T\]). - [\A, B, C\]((A, B, C), (A, B, C))->Boolean is not applicable to an argument of type (T, StandardPartialOrder[\T\]). - [\A, B\]((A, B), (A, B))->Boolean is not applicable to an argument of type (T, StandardPartialOrder[\T\]).
typecheck	Could not check call to operator BIG MIN - [\..\]->T is not applicable to an argument of type ().	-	component FortressLibrary	typecheck	FortressLibrary.fss:4237	Could not check call to operator BIG MIN - [\T extends StandardMin[\T\]\]()->BigReduction[\T,AnyMaybe\] is not applicable to an argument of type (). - [\T extends StandardMin[\T\]\]Generator[\T\]->T is not applicable to an argument of type ().
typecheck	Could not check call to operator BIG MIN - [\..\]->T is not applicable to an argument of type ().	-	component FortressLibrary	typecheck	FortressLibrary.fss:4243	Could not check call to operator BIG MIN - [\T extends StandardMin[\T\]\]()->BigReduction[\T,AnyMaybe\] is not applicable to an argument of type (). - [\T extends StandardMin[\T\]\]Generator[\T\]->T is not applicable to an argument of type ().
typecheck	Could not check call to operator CMP - ((NN64 & {UnsignedLong}), NN64)->TotalComparison is not applicable to a	-	component FortressLibrary	typecheck	FortressLibrary.fss:1932	Could not check call to operator CMP - ((NN64 & {UnsignedLong}), NN64)->TotalComparison is not applicable to an argument of type (E, E). - ((RR64 & {Float, FloatLiteral}), RR64)->Comparison is not applicable to an argument of type (E, E). - ((TotalComparison & {LessThan, EqualTo, GreaterThan}), Unordered)->Comparison is not applicable to an argument of type (E, E). - ((ZZ & {BigNum}), ZZ)->TotalComparison is not applicable to an argument of type (E, E). - ((ZZ32 & {Int}), ZZ32)->TotalComparison is not applicable to an argument of type (E, E). - ((ZZ64 & {Long}), ZZ64)->TotalComparison is not applicable to an argument of type (E, E). - (EqualTo, TotalComparison)->TotalComparison is not applicable to an argument of type (E, E). - (GreaterThan, GreaterThan)->TotalComparison is not applicable to an argument of type (E, E). - (GreaterThan, TotalComparison)->TotalComparison is not applicable to an argument of type (E, E). - (IntLiteral, IntLiteral)->TotalComparison is not applicable to an argument of type (E, E). - (LessThan, LessThan)->TotalComparison is not applicable to an argument of type (E, E). - (LessThan, TotalComparison)->TotalComparison is not applicable to an argument of type (E, E). - (LexicographicOrder[\T,E\], T)->TotalComparison is not applicable to an argument of type (E, E). - (NN32, NN32)->TotalComparison is not applicable to an argument of type (E, E). - (RR32, RR32)->Comparison is not applicable to an argument of type (E, E). - (Range[\I\], Range[\I\])->Comparison is not applicable to an argument of type (E, E). - (StandardPartialOrder[\T\], T)->Comparison is not applicable to an argument of type (E, E). - (StandardTotalOrder[\T\], T)->TotalComparison is not applicable to an argument of type (E, E). - (String, String)->TotalComparison is not applicable to an argument of type (E, E). - [\A, B, C\]((A, B, C), (A, B, C))->Comparison is not applicable to an argument of type (E, E). - [\A, B\]((A, B), (A, B))->Comparison is not applicable to an argument of type (E, E).
typecheck	Could not check call to operator CMP - ((NN64 & {UnsignedLong}), NN64)->TotalComparison is not applicable to a	-	component FortressLibrary	typecheck	FortressLibrary.fss:4482	Could not check call to operator CMP - ((NN64 & {UnsignedLong}), NN64)->TotalComparison is not applicable to an argument of type (A, A). - ((RR64 & {Float, FloatLiteral}), RR64)->Comparison is not applicable to an argument of type (A, A). - ((TotalComparison & {LessThan, EqualTo, GreaterThan}), Unordered)->Comparison is not applicable to an argument of type (A, A). - ((ZZ & {BigNum}), ZZ)->TotalComparison is not applicable to an argument of type (A, A). - ((ZZ32 & {Int}), ZZ32)->TotalComparison is not applicable to an argument of type (A, A). - ((ZZ64 & {Long}), ZZ64)->TotalComparison is not applicable to an argument of type (A, A). - (EqualTo, TotalComparison)->TotalComparison is not applicable to an argument of type (A, A). - (GreaterThan, GreaterThan)->TotalComparison is not applicable to an argument of type (A, A). - (GreaterThan, TotalComparison)->TotalComparison is not applicable to an argument of type (A, A). - (IntLiteral, IntLiteral)->TotalComparison is not applicable to an argument of type (A, A). - (LessThan, LessThan)->TotalComparison is not applicable to an argument of type (A, A). - (LessThan, TotalComparison)->TotalComparison is not applicable to an argument of type (A, A). - (LexicographicOrder[\T,E\], T)->TotalComparison is not applicable to an argument of type (A, A). - (NN32, NN32)->TotalComparison is not applicable to an argument of type (A, A). - (RR32, RR32)->Comparison is not applicable to an argument of type (A, A). - (Range[\I\], Range[\I\])->Comparison is not applicable to an argument of type (A, A). - (StandardPartialOrder[\T\], T)->Comparison is not applicable to an argument of type (A, A). - (StandardTotalOrder[\T\], T)->TotalComparison is not applicable to an argument of type (A, A). - (String, String)->TotalComparison is not applicable to an argument of type (A, A). - [\A, B, C\]((A, B, C), (A, B, C))->Comparison is not applicable to an argument of type (A, A). - [\A, B\]((A, B), (A, B))->Comparison is not applicable to an argument of type (A, A).
typecheck	Could not check call to operator CMP - ((NN64 & {UnsignedLong}), NN64)->TotalComparison is not applicable to a	-	component FortressLibrary	typecheck	FortressLibrary.fss:4492	Could not check call to operator CMP - ((NN64 & {UnsignedLong}), NN64)->TotalComparison is not applicable to an argument of type (A, A). - ((RR64 & {Float, FloatLiteral}), RR64)->Comparison is not applicable to an argument of type (A, A). - ((TotalComparison & {LessThan, EqualTo, GreaterThan}), Unordered)->Comparison is not applicable to an argument of type (A, A). - ((ZZ & {BigNum}), ZZ)->TotalComparison is not applicable to an argument of type (A, A). - ((ZZ32 & {Int}), ZZ32)->TotalComparison is not applicable to an argument of type (A, A). - ((ZZ64 & {Long}), ZZ64)->TotalComparison is not applicable to an argument of type (A, A). - (EqualTo, TotalComparison)->TotalComparison is not applicable to an argument of type (A, A). - (GreaterThan, GreaterThan)->TotalComparison is not applicable to an argument of type (A, A). - (GreaterThan, TotalComparison)->TotalComparison is not applicable to an argument of type (A, A). - (IntLiteral, IntLiteral)->TotalComparison is not applicable to an argument of type (A, A). - (LessThan, LessThan)->TotalComparison is not applicable to an argument of type (A, A). - (LessThan, TotalComparison)->TotalComparison is not applicable to an argument of type (A, A). - (LexicographicOrder[\T,E\], T)->TotalComparison is not applicable to an argument of type (A, A). - (NN32, NN32)->TotalComparison is not applicable to an argument of type (A, A). - (RR32, RR32)->Comparison is not applicable to an argument of type (A, A). - (Range[\I\], Range[\I\])->Comparison is not applicable to an argument of type (A, A). - (StandardPartialOrder[\T\], T)->Comparison is not applicable to an argument of type (A, A). - (StandardTotalOrder[\T\], T)->TotalComparison is not applicable to an argument of type (A, A). - (String, String)->TotalComparison is not applicable to an argument of type (A, A). - [\A, B, C\]((A, B, C), (A, B, C))->Comparison is not applicable to an argument of type (A, A). - [\A, B\]((A, B), (A, B))->Comparison is not applicable to an argument of type (A, A).
typecheck	Could not check call to operator CMP - ((NN64 & {UnsignedLong}), NN64)->TotalComparison is not applicable to a	-	component FortressLibrary	typecheck	FortressLibrary.fss:4502	Could not check call to operator CMP - ((NN64 & {UnsignedLong}), NN64)->TotalComparison is not applicable to an argument of type (A, A). - ((RR64 & {Float, FloatLiteral}), RR64)->Comparison is not applicable to an argument of type (A, A). - ((TotalComparison & {LessThan, EqualTo, GreaterThan}), Unordered)->Comparison is not applicable to an argument of type (A, A). - ((ZZ & {BigNum}), ZZ)->TotalComparison is not applicable to an argument of type (A, A). - ((ZZ32 & {Int}), ZZ32)->TotalComparison is not applicable to an argument of type (A, A). - ((ZZ64 & {Long}), ZZ64)->TotalComparison is not applicable to an argument of type (A, A). - (EqualTo, TotalComparison)->TotalComparison is not applicable to an argument of type (A, A). - (GreaterThan, GreaterThan)->TotalComparison is not applicable to an argument of type (A, A). - (GreaterThan, TotalComparison)->TotalComparison is not applicable to an argument of type (A, A). - (IntLiteral, IntLiteral)->TotalComparison is not applicable to an argument of type (A, A). - (LessThan, LessThan)->TotalComparison is not applicable to an argument of type (A, A). - (LessThan, TotalComparison)->TotalComparison is not applicable to an argument of type (A, A). - (LexicographicOrder[\T,E\], T)->TotalComparison is not applicable to an argument of type (A, A). - (NN32, NN32)->TotalComparison is not applicable to an argument of type (A, A). - (RR32, RR32)->Comparison is not applicable to an argument of type (A, A). - (Range[\I\], Range[\I\])->Comparison is not applicable to an argument of type (A, A). - (StandardPartialOrder[\T\], T)->Comparison is not applicable to an argument of type (A, A). - (StandardTotalOrder[\T\], T)->TotalComparison is not applicable to an argument of type (A, A). - (String, String)->TotalComparison is not applicable to an argument of type (A, A). - [\A, B, C\]((A, B, C), (A, B, C))->Comparison is not applicable to an argument of type (A, A). - [\A, B\]((A, B), (A, B))->Comparison is not applicable to an argument of type (A, A).
typecheck	Could not check call to operator CMP - ((NN64 & {UnsignedLong}), NN64)->TotalComparison is not applicable to a	-	component FortressLibrary	typecheck	FortressLibrary.fss:4512	Could not check call to operator CMP - ((NN64 & {UnsignedLong}), NN64)->TotalComparison is not applicable to an argument of type (A, A). - ((RR64 & {Float, FloatLiteral}), RR64)->Comparison is not applicable to an argument of type (A, A). - ((TotalComparison & {LessThan, EqualTo, GreaterThan}), Unordered)->Comparison is not applicable to an argument of type (A, A). - ((ZZ & {BigNum}), ZZ)->TotalComparison is not applicable to an argument of type (A, A). - ((ZZ32 & {Int}), ZZ32)->TotalComparison is not applicable to an argument of type (A, A). - ((ZZ64 & {Long}), ZZ64)->TotalComparison is not applicable to an argument of type (A, A). - (EqualTo, TotalComparison)->TotalComparison is not applicable to an argument of type (A, A). - (GreaterThan, GreaterThan)->TotalComparison is not applicable to an argument of type (A, A). - (GreaterThan, TotalComparison)->TotalComparison is not applicable to an argument of type (A, A). - (IntLiteral, IntLiteral)->TotalComparison is not applicable to an argument of type (A, A). - (LessThan, LessThan)->TotalComparison is not applicable to an argument of type (A, A). - (LessThan, TotalComparison)->TotalComparison is not applicable to an argument of type (A, A). - (LexicographicOrder[\T,E\], T)->TotalComparison is not applicable to an argument of type (A, A). - (NN32, NN32)->TotalComparison is not applicable to an argument of type (A, A). - (RR32, RR32)->Comparison is not applicable to an argument of type (A, A). - (Range[\I\], Range[\I\])->Comparison is not applicable to an argument of type (A, A). - (StandardPartialOrder[\T\], T)->Comparison is not applicable to an argument of type (A, A). - (StandardTotalOrder[\T\], T)->TotalComparison is not applicable to an argument of type (A, A). - (String, String)->TotalComparison is not applicable to an argument of type (A, A). - [\A, B, C\]((A, B, C), (A, B, C))->Comparison is not applicable to an argument of type (A, A). - [\A, B\]((A, B), (A, B))->Comparison is not applicable to an argument of type (A, A).
typecheck	Could not check call to operator CMP - ((NN64 & {UnsignedLong}), NN64)->TotalComparison is not applicable to a	-	component FortressLibrary	typecheck	FortressLibrary.fss:4522	Could not check call to operator CMP - ((NN64 & {UnsignedLong}), NN64)->TotalComparison is not applicable to an argument of type (A, A). - ((RR64 & {Float, FloatLiteral}), RR64)->Comparison is not applicable to an argument of type (A, A). - ((TotalComparison & {LessThan, EqualTo, GreaterThan}), Unordered)->Comparison is not applicable to an argument of type (A, A). - ((ZZ & {BigNum}), ZZ)->TotalComparison is not applicable to an argument of type (A, A). - ((ZZ32 & {Int}), ZZ32)->TotalComparison is not applicable to an argument of type (A, A). - ((ZZ64 & {Long}), ZZ64)->TotalComparison is not applicable to an argument of type (A, A). - (EqualTo, TotalComparison)->TotalComparison is not applicable to an argument of type (A, A). - (GreaterThan, GreaterThan)->TotalComparison is not applicable to an argument of type (A, A). - (GreaterThan, TotalComparison)->TotalComparison is not applicable to an argument of type (A, A). - (IntLiteral, IntLiteral)->TotalComparison is not applicable to an argument of type (A, A). - (LessThan, LessThan)->TotalComparison is not applicable to an argument of type (A, A). - (LessThan, TotalComparison)->TotalComparison is not applicable to an argument of type (A, A). - (LexicographicOrder[\T,E\], T)->TotalComparison is not applicable to an argument of type (A, A). - (NN32, NN32)->TotalComparison is not applicable to an argument of type (A, A). - (RR32, RR32)->Comparison is not applicable to an argument of type (A, A). - (Range[\I\], Range[\I\])->Comparison is not applicable to an argument of type (A, A). - (StandardPartialOrder[\T\], T)->Comparison is not applicable to an argument of type (A, A). - (StandardTotalOrder[\T\], T)->TotalComparison is not applicable to an argument of type (A, A). - (String, String)->TotalComparison is not applicable to an argument of type (A, A). - [\A, B, C\]((A, B, C), (A, B, C))->Comparison is not applicable to an argument of type (A, A). - [\A, B\]((A, B), (A, B))->Comparison is not applicable to an argument of type (A, A).
typecheck	Could not check call to operator CMP - ((NN64 & {UnsignedLong}), NN64)->TotalComparison is not applicable to a	-	component FortressLibrary	typecheck	FortressLibrary.fss:4522	Could not check call to operator CMP - ((NN64 & {UnsignedLong}), NN64)->TotalComparison is not applicable to an argument of type (B, B). - ((RR64 & {Float, FloatLiteral}), RR64)->Comparison is not applicable to an argument of type (B, B). - ((TotalComparison & {LessThan, EqualTo, GreaterThan}), Unordered)->Comparison is not applicable to an argument of type (B, B). - ((ZZ & {BigNum}), ZZ)->TotalComparison is not applicable to an argument of type (B, B). - ((ZZ32 & {Int}), ZZ32)->TotalComparison is not applicable to an argument of type (B, B). - ((ZZ64 & {Long}), ZZ64)->TotalComparison is not applicable to an argument of type (B, B). - (EqualTo, TotalComparison)->TotalComparison is not applicable to an argument of type (B, B). - (GreaterThan, GreaterThan)->TotalComparison is not applicable to an argument of type (B, B). - (GreaterThan, TotalComparison)->TotalComparison is not applicable to an argument of type (B, B). - (IntLiteral, IntLiteral)->TotalComparison is not applicable to an argument of type (B, B). - (LessThan, LessThan)->TotalComparison is not applicable to an argument of type (B, B). - (LessThan, TotalComparison)->TotalComparison is not applicable to an argument of type (B, B). - (LexicographicOrder[\T,E\], T)->TotalComparison is not applicable to an argument of type (B, B). - (NN32, NN32)->TotalComparison is not applicable to an argument of type (B, B). - (RR32, RR32)->Comparison is not applicable to an argument of type (B, B). - (Range[\I\], Range[\I\])->Comparison is not applicable to an argument of type (B, B). - (StandardPartialOrder[\T\], T)->Comparison is not applicable to an argument of type (B, B). - (StandardTotalOrder[\T\], T)->TotalComparison is not applicable to an argument of type (B, B). - (String, String)->TotalComparison is not applicable to an argument of type (B, B). - [\A, B, C\]((A, B, C), (A, B, C))->Comparison is not applicable to an argument of type (B, B). - [\A, B\]((A, B), (A, B))->Comparison is not applicable to an argument of type (B, B).
typecheck	Could not check call to operator CMP - ((NN64 & {UnsignedLong}), NN64)->TotalComparison is not applicable to a	-	component FortressLibrary	typecheck	FortressLibrary.fss:4534	Could not check call to operator CMP - ((NN64 & {UnsignedLong}), NN64)->TotalComparison is not applicable to an argument of type (A, A). - ((RR64 & {Float, FloatLiteral}), RR64)->Comparison is not applicable to an argument of type (A, A). - ((TotalComparison & {LessThan, EqualTo, GreaterThan}), Unordered)->Comparison is not applicable to an argument of type (A, A). - ((ZZ & {BigNum}), ZZ)->TotalComparison is not applicable to an argument of type (A, A). - ((ZZ32 & {Int}), ZZ32)->TotalComparison is not applicable to an argument of type (A, A). - ((ZZ64 & {Long}), ZZ64)->TotalComparison is not applicable to an argument of type (A, A). - (EqualTo, TotalComparison)->TotalComparison is not applicable to an argument of type (A, A). - (GreaterThan, GreaterThan)->TotalComparison is not applicable to an argument of type (A, A). - (GreaterThan, TotalComparison)->TotalComparison is not applicable to an argument of type (A, A). - (IntLiteral, IntLiteral)->TotalComparison is not applicable to an argument of type (A, A). - (LessThan, LessThan)->TotalComparison is not applicable to an argument of type (A, A). - (LessThan, TotalComparison)->TotalComparison is not applicable to an argument of type (A, A). - (LexicographicOrder[\T,E\], T)->TotalComparison is not applicable to an argument of type (A, A). - (NN32, NN32)->TotalComparison is not applicable to an argument of type (A, A). - (RR32, RR32)->Comparison is not applicable to an argument of type (A, A). - (Range[\I\], Range[\I\])->Comparison is not applicable to an argument of type (A, A). - (StandardPartialOrder[\T\], T)->Comparison is not applicable to an argument of type (A, A). - (StandardTotalOrder[\T\], T)->TotalComparison is not applicable to an argument of type (A, A). - (String, String)->TotalComparison is not applicable to an argument of type (A, A). - [\A, B, C\]((A, B, C), (A, B, C))->Comparison is not applicable to an argument of type (A, A). - [\A, B\]((A, B), (A, B))->Comparison is not applicable to an argument of type (A, A).
typecheck	Could not check call to operator CMP - ((NN64 & {UnsignedLong}), NN64)->TotalComparison is not applicable to a	-	component FortressLibrary	typecheck	FortressLibrary.fss:4534	Could not check call to operator CMP - ((NN64 & {UnsignedLong}), NN64)->TotalComparison is not applicable to an argument of type (B, B). - ((RR64 & {Float, FloatLiteral}), RR64)->Comparison is not applicable to an argument of type (B, B). - ((TotalComparison & {LessThan, EqualTo, GreaterThan}), Unordered)->Comparison is not applicable to an argument of type (B, B). - ((ZZ & {BigNum}), ZZ)->TotalComparison is not applicable to an argument of type (B, B). - ((ZZ32 & {Int}), ZZ32)->TotalComparison is not applicable to an argument of type (B, B). - ((ZZ64 & {Long}), ZZ64)->TotalComparison is not applicable to an argument of type (B, B). - (EqualTo, TotalComparison)->TotalComparison is not applicable to an argument of type (B, B). - (GreaterThan, GreaterThan)->TotalComparison is not applicable to an argument of type (B, B). - (GreaterThan, TotalComparison)->TotalComparison is not applicable to an argument of type (B, B). - (IntLiteral, IntLiteral)->TotalComparison is not applicable to an argument of type (B, B). - (LessThan, LessThan)->TotalComparison is not applicable to an argument of type (B, B). - (LessThan, TotalComparison)->TotalComparison is not applicable to an argument of type (B, B). - (LexicographicOrder[\T,E\], T)->TotalComparison is not applicable to an argument of type (B, B). - (NN32, NN32)->TotalComparison is not applicable to an argument of type (B, B). - (RR32, RR32)->Comparison is not applicable to an argument of type (B, B). - (Range[\I\], Range[\I\])->Comparison is not applicable to an argument of type (B, B). - (StandardPartialOrder[\T\], T)->Comparison is not applicable to an argument of type (B, B). - (StandardTotalOrder[\T\], T)->TotalComparison is not applicable to an argument of type (B, B). - (String, String)->TotalComparison is not applicable to an argument of type (B, B). - [\A, B, C\]((A, B, C), (A, B, C))->Comparison is not applicable to an argument of type (B, B). - [\A, B\]((A, B), (A, B))->Comparison is not applicable to an argument of type (B, B).
typecheck	Could not check call to operator CMP - ((NN64 & {UnsignedLong}), NN64)->TotalComparison is not applicable to a	-	component FortressLibrary	typecheck	FortressLibrary.fss:4544	Could not check call to operator CMP - ((NN64 & {UnsignedLong}), NN64)->TotalComparison is not applicable to an argument of type (A, A). - ((RR64 & {Float, FloatLiteral}), RR64)->Comparison is not applicable to an argument of type (A, A). - ((TotalComparison & {LessThan, EqualTo, GreaterThan}), Unordered)->Comparison is not applicable to an argument of type (A, A). - ((ZZ & {BigNum}), ZZ)->TotalComparison is not applicable to an argument of type (A, A). - ((ZZ32 & {Int}), ZZ32)->TotalComparison is not applicable to an argument of type (A, A). - ((ZZ64 & {Long}), ZZ64)->TotalComparison is not applicable to an argument of type (A, A). - (EqualTo, TotalComparison)->TotalComparison is not applicable to an argument of type (A, A). - (GreaterThan, GreaterThan)->TotalComparison is not applicable to an argument of type (A, A). - (GreaterThan, TotalComparison)->TotalComparison is not applicable to an argument of type (A, A). - (IntLiteral, IntLiteral)->TotalComparison is not applicable to an argument of type (A, A). - (LessThan, LessThan)->TotalComparison is not applicable to an argument of type (A, A). - (LessThan, TotalComparison)->TotalComparison is not applicable to an argument of type (A, A). - (LexicographicOrder[\T,E\], T)->TotalComparison is not applicable to an argument of type (A, A). - (NN32, NN32)->TotalComparison is not applicable to an argument of type (A, A). - (RR32, RR32)->Comparison is not applicable to an argument of type (A, A). - (Range[\I\], Range[\I\])->Comparison is not applicable to an argument of type (A, A). - (StandardPartialOrder[\T\], T)->Comparison is not applicable to an argument of type (A, A). - (StandardTotalOrder[\T\], T)->TotalComparison is not applicable to an argument of type (A, A). - (String, String)->TotalComparison is not applicable to an argument of type (A, A). - [\A, B, C\]((A, B, C), (A, B, C))->Comparison is not applicable to an argument of type (A, A). - [\A, B\]((A, B), (A, B))->Comparison is not applicable to an argument of type (A, A).
typecheck	Could not check call to operator CMP - ((NN64 & {UnsignedLong}), NN64)->TotalComparison is not applicable to a	-	component FortressLibrary	typecheck	FortressLibrary.fss:4544	Could not check call to operator CMP - ((NN64 & {UnsignedLong}), NN64)->TotalComparison is not applicable to an argument of type (B, B). - ((RR64 & {Float, FloatLiteral}), RR64)->Comparison is not applicable to an argument of type (B, B). - ((TotalComparison & {LessThan, EqualTo, GreaterThan}), Unordered)->Comparison is not applicable to an argument of type (B, B). - ((ZZ & {BigNum}), ZZ)->TotalComparison is not applicable to an argument of type (B, B). - ((ZZ32 & {Int}), ZZ32)->TotalComparison is not applicable to an argument of type (B, B). - ((ZZ64 & {Long}), ZZ64)->TotalComparison is not applicable to an argument of type (B, B). - (EqualTo, TotalComparison)->TotalComparison is not applicable to an argument of type (B, B). - (GreaterThan, GreaterThan)->TotalComparison is not applicable to an argument of type (B, B). - (GreaterThan, TotalComparison)->TotalComparison is not applicable to an argument of type (B, B). - (IntLiteral, IntLiteral)->TotalComparison is not applicable to an argument of type (B, B). - (LessThan, LessThan)->TotalComparison is not applicable to an argument of type (B, B). - (LessThan, TotalComparison)->TotalComparison is not applicable to an argument of type (B, B). - (LexicographicOrder[\T,E\], T)->TotalComparison is not applicable to an argument of type (B, B). - (NN32, NN32)->TotalComparison is not applicable to an argument of type (B, B). - (RR32, RR32)->Comparison is not applicable to an argument of type (B, B). - (Range[\I\], Range[\I\])->Comparison is not applicable to an argument of type (B, B). - (StandardPartialOrder[\T\], T)->Comparison is not applicable to an argument of type (B, B). - (StandardTotalOrder[\T\], T)->TotalComparison is not applicable to an argument of type (B, B). - (String, String)->TotalComparison is not applicable to an argument of type (B, B). - [\A, B, C\]((A, B, C), (A, B, C))->Comparison is not applicable to an argument of type (B, B). - [\A, B\]((A, B), (A, B))->Comparison is not applicable to an argument of type (B, B).
typecheck	Could not check call to operator CMP - ((NN64 & {UnsignedLong}), NN64)->TotalComparison is not applicable to a	-	component FortressLibrary	typecheck	FortressLibrary.fss:4554	Could not check call to operator CMP - ((NN64 & {UnsignedLong}), NN64)->TotalComparison is not applicable to an argument of type (A, A). - ((RR64 & {Float, FloatLiteral}), RR64)->Comparison is not applicable to an argument of type (A, A). - ((TotalComparison & {LessThan, EqualTo, GreaterThan}), Unordered)->Comparison is not applicable to an argument of type (A, A). - ((ZZ & {BigNum}), ZZ)->TotalComparison is not applicable to an argument of type (A, A). - ((ZZ32 & {Int}), ZZ32)->TotalComparison is not applicable to an argument of type (A, A). - ((ZZ64 & {Long}), ZZ64)->TotalComparison is not applicable to an argument of type (A, A). - (EqualTo, TotalComparison)->TotalComparison is not applicable to an argument of type (A, A). - (GreaterThan, GreaterThan)->TotalComparison is not applicable to an argument of type (A, A). - (GreaterThan, TotalComparison)->TotalComparison is not applicable to an argument of type (A, A). - (IntLiteral, IntLiteral)->TotalComparison is not applicable to an argument of type (A, A). - (LessThan, LessThan)->TotalComparison is not applicable to an argument of type (A, A). - (LessThan, TotalComparison)->TotalComparison is not applicable to an argument of type (A, A). - (LexicographicOrder[\T,E\], T)->TotalComparison is not applicable to an argument of type (A, A). - (NN32, NN32)->TotalComparison is not applicable to an argument of type (A, A). - (RR32, RR32)->Comparison is not applicable to an argument of type (A, A). - (Range[\I\], Range[\I\])->Comparison is not applicable to an argument of type (A, A). - (StandardPartialOrder[\T\], T)->Comparison is not applicable to an argument of type (A, A). - (StandardTotalOrder[\T\], T)->TotalComparison is not applicable to an argument of type (A, A). - (String, String)->TotalComparison is not applicable to an argument of type (A, A). - [\A, B, C\]((A, B, C), (A, B, C))->Comparison is not applicable to an argument of type (A, A). - [\A, B\]((A, B), (A, B))->Comparison is not applicable to an argument of type (A, A).
typecheck	Could not check call to operator CMP - ((NN64 & {UnsignedLong}), NN64)->TotalComparison is not applicable to a	-	component FortressLibrary	typecheck	FortressLibrary.fss:4554	Could not check call to operator CMP - ((NN64 & {UnsignedLong}), NN64)->TotalComparison is not applicable to an argument of type (B, B). - ((RR64 & {Float, FloatLiteral}), RR64)->Comparison is not applicable to an argument of type (B, B). - ((TotalComparison & {LessThan, EqualTo, GreaterThan}), Unordered)->Comparison is not applicable to an argument of type (B, B). - ((ZZ & {BigNum}), ZZ)->TotalComparison is not applicable to an argument of type (B, B). - ((ZZ32 & {Int}), ZZ32)->TotalComparison is not applicable to an argument of type (B, B). - ((ZZ64 & {Long}), ZZ64)->TotalComparison is not applicable to an argument of type (B, B). - (EqualTo, TotalComparison)->TotalComparison is not applicable to an argument of type (B, B). - (GreaterThan, GreaterThan)->TotalComparison is not applicable to an argument of type (B, B). - (GreaterThan, TotalComparison)->TotalComparison is not applicable to an argument of type (B, B). - (IntLiteral, IntLiteral)->TotalComparison is not applicable to an argument of type (B, B). - (LessThan, LessThan)->TotalComparison is not applicable to an argument of type (B, B). - (LessThan, TotalComparison)->TotalComparison is not applicable to an argument of type (B, B). - (LexicographicOrder[\T,E\], T)->TotalComparison is not applicable to an argument of type (B, B). - (NN32, NN32)->TotalComparison is not applicable to an argument of type (B, B). - (RR32, RR32)->Comparison is not applicable to an argument of type (B, B). - (Range[\I\], Range[\I\])->Comparison is not applicable to an argument of type (B, B). - (StandardPartialOrder[\T\], T)->Comparison is not applicable to an argument of type (B, B). - (StandardTotalOrder[\T\], T)->TotalComparison is not applicable to an argument of type (B, B). - (String, String)->TotalComparison is not applicable to an argument of type (B, B). - [\A, B, C\]((A, B, C), (A, B, C))->Comparison is not applicable to an argument of type (B, B). - [\A, B\]((A, B), (A, B))->Comparison is not applicable to an argument of type (B, B).
typecheck	Could not check call to operator CMP - ((NN64 & {UnsignedLong}), NN64)->TotalComparison is not applicable to a	-	component FortressLibrary	typecheck	FortressLibrary.fss:4564	Could not check call to operator CMP - ((NN64 & {UnsignedLong}), NN64)->TotalComparison is not applicable to an argument of type (A, A). - ((RR64 & {Float, FloatLiteral}), RR64)->Comparison is not applicable to an argument of type (A, A). - ((TotalComparison & {LessThan, EqualTo, GreaterThan}), Unordered)->Comparison is not applicable to an argument of type (A, A). - ((ZZ & {BigNum}), ZZ)->TotalComparison is not applicable to an argument of type (A, A). - ((ZZ32 & {Int}), ZZ32)->TotalComparison is not applicable to an argument of type (A, A). - ((ZZ64 & {Long}), ZZ64)->TotalComparison is not applicable to an argument of type (A, A). - (EqualTo, TotalComparison)->TotalComparison is not applicable to an argument of type (A, A). - (GreaterThan, GreaterThan)->TotalComparison is not applicable to an argument of type (A, A). - (GreaterThan, TotalComparison)->TotalComparison is not applicable to an argument of type (A, A). - (IntLiteral, IntLiteral)->TotalComparison is not applicable to an argument of type (A, A). - (LessThan, LessThan)->TotalComparison is not applicable to an argument of type (A, A). - (LessThan, TotalComparison)->TotalComparison is not applicable to an argument of type (A, A). - (LexicographicOrder[\T,E\], T)->TotalComparison is not applicable to an argument of type (A, A). - (NN32, NN32)->TotalComparison is not applicable to an argument of type (A, A). - (RR32, RR32)->Comparison is not applicable to an argument of type (A, A). - (Range[\I\], Range[\I\])->Comparison is not applicable to an argument of type (A, A). - (StandardPartialOrder[\T\], T)->Comparison is not applicable to an argument of type (A, A). - (StandardTotalOrder[\T\], T)->TotalComparison is not applicable to an argument of type (A, A). - (String, String)->TotalComparison is not applicable to an argument of type (A, A). - [\A, B, C\]((A, B, C), (A, B, C))->Comparison is not applicable to an argument of type (A, A). - [\A, B\]((A, B), (A, B))->Comparison is not applicable to an argument of type (A, A).
typecheck	Could not check call to operator CMP - ((NN64 & {UnsignedLong}), NN64)->TotalComparison is not applicable to a	-	component FortressLibrary	typecheck	FortressLibrary.fss:4564	Could not check call to operator CMP - ((NN64 & {UnsignedLong}), NN64)->TotalComparison is not applicable to an argument of type (B, B). - ((RR64 & {Float, FloatLiteral}), RR64)->Comparison is not applicable to an argument of type (B, B). - ((TotalComparison & {LessThan, EqualTo, GreaterThan}), Unordered)->Comparison is not applicable to an argument of type (B, B). - ((ZZ & {BigNum}), ZZ)->TotalComparison is not applicable to an argument of type (B, B). - ((ZZ32 & {Int}), ZZ32)->TotalComparison is not applicable to an argument of type (B, B). - ((ZZ64 & {Long}), ZZ64)->TotalComparison is not applicable to an argument of type (B, B). - (EqualTo, TotalComparison)->TotalComparison is not applicable to an argument of type (B, B). - (GreaterThan, GreaterThan)->TotalComparison is not applicable to an argument of type (B, B). - (GreaterThan, TotalComparison)->TotalComparison is not applicable to an argument of type (B, B). - (IntLiteral, IntLiteral)->TotalComparison is not applicable to an argument of type (B, B). - (LessThan, LessThan)->TotalComparison is not applicable to an argument of type (B, B). - (LessThan, TotalComparison)->TotalComparison is not applicable to an argument of type (B, B). - (LexicographicOrder[\T,E\], T)->TotalComparison is not applicable to an argument of type (B, B). - (NN32, NN32)->TotalComparison is not applicable to an argument of type (B, B). - (RR32, RR32)->Comparison is not applicable to an argument of type (B, B). - (Range[\I\], Range[\I\])->Comparison is not applicable to an argument of type (B, B). - (StandardPartialOrder[\T\], T)->Comparison is not applicable to an argument of type (B, B). - (StandardTotalOrder[\T\], T)->TotalComparison is not applicable to an argument of type (B, B). - (String, String)->TotalComparison is not applicable to an argument of type (B, B). - [\A, B, C\]((A, B, C), (A, B, C))->Comparison is not applicable to an argument of type (B, B). - [\A, B\]((A, B), (A, B))->Comparison is not applicable to an argument of type (B, B).
typecheck	Could not check call to operator CMP - ((NN64 & {UnsignedLong}), NN64)->TotalComparison is not applicable to a	-	component FortressLibrary	typecheck	FortressLibrary.fss:4574	Could not check call to operator CMP - ((NN64 & {UnsignedLong}), NN64)->TotalComparison is not applicable to an argument of type (A, A). - ((RR64 & {Float, FloatLiteral}), RR64)->Comparison is not applicable to an argument of type (A, A). - ((TotalComparison & {LessThan, EqualTo, GreaterThan}), Unordered)->Comparison is not applicable to an argument of type (A, A). - ((ZZ & {BigNum}), ZZ)->TotalComparison is not applicable to an argument of type (A, A). - ((ZZ32 & {Int}), ZZ32)->TotalComparison is not applicable to an argument of type (A, A). - ((ZZ64 & {Long}), ZZ64)->TotalComparison is not applicable to an argument of type (A, A). - (EqualTo, TotalComparison)->TotalComparison is not applicable to an argument of type (A, A). - (GreaterThan, GreaterThan)->TotalComparison is not applicable to an argument of type (A, A). - (GreaterThan, TotalComparison)->TotalComparison is not applicable to an argument of type (A, A). - (IntLiteral, IntLiteral)->TotalComparison is not applicable to an argument of type (A, A). - (LessThan, LessThan)->TotalComparison is not applicable to an argument of type (A, A). - (LessThan, TotalComparison)->TotalComparison is not applicable to an argument of type (A, A). - (LexicographicOrder[\T,E\], T)->TotalComparison is not applicable to an argument of type (A, A). - (NN32, NN32)->TotalComparison is not applicable to an argument of type (A, A). - (RR32, RR32)->Comparison is not applicable to an argument of type (A, A). - (Range[\I\], Range[\I\])->Comparison is not applicable to an argument of type (A, A). - (StandardPartialOrder[\T\], T)->Comparison is not applicable to an argument of type (A, A). - (StandardTotalOrder[\T\], T)->TotalComparison is not applicable to an argument of type (A, A). - (String, String)->TotalComparison is not applicable to an argument of type (A, A). - [\A, B, C\]((A, B, C), (A, B, C))->Comparison is not applicable to an argument of type (A, A). - [\A, B\]((A, B), (A, B))->Comparison is not applicable to an argument of type (A, A).
typecheck	Could not check call to operator CMP - ((NN64 & {UnsignedLong}), NN64)->TotalComparison is not applicable to a	-	component FortressLibrary	typecheck	FortressLibrary.fss:4574	Could not check call to operator CMP - ((NN64 & {UnsignedLong}), NN64)->TotalComparison is not applicable to an argument of type (B, B). - ((RR64 & {Float, FloatLiteral}), RR64)->Comparison is not applicable to an argument of type (B, B). - ((TotalComparison & {LessThan, EqualTo, GreaterThan}), Unordered)->Comparison is not applicable to an argument of type (B, B). - ((ZZ & {BigNum}), ZZ)->TotalComparison is not applicable to an argument of type (B, B). - ((ZZ32 & {Int}), ZZ32)->TotalComparison is not applicable to an argument of type (B, B). - ((ZZ64 & {Long}), ZZ64)->TotalComparison is not applicable to an argument of type (B, B). - (EqualTo, TotalComparison)->TotalComparison is not applicable to an argument of type (B, B). - (GreaterThan, GreaterThan)->TotalComparison is not applicable to an argument of type (B, B). - (GreaterThan, TotalComparison)->TotalComparison is not applicable to an argument of type (B, B). - (IntLiteral, IntLiteral)->TotalComparison is not applicable to an argument of type (B, B). - (LessThan, LessThan)->TotalComparison is not applicable to an argument of type (B, B). - (LessThan, TotalComparison)->TotalComparison is not applicable to an argument of type (B, B). - (LexicographicOrder[\T,E\], T)->TotalComparison is not applicable to an argument of type (B, B). - (NN32, NN32)->TotalComparison is not applicable to an argument of type (B, B). - (RR32, RR32)->Comparison is not applicable to an argument of type (B, B). - (Range[\I\], Range[\I\])->Comparison is not applicable to an argument of type (B, B). - (StandardPartialOrder[\T\], T)->Comparison is not applicable to an argument of type (B, B). - (StandardTotalOrder[\T\], T)->TotalComparison is not applicable to an argument of type (B, B). - (String, String)->TotalComparison is not applicable to an argument of type (B, B). - [\A, B, C\]((A, B, C), (A, B, C))->Comparison is not applicable to an argument of type (B, B). - [\A, B\]((A, B), (A, B))->Comparison is not applicable to an argument of type (B, B).
typecheck	Could not check call to operator CMP - ((NN64 & {UnsignedLong}), NN64)->TotalComparison is not applicable to a	-	component FortressLibrary	typecheck	FortressLibrary.fss:4574	Could not check call to operator CMP - ((NN64 & {UnsignedLong}), NN64)->TotalComparison is not applicable to an argument of type (C, C). - ((RR64 & {Float, FloatLiteral}), RR64)->Comparison is not applicable to an argument of type (C, C). - ((TotalComparison & {LessThan, EqualTo, GreaterThan}), Unordered)->Comparison is not applicable to an argument of type (C, C). - ((ZZ & {BigNum}), ZZ)->TotalComparison is not applicable to an argument of type (C, C). - ((ZZ32 & {Int}), ZZ32)->TotalComparison is not applicable to an argument of type (C, C). - ((ZZ64 & {Long}), ZZ64)->TotalComparison is not applicable to an argument of type (C, C). - (EqualTo, TotalComparison)->TotalComparison is not applicable to an argument of type (C, C). - (GreaterThan, GreaterThan)->TotalComparison is not applicable to an argument of type (C, C). - (GreaterThan, TotalComparison)->TotalComparison is not applicable to an argument of type (C, C). - (IntLiteral, IntLiteral)->TotalComparison is not applicable to an argument of type (C, C). - (LessThan, LessThan)->TotalComparison is not applicable to an argument of type (C, C). - (LessThan, TotalComparison)->TotalComparison is not applicable to an argument of type (C, C). - (LexicographicOrder[\T,E\], T)->TotalComparison is not applicable to an argument of type (C, C). - (NN32, NN32)->TotalComparison is not applicable to an argument of type (C, C). - (RR32, RR32)->Comparison is not applicable to an argument of type (C, C). - (Range[\I\], Range[\I\])->Comparison is not applicable to an argument of type (C, C). - (StandardPartialOrder[\T\], T)->Comparison is not applicable to an argument of type (C, C). - (StandardTotalOrder[\T\], T)->TotalComparison is not applicable to an argument of type (C, C). - (String, String)->TotalComparison is not applicable to an argument of type (C, C). - [\A, B, C\]((A, B, C), (A, B, C))->Comparison is not applicable to an argument of type (C, C). - [\A, B\]((A, B), (A, B))->Comparison is not applicable to an argument of type (C, C).
typecheck	Could not check call to operator MAX - ((NN64 & {UnsignedLong}), NN64)->NN64 is not applicable to an argument 	-	component FortressLibrary	typecheck	FortressLibrary.fss:4748	Could not check call to operator MAX - ((NN64 & {UnsignedLong}), NN64)->NN64 is not applicable to an argument of type (T, T). - ((QQ & {Ratio}), QQ)->QQ is not applicable to an argument of type (T, T). - ((RR64 & {Float, FloatLiteral}), RR64)->RR64 is not applicable to an argument of type (T, T). - ((TotalComparison & {LessThan, EqualTo, GreaterThan}), TotalComparison)->TotalComparison is not applicable to an argument of type (T, T). - ((ZZ & {BigNum}), ZZ)->ZZ is not applicable to an argument of type (T, T). - ((ZZ32 & {Int}), ZZ32)->ZZ32 is not applicable to an argument of type (T, T). - ((ZZ64 & {Long}), ZZ64)->ZZ64 is not applicable to an argument of type (T, T). - (NN32, NN32)->NN32 is not applicable to an argument of type (T, T). - (RR32, RR32)->RR32 is not applicable to an argument of type (T, T). - (StandardMax[\T\], T)->T is not applicable to an argument of type (T, T). - (StandardMinMax[\T\], T)->T is not applicable to an argument of type (T, T). - (StandardTotalOrder[\T\], T)->T is not applicable to an argument of type (T, T). - [\T extends Number, I\](Array[\T,I\], T)->Array[\T,I\] is not applicable to an argument of type (T, T). - [\T extends Number, I\](T, Array[\T,I\])->Array[\T,I\] is not applicable to an argument of type (T, T).
typecheck	Could not check call to operator MAX - ((NN64 & {UnsignedLong}), NN64)->NN64 is not applicable to an argument 	-	component FortressLibrary	typecheck	FortressLibrary.fss:4749	Could not check call to operator MAX - ((NN64 & {UnsignedLong}), NN64)->NN64 is not applicable to an argument of type (T, T). - ((QQ & {Ratio}), QQ)->QQ is not applicable to an argument of type (T, T). - ((RR64 & {Float, FloatLiteral}), RR64)->RR64 is not applicable to an argument of type (T, T). - ((TotalComparison & {LessThan, EqualTo, GreaterThan}), TotalComparison)->TotalComparison is not applicable to an argument of type (T, T). - ((ZZ & {BigNum}), ZZ)->ZZ is not applicable to an argument of type (T, T). - ((ZZ32 & {Int}), ZZ32)->ZZ32 is not applicable to an argument of type (T, T). - ((ZZ64 & {Long}), ZZ64)->ZZ64 is not applicable to an argument of type (T, T). - (NN32, NN32)->NN32 is not applicable to an argument of type (T, T). - (RR32, RR32)->RR32 is not applicable to an argument of type (T, T). - (StandardMax[\T\], T)->T is not applicable to an argument of type (T, T). - (StandardMinMax[\T\], T)->T is not applicable to an argument of type (T, T). - (StandardTotalOrder[\T\], T)->T is not applicable to an argument of type (T, T). - [\T extends Number, I\](Array[\T,I\], T)->Array[\T,I\] is not applicable to an argument of type (T, T). - [\T extends Number, I\](T, Array[\T,I\])->Array[\T,I\] is not applicable to an argument of type (T, T).
typecheck	Could not check call to operator MIN - ((NN64 & {UnsignedLong}), NN64)->NN64 is not applicable to an argument 	-	component FortressLibrary	typecheck	FortressLibrary.fss:4746	Could not check call to operator MIN - ((NN64 & {UnsignedLong}), NN64)->NN64 is not applicable to an argument of type (T, T). - ((QQ & {Ratio}), QQ)->QQ is not applicable to an argument of type (T, T). - ((RR64 & {Float, FloatLiteral}), RR64)->RR64 is not applicable to an argument of type (T, T). - ((TotalComparison & {LessThan, EqualTo, GreaterThan}), TotalComparison)->TotalComparison is not applicable to an argument of type (T, T). - ((ZZ & {BigNum}), ZZ)->ZZ is not applicable to an argument of type (T, T). - ((ZZ32 & {Int}), ZZ32)->ZZ32 is not applicable to an argument of type (T, T). - ((ZZ64 & {Long}), ZZ64)->ZZ64 is not applicable to an argument of type (T, T). - (NN32, NN32)->NN32 is not applicable to an argument of type (T, T). - (RR32, RR32)->RR32 is not applicable to an argument of type (T, T). - (StandardMinMax[\T\], T)->T is not applicable to an argument of type (T, T). - (StandardMin[\T\], T)->T is not applicable to an argument of type (T, T). - (StandardTotalOrder[\T\], T)->T is not applicable to an argument of type (T, T). - [\T extends Number, I\](Array[\T,I\], T)->Array[\T,I\] is not applicable to an argument of type (T, T). - [\T extends Number, I\](T, Array[\T,I\])->Array[\T,I\] is not applicable to an argument of type (T, T).
typecheck	Could not check call to operator MIN - ((NN64 & {UnsignedLong}), NN64)->NN64 is not applicable to an argument 	-	component FortressLibrary	typecheck	FortressLibrary.fss:4747	Could not check call to operator MIN - ((NN64 & {UnsignedLong}), NN64)->NN64 is not applicable to an argument of type (T, T). - ((QQ & {Ratio}), QQ)->QQ is not applicable to an argument of type (T, T). - ((RR64 & {Float, FloatLiteral}), RR64)->RR64 is not applicable to an argument of type (T, T). - ((TotalComparison & {LessThan, EqualTo, GreaterThan}), TotalComparison)->TotalComparison is not applicable to an argument of type (T, T). - ((ZZ & {BigNum}), ZZ)->ZZ is not applicable to an argument of type (T, T). - ((ZZ32 & {Int}), ZZ32)->ZZ32 is not applicable to an argument of type (T, T). - ((ZZ64 & {Long}), ZZ64)->ZZ64 is not applicable to an argument of type (T, T). - (NN32, NN32)->NN32 is not applicable to an argument of type (T, T). - (RR32, RR32)->RR32 is not applicable to an argument of type (T, T). - (StandardMinMax[\T\], T)->T is not applicable to an argument of type (T, T). - (StandardMin[\T\], T)->T is not applicable to an argument of type (T, T). - (StandardTotalOrder[\T\], T)->T is not applicable to an argument of type (T, T). - [\T extends Number, I\](Array[\T,I\], T)->Array[\T,I\] is not applicable to an argument of type (T, T). - [\T extends Number, I\](T, Array[\T,I\])->Array[\T,I\] is not applicable to an argument of type (T, T).
typecheck	Could not check call to operator MOD - ((NN64 & {UnsignedLong}), NN64)->NN64 is not applicable to an argument 	-	component FortressLibrary	typecheck	FortressLibrary.fss:710	Could not check call to operator MOD - ((NN64 & {UnsignedLong}), NN64)->NN64 is not applicable to an argument of type (I, Integral[\I\]). - ((ZZ & {BigNum}), ZZ)->ZZ is not applicable to an argument of type (I, Integral[\I\]). - ((ZZ32 & {Int}), ZZ32)->ZZ32 is not applicable to an argument of type (I, Integral[\I\]). - ((ZZ64 & {Long}), ZZ64)->ZZ64 is not applicable to an argument of type (I, Integral[\I\]). - (IntLiteral, IntLiteral)->IntLiteral is not applicable to an argument of type (I, Integral[\I\]). - (Integral[\I\], I)->I is not applicable to an argument of type (I, Integral[\I\]). - (NN32, NN32)->NN32 is not applicable to an argument of type (I, Integral[\I\]).
typecheck	Could not check call to operator PCMP - ((ZZ32, ZZ32), (ZZ32, ZZ32))->Comparison is not applicable to an argum	-	component FortressLibrary	typecheck	FortressLibrary.fss:3984	Could not check call to operator PCMP - ((ZZ32, ZZ32), (ZZ32, ZZ32))->Comparison is not applicable to an argument of type (I, I). - ((ZZ32, ZZ32, ZZ32), (ZZ32, ZZ32, ZZ32))->Comparison is not applicable to an argument of type (I, I). - (ZZ32, ZZ32)->Comparison is not applicable to an argument of type (I, I).
typecheck	Could not check call to operator PCMP - ((ZZ32, ZZ32), (ZZ32, ZZ32))->Comparison is not applicable to an argum	-	component FortressLibrary	typecheck	FortressLibrary.fss:3985	Could not check call to operator PCMP - ((ZZ32, ZZ32), (ZZ32, ZZ32))->Comparison is not applicable to an argument of type (I, I). - ((ZZ32, ZZ32, ZZ32), (ZZ32, ZZ32, ZZ32))->Comparison is not applicable to an argument of type (I, I). - (ZZ32, ZZ32)->Comparison is not applicable to an argument of type (I, I).
typecheck	Could not check call to operator SCMP - ((ZZ32, ZZ32), (ZZ32, ZZ32))->Comparison is not applicable to an argum	-	component FortressLibrary	typecheck	FortressLibrary.fss:3845	Could not check call to operator SCMP - ((ZZ32, ZZ32), (ZZ32, ZZ32))->Comparison is not applicable to an argument of type (I, I). - ((ZZ32, ZZ32, ZZ32), (ZZ32, ZZ32, ZZ32))->Comparison is not applicable to an argument of type (I, I). - (ZZ32, ZZ32)->Comparison is not applicable to an argument of type (I, I).
typecheck	Could not check call to operator juxtaposition - ((NN64 & {UnsignedLong}), NN64)->NN64 is not applicable to an	-	component FortressLibrary	typecheck	FortressLibrary.fss:2402	Could not check call to operator juxtaposition - ((NN64 & {UnsignedLong}), NN64)->NN64 is not applicable to an argument of type (T, T). - ((QQ & {Ratio}), QQ)->QQ is not applicable to an argument of type (T, T). - ((RR64 & {Float, FloatLiteral}), RR64)->RR64 is not applicable to an argument of type (T, T). - ((ZZ & {BigNum}), ZZ)->ZZ is not applicable to an argument of type (T, T). - ((ZZ32 & {Int}), ZZ32)->ZZ32 is not applicable to an argument of type (T, T). - ((ZZ64 & {Long}), ZZ64)->ZZ64 is not applicable to an argument of type (T, T). - (Any, String)->String is not applicable to an argument of type (T, T). - (IntLiteral, IntLiteral)->IntLiteral is not applicable to an argument of type (T, T). - (Integral[\I\], I)->I is not applicable to an argument of type (T, T). - (MultiplicativeRing[\T\], T)->T is not applicable to an argument of type (T, T). - (NN32, NN32)->NN32 is not applicable to an argument of type (T, T). - (RR32, RR32)->RR32 is not applicable to an argument of type (T, T). - (String, Any)->String is not applicable to an argument of type (T, T). - (String, String)->String is not applicable to an argument of type (T, T). - [\T extends Number, nat n, nat m, nat p\](Matrix[\T,n,m\], Matrix[\T,m,p\])->Matrix[\T,n,p\] is not applicable to an argument of type (T, T). - [\T extends Number, nat n, nat m\](Matrix[\T,n,m\], T)->Matrix[\T,n,m\] is not applicable to an argument of type (T, T). - [\T extends Number, nat n, nat m\](Matrix[\T,n,m\], Vector[\T,m\])->Vector[\T,n\] is not applicable to an argument of type (T, T). - [\T extends Number, nat n, nat m\](T, Matrix[\T,n,m\])->Matrix[\T,n,m\] is not applicable to an argument of type (T, T). - [\T extends Number, nat n, nat m\](Vector[\T,n\], Matrix[\T,n,m\])->Vector[\T,m\] is not applicable to an argument of type (T, T). - [\T extends Number, nat n\](T, Vector[\T,n\])->Vector[\T,n\] is not applicable to an argument of type (T, T). - [\T extends Number, nat n\](Vector[\T,n\], T)->Vector[\T,n\] is not applicable to an argument of type (T, T). - [\T extends Number, nat n\](Vector[\T,n\], Vector[\T,n\])->T is not applicable to an argument of type (T, T).
typecheck	Could not check call to operator juxtaposition - ((NN64 & {UnsignedLong}), NN64)->NN64 is not applicable to an	-	component FortressLibrary	typecheck	FortressLibrary.fss:2404	Could not check call to operator juxtaposition - ((NN64 & {UnsignedLong}), NN64)->NN64 is not applicable to an argument of type (T, T). - ((QQ & {Ratio}), QQ)->QQ is not applicable to an argument of type (T, T). - ((RR64 & {Float, FloatLiteral}), RR64)->RR64 is not applicable to an argument of type (T, T). - ((ZZ & {BigNum}), ZZ)->ZZ is not applicable to an argument of type (T, T). - ((ZZ32 & {Int}), ZZ32)->ZZ32 is not applicable to an argument of type (T, T). - ((ZZ64 & {Long}), ZZ64)->ZZ64 is not applicable to an argument of type (T, T). - (Any, String)->String is not applicable to an argument of type (T, T). - (IntLiteral, IntLiteral)->IntLiteral is not applicable to an argument of type (T, T). - (Integral[\I\], I)->I is not applicable to an argument of type (T, T). - (MultiplicativeRing[\T\], T)->T is not applicable to an argument of type (T, T). - (NN32, NN32)->NN32 is not applicable to an argument of type (T, T). - (RR32, RR32)->RR32 is not applicable to an argument of type (T, T). - (String, Any)->String is not applicable to an argument of type (T, T). - (String, String)->String is not applicable to an argument of type (T, T). - [\T extends Number, nat n, nat m, nat p\](Matrix[\T,n,m\], Matrix[\T,m,p\])->Matrix[\T,n,p\] is not applicable to an argument of type (T, T). - [\T extends Number, nat n, nat m\](Matrix[\T,n,m\], T)->Matrix[\T,n,m\] is not applicable to an argument of type (T, T). - [\T extends Number, nat n, nat m\](Matrix[\T,n,m\], Vector[\T,m\])->Vector[\T,n\] is not applicable to an argument of type (T, T). - [\T extends Number, nat n, nat m\](T, Matrix[\T,n,m\])->Matrix[\T,n,m\] is not applicable to an argument of type (T, T). - [\T extends Number, nat n, nat m\](Vector[\T,n\], Matrix[\T,n,m\])->Vector[\T,m\] is not applicable to an argument of type (T, T). - [\T extends Number, nat n\](T, Vector[\T,n\])->Vector[\T,n\] is not applicable to an argument of type (T, T). - [\T extends Number, nat n\](Vector[\T,n\], T)->Vector[\T,n\] is not applicable to an argument of type (T, T). - [\T extends Number, nat n\](Vector[\T,n\], Vector[\T,n\])->T is not applicable to an argument of type (T, T). FortressLibrary.fss:2404:19-47: Possibly because (i, me_i): (ZZ32, T) after argument inference FortressLibrary.fss:2404:9-63: Possibly because (reduction?7, unit?8): (Reduction[\T\], T->T) after argument inference
typecheck	Could not check call to operator juxtaposition - ((NN64 & {UnsignedLong}), NN64)->NN64 is not applicable to an	-	component FortressLibrary	typecheck	FortressLibrary.fss:2708	Could not check call to operator juxtaposition - ((NN64 & {UnsignedLong}), NN64)->NN64 is not applicable to an argument of type (T, T). - ((QQ & {Ratio}), QQ)->QQ is not applicable to an argument of type (T, T). - ((RR64 & {Float, FloatLiteral}), RR64)->RR64 is not applicable to an argument of type (T, T). - ((ZZ & {BigNum}), ZZ)->ZZ is not applicable to an argument of type (T, T). - ((ZZ32 & {Int}), ZZ32)->ZZ32 is not applicable to an argument of type (T, T). - ((ZZ64 & {Long}), ZZ64)->ZZ64 is not applicable to an argument of type (T, T). - (Any, String)->String is not applicable to an argument of type (T, T). - (IntLiteral, IntLiteral)->IntLiteral is not applicable to an argument of type (T, T). - (Integral[\I\], I)->I is not applicable to an argument of type (T, T). - (MultiplicativeRing[\T\], T)->T is not applicable to an argument of type (T, T). - (NN32, NN32)->NN32 is not applicable to an argument of type (T, T). - (RR32, RR32)->RR32 is not applicable to an argument of type (T, T). - (String, Any)->String is not applicable to an argument of type (T, T). - (String, String)->String is not applicable to an argument of type (T, T). - [\T extends Number, nat n, nat m, nat p\](Matrix[\T,n,m\], Matrix[\T,m,p\])->Matrix[\T,n,p\] is not applicable to an argument of type (T, T). - [\T extends Number, nat n, nat m\](Matrix[\T,n,m\], T)->Matrix[\T,n,m\] is not applicable to an argument of type (T, T). - [\T extends Number, nat n, nat m\](Matrix[\T,n,m\], Vector[\T,m\])->Vector[\T,n\] is not applicable to an argument of type (T, T). - [\T extends Number, nat n, nat m\](T, Matrix[\T,n,m\])->Matrix[\T,n,m\] is not applicable to an argument of type (T, T). - [\T extends Number, nat n, nat m\](Vector[\T,n\], Matrix[\T,n,m\])->Vector[\T,m\] is not applicable to an argument of type (T, T). - [\T extends Number, nat n\](T, Vector[\T,n\])->Vector[\T,n\] is not applicable to an argument of type (T, T). - [\T extends Number, nat n\](Vector[\T,n\], T)->Vector[\T,n\] is not applicable to an argument of type (T, T). - [\T extends Number, nat n\](Vector[\T,n\], Vector[\T,n\])->T is not applicable to an argument of type (T, T).
typecheck	Could not check call to operator juxtaposition - ((NN64 & {UnsignedLong}), NN64)->NN64 is not applicable to an	-	component FortressLibrary	typecheck	FortressLibrary.fss:2714	Could not check call to operator juxtaposition - ((NN64 & {UnsignedLong}), NN64)->NN64 is not applicable to an argument of type (T, T). - ((QQ & {Ratio}), QQ)->QQ is not applicable to an argument of type (T, T). - ((RR64 & {Float, FloatLiteral}), RR64)->RR64 is not applicable to an argument of type (T, T). - ((ZZ & {BigNum}), ZZ)->ZZ is not applicable to an argument of type (T, T). - ((ZZ32 & {Int}), ZZ32)->ZZ32 is not applicable to an argument of type (T, T). - ((ZZ64 & {Long}), ZZ64)->ZZ64 is not applicable to an argument of type (T, T). - (Any, String)->String is not applicable to an argument of type (T, T). - (IntLiteral, IntLiteral)->IntLiteral is not applicable to an argument of type (T, T). - (Integral[\I\], I)->I is not applicable to an argument of type (T, T). - (MultiplicativeRing[\T\], T)->T is not applicable to an argument of type (T, T). - (NN32, NN32)->NN32 is not applicable to an argument of type (T, T). - (RR32, RR32)->RR32 is not applicable to an argument of type (T, T). - (String, Any)->String is not applicable to an argument of type (T, T). - (String, String)->String is not applicable to an argument of type (T, T). - [\T extends Number, nat n, nat m, nat p\](Matrix[\T,n,m\], Matrix[\T,m,p\])->Matrix[\T,n,p\] is not applicable to an argument of type (T, T). - [\T extends Number, nat n, nat m\](Matrix[\T,n,m\], T)->Matrix[\T,n,m\] is not applicable to an argument of type (T, T). - [\T extends Number, nat n, nat m\](Matrix[\T,n,m\], Vector[\T,m\])->Vector[\T,n\] is not applicable to an argument of type (T, T). - [\T extends Number, nat n, nat m\](T, Matrix[\T,n,m\])->Matrix[\T,n,m\] is not applicable to an argument of type (T, T). - [\T extends Number, nat n, nat m\](Vector[\T,n\], Matrix[\T,n,m\])->Vector[\T,m\] is not applicable to an argument of type (T, T). - [\T extends Number, nat n\](T, Vector[\T,n\])->Vector[\T,n\] is not applicable to an argument of type (T, T). - [\T extends Number, nat n\](Vector[\T,n\], T)->Vector[\T,n\] is not applicable to an argument of type (T, T). - [\T extends Number, nat n\](Vector[\T,n\], Vector[\T,n\])->T is not applicable to an argument of type (T, T).
typecheck	Could not check call to operator juxtaposition - ((NN64 & {UnsignedLong}), NN64)->NN64 is not applicable to an	-	component FortressLibrary	typecheck	FortressLibrary.fss:2732	Could not check call to operator juxtaposition - ((NN64 & {UnsignedLong}), NN64)->NN64 is not applicable to an argument of type (T, T). - ((QQ & {Ratio}), QQ)->QQ is not applicable to an argument of type (T, T). - ((RR64 & {Float, FloatLiteral}), RR64)->RR64 is not applicable to an argument of type (T, T). - ((ZZ & {BigNum}), ZZ)->ZZ is not applicable to an argument of type (T, T). - ((ZZ32 & {Int}), ZZ32)->ZZ32 is not applicable to an argument of type (T, T). - ((ZZ64 & {Long}), ZZ64)->ZZ64 is not applicable to an argument of type (T, T). - (Any, String)->String is not applicable to an argument of type (T, T). - (IntLiteral, IntLiteral)->IntLiteral is not applicable to an argument of type (T, T). - (Integral[\I\], I)->I is not applicable to an argument of type (T, T). - (MultiplicativeRing[\T\], T)->T is not applicable to an argument of type (T, T). - (NN32, NN32)->NN32 is not applicable to an argument of type (T, T). - (RR32, RR32)->RR32 is not applicable to an argument of type (T, T). - (String, Any)->String is not applicable to an argument of type (T, T). - (String, String)->String is not applicable to an argument of type (T, T). - [\T extends Number, nat n, nat m, nat p\](Matrix[\T,n,m\], Matrix[\T,m,p\])->Matrix[\T,n,p\] is not applicable to an argument of type (T, T). - [\T extends Number, nat n, nat m\](Matrix[\T,n,m\], T)->Matrix[\T,n,m\] is not applicable to an argument of type (T, T). - [\T extends Number, nat n, nat m\](Matrix[\T,n,m\], Vector[\T,m\])->Vector[\T,n\] is not applicable to an argument of type (T, T). - [\T extends Number, nat n, nat m\](T, Matrix[\T,n,m\])->Matrix[\T,n,m\] is not applicable to an argument of type (T, T). - [\T extends Number, nat n, nat m\](Vector[\T,n\], Matrix[\T,n,m\])->Vector[\T,m\] is not applicable to an argument of type (T, T). - [\T extends Number, nat n\](T, Vector[\T,n\])->Vector[\T,n\] is not applicable to an argument of type (T, T). - [\T extends Number, nat n\](Vector[\T,n\], T)->Vector[\T,n\] is not applicable to an argument of type (T, T). - [\T extends Number, nat n\](Vector[\T,n\], Vector[\T,n\])->T is not applicable to an argument of type (T, T).
typecheck	Could not check call to operator juxtaposition - ((NN64 & {UnsignedLong}), NN64)->NN64 is not applicable to an	-	component FortressLibrary	typecheck	FortressLibrary.fss:2754	Could not check call to operator juxtaposition - ((NN64 & {UnsignedLong}), NN64)->NN64 is not applicable to an argument of type (T, T). - ((QQ & {Ratio}), QQ)->QQ is not applicable to an argument of type (T, T). - ((RR64 & {Float, FloatLiteral}), RR64)->RR64 is not applicable to an argument of type (T, T). - ((ZZ & {BigNum}), ZZ)->ZZ is not applicable to an argument of type (T, T). - ((ZZ32 & {Int}), ZZ32)->ZZ32 is not applicable to an argument of type (T, T). - ((ZZ64 & {Long}), ZZ64)->ZZ64 is not applicable to an argument of type (T, T). - (Any, String)->String is not applicable to an argument of type (T, T). - (IntLiteral, IntLiteral)->IntLiteral is not applicable to an argument of type (T, T). - (Integral[\I\], I)->I is not applicable to an argument of type (T, T). - (MultiplicativeRing[\T\], T)->T is not applicable to an argument of type (T, T). - (NN32, NN32)->NN32 is not applicable to an argument of type (T, T). - (RR32, RR32)->RR32 is not applicable to an argument of type (T, T). - (String, Any)->String is not applicable to an argument of type (T, T). - (String, String)->String is not applicable to an argument of type (T, T). - [\T extends Number, nat n, nat m, nat p\](Matrix[\T,n,m\], Matrix[\T,m,p\])->Matrix[\T,n,p\] is not applicable to an argument of type (T, T). - [\T extends Number, nat n, nat m\](Matrix[\T,n,m\], T)->Matrix[\T,n,m\] is not applicable to an argument of type (T, T). - [\T extends Number, nat n, nat m\](Matrix[\T,n,m\], Vector[\T,m\])->Vector[\T,n\] is not applicable to an argument of type (T, T). - [\T extends Number, nat n, nat m\](T, Matrix[\T,n,m\])->Matrix[\T,n,m\] is not applicable to an argument of type (T, T). - [\T extends Number, nat n, nat m\](Vector[\T,n\], Matrix[\T,n,m\])->Vector[\T,m\] is not applicable to an argument of type (T, T). - [\T extends Number, nat n\](T, Vector[\T,n\])->Vector[\T,n\] is not applicable to an argument of type (T, T). - [\T extends Number, nat n\](Vector[\T,n\], T)->Vector[\T,n\] is not applicable to an argument of type (T, T). - [\T extends Number, nat n\](Vector[\T,n\], Vector[\T,n\])->T is not applicable to an argument of type (T, T). FortressLibrary.fss:2754:22-46: Possibly because (j, v_j): (ZZ32, T) after argument inference FortressLibrary.fss:2754:13-61: Possibly because (reduction?9, unit?10): (Reduction[\T\], T->T) after argument inference
typecheck	Could not check call to operator juxtaposition - ((NN64 & {UnsignedLong}), NN64)->NN64 is not applicable to an	-	component FortressLibrary	typecheck	FortressLibrary.fss:2759	Could not check call to operator juxtaposition - ((NN64 & {UnsignedLong}), NN64)->NN64 is not applicable to an argument of type (T, T). - ((QQ & {Ratio}), QQ)->QQ is not applicable to an argument of type (T, T). - ((RR64 & {Float, FloatLiteral}), RR64)->RR64 is not applicable to an argument of type (T, T). - ((ZZ & {BigNum}), ZZ)->ZZ is not applicable to an argument of type (T, T). - ((ZZ32 & {Int}), ZZ32)->ZZ32 is not applicable to an argument of type (T, T). - ((ZZ64 & {Long}), ZZ64)->ZZ64 is not applicable to an argument of type (T, T). - (Any, String)->String is not applicable to an argument of type (T, T). - (IntLiteral, IntLiteral)->IntLiteral is not applicable to an argument of type (T, T). - (Integral[\I\], I)->I is not applicable to an argument of type (T, T). - (MultiplicativeRing[\T\], T)->T is not applicable to an argument of type (T, T). - (NN32, NN32)->NN32 is not applicable to an argument of type (T, T). - (RR32, RR32)->RR32 is not applicable to an argument of type (T, T). - (String, Any)->String is not applicable to an argument of type (T, T). - (String, String)->String is not applicable to an argument of type (T, T). - [\T extends Number, nat n, nat m, nat p\](Matrix[\T,n,m\], Matrix[\T,m,p\])->Matrix[\T,n,p\] is not applicable to an argument of type (T, T). - [\T extends Number, nat n, nat m\](Matrix[\T,n,m\], T)->Matrix[\T,n,m\] is not applicable to an argument of type (T, T). - [\T extends Number, nat n, nat m\](Matrix[\T,n,m\], Vector[\T,m\])->Vector[\T,n\] is not applicable to an argument of type (T, T). - [\T extends Number, nat n, nat m\](T, Matrix[\T,n,m\])->Matrix[\T,n,m\] is not applicable to an argument of type (T, T). - [\T extends Number, nat n, nat m\](Vector[\T,n\], Matrix[\T,n,m\])->Vector[\T,m\] is not applicable to an argument of type (T, T). - [\T extends Number, nat n\](T, Vector[\T,n\])->Vector[\T,n\] is not applicable to an argument of type (T, T). - [\T extends Number, nat n\](Vector[\T,n\], T)->Vector[\T,n\] is not applicable to an argument of type (T, T). - [\T extends Number, nat n\](Vector[\T,n\], Vector[\T,n\])->T is not applicable to an argument of type (T, T). FortressLibrary.fss:2759:22-46: Possibly because (j, v_j): (ZZ32, T) after argument inference FortressLibrary.fss:2759:13-61: Possibly because (reduction?11, unit?12): (Reduction[\T\], T->T) after argument inference
typecheck	Could not check call to operator |_| - (NN64 & {UnsignedLong})->NN64 is not applicable to an argument of type 	-	component FortressLibrary	typecheck	FortressLibrary.fss:1961	Could not check call to operator |_| - (NN64 & {UnsignedLong})->NN64 is not applicable to an argument of type Generator[\I\]. - (PairGenerator[\E,F\] & {SimplePairGenerator[\E,F\], SimplePairSeqGenerator[\E,F\]})->ZZ32 is not applicable to an argument of type Generator[\I\]. - (QQ & {Ratio})->QQ is not applicable to an argument of type Generator[\I\]. - (RR64 & {Float, FloatLiteral})->RR64 is not applicable to an argument of type Generator[\I\]. - (ReadableArray1[\T,b0,s0\] & {ImmutableArray1[\T,b0,s0\], Array1[\T,b0,s0\]})->ZZ32 is not applicable to an argument of type Generator[\I\]. - (ZZ & {BigNum})->ZZ is not applicable to an argument of type Generator[\I\]. - (ZZ32 & {Int})->ZZ32 is not applicable to an argument of type Generator[\I\]. - (ZZ64 & {Long})->ZZ64 is not applicable to an argument of type Generator[\I\]. - Array2[\T,b0,s0,b1,s1\]->ZZ32 is not applicable to an argument of type Generator[\I\]. - Array3[\T,b0,s0,b1,s1,b2,s2\]->ZZ32 is not applicable to an argument of type Generator[\I\]. - Char->ZZ32 is not applicable to an argument of type Generator[\I\]. - CompactFullRange[\I\]->ZZ32 is not applicable to an argument of type Generator[\I\]. - Condition[\E\]->ZZ32 is not applicable to an argument of type Generator[\I\]. - DefaultZip[\E,F\]->ZZ32 is not applicable to an argument of type Generator[\I\]. - DelegatedIndexed[\E,I\]->ZZ32 is not applicable to an argument of type Generator[\I\]. - Indexed[\E,I\]->ZZ32 is not applicable to an argument of type Generator[\I\]. - IntLiteral->IntLiteral is not applicable to an argument of type Generator[\I\]. - Just[\T\]->ZZ32 is not applicable to an argument of type Generator[\I\]. - NN32->NN32 is not applicable to an argument of type Generator[\I\]. - NaiveSeqGenerator[\E\]->ZZ32 is not applicable to an argument of type Generator[\I\]. - NotUnique[\T\]->ZZ32 is not applicable to an argument of type Generator[\I\]. - Nothing[\T\]->ZZ32 is not applicable to an argument of type Generator[\I\]. - RR32->RR32 is not applicable to an argument of type Generator[\I\]. - RangeInternals.FullRange2D->ZZ32 is not applicable to an argument of type Generator[\I\]. - RangeInternals.FullRange3D->ZZ32 is not applicable to an argument of type Generator[\I\]. - RangeInternals.StridedFullScalarRange->ZZ32 is not applicable to an argument of type Generator[\I\]. - ReversedIndexed[\E,I\]->ZZ32 is not applicable to an argument of type Generator[\I\]. - SimpleMappedIndexed[\E,F,I\]->ZZ32 is not applicable to an argument of type Generator[\I\]. - SimpleMappedSeqIndexed[\E,F,I\]->ZZ32 is not applicable to an argument of type Generator[\I\]. - String->ZZ32 is not applicable to an argument of type Generator[\I\].
typecheck	Could not check call to operator |_| - (NN64 & {UnsignedLong})->NN64 is not applicable to an argument of type 	-	component FortressLibrary	typecheck	FortressLibrary.fss:3705	Could not check call to operator |_| - (NN64 & {UnsignedLong})->NN64 is not applicable to an argument of type Generator[\E\]. - (PairGenerator[\E,F\] & {SimplePairGenerator[\E,F\], SimplePairSeqGenerator[\E,F\]})->ZZ32 is not applicable to an argument of type Generator[\E\]. - (QQ & {Ratio})->QQ is not applicable to an argument of type Generator[\E\]. - (RR64 & {Float, FloatLiteral})->RR64 is not applicable to an argument of type Generator[\E\]. - (ReadableArray1[\T,b0,s0\] & {ImmutableArray1[\T,b0,s0\], Array1[\T,b0,s0\]})->ZZ32 is not applicable to an argument of type Generator[\E\]. - (ZZ & {BigNum})->ZZ is not applicable to an argument of type Generator[\E\]. - (ZZ32 & {Int})->ZZ32 is not applicable to an argument of type Generator[\E\]. - (ZZ64 & {Long})->ZZ64 is not applicable to an argument of type Generator[\E\]. - Array2[\T,b0,s0,b1,s1\]->ZZ32 is not applicable to an argument of type Generator[\E\]. - Array3[\T,b0,s0,b1,s1,b2,s2\]->ZZ32 is not applicable to an argument of type Generator[\E\]. - Char->ZZ32 is not applicable to an argument of type Generator[\E\]. - CompactFullRange[\I\]->ZZ32 is not applicable to an argument of type Generator[\E\]. - Condition[\E\]->ZZ32 is not applicable to an argument of type Generator[\E\]. - DefaultZip[\E,F\]->ZZ32 is not applicable to an argument of type Generator[\E\]. - DelegatedIndexed[\E,I\]->ZZ32 is not applicable to an argument of type Generator[\E\]. - Indexed[\E,I\]->ZZ32 is not applicable to an argument of type Generator[\E\]. - IntLiteral->IntLiteral is not applicable to an argument of type Generator[\E\]. - Just[\T\]->ZZ32 is not applicable to an argument of type Generator[\E\]. - NN32->NN32 is not applicable to an argument of type Generator[\E\]. - NaiveSeqGenerator[\E\]->ZZ32 is not applicable to an argument of type Generator[\E\]. - NotUnique[\T\]->ZZ32 is not applicable to an argument of type Generator[\E\]. - Nothing[\T\]->ZZ32 is not applicable to an argument of type Generator[\E\]. - RR32->RR32 is not applicable to an argument of type Generator[\E\]. - RangeInternals.FullRange2D->ZZ32 is not applicable to an argument of type Generator[\E\]. - RangeInternals.FullRange3D->ZZ32 is not applicable to an argument of type Generator[\E\]. - RangeInternals.StridedFullScalarRange->ZZ32 is not applicable to an argument of type Generator[\E\]. - ReversedIndexed[\E,I\]->ZZ32 is not applicable to an argument of type Generator[\E\]. - SimpleMappedIndexed[\E,F,I\]->ZZ32 is not applicable to an argument of type Generator[\E\]. - SimpleMappedSeqIndexed[\E,F,I\]->ZZ32 is not applicable to an argument of type Generator[\E\]. - String->ZZ32 is not applicable to an argument of type Generator[\E\].
typecheck	Could not check call to operator |_| - (NN64 & {UnsignedLong})->NN64 is not applicable to an argument of type 	-	component FortressLibrary	typecheck	FortressLibrary.fss:3705	Could not check call to operator |_| - (NN64 & {UnsignedLong})->NN64 is not applicable to an argument of type Generator[\F\]. - (PairGenerator[\E,F\] & {SimplePairGenerator[\E,F\], SimplePairSeqGenerator[\E,F\]})->ZZ32 is not applicable to an argument of type Generator[\F\]. - (QQ & {Ratio})->QQ is not applicable to an argument of type Generator[\F\]. - (RR64 & {Float, FloatLiteral})->RR64 is not applicable to an argument of type Generator[\F\]. - (ReadableArray1[\T,b0,s0\] & {ImmutableArray1[\T,b0,s0\], Array1[\T,b0,s0\]})->ZZ32 is not applicable to an argument of type Generator[\F\]. - (ZZ & {BigNum})->ZZ is not applicable to an argument of type Generator[\F\]. - (ZZ32 & {Int})->ZZ32 is not applicable to an argument of type Generator[\F\]. - (ZZ64 & {Long})->ZZ64 is not applicable to an argument of type Generator[\F\]. - Array2[\T,b0,s0,b1,s1\]->ZZ32 is not applicable to an argument of type Generator[\F\]. - Array3[\T,b0,s0,b1,s1,b2,s2\]->ZZ32 is not applicable to an argument of type Generator[\F\]. - Char->ZZ32 is not applicable to an argument of type Generator[\F\]. - CompactFullRange[\I\]->ZZ32 is not applicable to an argument of type Generator[\F\]. - Condition[\E\]->ZZ32 is not applicable to an argument of type Generator[\F\]. - DefaultZip[\E,F\]->ZZ32 is not applicable to an argument of type Generator[\F\]. - DelegatedIndexed[\E,I\]->ZZ32 is not applicable to an argument of type Generator[\F\]. - Indexed[\E,I\]->ZZ32 is not applicable to an argument of type Generator[\F\]. - IntLiteral->IntLiteral is not applicable to an argument of type Generator[\F\]. - Just[\T\]->ZZ32 is not applicable to an argument of type Generator[\F\]. - NN32->NN32 is not applicable to an argument of type Generator[\F\]. - NaiveSeqGenerator[\E\]->ZZ32 is not applicable to an argument of type Generator[\F\]. - NotUnique[\T\]->ZZ32 is not applicable to an argument of type Generator[\F\]. - Nothing[\T\]->ZZ32 is not applicable to an argument of type Generator[\F\]. - RR32->RR32 is not applicable to an argument of type Generator[\F\]. - RangeInternals.FullRange2D->ZZ32 is not applicable to an argument of type Generator[\F\]. - RangeInternals.FullRange3D->ZZ32 is not applicable to an argument of type Generator[\F\]. - RangeInternals.StridedFullScalarRange->ZZ32 is not applicable to an argument of type Generator[\F\]. - ReversedIndexed[\E,I\]->ZZ32 is not applicable to an argument of type Generator[\F\]. - SimpleMappedIndexed[\E,F,I\]->ZZ32 is not applicable to an argument of type Generator[\F\]. - SimpleMappedSeqIndexed[\E,F,I\]->ZZ32 is not applicable to an argument of type Generator[\F\]. - String->ZZ32 is not applicable to an argument of type Generator[\F\].
typecheck	Could not check call to operator |_| - (NN64 & {UnsignedLong})->NN64 is not applicable to an argument of type 	-	component FortressLibrary	typecheck	FortressLibrary.fss:3783	Could not check call to operator |_| - (NN64 & {UnsignedLong})->NN64 is not applicable to an argument of type Generator[\E\]. - (PairGenerator[\E,F\] & {SimplePairGenerator[\E,F\], SimplePairSeqGenerator[\E,F\]})->ZZ32 is not applicable to an argument of type Generator[\E\]. - (QQ & {Ratio})->QQ is not applicable to an argument of type Generator[\E\]. - (RR64 & {Float, FloatLiteral})->RR64 is not applicable to an argument of type Generator[\E\]. - (ReadableArray1[\T,b0,s0\] & {ImmutableArray1[\T,b0,s0\], Array1[\T,b0,s0\]})->ZZ32 is not applicable to an argument of type Generator[\E\]. - (ZZ & {BigNum})->ZZ is not applicable to an argument of type Generator[\E\]. - (ZZ32 & {Int})->ZZ32 is not applicable to an argument of type Generator[\E\]. - (ZZ64 & {Long})->ZZ64 is not applicable to an argument of type Generator[\E\]. - Array2[\T,b0,s0,b1,s1\]->ZZ32 is not applicable to an argument of type Generator[\E\]. - Array3[\T,b0,s0,b1,s1,b2,s2\]->ZZ32 is not applicable to an argument of type Generator[\E\]. - Char->ZZ32 is not applicable to an argument of type Generator[\E\]. - CompactFullRange[\I\]->ZZ32 is not applicable to an argument of type Generator[\E\]. - Condition[\E\]->ZZ32 is not applicable to an argument of type Generator[\E\]. - DefaultZip[\E,F\]->ZZ32 is not applicable to an argument of type Generator[\E\]. - DelegatedIndexed[\E,I\]->ZZ32 is not applicable to an argument of type Generator[\E\]. - Indexed[\E,I\]->ZZ32 is not applicable to an argument of type Generator[\E\]. - IntLiteral->IntLiteral is not applicable to an argument of type Generator[\E\]. - Just[\T\]->ZZ32 is not applicable to an argument of type Generator[\E\]. - NN32->NN32 is not applicable to an argument of type Generator[\E\]. - NaiveSeqGenerator[\E\]->ZZ32 is not applicable to an argument of type Generator[\E\]. - NotUnique[\T\]->ZZ32 is not applicable to an argument of type Generator[\E\]. - Nothing[\T\]->ZZ32 is not applicable to an argument of type Generator[\E\]. - RR32->RR32 is not applicable to an argument of type Generator[\E\]. - RangeInternals.FullRange2D->ZZ32 is not applicable to an argument of type Generator[\E\]. - RangeInternals.FullRange3D->ZZ32 is not applicable to an argument of type Generator[\E\]. - RangeInternals.StridedFullScalarRange->ZZ32 is not applicable to an argument of type Generator[\E\]. - ReversedIndexed[\E,I\]->ZZ32 is not applicable to an argument of type Generator[\E\]. - SimpleMappedIndexed[\E,F,I\]->ZZ32 is not applicable to an argument of type Generator[\E\]. - SimpleMappedSeqIndexed[\E,F,I\]->ZZ32 is not applicable to an argument of type Generator[\E\]. - String->ZZ32 is not applicable to an argument of type Generator[\E\].
typecheck	Could not check call to operator |_| - (NN64 & {UnsignedLong})->NN64 is not applicable to an argument of type 	-	component FortressLibrary	typecheck	FortressLibrary.fss:3785	Could not check call to operator |_| - (NN64 & {UnsignedLong})->NN64 is not applicable to an argument of type Generator[\E\]. - (PairGenerator[\E,F\] & {SimplePairGenerator[\E,F\], SimplePairSeqGenerator[\E,F\]})->ZZ32 is not applicable to an argument of type Generator[\E\]. - (QQ & {Ratio})->QQ is not applicable to an argument of type Generator[\E\]. - (RR64 & {Float, FloatLiteral})->RR64 is not applicable to an argument of type Generator[\E\]. - (ReadableArray1[\T,b0,s0\] & {ImmutableArray1[\T,b0,s0\], Array1[\T,b0,s0\]})->ZZ32 is not applicable to an argument of type Generator[\E\]. - (ZZ & {BigNum})->ZZ is not applicable to an argument of type Generator[\E\]. - (ZZ32 & {Int})->ZZ32 is not applicable to an argument of type Generator[\E\]. - (ZZ64 & {Long})->ZZ64 is not applicable to an argument of type Generator[\E\]. - Array2[\T,b0,s0,b1,s1\]->ZZ32 is not applicable to an argument of type Generator[\E\]. - Array3[\T,b0,s0,b1,s1,b2,s2\]->ZZ32 is not applicable to an argument of type Generator[\E\]. - Char->ZZ32 is not applicable to an argument of type Generator[\E\]. - CompactFullRange[\I\]->ZZ32 is not applicable to an argument of type Generator[\E\]. - Condition[\E\]->ZZ32 is not applicable to an argument of type Generator[\E\]. - DefaultZip[\E,F\]->ZZ32 is not applicable to an argument of type Generator[\E\]. - DelegatedIndexed[\E,I\]->ZZ32 is not applicable to an argument of type Generator[\E\]. - Indexed[\E,I\]->ZZ32 is not applicable to an argument of type Generator[\E\]. - IntLiteral->IntLiteral is not applicable to an argument of type Generator[\E\]. - Just[\T\]->ZZ32 is not applicable to an argument of type Generator[\E\]. - NN32->NN32 is not applicable to an argument of type Generator[\E\]. - NaiveSeqGenerator[\E\]->ZZ32 is not applicable to an argument of type Generator[\E\]. - NotUnique[\T\]->ZZ32 is not applicable to an argument of type Generator[\E\]. - Nothing[\T\]->ZZ32 is not applicable to an argument of type Generator[\E\]. - RR32->RR32 is not applicable to an argument of type Generator[\E\]. - RangeInternals.FullRange2D->ZZ32 is not applicable to an argument of type Generator[\E\]. - RangeInternals.FullRange3D->ZZ32 is not applicable to an argument of type Generator[\E\]. - RangeInternals.StridedFullScalarRange->ZZ32 is not applicable to an argument of type Generator[\E\]. - ReversedIndexed[\E,I\]->ZZ32 is not applicable to an argument of type Generator[\E\]. - SimpleMappedIndexed[\E,F,I\]->ZZ32 is not applicable to an argument of type Generator[\E\]. - SimpleMappedSeqIndexed[\E,F,I\]->ZZ32 is not applicable to an argument of type Generator[\E\]. - String->ZZ32 is not applicable to an argument of type Generator[\E\].
typecheck	Could not check function application - ZZ32->ZZ32 is not applicable to an argument of type Any. L: Possibly be	-	component FortressLibrary	typecheck	FortressLibrary.fss:4409	Could not check function application - ZZ32->ZZ32 is not applicable to an argument of type Any. FortressLibrary.fss:4409:22-29: Possibly because i: ZZ32 after argument inference FortressLibrary.fss:4409:9-4413:24: Possibly because (reduction?23, unit?24): (Reduction[\ZZ32\], ZZ32->ZZ32) after argument inference
typecheck	Could not check function application - ZZ32->ZZ32 is not applicable to an argument of type RR64. L: Possibly b	-	component FortressLibrary	typecheck	FortressLibrary.fss:4425	Could not check function application - ZZ32->ZZ32 is not applicable to an argument of type RR64. FortressLibrary.fss:4425:24-37: Possibly because k: ZZ32 after argument inference FortressLibrary.fss:4425:12-93: Possibly because (reduction?25, unit?26): (Reduction[\ZZ32\], ZZ32->ZZ32) after argument inference
typecheck	Could not check method invocation Generator[\..\] is not applicable to an argument of type G->((), G).	-	component FortressBuiltin	typecheck	FortressBuiltin.fss:587	Could not check method invocation Generator[\G\].map - [\((), G)\]((), G)->((), G)->Generator[\((), G)\] is not applicable to an argument of type G->((), G).
typecheck	Could not check method invocation Generator[\..\] is not applicable to an argument of type G->(E, G).	-	component FortressLibrary	typecheck	FortressLibrary.fss:1417	Could not check method invocation Generator[\G\].map - [\(E, G)\](E, G)->(E, G)->Generator[\(E, G)\] is not applicable to an argument of type G->(E, G).
typecheck	Could not check method invocation Generator[\..\] is not applicable to an argument of type G->(T, G).	-	component FortressLibrary	typecheck	FortressLibrary.fss:1516	Could not check method invocation Generator[\G\].map - [\(T, G)\](T, G)->(T, G)->Generator[\(T, G)\] is not applicable to an argument of type G->(T, G).
typecheck	Could not check method invocation Maybe[\..\]((A, B), (A, B))->Boolean is not applicable to an argument of typ	-	component RangeInternals	typecheck	RangeInternals.fss:129	Could not check method invocation Maybe[\I\].loop - I->()->(): RangeInternals.fss:129:25-43: Could not check method invocation Maybe[\I\].loop - I->()->(): RangeInternals.fss:129:42-49: Could not check call to operator > - ((NN64 & {UnsignedLong}), NN64)->Boolean is not applicable to an argument of type (I, I). - ((RR64 & {Float, FloatLiteral}), RR64)->Boolean is not applicable to an argument of type (I, I). - ((ZZ & {BigNum}), ZZ)->Boolean is not applicable to an argument of type (I, I). - ((ZZ32 & {Int}), ZZ32)->Boolean is not applicable to an argument of type (I, I). - ((ZZ64 & {Long}), ZZ64)->Boolean is not applicable to an argument of type (I, I). - (IntLiteral, IntLiteral)->Boolean is not applicable to an argument of type (I, I). - (NN32, NN32)->Boolean is not applicable to an argument of type (I, I). - (QQ, QQ)->Boolean is not applicable to an argument of type (I, I). - (RR32, RR32)->Boolean is not applicable to an argument of type (I, I). - (StandardPartialOrder[\T\], T)->Boolean is not applicable to an argument of type (I, I). - [\A, B, C\]((A, B, C), (A, B, C))->Boolean is not applicable to an argument of type (I, I). - [\A, B\]((A, B), (A, B))->Boolean is not applicable to an argument of type (I, I). RangeInternals.fss:129:25-43: Possibly because ofl: I after argument inference - I->()->(): RangeInternals.fss:129:42-49: Could not check call to operator > - ((NN64 & {UnsignedLong}), NN64)->Boolean is not applicable to an argument of type (I, I). - ((RR64 & {Float, FloatLiteral}), RR64)->Boolean is not applicable to an argument of type (I, I). - ((ZZ & {BigNum}), ZZ)->Boolean is not applicable to an argument of type (I, I). - ((ZZ32 & {Int}), ZZ32)->Boolean is not applicable to an argument of type (I, I). - ((ZZ64 & {Long}), ZZ64)->Boolean is not applicable to an argument of type (I, I). - (IntLiteral, IntLiteral)->Boolean is not applicable to an argument of type (I, I). - (NN32, NN32)->Boolean is not applicable to an argument of type (I, I). - (QQ, QQ)->Boolean is not applicable to an argument of type (I, I). - (RR32, RR32)->Boolean is not applicable to an argument of type (I, I). - (StandardPartialOrder[\T\], T)->Boolean is not applicable to an argument of type (I, I). - [\A, B, C\]((A, B, C), (A, B, C))->Boolean is not applicable to an argument of type (I, I). - [\A, B\]((A, B), (A, B))->Boolean is not applicable to an argument of type (I, I). RangeInternals.fss:129:25-43: Possibly because ofl: I after argument inference RangeInternals.fss:129:9-26: Possibly because tfl: I after argument inference - I->()->(): RangeInternals.fss:129:25-43: Could not check method invocation Maybe[\I\].loop - I->()->(): RangeInternals.fss:129:42-49: Could not check call to operator > - ((NN64 & {UnsignedLong}), NN64)->Boolean is not applicable to an argument of type (I, I). - ((RR64 & {Float, FloatLiteral}), RR64)->Boolean is not applicable to an argument of type (I, I). - ((ZZ & {BigNum}), ZZ)->Boolean is not applicable to an argument of type (I, I). - ((ZZ32 & {Int}), ZZ32)->Boolean is not applicable to an argument of type (I, I). - ((ZZ64 & {Long}), ZZ64)->Boolean is not applicable to an argument of type (I, I). - (IntLiteral, IntLiteral)->Boolean is not applicable to an argument of type (I, I). - (NN32, NN32)->Boolean is not applicable to an argument of type (I, I). - (QQ, QQ)->Boolean is not applicable to an argument of type (I, I). - (RR32, RR32)->Boolean is not applicable to an argument of type (I, I). - (StandardPartialOrder[\T\], T)->Boolean is not applicable to an argument of type (I, I). - [\A, B, C\]((A, B, C), (A, B, C))->Boolean is not applicable to an argument of type (I, I). - [\A, B\]((A, B), (A, B))->Boolean is not applicable to an argument of type (I, I). RangeInternals.fss:129:25-43: Possibly because ofl: I after argument inference - I->()->(): RangeInternals.fss:129:42-49: Could not check call to operator > - ((NN64 & {UnsignedLong}), NN64)->Boolean is not applicable to an argument of type (I, I). - ((RR64 & {Float, FloatLiteral}), RR64)->Boolean is not applicable to an argument of type (I, I). - ((ZZ & {BigNum}), ZZ)->Boolean is not applicable to an argument of type (I, I). - ((ZZ32 & {Int}), ZZ32)->Boolean is not applicable to an argument of type (I, I). - ((ZZ64 & {Long}), ZZ64)->Boolean is not applicable to an argument of type (I, I). - (IntLiteral, IntLiteral)->Boolean is not applicable to an argument of type (I, I). - (NN32, NN32)->Boolean is not applicable to an argument of type (I, I). - (QQ, QQ)->Boolean is not applicable to an argument of type (I, I). - (RR32, RR32)->Boolean is not applicable to an argument of type (I, I). - (StandardPartialOrder[\T\], T)->Boolean is not applicable to an argument of type (I, I). - [\A, B, C\]((A, B, C), (A, B, C))->Boolean is not applicable to an argument of type (I, I). - [\A, B\]((A, B), (A, B))->Boolean is not applicable to an argument of type (I, I). RangeInternals.fss:129:25-43: Possibly because ofl: I after argument inference RangeInternals.fss:129:9-26: Possibly because tfl: I after argument inference
typecheck	Could not check method invocation Maybe[\..\]((A, B), (A, B))->Boolean is not applicable to an argument of typ	-	component RangeInternals	typecheck	RangeInternals.fss:133	Could not check method invocation Maybe[\I\].loop - I->()->(): RangeInternals.fss:133:26-45: Could not check method invocation Maybe[\I\].loop - I->()->(): RangeInternals.fss:133:44-51: Could not check call to operator < - ((NN64 & {UnsignedLong}), NN64)->Boolean is not applicable to an argument of type (I, I). - ((RR64 & {Float, FloatLiteral}), RR64)->Boolean is not applicable to an argument of type (I, I). - ((ZZ & {BigNum}), ZZ)->Boolean is not applicable to an argument of type (I, I). - ((ZZ32 & {Int}), ZZ32)->Boolean is not applicable to an argument of type (I, I). - ((ZZ64 & {Long}), ZZ64)->Boolean is not applicable to an argument of type (I, I). - (Char, Char)->Boolean is not applicable to an argument of type (I, I). - (EqualTo, LessThan)->Boolean is not applicable to an argument of type (I, I). - (EqualTo, TotalComparison)->Boolean is not applicable to an argument of type (I, I). - (GreaterThan, TotalComparison)->Boolean is not applicable to an argument of type (I, I). - (IntLiteral, IntLiteral)->Boolean is not applicable to an argument of type (I, I). - (LessThan, LessThan)->Boolean is not applicable to an argument of type (I, I). - (LessThan, TotalComparison)->Boolean is not applicable to an argument of type (I, I). - (NN32, NN32)->Boolean is not applicable to an argument of type (I, I). - (QQ, QQ)->Boolean is not applicable to an argument of type (I, I). - (RR32, RR32)->Boolean is not applicable to an argument of type (I, I). - (StandardPartialOrder[\T\], T)->Boolean is not applicable to an argument of type (I, I). - (Unordered, Comparison)->Boolean is not applicable to an argument of type (I, I). - [\A, B, C\]((A, B, C), (A, B, C))->Boolean is not applicable to an argument of type (I, I). - [\A, B\]((A, B), (A, B))->Boolean is not applicable to an argument of type (I, I). RangeInternals.fss:133:26-45: Possibly because ofr: I after argument inference - I->()->(): RangeInternals.fss:133:44-51: Could not check call to operator < - ((NN64 & {UnsignedLong}), NN64)->Boolean is not applicable to an argument of type (I, I). - ((RR64 & {Float, FloatLiteral}), RR64)->Boolean is not applicable to an argument of type (I, I). - ((ZZ & {BigNum}), ZZ)->Boolean is not applicable to an argument of type (I, I). - ((ZZ32 & {Int}), ZZ32)->Boolean is not applicable to an argument of type (I, I). - ((ZZ64 & {Long}), ZZ64)->Boolean is not applicable to an argument of type (I, I). - (Char, Char)->Boolean is not applicable to an argument of type (I, I). - (EqualTo, LessThan)->Boolean is not applicable to an argument of type (I, I). - (EqualTo, TotalComparison)->Boolean is not applicable to an argument of type (I, I). - (GreaterThan, TotalComparison)->Boolean is not applicable to an argument of type (I, I). - (IntLiteral, IntLiteral)->Boolean is not applicable to an argument of type (I, I). - (LessThan, LessThan)->Boolean is not applicable to an argument of type (I, I). - (LessThan, TotalComparison)->Boolean is not applicable to an argument of type (I, I). - (NN32, NN32)->Boolean is not applicable to an argument of type (I, I). - (QQ, QQ)->Boolean is not applicable to an argument of type (I, I). - (RR32, RR32)->Boolean is not applicable to an argument of type (I, I). - (StandardPartialOrder[\T\], T)->Boolean is not applicable to an argument of type (I, I). - (Unordered, Comparison)->Boolean is not applicable to an argument of type (I, I). - [\A, B, C\]((A, B, C), (A, B, C))->Boolean is not applicable to an argument of type (I, I). - [\A, B\]((A, B), (A, B))->Boolean is not applicable to an argument of type (I, I). RangeInternals.fss:133:26-45: Possibly because ofr: I after argument inference RangeInternals.fss:133:9-27: Possibly because tfr: I after argument inference - I->()->(): RangeInternals.fss:133:26-45: Could not check method invocation Maybe[\I\].loop - I->()->(): RangeInternals.fss:133:44-51: Could not check call to operator < - ((NN64 & {UnsignedLong}), NN64)->Boolean is not applicable to an argument of type (I, I). - ((RR64 & {Float, FloatLiteral}), RR64)->Boolean is not applicable to an argument of type (I, I). - ((ZZ & {BigNum}), ZZ)->Boolean is not applicable to an argument of type (I, I). - ((ZZ32 & {Int}), ZZ32)->Boolean is not applicable to an argument of type (I, I). - ((ZZ64 & {Long}), ZZ64)->Boolean is not applicable to an argument of type (I, I). - (Char, Char)->Boolean is not applicable to an argument of type (I, I). - (EqualTo, LessThan)->Boolean is not applicable to an argument of type (I, I). - (EqualTo, TotalComparison)->Boolean is not applicable to an argument of type (I, I). - (GreaterThan, TotalComparison)->Boolean is not applicable to an argument of type (I, I). - (IntLiteral, IntLiteral)->Boolean is not applicable to an argument of type (I, I). - (LessThan, LessThan)->Boolean is not applicable to an argument of type (I, I). - (LessThan, TotalComparison)->Boolean is not applicable to an argument of type (I, I). - (NN32, NN32)->Boolean is not applicable to an argument of type (I, I). - (QQ, QQ)->Boolean is not applicable to an argument of type (I, I). - (RR32, RR32)->Boolean is not applicable to an argument of type (I, I). - (StandardPartialOrder[\T\], T)->Boolean is not applicable to an argument of type (I, I). - (Unordered, Comparison)->Boolean is not applicable to an argument of type (I, I). - [\A, B, C\]((A, B, C), (A, B, C))->Boolean is not applicable to an argument of type (I, I). - [\A, B\]((A, B), (A, B))->Boolean is not applicable to an argument of type (I, I). RangeInternals.fss:133:26-45: Possibly because ofr: I after argument inference - I->()->(): RangeInternals.fss:133:44-51: Could not check call to operator < - ((NN64 & {UnsignedLong}), NN64)->Boolean is not applicable to an argument of type (I, I). - ((RR64 & {Float, FloatLiteral}), RR64)->Boolean is not applicable to an argument of type (I, I). - ((ZZ & {BigNum}), ZZ)->Boolean is not applicable to an argument of type (I, I). - ((ZZ32 & {Int}), ZZ32)->Boolean is not applicable to an argument of type (I, I). - ((ZZ64 & {Long}), ZZ64)->Boolean is not applicable to an argument of type (I, I). - (Char, Char)->Boolean is not applicable to an argument of type (I, I). - (EqualTo, LessThan)->Boolean is not applicable to an argument of type (I, I). - (EqualTo, TotalComparison)->Boolean is not applicable to an argument of type (I, I). - (GreaterThan, TotalComparison)->Boolean is not applicable to an argument of type (I, I). - (IntLiteral, IntLiteral)->Boolean is not applicable to an argument of type (I, I). - (LessThan, LessThan)->Boolean is not applicable to an argument of type (I, I). - (LessThan, TotalComparison)->Boolean is not applicable to an argument of type (I, I). - (NN32, NN32)->Boolean is not applicable to an argument of type (I, I). - (QQ, QQ)->Boolean is not applicable to an argument of type (I, I). - (RR32, RR32)->Boolean is not applicable to an argument of type (I, I). - (StandardPartialOrder[\T\], T)->Boolean is not applicable to an argument of type (I, I). - (Unordered, Comparison)->Boolean is not applicable to an argument of type (I, I). - [\A, B, C\]((A, B, C), (A, B, C))->Boolean is not applicable to an argument of type (I, I). - [\A, B\]((A, B), (A, B))->Boolean is not applicable to an argument of type (I, I). RangeInternals.fss:133:26-45: Possibly because ofr: I after argument inference RangeInternals.fss:133:9-27: Possibly because tfr: I after argument inference
typecheck	Could not check method invocation Maybe[\..\].loop - ZZ32->()->(): L:14: An Q clause without corresponding Q h	-	component RangeInternals	typecheck	RangeInternals.fss:158	Could not check method invocation Maybe[\ZZ32\].loop - ZZ32->()->(): RangeInternals.fss:158:29-45: Could not check method invocation Maybe[\ZZ32\].loop - ZZ32->()->(): RangeInternals.fss:159:13-161:14: An 'if' clause without corresponding 'else' has type Any instead of type (). RangeInternals.fss:158:29-45: Possibly because r: ZZ32 after argument inference - ZZ32->()->(): RangeInternals.fss:159:13-161:14: An 'if' clause without corresponding 'else' has type Any instead of type (). RangeInternals.fss:158:29-45: Possibly because r: ZZ32 after argument inference RangeInternals.fss:158:13-28: Possibly because l: ZZ32 after argument inference - ZZ32->()->(): RangeInternals.fss:158:29-45: Could not check method invocation Maybe[\ZZ32\].loop - ZZ32->()->(): RangeInternals.fss:159:13-161:14: An 'if' clause without corresponding 'else' has type Any instead of type (). RangeInternals.fss:158:29-45: Possibly because r: ZZ32 after argument inference - ZZ32->()->(): RangeInternals.fss:159:13-161:14: An 'if' clause without corresponding 'else' has type Any instead of type (). RangeInternals.fss:158:29-45: Possibly because r: ZZ32 after argument inference RangeInternals.fss:158:13-28: Possibly because l: ZZ32 after argument inference
typecheck	Could not check method invocation RangeInternals.ActualRange2D[\..\]).	-	component RangeInternals	typecheck	RangeInternals.fss:219	Could not check method invocation RangeInternals.ActualRange2D[\T,Scalar1,Scalar2\].recombine - (Scalar1, Scalar2)->T is not applicable to an argument of type (Range[\ZZ32\], Range[\ZZ32\]).
typecheck	Could not check method invocation RangeInternals.ActualRange2D[\..\].recombine - (Scalar1, Scalar2)->T is not 	-	component RangeInternals	typecheck	RangeInternals.fss:217	Could not check method invocation RangeInternals.ActualRange2D[\T,Scalar1,Scalar2\].recombine - (Scalar1, Scalar2)->T is not applicable to an argument of type (RangeInternals.ScalarRange, RangeInternals.ScalarRange).
typecheck	Could not check method invocation RangeInternals.ActualRange3D[\..\]).	-	component RangeInternals	typecheck	RangeInternals.fss:287	Could not check method invocation RangeInternals.ActualRange3D[\T,Scalar1,Scalar2,Scalar3\].recombine - (Scalar1, Scalar2, Scalar3)->T is not applicable to an argument of type (Range[\ZZ32\], Range[\ZZ32\], Range[\ZZ32\]).
typecheck	Could not check method invocation RangeInternals.ActualRange3D[\..\].recombine - (Scalar1, Scalar2, Scalar3)->	-	component RangeInternals	typecheck	RangeInternals.fss:283	Could not check method invocation RangeInternals.ActualRange3D[\T,Scalar1,Scalar2,Scalar3\].recombine - (Scalar1, Scalar2, Scalar3)->T is not applicable to an argument of type (RangeInternals.ScalarRange, RangeInternals.ScalarRange, RangeInternals.ScalarRange).
typecheck	Could not check method invocation RangeInternals.LeftRange2D.recombine - (RangeInternals.LeftScalarRange, Rang	-	component RangeInternals	typecheck	RangeInternals.fss:626	Could not check method invocation RangeInternals.LeftRange2D.recombine - (RangeInternals.LeftScalarRange, RangeInternals.LeftScalarRange)->RangeInternals.LeftRange2D is not applicable to an argument of type (RangeInternals.BoundedScalarRange, RangeInternals.BoundedScalarRange). - (RangeInternals.LeftScalarRange, RangeInternals.LeftScalarRange)->RangeInternals.LeftRange2D is not applicable to an argument of type (RangeInternals.BoundedScalarRange, RangeInternals.BoundedScalarRange).
typecheck	Could not check method invocation RangeInternals.LeftRange3D.recombine - (RangeInternals.LeftScalarRange, Rang	-	component RangeInternals	typecheck	RangeInternals.fss:658	Could not check method invocation RangeInternals.LeftRange3D.recombine - (RangeInternals.LeftScalarRange, RangeInternals.LeftScalarRange, RangeInternals.LeftScalarRange)->RangeInternals.LeftRange3D is not applicable to an argument of type (RangeInternals.BoundedScalarRange, RangeInternals.BoundedScalarRange, RangeInternals.BoundedScalarRange). - (RangeInternals.LeftScalarRange, RangeInternals.LeftScalarRange, RangeInternals.LeftScalarRange)->RangeInternals.LeftRange3D is not applicable to an argument of type (RangeInternals.BoundedScalarRange, RangeInternals.BoundedScalarRange, RangeInternals.BoundedScalarRange).
typecheck	Could not check method invocation RangeInternals.RightRange2D.recombine - (RangeInternals.RightScalarRange, Ra	-	component RangeInternals	typecheck	RangeInternals.fss:754	Could not check method invocation RangeInternals.RightRange2D.recombine - (RangeInternals.RightScalarRange, RangeInternals.RightScalarRange)->RangeInternals.RightRange2D is not applicable to an argument of type (RangeInternals.BoundedScalarRange, RangeInternals.BoundedScalarRange). - (RangeInternals.RightScalarRange, RangeInternals.RightScalarRange)->RangeInternals.RightRange2D is not applicable to an argument of type (RangeInternals.BoundedScalarRange, RangeInternals.BoundedScalarRange).
typecheck	Could not check method invocation RangeInternals.RightRange3D.recombine - (RangeInternals.RightScalarRange, Ra	-	component RangeInternals	typecheck	RangeInternals.fss:786	Could not check method invocation RangeInternals.RightRange3D.recombine - (RangeInternals.RightScalarRange, RangeInternals.RightScalarRange, RangeInternals.RightScalarRange)->RangeInternals.RightRange3D is not applicable to an argument of type (RangeInternals.BoundedScalarRange, RangeInternals.BoundedScalarRange, RangeInternals.BoundedScalarRange). - (RangeInternals.RightScalarRange, RangeInternals.RightScalarRange, RangeInternals.RightScalarRange)->RangeInternals.RightRange3D is not applicable to an argument of type (RangeInternals.BoundedScalarRange, RangeInternals.BoundedScalarRange, RangeInternals.BoundedScalarRange).
typecheck	Filter expressions in generator clauses must have type Boolean, but OpExpr at L.12 was not well typed.	-	component FortressLibrary	typecheck	FortressLibrary.fss:290	Filter expressions in generator clauses must have type Boolean, but OpExpr at FortressLibrary.fss:290.12 was not well typed.
typecheck	Filter expressions in generator clauses must have type Boolean, but OpExpr at L.13 was not well typed.	-	component FortressLibrary	typecheck	FortressLibrary.fss:639	Filter expressions in generator clauses must have type Boolean, but OpExpr at FortressLibrary.fss:639.13 was not well typed.
typecheck	Filter expressions in generator clauses must have type Boolean, but OpExpr at L.14 was not well typed.	-	component FortressLibrary	typecheck	FortressLibrary.fss:223	Filter expressions in generator clauses must have type Boolean, but OpExpr at FortressLibrary.fss:223.14 was not well typed.
typecheck	Filter expressions in generator clauses must have type Boolean, but OpExpr at L.14 was not well typed.	-	component FortressLibrary	typecheck	FortressLibrary.fss:282	Filter expressions in generator clauses must have type Boolean, but OpExpr at FortressLibrary.fss:282.14 was not well typed.
typecheck	Filter expressions in generator clauses must have type Boolean, but OpExpr at L.23 was not well typed.	-	component FortressLibrary	typecheck	FortressLibrary.fss:3994	Filter expressions in generator clauses must have type Boolean, but OpExpr at FortressLibrary.fss:3994.23 was not well typed.
typecheck	Filter expressions in generator clauses must have type Boolean, but OpExpr at L.36 was not well typed.	-	component FortressLibrary	typecheck	FortressLibrary.fss:287	Filter expressions in generator clauses must have type Boolean, but OpExpr at FortressLibrary.fss:287.36 was not well typed.
typecheck	Filter expressions in generator clauses must have type Boolean, but OpExpr at L.36 was not well typed.	-	component FortressLibrary	typecheck	FortressLibrary.fss:288	Filter expressions in generator clauses must have type Boolean, but OpExpr at FortressLibrary.fss:288.36 was not well typed.
typecheck	Filter expressions in generator clauses must have type Boolean, but OpExpr at L.8 was not well typed.	-	component FortressLibrary	typecheck	FortressLibrary.fss:4677	Filter expressions in generator clauses must have type Boolean, but OpExpr at FortressLibrary.fss:4677.8 was not well typed.
typecheck	FullRange[\..\] has no getter called lower	-	component FortressLibrary	typecheck	FortressLibrary.fss:2255	FullRange[\ZZ32\] has no getter called lower
typecheck	Function body has type (QQ & {Ratio}), but declared return type is ZZ.	-	component FortressLibrary	typecheck	FortressLibrary.fss:646	Function body has type (QQ & {Ratio}), but declared return type is ZZ.
typecheck	Function body has type (QQ & {Ratio}), but declared return type is ZZ.	-	component FortressLibrary	typecheck	FortressLibrary.fss:651	Function body has type (QQ & {Ratio}), but declared return type is ZZ.
typecheck	Function body has type Any, but declared return type is ().	-	component FortressLibrary	typecheck	FortressLibrary.fss:2083	Function body has type Any, but declared return type is ().
typecheck	Function body has type Any, but declared return type is ().	-	component String	typecheck	String.fss:431	Function body has type Any, but declared return type is ().
typecheck	Function body has type Any, but declared return type is E.	-	component List	typecheck	List.fss:458	Function body has type Any, but declared return type is E.
typecheck	Function body has type Any, but declared return type is R.	-	component FortressLibrary	typecheck	FortressLibrary.fss:3162	Function body has type Any, but declared return type is R.
typecheck	Function body has type Any, but declared return type is T.	-	component FortressBuiltin	typecheck	FortressBuiltin.fss:35	Function body has type Any, but declared return type is T.
typecheck	Function body has type Array1[\..\].	-	component FortressLibrary	typecheck	FortressLibrary.fss:2396	Function body has type Array1[\T,0,s0\], but declared return type is Vector[\T,s0\].
typecheck	Function body has type Array1[\..\].	-	component FortressLibrary	typecheck	FortressLibrary.fss:2398	Function body has type Array1[\T,0,s0\], but declared return type is Vector[\T,s0\].
typecheck	Function body has type Array1[\..\].	-	component FortressLibrary	typecheck	FortressLibrary.fss:2399	Function body has type Array1[\T,0,s0\], but declared return type is Vector[\T,s0\].
typecheck	Function body has type Array1[\..\].	-	component FortressLibrary	typecheck	FortressLibrary.fss:2402	Function body has type Array1[\T,0,s0\], but declared return type is Vector[\T,s0\].
typecheck	Function body has type Array1[\..\].	-	component FortressLibrary	typecheck	FortressLibrary.fss:2457	Function body has type Array1[\T,0,s0\], but declared return type is Vector[\T,s0\].
typecheck	Function body has type Array1[\..\].	-	component FortressLibrary	typecheck	FortressLibrary.fss:2459	Function body has type Array1[\T,0,s0\], but declared return type is Vector[\T,s0\].
typecheck	Function body has type Array1[\..\].	-	component FortressLibrary	typecheck	FortressLibrary.fss:2752	Function body has type Array1[\T,0,s0\], but declared return type is Vector[\T,s0\].
typecheck	Function body has type Array1[\..\].	-	component FortressLibrary	typecheck	FortressLibrary.fss:2757	Function body has type Array1[\T,0,s1\], but declared return type is Vector[\T,s1\].
typecheck	Function body has type Array2[\..\].	-	component FortressLibrary	typecheck	FortressLibrary.fss:2704	Function body has type Array2[\T,0,s0,0,s1\], but declared return type is Matrix[\T,s0,s1\].
typecheck	Function body has type Array2[\..\].	-	component FortressLibrary	typecheck	FortressLibrary.fss:2706	Function body has type Array2[\T,0,s0,0,s1\], but declared return type is Matrix[\T,s0,s1\].
typecheck	Function body has type Array2[\..\].	-	component FortressLibrary	typecheck	FortressLibrary.fss:2707	Function body has type Array2[\T,0,s0,0,s1\], but declared return type is Matrix[\T,s0,s1\].
typecheck	Function body has type Array2[\..\].	-	component FortressLibrary	typecheck	FortressLibrary.fss:2708	Function body has type Array2[\T,0,s0,0,s1\], but declared return type is Matrix[\T,s0,s1\].
typecheck	Function body has type Array2[\..\].	-	component FortressLibrary	typecheck	FortressLibrary.fss:2819	Function body has type Array2[\T,0,s0,0,s1\], but declared return type is Matrix[\T,s0,s1\].
typecheck	Function body has type BoundedRange[\..\].	-	component FortressLibrary	typecheck	FortressLibrary.fss:3973	Function body has type BoundedRange[\I\], but declared return type is FullRange[\I\].
typecheck	Function body has type Generator[\..\].	-	component FortressLibrary	typecheck	FortressLibrary.fss:1848	Function body has type Generator[\(I, E)\], but declared return type is Indexed[\(I, E),I\].
typecheck	Function body has type Integral[\..\], but declared return type is I.	-	component FortressLibrary	typecheck	FortressLibrary.fss:688	Function body has type Integral[\I\], but declared return type is I.
typecheck	Function body has type Integral[\..\], but declared return type is I.	-	component FortressLibrary	typecheck	FortressLibrary.fss:689	Function body has type Integral[\I\], but declared return type is I.
typecheck	Function body has type Integral[\..\], but declared return type is I.	-	component FortressLibrary	typecheck	FortressLibrary.fss:690	Function body has type Integral[\I\], but declared return type is I.
typecheck	Function body has type Integral[\..\], but declared return type is I.	-	component FortressLibrary	typecheck	FortressLibrary.fss:719	Function body has type Integral[\I\], but declared return type is I.
typecheck	Function body has type Integral[\..\], but declared return type is I.	-	component FortressLibrary	typecheck	FortressLibrary.fss:720	Function body has type Integral[\I\], but declared return type is I.
typecheck	Function body has type Integral[\..\], but declared return type is I.	-	component FortressLibrary	typecheck	FortressLibrary.fss:721	Function body has type Integral[\I\], but declared return type is I.
typecheck	Function body has type List.AnyList, but declared return type is List.List[\..\].	-	component List	typecheck	List.fss:106	Function body has type List.AnyList, but declared return type is List.List[\T\].
typecheck	Function body has type List.List[\..\].	-	component List	typecheck	List.fss:103	Function body has type List.List[\F\], but declared return type is List.List[\T\].
typecheck	Function body has type OR(((), ()),()), but declared return type is ().	-	component FortressLibrary	typecheck	FortressLibrary.fss:2712	Function body has type OR(((), ()),()), but declared return type is ().
typecheck	Function body has type OR(((), ()),()), but declared return type is ().	-	component FortressLibrary	typecheck	FortressLibrary.fss:2730	Function body has type OR(((), ()),()), but declared return type is ().
typecheck	Function body has type OR((StandardTotalOrder[\..\])), but declared return type is (T, T).	-	component FortressLibrary	typecheck	FortressLibrary.fss:290	Function body has type OR((StandardTotalOrder[\T\], T),(T, StandardTotalOrder[\T\])), but declared return type is (T, T).
typecheck	Function body has type OR(Any,Boolean), but declared return type is Boolean.	-	component FortressLibrary	typecheck	FortressLibrary.fss:1094	Function body has type OR(Any,Boolean), but declared return type is Boolean.
typecheck	Function body has type OR(Any,FullRange[\..\].	-	component FortressLibrary	typecheck	FortressLibrary.fss:3974	Function body has type OR(Any,FullRange[\I\]), but declared return type is FullRange[\I\].
typecheck	Function body has type OR(Array1[\..\].	-	component FortressLibrary	typecheck	FortressLibrary.fss:2421	Function body has type OR(Array1[\T,0,s0\],Array1[\T,b0,s0\]), but declared return type is Array1[\T,b0,s0\].
typecheck	Function body has type OR(Char,Nothing[\..\].	-	component FortressLibrary	typecheck	FortressLibrary.fss:4183	Function body has type OR(Char,Nothing[\Char\]), but declared return type is Maybe[\Char\].
typecheck	Function body has type OR(Char,Nothing[\..\].	-	component FortressLibrary	typecheck	FortressLibrary.fss:4184	Function body has type OR(Char,Nothing[\Char\]), but declared return type is Maybe[\Char\].
typecheck	Function body has type OR(ImmutableArray1[\..\].	-	component FortressLibrary	typecheck	FortressLibrary.fss:2432	Function body has type OR(ImmutableArray1[\T,0,s0\],ImmutableArray1[\T,b0,s0\]), but declared return type is ReadableArray1[\T,b0,s0\].
typecheck	Function body has type OR(IntLiteral,T), but declared return type is T.	-	component FortressLibrary	typecheck	FortressLibrary.fss:2819	Function body has type OR(IntLiteral,T), but declared return type is T.
typecheck	Function body has type OR(IntLiteral,T), but declared return type is T.	-	component FortressLibrary	typecheck	FortressLibrary.fss:3209	Function body has type OR(IntLiteral,T), but declared return type is T.
typecheck	Function body has type OR(IntLiteral,T), but declared return type is T.	-	component FortressLibrary	typecheck	FortressLibrary.fss:3226	Function body has type OR(IntLiteral,T), but declared return type is T.
typecheck	Function body has type OR(List.List[\..\].	-	component List	typecheck	List.fss:146	Function body has type OR(List.List[\Any\],List.List[\E\]), but declared return type is List.List[\E\].
typecheck	Function body has type OR(List.List[\..\].	-	component List	typecheck	List.fss:94	Function body has type OR(List.List[\T\],List.List[\E\],List.List[\F\]), but declared return type is List.List[\T\].
typecheck	Function body has type OR(O0,I0), but declared return type is O0.	-	component FortressLibrary	typecheck	FortressLibrary.fss:1332	Function body has type OR(O0,I0), but declared return type is O0.
typecheck	Function body has type OR(RangeInternals.ExtentRange2D,RangeInternals.CompactFullRange2D), but declared return	-	component RangeInternals	typecheck	RangeInternals.fss:1520	Function body has type OR(RangeInternals.ExtentRange2D,RangeInternals.CompactFullRange2D), but declared return type is ExtentRange[\(ZZ32, ZZ32)\].
typecheck	Function body has type OR(RangeInternals.ExtentRange3D,RangeInternals.CompactFullRange3D), but declared return	-	component RangeInternals	typecheck	RangeInternals.fss:1528	Function body has type OR(RangeInternals.ExtentRange3D,RangeInternals.CompactFullRange3D), but declared return type is ExtentRange[\(ZZ32, ZZ32, ZZ32)\].
typecheck	Function body has type OR(RangeInternals.ExtentScalarRange,RangeInternals.CompactFullParScalarRange), but decl	-	component RangeInternals	typecheck	RangeInternals.fss:1512	Function body has type OR(RangeInternals.ExtentScalarRange,RangeInternals.CompactFullParScalarRange), but declared return type is ExtentRange[\ZZ32\].
typecheck	Function body has type OR(__DefaultArray2[\..\].	-	component FortressLibrary	typecheck	FortressLibrary.fss:2795	Function body has type OR(__DefaultArray2[\T,b0,s0,b1,s1\],Array2[\T,0,s0,0,s1\]), but declared return type is Array2[\T,b0,s0,b1,s1\].
typecheck	Function body has type RR64, but declared return type is QQ.	-	component FortressLibrary	typecheck	FortressLibrary.fss:639	Function body has type RR64, but declared return type is QQ.
typecheck	Function body has type RangeInternals.Range2D, but declared return type is RangeWithLeft[\..\].	-	component RangeInternals	typecheck	RangeInternals.fss:180	Function body has type RangeInternals.Range2D, but declared return type is RangeWithLeft[\(ZZ32, ZZ32)\].
typecheck	Function body has type RangeInternals.Range3D, but declared return type is RangeWithLeft[\..\].	-	component RangeInternals	typecheck	RangeInternals.fss:239	Function body has type RangeInternals.Range3D, but declared return type is RangeWithLeft[\(ZZ32, ZZ32, ZZ32)\].
typecheck	Function body has type RangeInternals.ScalarRange, but declared return type is RangeInternals.ScalarRangeWithL	-	component RangeInternals	typecheck	RangeInternals.fss:145	Function body has type RangeInternals.ScalarRange, but declared return type is RangeInternals.ScalarRangeWithLeft.
typecheck	Function body has type Range[\..\].	-	component FortressLibrary	typecheck	FortressLibrary.fss:3815	Function body has type Range[\I\], but declared return type is RangeWithRight[\I\].
typecheck	Function body has type ReadableArray1[\..\].	-	component FortressLibrary	typecheck	FortressLibrary.fss:2272	Function body has type ReadableArray1[\U,b0,s0\], but declared return type is ImmutableArray1[\U,b0,s0\].
typecheck	Function body has type ReadableArray[\..\].	-	component FortressLibrary	typecheck	FortressLibrary.fss:2336	Function body has type ReadableArray[\T,ZZ32\], but declared return type is ImmutableArray1[\T,b0,s0\].
typecheck	Function body has type StandardMutableArrayType[\..\], but declared return type is T.	-	component FortressLibrary	typecheck	FortressLibrary.fss:2175	Function body has type StandardMutableArrayType[\T,E,I\], but declared return type is T.
typecheck	Function body has type StandardMutableArrayType[\..\], but declared return type is T.	-	component FortressLibrary	typecheck	FortressLibrary.fss:2179	Function body has type StandardMutableArrayType[\T,E,I\], but declared return type is T.
typecheck	Function body has type StandardMutableArrayType[\..\], but declared return type is T.	-	component FortressLibrary	typecheck	FortressLibrary.fss:2183	Function body has type StandardMutableArrayType[\T,E,I\], but declared return type is T.
typecheck	Function body has type StandardMutableArrayType[\..\], but declared return type is T.	-	component FortressLibrary	typecheck	FortressLibrary.fss:2187	Function body has type StandardMutableArrayType[\T,E,I\], but declared return type is T.
typecheck	Function body has type StandardTotalOrder[\..\], but declared return type is T.	-	component FortressLibrary	typecheck	FortressLibrary.fss:287	Function body has type StandardTotalOrder[\T\], but declared return type is T.
typecheck	Function body has type StandardTotalOrder[\..\], but declared return type is T.	-	component FortressLibrary	typecheck	FortressLibrary.fss:288	Function body has type StandardTotalOrder[\T\], but declared return type is T.
typecheck	Generator[\..\] has no getter called size	-	component FortressLibrary	typecheck	FortressLibrary.fss:4677	Generator[\E\] has no getter called size
typecheck	Generator[\..\] has no getter called size	-	component FortressLibrary	typecheck	FortressLibrary.fss:4680	Generator[\E\] has no getter called size
typecheck	No such method CovariantCollection.AnyCovColl.toImmutableArray. L: Possibly because cc: CovariantCollection.An	-	component List	typecheck	List.fss:179	No such method CovariantCollection.AnyCovColl.toImmutableArray. List.fss:179:35-86: Possibly because cc: CovariantCollection.AnyCovColl after argument inference
typecheck	No such method ImmutableArray1[\..\].put.	-	component FortressLibrary	typecheck	FortressLibrary.fss:2381	No such method ImmutableArray1[\T,b_a,s_a\].put.
typecheck	No such method Matrix[\..\].add.	-	component FortressLibrary	typecheck	FortressLibrary.fss:2782	No such method Matrix[\T,s1,s0\].add.
typecheck	No such method Matrix[\..\].negate.	-	component FortressLibrary	typecheck	FortressLibrary.fss:2784	No such method Matrix[\T,s1,s0\].negate.
typecheck	No such method Matrix[\..\].subtract.	-	component FortressLibrary	typecheck	FortressLibrary.fss:2783	No such method Matrix[\T,s1,s0\].subtract.
typecheck	Right-hand side has type AND((ZZ32, ZZ32),I), but left-hand side is a tuple of 2 variables.	-	component FortressLibrary	typecheck	FortressLibrary.fss:3995	Right-hand side has type AND((ZZ32, ZZ32),I), but left-hand side is a tuple of 2 variables.
typecheck	Right-hand side has type AND((ZZ32, ZZ32, ZZ32),I), but left-hand side is a tuple of 3 variables.	-	component FortressLibrary	typecheck	FortressLibrary.fss:3996	Right-hand side has type AND((ZZ32, ZZ32, ZZ32),I), but left-hand side is a tuple of 3 variables.
typecheck	Right-hand side has type Integral[\..\], but declared type is ZZ.	-	component FortressLibrary	typecheck	FortressLibrary.fss:685	Right-hand side has type Integral[\I\], but declared type is ZZ.
typecheck	The typecase clause, NatReflect.N[\..\], is unreachable.	-	component FortressLibrary	typecheck	FortressLibrary.fss:2424,NatReflect.fsi:27	The typecase clause, NatReflect.N[\0\], is unreachable.
typecheck	The typecase clause, NatReflect.N[\..\], is unreachable.	-	component FortressLibrary	typecheck	FortressLibrary.fss:2435,NatReflect.fsi:27	The typecase clause, NatReflect.N[\0\], is unreachable.
wellformed	Ill-formed static argument: b+b Arithmetic on nat static arguments is not supported by the type checker; use a	-	component NatReflect	wellformed1+wellformed2	NatReflect.fss:45	Ill-formed static argument: b+b Arithmetic on nat static arguments is not supported by the type checker; use a nat parameter or a literal.
wellformed	Ill-formed static argument: b+b Arithmetic on nat static arguments is not supported by the type checker; use a	-	component NatReflect	wellformed1+wellformed2	NatReflect.fss:47	Ill-formed static argument: b+b Arithmetic on nat static arguments is not supported by the type checker; use a nat parameter or a literal.
wellformed	Ill-formed static argument: r+b Arithmetic on nat static arguments is not supported by the type checker; use a	-	component NatReflect	wellformed1+wellformed2	NatReflect.fss:47	Ill-formed static argument: r+b Arithmetic on nat static arguments is not supported by the type checker; use a nat parameter or a literal.
wellformed	Ill-formed static argument: s0 s1 Arithmetic on nat static arguments is not supported by the type checker; use	-	component FortressLibrary	wellformed1+wellformed2	FortressLibrary.fss:2620	Ill-formed static argument: s0 s1 Arithmetic on nat static arguments is not supported by the type checker; use a nat parameter or a literal.
wellformed	Ill-formed static argument: s0 s1 Arithmetic on nat static arguments is not supported by the type checker; use	-	component FortressLibrary	wellformed1+wellformed2	FortressLibrary.fss:2768	Ill-formed static argument: s0 s1 Arithmetic on nat static arguments is not supported by the type checker; use a nat parameter or a literal.
wellformed	Ill-formed static argument: s0 s1 s2 Arithmetic on nat static arguments is not supported by the type checker; 	-	component FortressLibrary	wellformed1+wellformed2	FortressLibrary.fss:2991	Ill-formed static argument: s0 s1 s2 Arithmetic on nat static arguments is not supported by the type checker; use a nat parameter or a literal.
wellformed	Ill-formed type: Matrix[\..\] The static argument T does not satisfy the corresponding bound Number.	-	component FortressLibrary	wellformed1+wellformed2	FortressLibrary.fss:2767	Ill-formed type: Matrix[\T,s0,s1\] The static argument T does not satisfy the corresponding bound Number.
wellformed	Ill-formed type: Matrix[\..\] The static argument T does not satisfy the corresponding bound Number.	-	component FortressLibrary	wellformed1+wellformed2	FortressLibrary.fss:2774	Ill-formed type: Matrix[\T,s1,s0\] The static argument T does not satisfy the corresponding bound Number.
wellformed	Ill-formed type: Matrix[\..\] The static argument T does not satisfy the corresponding bound Number.	-	component FortressLibrary	wellformed1+wellformed2	FortressLibrary.fss:2775	Ill-formed type: Matrix[\T,s0,s1\] The static argument T does not satisfy the corresponding bound Number.
wellformed	Ill-formed type: Matrix[\..\] The static argument T does not satisfy the corresponding bound Number.	-	component FortressLibrary	wellformed1+wellformed2	FortressLibrary.fss:2781	Ill-formed type: Matrix[\T,s1,s0\] The static argument T does not satisfy the corresponding bound Number.
wellformed	Ill-formed type: Matrix[\..\] The static argument T does not satisfy the corresponding bound Number.	-	component FortressLibrary	wellformed1+wellformed2	FortressLibrary.fss:2782	Ill-formed type: Matrix[\T,s0,s1\] The static argument T does not satisfy the corresponding bound Number.
wellformed	Ill-formed type: Matrix[\..\] The static argument T does not satisfy the corresponding bound Number.	-	component FortressLibrary	wellformed1+wellformed2	FortressLibrary.fss:2783	Ill-formed type: Matrix[\T,s0,s1\] The static argument T does not satisfy the corresponding bound Number.
wellformed	Ill-formed type: Matrix[\..\] The static argument T does not satisfy the corresponding bound Number.	-	component FortressLibrary	wellformed1+wellformed2	FortressLibrary.fss:2784	Ill-formed type: Matrix[\T,s0,s1\] The static argument T does not satisfy the corresponding bound Number.
wellformed	Ill-formed type: Matrix[\..\] The static argument T does not satisfy the corresponding bound Number.	-	component FortressLibrary	wellformed1+wellformed2	FortressLibrary.fss:2785	Ill-formed type: Matrix[\T,s0,s1\] The static argument T does not satisfy the corresponding bound Number.
wellformed	Ill-formed type: Matrix[\..\] The static argument T does not satisfy the corresponding bound Number.	-	component FortressLibrary	wellformed2	FortressLibrary.fss:2708	Ill-formed type: Matrix[\T,s1,s0\] The static argument T does not satisfy the corresponding bound Number.
wellformed	Ill-formed type: Matrix[\..\] The static argument T does not satisfy the corresponding bound Number.	-	component FortressLibrary	wellformed2	FortressLibrary.fss:2762	Ill-formed type: Matrix[\T,s0,s1\] The static argument T does not satisfy the corresponding bound Number.
wellformed	Ill-formed type: Matrix[\..\] The static argument T does not satisfy the corresponding bound Number.	-	component FortressLibrary	wellformed2	FortressLibrary.fss:2816	Ill-formed type: Matrix[\T,s0,s1\] The static argument T does not satisfy the corresponding bound Number.
wellformed	Ill-formed type: MaxReduction[\..\].	-	component FortressLibrary	wellformed1+wellformed2	FortressLibrary.fss:3263	Ill-formed type: MaxReduction[\T\] The static argument T does not satisfy the corresponding bound StandardMax[\T\].
wellformed	Ill-formed type: MaxSumReductionPair[\..\].	-	component FortressLibrary	wellformed2	FortressLibrary.fss:3247	Ill-formed type: MaxSumReductionPair[\T\] The static argument T does not satisfy the corresponding bound StandardMax[\T\].
wellformed	Ill-formed type: MinReduction[\..\].	-	component FortressLibrary	wellformed1+wellformed2	FortressLibrary.fss:3265	Ill-formed type: MinReduction[\T\] The static argument T does not satisfy the corresponding bound StandardMin[\T\].
wellformed	Ill-formed type: MinSumReductionPair[\..\].	-	component FortressLibrary	wellformed2	FortressLibrary.fss:3253	Ill-formed type: MinSumReductionPair[\T\] The static argument T does not satisfy the corresponding bound StandardMin[\T\].
wellformed	Ill-formed type: NativeArray.PrimitiveArray[\..\] Arithmetic on nat static arguments is not supported by the t	-	component FortressLibrary	wellformed1+wellformed2	FortressLibrary.fss:2620	Ill-formed type: NativeArray.PrimitiveArray[\T,s0 s1\] Arithmetic on nat static arguments is not supported by the type checker; use a nat parameter or a literal.
wellformed	Ill-formed type: NativeArray.PrimitiveArray[\..\] Arithmetic on nat static arguments is not supported by the t	-	component FortressLibrary	wellformed1+wellformed2	FortressLibrary.fss:2768	Ill-formed type: NativeArray.PrimitiveArray[\T,s0 s1\] Arithmetic on nat static arguments is not supported by the type checker; use a nat parameter or a literal.
wellformed	Ill-formed type: NativeArray.PrimitiveArray[\..\] Arithmetic on nat static arguments is not supported by the t	-	component FortressLibrary	wellformed1+wellformed2	FortressLibrary.fss:2991	Ill-formed type: NativeArray.PrimitiveArray[\T,s0 s1 s2\] Arithmetic on nat static arguments is not supported by the type checker; use a nat parameter or a literal.
wellformed	Ill-formed type: NativeArray.PrimitiveArray[\..\] Arithmetic on nat static arguments is not supported by the t	-	component FortressLibrary	wellformed2	NativeArray.fsi:12	Ill-formed type: NativeArray.PrimitiveArray[\T,s0 s1 s2\] Arithmetic on nat static arguments is not supported by the type checker; use a nat parameter or a literal.
wellformed	Ill-formed type: NativeArray.PrimitiveArray[\..\] Arithmetic on nat static arguments is not supported by the t	-	component FortressLibrary	wellformed2	NativeArray.fsi:12	Ill-formed type: NativeArray.PrimitiveArray[\T,s0 s1\] Arithmetic on nat static arguments is not supported by the type checker; use a nat parameter or a literal.
wellformed	Ill-formed type: Vector[\..\] The static argument T does not satisfy the corresponding bound Number.	-	component FortressLibrary	wellformed1+wellformed2	FortressLibrary.fss:2407	Ill-formed type: Vector[\T,s0\] The static argument T does not satisfy the corresponding bound Number.
wellformed	Ill-formed type: Vector[\..\] The static argument T does not satisfy the corresponding bound Number.	-	component FortressLibrary	wellformed1+wellformed2	FortressLibrary.fss:2786	Ill-formed type: Vector[\T,s0\] The static argument T does not satisfy the corresponding bound Number.
wellformed	Ill-formed type: Vector[\..\] The static argument T does not satisfy the corresponding bound Number.	-	component FortressLibrary	wellformed1+wellformed2	FortressLibrary.fss:2786	Ill-formed type: Vector[\T,s1\] The static argument T does not satisfy the corresponding bound Number.
wellformed	Ill-formed type: Vector[\..\] The static argument T does not satisfy the corresponding bound Number.	-	component FortressLibrary	wellformed1+wellformed2	FortressLibrary.fss:2787	Ill-formed type: Vector[\T,s0\] The static argument T does not satisfy the corresponding bound Number.
wellformed	Ill-formed type: Vector[\..\] The static argument T does not satisfy the corresponding bound Number.	-	component FortressLibrary	wellformed1+wellformed2	FortressLibrary.fss:2787	Ill-formed type: Vector[\T,s1\] The static argument T does not satisfy the corresponding bound Number.
wellformed	Ill-formed type: Vector[\..\] The static argument T does not satisfy the corresponding bound Number.	-	component FortressLibrary	wellformed2	FortressLibrary.fss:2455	Ill-formed type: Vector[\T,s0\] The static argument T does not satisfy the corresponding bound Number.
wellformed	Ill-formed type: Vector[\..\] The static argument T does not satisfy the corresponding bound Number.	-	component FortressLibrary	wellformed2	FortressLibrary.fss:2752	Ill-formed type: Vector[\T,s0\] The static argument T does not satisfy the corresponding bound Number.
wellformed	Ill-formed type: Vector[\..\] The static argument T does not satisfy the corresponding bound Number.	-	component FortressLibrary	wellformed2	FortressLibrary.fss:2752	Ill-formed type: Vector[\T,s1\] The static argument T does not satisfy the corresponding bound Number.
wellformed	Ill-formed type: Vector[\..\] The static argument T does not satisfy the corresponding bound Number.	-	component FortressLibrary	wellformed2	FortressLibrary.fss:2757	Ill-formed type: Vector[\T,s0\] The static argument T does not satisfy the corresponding bound Number.
wellformed	Ill-formed type: Vector[\..\] The static argument T does not satisfy the corresponding bound Number.	-	component FortressLibrary	wellformed2	FortressLibrary.fss:2757	Ill-formed type: Vector[\T,s1\] The static argument T does not satisfy the corresponding bound Number.
