exclusion	-	acyclic	FortressLibrary.fsi:879	Types Equality[\AnyMaybe\] and AnyUniqueItem exclude each other. AnyMaybe must not extend them.
exclusion	-	acyclic	FortressLibrary.fsi:879	Type AnyMaybe excludes FortressLibrary.Equality but it extends FortressLibrary.Equality.
exclusion	-	acyclic	FortressLibrary.fsi:879	Types AnyUniqueItem and Equality[\AnyMaybe\] exclude each other. AnyMaybe must not extend them.
exclusion	-	acyclic	FortressLibrary.fsi:879	Type AnyMaybe excludes FortressLibrary.AnyUniqueItem but it extends FortressLibrary.AnyUniqueItem.
comprises	-	acyclic	FortressLibrary.fsi:431	Invalid comprises clause: FortressLibrary.AnyIntegral has a comprises clause but its immediate subtype Integral is not eligible to extend it.
exclusion	-	acyclic	FortressLibrary.fsi:153	Type EqualTo excludes FortressLibrary.TotalComparison but it extends FortressLibrary.TotalComparison.
exclusion	-	acyclic	FortressLibrary.fsi:143	Type GreaterThan excludes FortressLibrary.TotalComparison but it extends FortressLibrary.TotalComparison.
exclusion	-	acyclic	FortressLibrary.fsi:896	Types AnyMaybe and UniqueItem[\T\] exclude each other. Maybe must not extend them.
exclusion	-	acyclic	FortressLibrary.fsi:896	Type Maybe[\T\] excludes FortressLibrary.AnyMaybe but it extends FortressLibrary.AnyMaybe.
exclusion	-	acyclic	FortressLibrary.fsi:896	Types UniqueItem[\T\] and AnyMaybe exclude each other. Maybe must not extend them.
exclusion	-	acyclic	FortressLibrary.fsi:896	Type Maybe[\T\] excludes FortressLibrary.UniqueItem but it extends FortressLibrary.UniqueItem.
exclusion	-	acyclic	FortressLibrary.fsi:925	Type Nothing[\T\] excludes FortressLibrary.Maybe but it extends FortressLibrary.Maybe.
exclusion	-	acyclic	FortressLibrary.fsi:132	Type LessThan excludes FortressLibrary.TotalComparison but it extends FortressLibrary.TotalComparison.
exclusion	-	acyclic	FortressLibrary.fsi:121	Types Comparison and StandardTotalOrder[\TotalComparison\] exclude each other. TotalComparison must not extend them.
exclusion	-	acyclic	FortressLibrary.fsi:121	Type TotalComparison excludes FortressLibrary.Comparison but it extends FortressLibrary.Comparison.
exclusion	-	acyclic	FortressLibrary.fsi:121	Types StandardTotalOrder[\TotalComparison\] and Comparison exclude each other. TotalComparison must not extend them.
exclusion	-	acyclic	FortressLibrary.fsi:121	Type TotalComparison excludes FortressLibrary.StandardTotalOrder but it extends FortressLibrary.StandardTotalOrder.
exclusion	-	acyclic	FortressLibrary.fsi:2558	Type RelationalPredicateCondition[\E\] excludes FortressLibrary.Condition but it extends FortressLibrary.Condition.
exclusion	-	acyclic	FortressLibrary.fsi:901	Type Just[\T\] excludes FortressLibrary.Maybe but it extends FortressLibrary.Maybe.
return-type	MAX	overloading	FortressLibrary.fsi:210,FortressLibrary.fsi:322	For MAX, the return type of ((RR64 & {Float, FloatLiteral, RR32}), RR64)->RR64 @ FortressLibrary.fsi:322:5-30 should be a subtype of the return type of [\T extends StandardMinMax[\T\]\](StandardMinMax[\T\], T)->(T, T) @ FortressLibrary.fsi:210:5-211:1
overloading	MAX|sentence	overloading	FortressLibrary.fsi:196,FortressLibrary.fsi:2587	Invalid overloading of MAX in API FortressLibrary: [\T extends Number, I\](Array[\T,I\], T)->Array[\T,I\] @ FortressLibrary.fsi:2587:1-67 and [\T extends StandardMax[\T\]\](StandardMax[\T\], T)->T @ FortressLibrary.fsi:196:5-197:1
overloading	MAX|sentence	overloading	FortressLibrary.fsi:210,FortressLibrary.fsi:2587	Invalid overloading of MAX in API FortressLibrary: [\T extends Number, I\](Array[\T,I\], T)->Array[\T,I\] @ FortressLibrary.fsi:2587:1-67 and [\T extends StandardMinMax[\T\]\](StandardMinMax[\T\], T)->(T, T) @ FortressLibrary.fsi:210:5-211:1
overloading	MAX|sentence	overloading	FortressLibrary.fsi:196,FortressLibrary.fsi:2588	Invalid overloading of MAX in API FortressLibrary: [\T extends Number, I\](T, Array[\T,I\])->Array[\T,I\] @ FortressLibrary.fsi:2588:1-2591:1 and [\T extends StandardMax[\T\]\](StandardMax[\T\], T)->T @ FortressLibrary.fsi:196:5-197:1
overloading	MAX|sentence	overloading	FortressLibrary.fsi:210,FortressLibrary.fsi:2588	Invalid overloading of MAX in API FortressLibrary: [\T extends Number, I\](T, Array[\T,I\])->Array[\T,I\] @ FortressLibrary.fsi:2588:1-2591:1 and [\T extends StandardMinMax[\T\]\](StandardMinMax[\T\], T)->(T, T) @ FortressLibrary.fsi:210:5-211:1
return-type	MAX	overloading	FortressLibrary.fsi:196,FortressLibrary.fsi:210	For MAX, the return type of [\T extends StandardMinMax[\T\]\](StandardMinMax[\T\], T)->(T, T) @ FortressLibrary.fsi:210:5-211:1 should be a subtype of the return type of [\T extends StandardMax[\T\]\](StandardMax[\T\], T)->T @ FortressLibrary.fsi:196:5-197:1
return-type	MAX	overloading	FortressLibrary.fsi:210,FortressLibrary.fsi:408	For MAX, the return type of (QQ, QQ)->QQ @ FortressLibrary.fsi:408:5-30 should be a subtype of the return type of [\T extends StandardMinMax[\T\]\](StandardMinMax[\T\], T)->(T, T) @ FortressLibrary.fsi:210:5-211:1
return-type	CMP	overloading	FortressLibrary.fsi:134,FortressLibrary.fsi:135	For CMP, the return type of (LessThan, LessThan)->Comparison @ FortressLibrary.fsi:134:5-45 should be a subtype of the return type of (LessThan, TotalComparison)->TotalComparison @ FortressLibrary.fsi:135:5-57
return-type	CMP	overloading	FortressLibrary.fsi:124,FortressLibrary.fsi:135	For CMP, the return type of ((TotalComparison & {LessThan, EqualTo, GreaterThan}), Unordered)->Comparison @ FortressLibrary.fsi:124:5-46 should be a subtype of the return type of (LessThan, TotalComparison)->TotalComparison @ FortressLibrary.fsi:135:5-57
overloading	CMP|sentence	overloading	FortressLibrary.fsi:134,FortressLibrary.fsi:169	Invalid overloading of CMP in API FortressLibrary: (LessThan, LessThan)->Comparison @ FortressLibrary.fsi:134:5-45 and [\T extends StandardPartialOrder[\T\]\](StandardPartialOrder[\T\], T)->Comparison @ FortressLibrary.fsi:169:5-38
overloading	CMP|sentence	overloading	FortressLibrary.fsi:145,FortressLibrary.fsi:169	Invalid overloading of CMP in API FortressLibrary: (GreaterThan, GreaterThan)->Comparison @ FortressLibrary.fsi:145:5-48 and [\T extends StandardPartialOrder[\T\]\](StandardPartialOrder[\T\], T)->Comparison @ FortressLibrary.fsi:169:5-38
return-type	CMP	overloading	FortressLibrary.fsi:145,FortressLibrary.fsi:146	For CMP, the return type of (GreaterThan, GreaterThan)->Comparison @ FortressLibrary.fsi:145:5-48 should be a subtype of the return type of (GreaterThan, TotalComparison)->TotalComparison @ FortressLibrary.fsi:146:5-57
return-type	CMP	overloading	FortressLibrary.fsi:124,FortressLibrary.fsi:146	For CMP, the return type of ((TotalComparison & {LessThan, EqualTo, GreaterThan}), Unordered)->Comparison @ FortressLibrary.fsi:124:5-46 should be a subtype of the return type of (GreaterThan, TotalComparison)->TotalComparison @ FortressLibrary.fsi:146:5-57
return-type	CMP	overloading	FortressLibrary.fsi:124,FortressLibrary.fsi:155	For CMP, the return type of ((TotalComparison & {LessThan, EqualTo, GreaterThan}), Unordered)->Comparison @ FortressLibrary.fsi:124:5-46 should be a subtype of the return type of (EqualTo, TotalComparison)->TotalComparison @ FortressLibrary.fsi:155:5-57
return-type	CMP	overloading	FortressLibrary.fsi:124,FortressLibrary.fsi:565	For CMP, the return type of ((TotalComparison & {LessThan, EqualTo, GreaterThan}), Unordered)->Comparison @ FortressLibrary.fsi:124:5-46 should be a subtype of the return type of ((ZZ64 & {Long}), ZZ64)->TotalComparison @ FortressLibrary.fsi:565:5-43
return-type	CMP	overloading	FortressLibrary.fsi:124,FortressLibrary.fsi:1264	For CMP, the return type of ((TotalComparison & {LessThan, EqualTo, GreaterThan}), Unordered)->Comparison @ FortressLibrary.fsi:124:5-46 should be a subtype of the return type of [\T extends LexicographicOrder[\T,E\], E\](LexicographicOrder[\T,E\], T)->TotalComparison @ FortressLibrary.fsi:1264:5-1266:47
return-type	CMP	overloading	FortressLibrary.fsi:124,FortressLibrary.fsi:222	For CMP, the return type of ((TotalComparison & {LessThan, EqualTo, GreaterThan}), Unordered)->Comparison @ FortressLibrary.fsi:124:5-46 should be a subtype of the return type of [\T extends StandardTotalOrder[\T\]\](StandardTotalOrder[\T\], T)->TotalComparison @ FortressLibrary.fsi:222:5-223:1
overloading	seq|sentence	overloading	FortressLibrary.fsi:1335,FortressLibrary.fsi:2072	Invalid overloading of seq in API FortressLibrary: [\E, I\]ReadableArray[\E,I\]->SequentialGenerator[\E\] @ FortressLibrary.fsi:1335:5-1337:48 and [\E\]FilterGenerator[\E\]->SequentialGenerator[\E\] @ FortressLibrary.fsi:2072:5-2073:1
overloading	seq|sentence	overloading	FortressLibrary.fsi:1335,FortressLibrary.fsi:824	Invalid overloading of seq in API FortressLibrary: [\E, I\]ReadableArray[\E,I\]->SequentialGenerator[\E\] @ FortressLibrary.fsi:1335:5-1337:48 and [\E\]SequentialGenerator[\E\]->SequentialGenerator[\E\] @ FortressLibrary.fsi:824:5-39
overloading	seq|sentence	overloading	FortressLibrary.fsi:1285,FortressLibrary.fsi:2072	Invalid overloading of seq in API FortressLibrary: [\E, I\]DelegatedIndexed[\E,I\]->SequentialGenerator[\E\] @ FortressLibrary.fsi:1285:5-39 and [\E\]FilterGenerator[\E\]->SequentialGenerator[\E\] @ FortressLibrary.fsi:2072:5-2073:1
overloading	seq|same-sparams	overloading	FortressLibrary.fsi:2072,FortressLibrary.fsi:824	Invalid overloading of seq in API FortressLibrary: [\E\]FilterGenerator[\E\]->SequentialGenerator[\E\] @ FortressLibrary.fsi:2072:5-2073:1 and [\E\]SequentialGenerator[\E\]->SequentialGenerator[\E\] @ FortressLibrary.fsi:824:5-39
overloading	seq|sentence	overloading	FortressLibrary.fsi:1285,FortressLibrary.fsi:824	Invalid overloading of seq in API FortressLibrary: [\E, I\]DelegatedIndexed[\E,I\]->SequentialGenerator[\E\] @ FortressLibrary.fsi:1285:5-39 and [\E\]SequentialGenerator[\E\]->SequentialGenerator[\E\] @ FortressLibrary.fsi:824:5-39
return-type	array1	overloading	FortressLibrary.fsi:1551,FortressLibrary.fsi:1552	For array1, the return type of [\T, nat s0\]ZZ32->T->Array1[\T,0,s0\] @ FortressLibrary.fsi:1552:1-1553:1 should be a subtype of the return type of [\T, nat s0\]T->Array1[\T,0,s0\] @ FortressLibrary.fsi:1551:1-41
return-type	array2	overloading	FortressLibrary.fsi:1661,FortressLibrary.fsi:1662	For array2, the return type of [\T, nat s0, nat s1\](ZZ32, ZZ32)->T->Array2[\T,0,s0,0,s1\] @ FortressLibrary.fsi:1662:1-1666:51 should be a subtype of the return type of [\T, nat s0, nat s1\]T->Array2[\T,0,s0,0,s1\] @ FortressLibrary.fsi:1661:1-54
overloading	juxtaposition|sentence	overloading	FortressLibrary.fsi:2389,FortressLibrary.fsi:271	Invalid overloading of juxtaposition in API FortressLibrary: (Any, String)->String @ FortressLibrary.fsi:2389:5-41 and [\T extends MultiplicativeRing[\T\]\](MultiplicativeRing[\T\], T)->T @ FortressLibrary.fsi:271:5-272:65
overloading	juxtaposition|same-sparams	overloading	FortressLibrary.fsi:2389,FortressLibrary.fsi:2391	Invalid overloading of juxtaposition in API FortressLibrary: (Any, String)->String @ FortressLibrary.fsi:2389:5-41 and (String, Any)->String @ FortressLibrary.fsi:2391:5-2393:64
overloading	juxtaposition|sentence	overloading	FortressLibrary.fsi:2390,FortressLibrary.fsi:271	Invalid overloading of juxtaposition in API FortressLibrary: (String, String)->String @ FortressLibrary.fsi:2390:5-44 and [\T extends MultiplicativeRing[\T\]\](MultiplicativeRing[\T\], T)->T @ FortressLibrary.fsi:271:5-272:65
overloading	juxtaposition|sentence	overloading	FortressLibrary.fsi:2391,FortressLibrary.fsi:271	Invalid overloading of juxtaposition in API FortressLibrary: (String, Any)->String @ FortressLibrary.fsi:2391:5-2393:64 and [\T extends MultiplicativeRing[\T\]\](MultiplicativeRing[\T\], T)->T @ FortressLibrary.fsi:271:5-272:65
overloading	INVERSE (same parameter type)|same parameter type	overloading	FortressLibrary.fsi:129,FortressLibrary.fsi:161	There are multiple declarations of INVERSE with the same parameter type: (TotalComparison & {LessThan, EqualTo, GreaterThan})
return-type	unsigned	overloading	FortressLibrary.fsi:458,FortressLibrary.fsi:542	For unsigned, the return type of (ZZ32 & {Int, IntLiteral})->NN32 @ FortressLibrary.fsi:542:5-23 should be a subtype of the return type of [\I extends Integral[\I\]\]Integral[\I\]->NN64 @ FortressLibrary.fsi:458:5-23
overloading	LEXICO (same parameter type)|same parameter type	overloading	FortressLibrary.fsi:127,FortressLibrary.fsi:158	There are multiple declarations of LEXICO with the same parameter type: (EqualTo, TotalComparison)
overloading	LEXICO (same parameter type)|same parameter type	overloading	FortressLibrary.fsi:128,FortressLibrary.fsi:159	There are multiple declarations of LEXICO with the same parameter type: ((TotalComparison & {LessThan, EqualTo, GreaterThan}), ()->TotalComparison)
overloading	IN|same-sparams	overloading	FortressLibrary.fsi:2125,FortressLibrary.fsi:860	Invalid overloading of IN in API FortressLibrary: [\E\](E, Condition[\E\])->Boolean @ FortressLibrary.fsi:860:5-861:1 and [\I\](I, OpenRange[\I\])->Boolean @ FortressLibrary.fsi:2125:5-2126:1
overloading	IN|same-sparams	overloading	FortressLibrary.fsi:2125,FortressLibrary.fsi:761	Invalid overloading of IN in API FortressLibrary: [\E\](E, Generator[\E\])->Boolean @ FortressLibrary.fsi:761:5-762:1 and [\I\](I, OpenRange[\I\])->Boolean @ FortressLibrary.fsi:2125:5-2126:1
overloading	IN|same-sparams	overloading	FortressLibrary.fsi:2125,FortressLibrary.fsi:2142	Invalid overloading of IN in API FortressLibrary: [\I\](I, ExtentRange[\I\])->Boolean @ FortressLibrary.fsi:2142:5-31 and [\I\](I, OpenRange[\I\])->Boolean @ FortressLibrary.fsi:2125:5-2126:1
overloading	IN|same-sparams	overloading	FortressLibrary.fsi:2104,FortressLibrary.fsi:860	Invalid overloading of IN in API FortressLibrary: [\E\](E, Condition[\E\])->Boolean @ FortressLibrary.fsi:860:5-861:1 and [\I\](I, Range[\I\])->Boolean @ FortressLibrary.fsi:2104:5-40
overloading	IN|same-sparams	overloading	FortressLibrary.fsi:2142,FortressLibrary.fsi:860	Invalid overloading of IN in API FortressLibrary: [\E\](E, Condition[\E\])->Boolean @ FortressLibrary.fsi:860:5-861:1 and [\I\](I, ExtentRange[\I\])->Boolean @ FortressLibrary.fsi:2142:5-31
overloading	IN|same-sparams	overloading	FortressLibrary.fsi:2104,FortressLibrary.fsi:761	Invalid overloading of IN in API FortressLibrary: [\E\](E, Generator[\E\])->Boolean @ FortressLibrary.fsi:761:5-762:1 and [\I\](I, Range[\I\])->Boolean @ FortressLibrary.fsi:2104:5-40
overloading	IN|same-sparams	overloading	FortressLibrary.fsi:2142,FortressLibrary.fsi:761	Invalid overloading of IN in API FortressLibrary: [\E\](E, Generator[\E\])->Boolean @ FortressLibrary.fsi:761:5-762:1 and [\I\](I, ExtentRange[\I\])->Boolean @ FortressLibrary.fsi:2142:5-31
overloading	SQCAP (same parameter type)|same parameter type	overloading	FortressLibrary.fsi:898,FortressLibrary.fsi:943	There are multiple declarations of SQCAP with the same parameter type: ((Maybe[\T\] & {Nothing[\T\], Just[\T\]}), Maybe[\T\])
return-type	SQCAP	overloading	FortressLibrary.fsi:898,FortressLibrary.fsi:944	For SQCAP, the return type of [\T\]((Maybe[\T\] & {Nothing[\T\], Just[\T\]}), Maybe[\T\])->Maybe[\T\] @ FortressLibrary.fsi:898:5-899:1 should be a subtype of the return type of [\T\](Nothing[\T\], UniqueItem[\T\])->Nothing[\T\] @ FortressLibrary.fsi:944:5-53
return-type	SQCAP	overloading	FortressLibrary.fsi:898,FortressLibrary.fsi:943	For SQCAP, the return type of [\T\]((Maybe[\T\] & {Nothing[\T\], Just[\T\]}), Maybe[\T\])->Maybe[\T\] @ FortressLibrary.fsi:898:5-899:1 should be a subtype of the return type of [\T\](Nothing[\T\], Maybe[\T\])->Nothing[\T\] @ FortressLibrary.fsi:943:5-48
overloading	FORWARD_CMP|same-sparams	overloading	FortressLibrary.fsi:2124,FortressLibrary.fsi:2143	Invalid overloading of FORWARD_CMP in API FortressLibrary: [\I\](ExtentRange[\I\], Range[\I\])->Comparison @ FortressLibrary.fsi:2143:5-2144:1 and [\I\](OpenRange[\I\], Range[\I\])->Comparison @ FortressLibrary.fsi:2124:5-55
overloading	FORWARD_CMP|same-sparams	overloading	FortressLibrary.fsi:2124,FortressLibrary.fsi:2164	Invalid overloading of FORWARD_CMP in API FortressLibrary: [\I\](LeftRange[\I\], Range[\I\])->Comparison @ FortressLibrary.fsi:2164:5-2165:1 and [\I\](OpenRange[\I\], Range[\I\])->Comparison @ FortressLibrary.fsi:2124:5-55
overloading	FORWARD_CMP|same-sparams	overloading	FortressLibrary.fsi:2124,FortressLibrary.fsi:2183	Invalid overloading of FORWARD_CMP in API FortressLibrary: [\I\](FullRange[\I\], Range[\I\])->Comparison @ FortressLibrary.fsi:2183:5-56 and [\I\](OpenRange[\I\], Range[\I\])->Comparison @ FortressLibrary.fsi:2124:5-55
overloading	FORWARD_CMP|same-sparams	overloading	FortressLibrary.fsi:2124,FortressLibrary.fsi:2184	Invalid overloading of FORWARD_CMP in API FortressLibrary: [\I\](FullRange[\I\], FullRange[\I\])->Comparison @ FortressLibrary.fsi:2184:5-2185:1 and [\I\](OpenRange[\I\], Range[\I\])->Comparison @ FortressLibrary.fsi:2124:5-55
overloading	FORWARD_CMP|same-sparams	overloading	FortressLibrary.fsi:2124,FortressLibrary.fsi:2176	Invalid overloading of FORWARD_CMP in API FortressLibrary: [\I\](OpenRange[\I\], Range[\I\])->Comparison @ FortressLibrary.fsi:2124:5-55 and [\I\](RightRange[\I\], Range[\I\])->Comparison @ FortressLibrary.fsi:2176:5-2177:1
overloading	FORWARD_CMP|same-sparams	overloading	FortressLibrary.fsi:2143,FortressLibrary.fsi:2164	Invalid overloading of FORWARD_CMP in API FortressLibrary: [\I\](ExtentRange[\I\], Range[\I\])->Comparison @ FortressLibrary.fsi:2143:5-2144:1 and [\I\](LeftRange[\I\], Range[\I\])->Comparison @ FortressLibrary.fsi:2164:5-2165:1
overloading	FORWARD_CMP|same-sparams	overloading	FortressLibrary.fsi:2143,FortressLibrary.fsi:2183	Invalid overloading of FORWARD_CMP in API FortressLibrary: [\I\](ExtentRange[\I\], Range[\I\])->Comparison @ FortressLibrary.fsi:2143:5-2144:1 and [\I\](FullRange[\I\], Range[\I\])->Comparison @ FortressLibrary.fsi:2183:5-56
overloading	FORWARD_CMP|same-sparams	overloading	FortressLibrary.fsi:2123,FortressLibrary.fsi:2143	Invalid overloading of FORWARD_CMP in API FortressLibrary: [\I\](ExtentRange[\I\], Range[\I\])->Comparison @ FortressLibrary.fsi:2143:5-2144:1 and [\I\](OpenRange[\I\], OpenRange[\I\])->Comparison @ FortressLibrary.fsi:2123:5-59
overloading	FORWARD_CMP|same-sparams	overloading	FortressLibrary.fsi:2143,FortressLibrary.fsi:2184	Invalid overloading of FORWARD_CMP in API FortressLibrary: [\I\](ExtentRange[\I\], Range[\I\])->Comparison @ FortressLibrary.fsi:2143:5-2144:1 and [\I\](FullRange[\I\], FullRange[\I\])->Comparison @ FortressLibrary.fsi:2184:5-2185:1
overloading	FORWARD_CMP|same-sparams	overloading	FortressLibrary.fsi:2143,FortressLibrary.fsi:2176	Invalid overloading of FORWARD_CMP in API FortressLibrary: [\I\](ExtentRange[\I\], Range[\I\])->Comparison @ FortressLibrary.fsi:2143:5-2144:1 and [\I\](RightRange[\I\], Range[\I\])->Comparison @ FortressLibrary.fsi:2176:5-2177:1
overloading	FORWARD_CMP|same-sparams	overloading	FortressLibrary.fsi:2164,FortressLibrary.fsi:2183	Invalid overloading of FORWARD_CMP in API FortressLibrary: [\I\](FullRange[\I\], Range[\I\])->Comparison @ FortressLibrary.fsi:2183:5-56 and [\I\](LeftRange[\I\], Range[\I\])->Comparison @ FortressLibrary.fsi:2164:5-2165:1
overloading	FORWARD_CMP|same-sparams	overloading	FortressLibrary.fsi:2123,FortressLibrary.fsi:2164	Invalid overloading of FORWARD_CMP in API FortressLibrary: [\I\](LeftRange[\I\], Range[\I\])->Comparison @ FortressLibrary.fsi:2164:5-2165:1 and [\I\](OpenRange[\I\], OpenRange[\I\])->Comparison @ FortressLibrary.fsi:2123:5-59
overloading	FORWARD_CMP|same-sparams	overloading	FortressLibrary.fsi:2164,FortressLibrary.fsi:2184	Invalid overloading of FORWARD_CMP in API FortressLibrary: [\I\](FullRange[\I\], FullRange[\I\])->Comparison @ FortressLibrary.fsi:2184:5-2185:1 and [\I\](LeftRange[\I\], Range[\I\])->Comparison @ FortressLibrary.fsi:2164:5-2165:1
overloading	FORWARD_CMP|same-sparams	overloading	FortressLibrary.fsi:2164,FortressLibrary.fsi:2176	Invalid overloading of FORWARD_CMP in API FortressLibrary: [\I\](LeftRange[\I\], Range[\I\])->Comparison @ FortressLibrary.fsi:2164:5-2165:1 and [\I\](RightRange[\I\], Range[\I\])->Comparison @ FortressLibrary.fsi:2176:5-2177:1
overloading	FORWARD_CMP|same-sparams	overloading	FortressLibrary.fsi:2123,FortressLibrary.fsi:2183	Invalid overloading of FORWARD_CMP in API FortressLibrary: [\I\](FullRange[\I\], Range[\I\])->Comparison @ FortressLibrary.fsi:2183:5-56 and [\I\](OpenRange[\I\], OpenRange[\I\])->Comparison @ FortressLibrary.fsi:2123:5-59
overloading	FORWARD_CMP|same-sparams	overloading	FortressLibrary.fsi:2176,FortressLibrary.fsi:2183	Invalid overloading of FORWARD_CMP in API FortressLibrary: [\I\](FullRange[\I\], Range[\I\])->Comparison @ FortressLibrary.fsi:2183:5-56 and [\I\](RightRange[\I\], Range[\I\])->Comparison @ FortressLibrary.fsi:2176:5-2177:1
overloading	FORWARD_CMP|same-sparams	overloading	FortressLibrary.fsi:2123,FortressLibrary.fsi:2184	Invalid overloading of FORWARD_CMP in API FortressLibrary: [\I\](FullRange[\I\], FullRange[\I\])->Comparison @ FortressLibrary.fsi:2184:5-2185:1 and [\I\](OpenRange[\I\], OpenRange[\I\])->Comparison @ FortressLibrary.fsi:2123:5-59
overloading	FORWARD_CMP|same-sparams	overloading	FortressLibrary.fsi:2123,FortressLibrary.fsi:2176	Invalid overloading of FORWARD_CMP in API FortressLibrary: [\I\](OpenRange[\I\], OpenRange[\I\])->Comparison @ FortressLibrary.fsi:2123:5-59 and [\I\](RightRange[\I\], Range[\I\])->Comparison @ FortressLibrary.fsi:2176:5-2177:1
overloading	FORWARD_CMP|same-sparams	overloading	FortressLibrary.fsi:2176,FortressLibrary.fsi:2184	Invalid overloading of FORWARD_CMP in API FortressLibrary: [\I\](FullRange[\I\], FullRange[\I\])->Comparison @ FortressLibrary.fsi:2184:5-2185:1 and [\I\](RightRange[\I\], Range[\I\])->Comparison @ FortressLibrary.fsi:2176:5-2177:1
return-type	MIN	overloading	FortressLibrary.fsi:209,FortressLibrary.fsi:321	For MIN, the return type of ((RR64 & {Float, FloatLiteral, RR32}), RR64)->RR64 @ FortressLibrary.fsi:321:5-30 should be a subtype of the return type of [\T extends StandardMinMax[\T\]\](StandardMinMax[\T\], T)->(T, T) @ FortressLibrary.fsi:209:5-33
return-type	MIN	overloading	FortressLibrary.fsi:185,FortressLibrary.fsi:209	For MIN, the return type of [\T extends StandardMinMax[\T\]\](StandardMinMax[\T\], T)->(T, T) @ FortressLibrary.fsi:209:5-33 should be a subtype of the return type of [\T extends StandardMin[\T\]\](StandardMin[\T\], T)->T @ FortressLibrary.fsi:185:5-186:1
return-type	MIN	overloading	FortressLibrary.fsi:209,FortressLibrary.fsi:407	For MIN, the return type of (QQ, QQ)->QQ @ FortressLibrary.fsi:407:5-30 should be a subtype of the return type of [\T extends StandardMinMax[\T\]\](StandardMinMax[\T\], T)->(T, T) @ FortressLibrary.fsi:209:5-33
overloading	MIN|sentence	overloading	FortressLibrary.fsi:209,FortressLibrary.fsi:2585	Invalid overloading of MIN in API FortressLibrary: [\T extends Number, I\](Array[\T,I\], T)->Array[\T,I\] @ FortressLibrary.fsi:2585:1-67 and [\T extends StandardMinMax[\T\]\](StandardMinMax[\T\], T)->(T, T) @ FortressLibrary.fsi:209:5-33
overloading	MIN|sentence	overloading	FortressLibrary.fsi:209,FortressLibrary.fsi:2586	Invalid overloading of MIN in API FortressLibrary: [\T extends Number, I\](T, Array[\T,I\])->Array[\T,I\] @ FortressLibrary.fsi:2586:1-67 and [\T extends StandardMinMax[\T\]\](StandardMinMax[\T\], T)->(T, T) @ FortressLibrary.fsi:209:5-33
overloading	MIN|sentence	overloading	FortressLibrary.fsi:185,FortressLibrary.fsi:2585	Invalid overloading of MIN in API FortressLibrary: [\T extends Number, I\](Array[\T,I\], T)->Array[\T,I\] @ FortressLibrary.fsi:2585:1-67 and [\T extends StandardMin[\T\]\](StandardMin[\T\], T)->T @ FortressLibrary.fsi:185:5-186:1
overloading	MIN|sentence	overloading	FortressLibrary.fsi:185,FortressLibrary.fsi:2586	Invalid overloading of MIN in API FortressLibrary: [\T extends Number, I\](T, Array[\T,I\])->Array[\T,I\] @ FortressLibrary.fsi:2586:1-67 and [\T extends StandardMin[\T\]\](StandardMin[\T\], T)->T @ FortressLibrary.fsi:185:5-186:1
overloading	fill|fill-crossed	overloading	FortressLibrary.fsi:1379,FortressLibrary.fsi:1380	Invalid overloading of fill in trait ImmutableArray: (ImmutableArray[\E,I\], E)->ImmutableArray[\E,I\] @ FortressLibrary.fsi:1380:5-44 and (ImmutableArray[\E,I\], I->E)->ImmutableArray[\E,I\] @ FortressLibrary.fsi:1379:5-47
overloading	fill|fill-crossed	overloading	FortressLibrary.fsi:1360,FortressLibrary.fsi:1380	Invalid overloading of fill in trait ImmutableArray: (ImmutableArray[\E,I\], E)->ImmutableArray[\E,I\] @ FortressLibrary.fsi:1380:5-44 and (ReadableArray[\E,I\], I->E)->ReadableArray[\E,I\] @ FortressLibrary.fsi:1360:5-46
overloading	fill|fill-crossed	overloading	FortressLibrary.fsi:1361,FortressLibrary.fsi:1379	Invalid overloading of fill in trait ImmutableArray: (ImmutableArray[\E,I\], I->E)->ImmutableArray[\E,I\] @ FortressLibrary.fsi:1379:5-47 and (ReadableArray[\E,I\], E)->ReadableArray[\E,I\] @ FortressLibrary.fsi:1361:5-44
overloading	fill|fill-crossed	overloading	FortressLibrary.fsi:1360,FortressLibrary.fsi:1361	Invalid overloading of fill in trait ImmutableArray: (ReadableArray[\E,I\], E)->ReadableArray[\E,I\] @ FortressLibrary.fsi:1361:5-44 and (ReadableArray[\E,I\], I->E)->ReadableArray[\E,I\] @ FortressLibrary.fsi:1360:5-46
return-type	shift	overloading	FortressLibrary.fsi:1355,FortressLibrary.fsi:1749	For shift, the return type of (Array3[\T,b0,s0,b1,s1,b2,s2\], (ZZ32, ZZ32, ZZ32))->Array[\T,(ZZ32, ZZ32)\] @ FortressLibrary.fsi:1749:5-1755:8 should be a subtype of the return type of (ReadableArray[\T,(ZZ32, ZZ32, ZZ32)\], (ZZ32, ZZ32, ZZ32))->ReadableArray[\T,(ZZ32, ZZ32, ZZ32)\] @ FortressLibrary.fsi:1355:5-1359:39
return-type	shift	overloading	FortressLibrary.fsi:1398,FortressLibrary.fsi:1749	For shift, the return type of (Array3[\T,b0,s0,b1,s1,b2,s2\], (ZZ32, ZZ32, ZZ32))->Array[\T,(ZZ32, ZZ32)\] @ FortressLibrary.fsi:1749:5-1755:8 should be a subtype of the return type of (Array[\T,(ZZ32, ZZ32, ZZ32)\], (ZZ32, ZZ32, ZZ32))->Array[\T,(ZZ32, ZZ32, ZZ32)\] @ FortressLibrary.fsi:1398:5-44
overloading	fill|fill-crossed	overloading	FortressLibrary.fsi:1360,FortressLibrary.fsi:1400	Invalid overloading of fill in trait Array3: (Array[\T,(ZZ32, ZZ32, ZZ32)\], T)->Array[\T,(ZZ32, ZZ32, ZZ32)\] @ FortressLibrary.fsi:1400:5-35 and (ReadableArray[\T,(ZZ32, ZZ32, ZZ32)\], (ZZ32, ZZ32, ZZ32)->T)->ReadableArray[\T,(ZZ32, ZZ32, ZZ32)\] @ FortressLibrary.fsi:1360:5-46
overloading	fill|fill-same	overloading	FortressLibrary.fsi:1400,FortressLibrary.fsi:1432	Invalid overloading of fill in trait Array3: (Array[\T,(ZZ32, ZZ32, ZZ32)\], T)->Array[\T,(ZZ32, ZZ32, ZZ32)\] @ FortressLibrary.fsi:1400:5-35 and (StandardImmutableArrayType[\Array3[\T,b0,s0,b1,s1,b2,s2\],T,(ZZ32, ZZ32, ZZ32)\], T)->Array3[\T,b0,s0,b1,s1,b2,s2\] @ FortressLibrary.fsi:1432:5-15
overloading	fill|fill-crossed	overloading	FortressLibrary.fsi:1399,FortressLibrary.fsi:1400	Invalid overloading of fill in trait Array3: (Array[\T,(ZZ32, ZZ32, ZZ32)\], (ZZ32, ZZ32, ZZ32)->T)->Array[\T,(ZZ32, ZZ32, ZZ32)\] @ FortressLibrary.fsi:1399:5-38 and (Array[\T,(ZZ32, ZZ32, ZZ32)\], T)->Array[\T,(ZZ32, ZZ32, ZZ32)\] @ FortressLibrary.fsi:1400:5-35
overloading	fill|fill-crossed	overloading	FortressLibrary.fsi:1400,FortressLibrary.fsi:1431	Invalid overloading of fill in trait Array3: (Array[\T,(ZZ32, ZZ32, ZZ32)\], T)->Array[\T,(ZZ32, ZZ32, ZZ32)\] @ FortressLibrary.fsi:1400:5-35 and (StandardImmutableArrayType[\Array3[\T,b0,s0,b1,s1,b2,s2\],T,(ZZ32, ZZ32, ZZ32)\], (ZZ32, ZZ32, ZZ32)->T)->Array3[\T,b0,s0,b1,s1,b2,s2\] @ FortressLibrary.fsi:1431:5-18
overloading	fill|fill-crossed	overloading	FortressLibrary.fsi:1360,FortressLibrary.fsi:1432	Invalid overloading of fill in trait Array3: (ReadableArray[\T,(ZZ32, ZZ32, ZZ32)\], (ZZ32, ZZ32, ZZ32)->T)->ReadableArray[\T,(ZZ32, ZZ32, ZZ32)\] @ FortressLibrary.fsi:1360:5-46 and (StandardImmutableArrayType[\Array3[\T,b0,s0,b1,s1,b2,s2\],T,(ZZ32, ZZ32, ZZ32)\], T)->Array3[\T,b0,s0,b1,s1,b2,s2\] @ FortressLibrary.fsi:1432:5-15
overloading	fill|fill-crossed	overloading	FortressLibrary.fsi:1360,FortressLibrary.fsi:1361	Invalid overloading of fill in trait Array3: (ReadableArray[\T,(ZZ32, ZZ32, ZZ32)\], (ZZ32, ZZ32, ZZ32)->T)->ReadableArray[\T,(ZZ32, ZZ32, ZZ32)\] @ FortressLibrary.fsi:1360:5-46 and (ReadableArray[\T,(ZZ32, ZZ32, ZZ32)\], T)->ReadableArray[\T,(ZZ32, ZZ32, ZZ32)\] @ FortressLibrary.fsi:1361:5-44
overloading	fill|fill-crossed	overloading	FortressLibrary.fsi:1399,FortressLibrary.fsi:1432	Invalid overloading of fill in trait Array3: (Array[\T,(ZZ32, ZZ32, ZZ32)\], (ZZ32, ZZ32, ZZ32)->T)->Array[\T,(ZZ32, ZZ32, ZZ32)\] @ FortressLibrary.fsi:1399:5-38 and (StandardImmutableArrayType[\Array3[\T,b0,s0,b1,s1,b2,s2\],T,(ZZ32, ZZ32, ZZ32)\], T)->Array3[\T,b0,s0,b1,s1,b2,s2\] @ FortressLibrary.fsi:1432:5-15
overloading	fill|fill-crossed	overloading	FortressLibrary.fsi:1431,FortressLibrary.fsi:1432	Invalid overloading of fill in trait Array3: (StandardImmutableArrayType[\Array3[\T,b0,s0,b1,s1,b2,s2\],T,(ZZ32, ZZ32, ZZ32)\], (ZZ32, ZZ32, ZZ32)->T)->Array3[\T,b0,s0,b1,s1,b2,s2\] @ FortressLibrary.fsi:1431:5-18 and (StandardImmutableArrayType[\Array3[\T,b0,s0,b1,s1,b2,s2\],T,(ZZ32, ZZ32, ZZ32)\], T)->Array3[\T,b0,s0,b1,s1,b2,s2\] @ FortressLibrary.fsi:1432:5-15
overloading	fill|fill-same	overloading	FortressLibrary.fsi:1399,FortressLibrary.fsi:1431	Invalid overloading of fill in trait Array3: (Array[\T,(ZZ32, ZZ32, ZZ32)\], (ZZ32, ZZ32, ZZ32)->T)->Array[\T,(ZZ32, ZZ32, ZZ32)\] @ FortressLibrary.fsi:1399:5-38 and (StandardImmutableArrayType[\Array3[\T,b0,s0,b1,s1,b2,s2\],T,(ZZ32, ZZ32, ZZ32)\], (ZZ32, ZZ32, ZZ32)->T)->Array3[\T,b0,s0,b1,s1,b2,s2\] @ FortressLibrary.fsi:1431:5-18
overloading	fill|fill-crossed	overloading	FortressLibrary.fsi:1361,FortressLibrary.fsi:1399	Invalid overloading of fill in trait Array3: (Array[\T,(ZZ32, ZZ32, ZZ32)\], (ZZ32, ZZ32, ZZ32)->T)->Array[\T,(ZZ32, ZZ32, ZZ32)\] @ FortressLibrary.fsi:1399:5-38 and (ReadableArray[\T,(ZZ32, ZZ32, ZZ32)\], T)->ReadableArray[\T,(ZZ32, ZZ32, ZZ32)\] @ FortressLibrary.fsi:1361:5-44
overloading	fill|fill-crossed	overloading	FortressLibrary.fsi:1361,FortressLibrary.fsi:1431	Invalid overloading of fill in trait Array3: (ReadableArray[\T,(ZZ32, ZZ32, ZZ32)\], T)->ReadableArray[\T,(ZZ32, ZZ32, ZZ32)\] @ FortressLibrary.fsi:1361:5-44 and (StandardImmutableArrayType[\Array3[\T,b0,s0,b1,s1,b2,s2\],T,(ZZ32, ZZ32, ZZ32)\], (ZZ32, ZZ32, ZZ32)->T)->Array3[\T,b0,s0,b1,s1,b2,s2\] @ FortressLibrary.fsi:1431:5-18
overloading	lift|same-sparams	overloading	FortressLibrary.fsi:1792,FortressLibrary.fsi:1831	Invalid overloading of lift in trait MinReduction: (ActualReduction[\T,AnyMaybe\], T)->AnyMaybe @ FortressLibrary.fsi:1792:5-25 and (AssociativeReduction[\T\], Any)->AnyMaybe @ FortressLibrary.fsi:1831:5-25
overloading	generate|same-sparams	overloading	FortressLibrary.fsi:686,FortressLibrary.fsi:851	Invalid overloading of generate in trait ReductionPair: [\G\](Condition[\SomeReductionPair[\R\]\], Reduction[\G\], SomeReductionPair[\R\]->G)->G @ FortressLibrary.fsi:851:5-52 and [\R\](Generator[\SomeReductionPair[\R\]\], Reduction[\R\], SomeReductionPair[\R\]->R)->R @ FortressLibrary.fsi:686:5-693:31
overloading	fill|fill-same	overloading	FortressLibrary.fsi:1400,FortressLibrary.fsi:1432	Invalid overloading of fill in trait Vector: (Array[\T,ZZ32\], T)->Array[\T,ZZ32\] @ FortressLibrary.fsi:1400:5-35 and (StandardImmutableArrayType[\Array1[\T,0,s0\],T,ZZ32\], T)->Array1[\T,0,s0\] @ FortressLibrary.fsi:1432:5-15
overloading	fill|fill-same	overloading	FortressLibrary.fsi:1399,FortressLibrary.fsi:1431	Invalid overloading of fill in trait Vector: (Array[\T,ZZ32\], ZZ32->T)->Array[\T,ZZ32\] @ FortressLibrary.fsi:1399:5-38 and (StandardImmutableArrayType[\Array1[\T,0,s0\],T,ZZ32\], ZZ32->T)->Array1[\T,0,s0\] @ FortressLibrary.fsi:1431:5-18
overloading	fill|fill-crossed	overloading	FortressLibrary.fsi:1360,FortressLibrary.fsi:1361	Invalid overloading of fill in trait ReadableArray: (ReadableArray[\E,I\], E)->ReadableArray[\E,I\] @ FortressLibrary.fsi:1361:5-44 and (ReadableArray[\E,I\], I->E)->ReadableArray[\E,I\] @ FortressLibrary.fsi:1360:5-46
overloading	fill|fill-same	overloading	FortressLibrary.fsi:1400,FortressLibrary.fsi:1432	Invalid overloading of fill in trait Matrix: (Array[\T,(ZZ32, ZZ32)\], T)->Array[\T,(ZZ32, ZZ32)\] @ FortressLibrary.fsi:1400:5-35 and (StandardImmutableArrayType[\Array2[\T,0,s0,0,s1\],T,(ZZ32, ZZ32)\], T)->Array2[\T,0,s0,0,s1\] @ FortressLibrary.fsi:1432:5-15
overloading	fill|fill-same	overloading	FortressLibrary.fsi:1399,FortressLibrary.fsi:1431	Invalid overloading of fill in trait Matrix: (Array[\T,(ZZ32, ZZ32)\], (ZZ32, ZZ32)->T)->Array[\T,(ZZ32, ZZ32)\] @ FortressLibrary.fsi:1399:5-38 and (StandardImmutableArrayType[\Array2[\T,0,s0,0,s1\],T,(ZZ32, ZZ32)\], (ZZ32, ZZ32)->T)->Array2[\T,0,s0,0,s1\] @ FortressLibrary.fsi:1431:5-18
overloading	ivmap|same-sparams	overloading	FortressLibrary.fsi:1239,FortressLibrary.fsi:853	Invalid overloading of ivmap in trait Maybe: [\G\](Condition[\T\], (ZZ32, T)->G)->Generator[\G\] @ FortressLibrary.fsi:853:5-46 and [\R\](Indexed[\T,ZZ32\], (ZZ32, T)->R)->Indexed[\R,ZZ32\] @ FortressLibrary.fsi:1239:5-43
overloading	map|same-sparams	overloading	FortressLibrary.fsi:1240,FortressLibrary.fsi:825	Invalid overloading of map in trait Maybe: [\G\](SequentialGenerator[\T\], T->G)->SequentialGenerator[\G\] @ FortressLibrary.fsi:825:5-47 and [\R\](Indexed[\T,ZZ32\], T->R)->Indexed[\R,ZZ32\] @ FortressLibrary.fsi:1240:5-1245:5
overloading	map|same-sparams	overloading	FortressLibrary.fsi:1240,FortressLibrary.fsi:852	Invalid overloading of map in trait Maybe: [\G\](Condition[\T\], T->G)->Condition[\G\] @ FortressLibrary.fsi:852:5-853:4 and [\R\](Indexed[\T,ZZ32\], T->R)->Indexed[\R,ZZ32\] @ FortressLibrary.fsi:1240:5-1245:5
overloading	ivmap|same-sparams	overloading	FortressLibrary.fsi:1239,FortressLibrary.fsi:853	Invalid overloading of ivmap in trait Nothing: [\G\](Condition[\T\], (ZZ32, T)->G)->Generator[\G\] @ FortressLibrary.fsi:853:5-46 and [\R\](Indexed[\T,ZZ32\], (ZZ32, T)->R)->Indexed[\R,ZZ32\] @ FortressLibrary.fsi:1239:5-43
overloading	fill|fill-crossed	overloading	FortressLibrary.fsi:1379,FortressLibrary.fsi:1380	Invalid overloading of fill in trait ImmutableArray1: (ImmutableArray[\T,ZZ32\], T)->ImmutableArray[\T,ZZ32\] @ FortressLibrary.fsi:1380:5-44 and (ImmutableArray[\T,ZZ32\], ZZ32->T)->ImmutableArray[\T,ZZ32\] @ FortressLibrary.fsi:1379:5-47
overloading	fill|fill-crossed	overloading	FortressLibrary.fsi:1361,FortressLibrary.fsi:1379	Invalid overloading of fill in trait ImmutableArray1: (ImmutableArray[\T,ZZ32\], ZZ32->T)->ImmutableArray[\T,ZZ32\] @ FortressLibrary.fsi:1379:5-47 and (ReadableArray[\T,ZZ32\], T)->ReadableArray[\T,ZZ32\] @ FortressLibrary.fsi:1361:5-44
overloading	fill|fill-crossed	overloading	FortressLibrary.fsi:1379,FortressLibrary.fsi:1432	Invalid overloading of fill in trait ImmutableArray1: (ImmutableArray[\T,ZZ32\], ZZ32->T)->ImmutableArray[\T,ZZ32\] @ FortressLibrary.fsi:1379:5-47 and (StandardImmutableArrayType[\ImmutableArray1[\T,b0,s0\],T,ZZ32\], T)->ImmutableArray1[\T,b0,s0\] @ FortressLibrary.fsi:1432:5-15
overloading	fill|fill-same	overloading	FortressLibrary.fsi:1379,FortressLibrary.fsi:1431	Invalid overloading of fill in trait ImmutableArray1: (ImmutableArray[\T,ZZ32\], ZZ32->T)->ImmutableArray[\T,ZZ32\] @ FortressLibrary.fsi:1379:5-47 and (StandardImmutableArrayType[\ImmutableArray1[\T,b0,s0\],T,ZZ32\], ZZ32->T)->ImmutableArray1[\T,b0,s0\] @ FortressLibrary.fsi:1431:5-18
overloading	fill|fill-same	overloading	FortressLibrary.fsi:1380,FortressLibrary.fsi:1432	Invalid overloading of fill in trait ImmutableArray1: (ImmutableArray[\T,ZZ32\], T)->ImmutableArray[\T,ZZ32\] @ FortressLibrary.fsi:1380:5-44 and (StandardImmutableArrayType[\ImmutableArray1[\T,b0,s0\],T,ZZ32\], T)->ImmutableArray1[\T,b0,s0\] @ FortressLibrary.fsi:1432:5-15
overloading	fill|fill-crossed	overloading	FortressLibrary.fsi:1360,FortressLibrary.fsi:1380	Invalid overloading of fill in trait ImmutableArray1: (ImmutableArray[\T,ZZ32\], T)->ImmutableArray[\T,ZZ32\] @ FortressLibrary.fsi:1380:5-44 and (ReadableArray[\T,ZZ32\], ZZ32->T)->ReadableArray[\T,ZZ32\] @ FortressLibrary.fsi:1360:5-46
overloading	fill|fill-crossed	overloading	FortressLibrary.fsi:1380,FortressLibrary.fsi:1431	Invalid overloading of fill in trait ImmutableArray1: (ImmutableArray[\T,ZZ32\], T)->ImmutableArray[\T,ZZ32\] @ FortressLibrary.fsi:1380:5-44 and (StandardImmutableArrayType[\ImmutableArray1[\T,b0,s0\],T,ZZ32\], ZZ32->T)->ImmutableArray1[\T,b0,s0\] @ FortressLibrary.fsi:1431:5-18
overloading	fill|fill-crossed	overloading	FortressLibrary.fsi:1360,FortressLibrary.fsi:1361	Invalid overloading of fill in trait ImmutableArray1: (ReadableArray[\T,ZZ32\], T)->ReadableArray[\T,ZZ32\] @ FortressLibrary.fsi:1361:5-44 and (ReadableArray[\T,ZZ32\], ZZ32->T)->ReadableArray[\T,ZZ32\] @ FortressLibrary.fsi:1360:5-46
overloading	fill|fill-crossed	overloading	FortressLibrary.fsi:1361,FortressLibrary.fsi:1431	Invalid overloading of fill in trait ImmutableArray1: (ReadableArray[\T,ZZ32\], T)->ReadableArray[\T,ZZ32\] @ FortressLibrary.fsi:1361:5-44 and (StandardImmutableArrayType[\ImmutableArray1[\T,b0,s0\],T,ZZ32\], ZZ32->T)->ImmutableArray1[\T,b0,s0\] @ FortressLibrary.fsi:1431:5-18
overloading	fill|fill-crossed	overloading	FortressLibrary.fsi:1360,FortressLibrary.fsi:1432	Invalid overloading of fill in trait ImmutableArray1: (ReadableArray[\T,ZZ32\], ZZ32->T)->ReadableArray[\T,ZZ32\] @ FortressLibrary.fsi:1360:5-46 and (StandardImmutableArrayType[\ImmutableArray1[\T,b0,s0\],T,ZZ32\], T)->ImmutableArray1[\T,b0,s0\] @ FortressLibrary.fsi:1432:5-15
overloading	fill|fill-crossed	overloading	FortressLibrary.fsi:1431,FortressLibrary.fsi:1432	Invalid overloading of fill in trait ImmutableArray1: (StandardImmutableArrayType[\ImmutableArray1[\T,b0,s0\],T,ZZ32\], T)->ImmutableArray1[\T,b0,s0\] @ FortressLibrary.fsi:1432:5-15 and (StandardImmutableArrayType[\ImmutableArray1[\T,b0,s0\],T,ZZ32\], ZZ32->T)->ImmutableArray1[\T,b0,s0\] @ FortressLibrary.fsi:1431:5-18
overloading	fill|fill-crossed	overloading	FortressLibrary.fsi:1399,FortressLibrary.fsi:1432	Invalid overloading of fill in trait Array1: (Array[\T,ZZ32\], ZZ32->T)->Array[\T,ZZ32\] @ FortressLibrary.fsi:1399:5-38 and (StandardImmutableArrayType[\Array1[\T,b0,s0\],T,ZZ32\], T)->Array1[\T,b0,s0\] @ FortressLibrary.fsi:1432:5-15
overloading	fill|fill-crossed	overloading	FortressLibrary.fsi:1361,FortressLibrary.fsi:1399	Invalid overloading of fill in trait Array1: (Array[\T,ZZ32\], ZZ32->T)->Array[\T,ZZ32\] @ FortressLibrary.fsi:1399:5-38 and (ReadableArray[\T,ZZ32\], T)->ReadableArray[\T,ZZ32\] @ FortressLibrary.fsi:1361:5-44
overloading	fill|fill-same	overloading	FortressLibrary.fsi:1399,FortressLibrary.fsi:1431	Invalid overloading of fill in trait Array1: (Array[\T,ZZ32\], ZZ32->T)->Array[\T,ZZ32\] @ FortressLibrary.fsi:1399:5-38 and (StandardImmutableArrayType[\Array1[\T,b0,s0\],T,ZZ32\], ZZ32->T)->Array1[\T,b0,s0\] @ FortressLibrary.fsi:1431:5-18
overloading	fill|fill-crossed	overloading	FortressLibrary.fsi:1399,FortressLibrary.fsi:1400	Invalid overloading of fill in trait Array1: (Array[\T,ZZ32\], T)->Array[\T,ZZ32\] @ FortressLibrary.fsi:1400:5-35 and (Array[\T,ZZ32\], ZZ32->T)->Array[\T,ZZ32\] @ FortressLibrary.fsi:1399:5-38
overloading	fill|fill-crossed	overloading	FortressLibrary.fsi:1360,FortressLibrary.fsi:1432	Invalid overloading of fill in trait Array1: (ReadableArray[\T,ZZ32\], ZZ32->T)->ReadableArray[\T,ZZ32\] @ FortressLibrary.fsi:1360:5-46 and (StandardImmutableArrayType[\Array1[\T,b0,s0\],T,ZZ32\], T)->Array1[\T,b0,s0\] @ FortressLibrary.fsi:1432:5-15
overloading	fill|fill-crossed	overloading	FortressLibrary.fsi:1360,FortressLibrary.fsi:1361	Invalid overloading of fill in trait Array1: (ReadableArray[\T,ZZ32\], T)->ReadableArray[\T,ZZ32\] @ FortressLibrary.fsi:1361:5-44 and (ReadableArray[\T,ZZ32\], ZZ32->T)->ReadableArray[\T,ZZ32\] @ FortressLibrary.fsi:1360:5-46
overloading	fill|fill-crossed	overloading	FortressLibrary.fsi:1360,FortressLibrary.fsi:1400	Invalid overloading of fill in trait Array1: (Array[\T,ZZ32\], T)->Array[\T,ZZ32\] @ FortressLibrary.fsi:1400:5-35 and (ReadableArray[\T,ZZ32\], ZZ32->T)->ReadableArray[\T,ZZ32\] @ FortressLibrary.fsi:1360:5-46
overloading	fill|fill-crossed	overloading	FortressLibrary.fsi:1431,FortressLibrary.fsi:1432	Invalid overloading of fill in trait Array1: (StandardImmutableArrayType[\Array1[\T,b0,s0\],T,ZZ32\], T)->Array1[\T,b0,s0\] @ FortressLibrary.fsi:1432:5-15 and (StandardImmutableArrayType[\Array1[\T,b0,s0\],T,ZZ32\], ZZ32->T)->Array1[\T,b0,s0\] @ FortressLibrary.fsi:1431:5-18
overloading	fill|fill-same	overloading	FortressLibrary.fsi:1400,FortressLibrary.fsi:1432	Invalid overloading of fill in trait Array1: (Array[\T,ZZ32\], T)->Array[\T,ZZ32\] @ FortressLibrary.fsi:1400:5-35 and (StandardImmutableArrayType[\Array1[\T,b0,s0\],T,ZZ32\], T)->Array1[\T,b0,s0\] @ FortressLibrary.fsi:1432:5-15
overloading	fill|fill-crossed	overloading	FortressLibrary.fsi:1361,FortressLibrary.fsi:1431	Invalid overloading of fill in trait Array1: (ReadableArray[\T,ZZ32\], T)->ReadableArray[\T,ZZ32\] @ FortressLibrary.fsi:1361:5-44 and (StandardImmutableArrayType[\Array1[\T,b0,s0\],T,ZZ32\], ZZ32->T)->Array1[\T,b0,s0\] @ FortressLibrary.fsi:1431:5-18
overloading	fill|fill-crossed	overloading	FortressLibrary.fsi:1400,FortressLibrary.fsi:1431	Invalid overloading of fill in trait Array1: (Array[\T,ZZ32\], T)->Array[\T,ZZ32\] @ FortressLibrary.fsi:1400:5-35 and (StandardImmutableArrayType[\Array1[\T,b0,s0\],T,ZZ32\], ZZ32->T)->Array1[\T,b0,s0\] @ FortressLibrary.fsi:1431:5-18
overloading	fill|fill-crossed	overloading	FortressLibrary.fsi:1360,FortressLibrary.fsi:1432	Invalid overloading of fill in trait StandardImmutableArrayType: (ReadableArray[\E,I\], I->E)->ReadableArray[\E,I\] @ FortressLibrary.fsi:1360:5-46 and (StandardImmutableArrayType[\T,E,I\], E)->T @ FortressLibrary.fsi:1432:5-15
overloading	fill|fill-crossed	overloading	FortressLibrary.fsi:1360,FortressLibrary.fsi:1361	Invalid overloading of fill in trait StandardImmutableArrayType: (ReadableArray[\E,I\], E)->ReadableArray[\E,I\] @ FortressLibrary.fsi:1361:5-44 and (ReadableArray[\E,I\], I->E)->ReadableArray[\E,I\] @ FortressLibrary.fsi:1360:5-46
overloading	fill|fill-crossed	overloading	FortressLibrary.fsi:1431,FortressLibrary.fsi:1432	Invalid overloading of fill in trait StandardImmutableArrayType: (StandardImmutableArrayType[\T,E,I\], E)->T @ FortressLibrary.fsi:1432:5-15 and (StandardImmutableArrayType[\T,E,I\], I->E)->T @ FortressLibrary.fsi:1431:5-18
overloading	fill|fill-crossed	overloading	FortressLibrary.fsi:1361,FortressLibrary.fsi:1431	Invalid overloading of fill in trait StandardImmutableArrayType: (ReadableArray[\E,I\], E)->ReadableArray[\E,I\] @ FortressLibrary.fsi:1361:5-44 and (StandardImmutableArrayType[\T,E,I\], I->E)->T @ FortressLibrary.fsi:1431:5-18
overloading	fill|fill-crossed	overloading	FortressLibrary.fsi:1361,FortressLibrary.fsi:1431	Invalid overloading of fill in trait Array2: (ReadableArray[\T,(ZZ32, ZZ32)\], T)->ReadableArray[\T,(ZZ32, ZZ32)\] @ FortressLibrary.fsi:1361:5-44 and (StandardImmutableArrayType[\Array2[\T,b0,s0,b1,s1\],T,(ZZ32, ZZ32)\], (ZZ32, ZZ32)->T)->Array2[\T,b0,s0,b1,s1\] @ FortressLibrary.fsi:1431:5-18
overloading	fill|fill-crossed	overloading	FortressLibrary.fsi:1360,FortressLibrary.fsi:1361	Invalid overloading of fill in trait Array2: (ReadableArray[\T,(ZZ32, ZZ32)\], (ZZ32, ZZ32)->T)->ReadableArray[\T,(ZZ32, ZZ32)\] @ FortressLibrary.fsi:1360:5-46 and (ReadableArray[\T,(ZZ32, ZZ32)\], T)->ReadableArray[\T,(ZZ32, ZZ32)\] @ FortressLibrary.fsi:1361:5-44
overloading	fill|fill-crossed	overloading	FortressLibrary.fsi:1361,FortressLibrary.fsi:1399	Invalid overloading of fill in trait Array2: (Array[\T,(ZZ32, ZZ32)\], (ZZ32, ZZ32)->T)->Array[\T,(ZZ32, ZZ32)\] @ FortressLibrary.fsi:1399:5-38 and (ReadableArray[\T,(ZZ32, ZZ32)\], T)->ReadableArray[\T,(ZZ32, ZZ32)\] @ FortressLibrary.fsi:1361:5-44
overloading	fill|fill-crossed	overloading	FortressLibrary.fsi:1431,FortressLibrary.fsi:1432	Invalid overloading of fill in trait Array2: (StandardImmutableArrayType[\Array2[\T,b0,s0,b1,s1\],T,(ZZ32, ZZ32)\], (ZZ32, ZZ32)->T)->Array2[\T,b0,s0,b1,s1\] @ FortressLibrary.fsi:1431:5-18 and (StandardImmutableArrayType[\Array2[\T,b0,s0,b1,s1\],T,(ZZ32, ZZ32)\], T)->Array2[\T,b0,s0,b1,s1\] @ FortressLibrary.fsi:1432:5-15
overloading	fill|fill-same	overloading	FortressLibrary.fsi:1399,FortressLibrary.fsi:1431	Invalid overloading of fill in trait Array2: (Array[\T,(ZZ32, ZZ32)\], (ZZ32, ZZ32)->T)->Array[\T,(ZZ32, ZZ32)\] @ FortressLibrary.fsi:1399:5-38 and (StandardImmutableArrayType[\Array2[\T,b0,s0,b1,s1\],T,(ZZ32, ZZ32)\], (ZZ32, ZZ32)->T)->Array2[\T,b0,s0,b1,s1\] @ FortressLibrary.fsi:1431:5-18
overloading	fill|fill-crossed	overloading	FortressLibrary.fsi:1400,FortressLibrary.fsi:1431	Invalid overloading of fill in trait Array2: (Array[\T,(ZZ32, ZZ32)\], T)->Array[\T,(ZZ32, ZZ32)\] @ FortressLibrary.fsi:1400:5-35 and (StandardImmutableArrayType[\Array2[\T,b0,s0,b1,s1\],T,(ZZ32, ZZ32)\], (ZZ32, ZZ32)->T)->Array2[\T,b0,s0,b1,s1\] @ FortressLibrary.fsi:1431:5-18
overloading	fill|fill-crossed	overloading	FortressLibrary.fsi:1360,FortressLibrary.fsi:1432	Invalid overloading of fill in trait Array2: (ReadableArray[\T,(ZZ32, ZZ32)\], (ZZ32, ZZ32)->T)->ReadableArray[\T,(ZZ32, ZZ32)\] @ FortressLibrary.fsi:1360:5-46 and (StandardImmutableArrayType[\Array2[\T,b0,s0,b1,s1\],T,(ZZ32, ZZ32)\], T)->Array2[\T,b0,s0,b1,s1\] @ FortressLibrary.fsi:1432:5-15
overloading	fill|fill-crossed	overloading	FortressLibrary.fsi:1360,FortressLibrary.fsi:1400	Invalid overloading of fill in trait Array2: (Array[\T,(ZZ32, ZZ32)\], T)->Array[\T,(ZZ32, ZZ32)\] @ FortressLibrary.fsi:1400:5-35 and (ReadableArray[\T,(ZZ32, ZZ32)\], (ZZ32, ZZ32)->T)->ReadableArray[\T,(ZZ32, ZZ32)\] @ FortressLibrary.fsi:1360:5-46
overloading	fill|fill-crossed	overloading	FortressLibrary.fsi:1399,FortressLibrary.fsi:1432	Invalid overloading of fill in trait Array2: (Array[\T,(ZZ32, ZZ32)\], (ZZ32, ZZ32)->T)->Array[\T,(ZZ32, ZZ32)\] @ FortressLibrary.fsi:1399:5-38 and (StandardImmutableArrayType[\Array2[\T,b0,s0,b1,s1\],T,(ZZ32, ZZ32)\], T)->Array2[\T,b0,s0,b1,s1\] @ FortressLibrary.fsi:1432:5-15
overloading	fill|fill-same	overloading	FortressLibrary.fsi:1400,FortressLibrary.fsi:1432	Invalid overloading of fill in trait Array2: (Array[\T,(ZZ32, ZZ32)\], T)->Array[\T,(ZZ32, ZZ32)\] @ FortressLibrary.fsi:1400:5-35 and (StandardImmutableArrayType[\Array2[\T,b0,s0,b1,s1\],T,(ZZ32, ZZ32)\], T)->Array2[\T,b0,s0,b1,s1\] @ FortressLibrary.fsi:1432:5-15
overloading	fill|fill-crossed	overloading	FortressLibrary.fsi:1399,FortressLibrary.fsi:1400	Invalid overloading of fill in trait Array2: (Array[\T,(ZZ32, ZZ32)\], (ZZ32, ZZ32)->T)->Array[\T,(ZZ32, ZZ32)\] @ FortressLibrary.fsi:1399:5-38 and (Array[\T,(ZZ32, ZZ32)\], T)->Array[\T,(ZZ32, ZZ32)\] @ FortressLibrary.fsi:1400:5-35
overloading	lift|same-sparams	overloading	FortressLibrary.fsi:1792,FortressLibrary.fsi:1831	Invalid overloading of lift in trait AssociativeReduction: (ActualReduction[\R,AnyMaybe\], R)->AnyMaybe @ FortressLibrary.fsi:1792:5-25 and (AssociativeReduction[\R\], Any)->AnyMaybe @ FortressLibrary.fsi:1831:5-25
overloading	generate|same-sparams	overloading	FortressLibrary.fsi:686,FortressLibrary.fsi:851	Invalid overloading of generate in trait SomeReductionPair: [\G\](Condition[\SomeReductionPair[\R\]\], Reduction[\G\], SomeReductionPair[\R\]->G)->G @ FortressLibrary.fsi:851:5-52 and [\R\](Generator[\SomeReductionPair[\R\]\], Reduction[\R\], SomeReductionPair[\R\]->R)->R @ FortressLibrary.fsi:686:5-693:31
overloading	copy|same-sparams	overloading	FortressLibrary.fsi:1402,FortressLibrary.fsi:1433	Invalid overloading of copy in trait StandardMutableArrayType: Array[\E,I\]->Array[\E,I\] @ FortressLibrary.fsi:1402:5-32 and StandardImmutableArrayType[\T,E,I\]->T @ FortressLibrary.fsi:1433:5-1434:1
overloading	fill|fill-crossed	overloading	FortressLibrary.fsi:1400,FortressLibrary.fsi:1431	Invalid overloading of fill in trait StandardMutableArrayType: (Array[\E,I\], E)->Array[\E,I\] @ FortressLibrary.fsi:1400:5-35 and (StandardImmutableArrayType[\T,E,I\], I->E)->T @ FortressLibrary.fsi:1431:5-18
overloading	fill|fill-crossed	overloading	FortressLibrary.fsi:1399,FortressLibrary.fsi:1400	Invalid overloading of fill in trait StandardMutableArrayType: (Array[\E,I\], E)->Array[\E,I\] @ FortressLibrary.fsi:1400:5-35 and (Array[\E,I\], I->E)->Array[\E,I\] @ FortressLibrary.fsi:1399:5-38
overloading	fill|fill-same	overloading	FortressLibrary.fsi:1400,FortressLibrary.fsi:1432	Invalid overloading of fill in trait StandardMutableArrayType: (Array[\E,I\], E)->Array[\E,I\] @ FortressLibrary.fsi:1400:5-35 and (StandardImmutableArrayType[\T,E,I\], E)->T @ FortressLibrary.fsi:1432:5-15
overloading	fill|fill-crossed	overloading	FortressLibrary.fsi:1360,FortressLibrary.fsi:1400	Invalid overloading of fill in trait StandardMutableArrayType: (Array[\E,I\], E)->Array[\E,I\] @ FortressLibrary.fsi:1400:5-35 and (ReadableArray[\E,I\], I->E)->ReadableArray[\E,I\] @ FortressLibrary.fsi:1360:5-46
overloading	fill|fill-crossed	overloading	FortressLibrary.fsi:1361,FortressLibrary.fsi:1431	Invalid overloading of fill in trait StandardMutableArrayType: (ReadableArray[\E,I\], E)->ReadableArray[\E,I\] @ FortressLibrary.fsi:1361:5-44 and (StandardImmutableArrayType[\T,E,I\], I->E)->T @ FortressLibrary.fsi:1431:5-18
overloading	fill|fill-same	overloading	FortressLibrary.fsi:1399,FortressLibrary.fsi:1431	Invalid overloading of fill in trait StandardMutableArrayType: (Array[\E,I\], I->E)->Array[\E,I\] @ FortressLibrary.fsi:1399:5-38 and (StandardImmutableArrayType[\T,E,I\], I->E)->T @ FortressLibrary.fsi:1431:5-18
overloading	fill|fill-crossed	overloading	FortressLibrary.fsi:1431,FortressLibrary.fsi:1432	Invalid overloading of fill in trait StandardMutableArrayType: (StandardImmutableArrayType[\T,E,I\], E)->T @ FortressLibrary.fsi:1432:5-15 and (StandardImmutableArrayType[\T,E,I\], I->E)->T @ FortressLibrary.fsi:1431:5-18
overloading	fill|fill-crossed	overloading	FortressLibrary.fsi:1361,FortressLibrary.fsi:1399	Invalid overloading of fill in trait StandardMutableArrayType: (Array[\E,I\], I->E)->Array[\E,I\] @ FortressLibrary.fsi:1399:5-38 and (ReadableArray[\E,I\], E)->ReadableArray[\E,I\] @ FortressLibrary.fsi:1361:5-44
overloading	fill|fill-crossed	overloading	FortressLibrary.fsi:1360,FortressLibrary.fsi:1361	Invalid overloading of fill in trait StandardMutableArrayType: (ReadableArray[\E,I\], E)->ReadableArray[\E,I\] @ FortressLibrary.fsi:1361:5-44 and (ReadableArray[\E,I\], I->E)->ReadableArray[\E,I\] @ FortressLibrary.fsi:1360:5-46
overloading	fill|fill-crossed	overloading	FortressLibrary.fsi:1399,FortressLibrary.fsi:1432	Invalid overloading of fill in trait StandardMutableArrayType: (Array[\E,I\], I->E)->Array[\E,I\] @ FortressLibrary.fsi:1399:5-38 and (StandardImmutableArrayType[\T,E,I\], E)->T @ FortressLibrary.fsi:1432:5-15
overloading	fill|fill-crossed	overloading	FortressLibrary.fsi:1360,FortressLibrary.fsi:1432	Invalid overloading of fill in trait StandardMutableArrayType: (ReadableArray[\E,I\], I->E)->ReadableArray[\E,I\] @ FortressLibrary.fsi:1360:5-46 and (StandardImmutableArrayType[\T,E,I\], E)->T @ FortressLibrary.fsi:1432:5-15
overloading	lift|same-sparams	overloading	FortressLibrary.fsi:1792,FortressLibrary.fsi:1831	Invalid overloading of lift in trait NewlineReduction: (ActualReduction[\String,AnyMaybe\], String)->AnyMaybe @ FortressLibrary.fsi:1792:5-25 and (AssociativeReduction[\String\], Any)->AnyMaybe @ FortressLibrary.fsi:1831:5-25
overloading	lift|same-sparams	overloading	FortressLibrary.fsi:1792,FortressLibrary.fsi:1831	Invalid overloading of lift in trait CommutativeReduction: (ActualReduction[\R,AnyMaybe\], R)->AnyMaybe @ FortressLibrary.fsi:1792:5-25 and (AssociativeReduction[\R\], Any)->AnyMaybe @ FortressLibrary.fsi:1831:5-25
overloading	lift|same-sparams	overloading	FortressLibrary.fsi:1792,FortressLibrary.fsi:1831	Invalid overloading of lift in trait MinMaxReduction: (ActualReduction[\(T, T),AnyMaybe\], (T, T))->AnyMaybe @ FortressLibrary.fsi:1792:5-25 and (AssociativeReduction[\(T, T)\], Any)->AnyMaybe @ FortressLibrary.fsi:1831:5-25
overloading	fill|fill-crossed	overloading	FortressLibrary.fsi:1360,FortressLibrary.fsi:1361	Invalid overloading of fill in trait Array: (ReadableArray[\E,I\], E)->ReadableArray[\E,I\] @ FortressLibrary.fsi:1361:5-44 and (ReadableArray[\E,I\], I->E)->ReadableArray[\E,I\] @ FortressLibrary.fsi:1360:5-46
overloading	fill|fill-crossed	overloading	FortressLibrary.fsi:1360,FortressLibrary.fsi:1400	Invalid overloading of fill in trait Array: (Array[\E,I\], E)->Array[\E,I\] @ FortressLibrary.fsi:1400:5-35 and (ReadableArray[\E,I\], I->E)->ReadableArray[\E,I\] @ FortressLibrary.fsi:1360:5-46
overloading	fill|fill-crossed	overloading	FortressLibrary.fsi:1361,FortressLibrary.fsi:1399	Invalid overloading of fill in trait Array: (Array[\E,I\], I->E)->Array[\E,I\] @ FortressLibrary.fsi:1399:5-38 and (ReadableArray[\E,I\], E)->ReadableArray[\E,I\] @ FortressLibrary.fsi:1361:5-44
overloading	fill|fill-crossed	overloading	FortressLibrary.fsi:1399,FortressLibrary.fsi:1400	Invalid overloading of fill in trait Array: (Array[\E,I\], E)->Array[\E,I\] @ FortressLibrary.fsi:1400:5-35 and (Array[\E,I\], I->E)->Array[\E,I\] @ FortressLibrary.fsi:1399:5-38
overloading	fill|fill-crossed	overloading	FortressLibrary.fsi:1360,FortressLibrary.fsi:1361	Invalid overloading of fill in trait ReadableArray1: (ReadableArray[\T,ZZ32\], T)->ReadableArray[\T,ZZ32\] @ FortressLibrary.fsi:1361:5-44 and (ReadableArray[\T,ZZ32\], ZZ32->T)->ReadableArray[\T,ZZ32\] @ FortressLibrary.fsi:1360:5-46
overloading	lift|same-sparams	overloading	FortressLibrary.fsi:1792,FortressLibrary.fsi:1831	Invalid overloading of lift in trait MaxReduction: (ActualReduction[\T,AnyMaybe\], T)->AnyMaybe @ FortressLibrary.fsi:1792:5-25 and (AssociativeReduction[\T\], Any)->AnyMaybe @ FortressLibrary.fsi:1831:5-25
overloading	generate|same-sparams	overloading	FortressLibrary.fsi:686,FortressLibrary.fsi:851	Invalid overloading of generate in trait PossibleReductionPair: [\G\](Condition[\SomeReductionPair[\R\]\], Reduction[\G\], SomeReductionPair[\R\]->G)->G @ FortressLibrary.fsi:851:5-52 and [\R\](Generator[\SomeReductionPair[\R\]\], Reduction[\R\], SomeReductionPair[\R\]->R)->R @ FortressLibrary.fsi:686:5-693:31
overloading	generate|same-sparams	overloading	FortressLibrary.fsi:686,FortressLibrary.fsi:851	Invalid overloading of generate in trait NoReductionPair: [\G\](Condition[\SomeReductionPair[\R\]\], Reduction[\G\], SomeReductionPair[\R\]->G)->G @ FortressLibrary.fsi:851:5-52 and [\R\](Generator[\SomeReductionPair[\R\]\], Reduction[\R\], SomeReductionPair[\R\]->R)->R @ FortressLibrary.fsi:686:5-693:31
overloading	ivmap|same-sparams	overloading	FortressLibrary.fsi:1239,FortressLibrary.fsi:853	Invalid overloading of ivmap in trait Just: [\G\](Condition[\T\], (ZZ32, T)->G)->Generator[\G\] @ FortressLibrary.fsi:853:5-46 and [\R\](Indexed[\T,ZZ32\], (ZZ32, T)->R)->Indexed[\R,ZZ32\] @ FortressLibrary.fsi:1239:5-43
overloading	CAP|sentence	overloading	RangeInternals.fsi:237,RangeInternals.fsi:63	Invalid overloading of CAP in API RangeInternals: [\I extends Integral[\I\], J extends Integral[\J\]\](RangeInternals.Range2D[\I,J\], Range[\(I, J)\])->Range[\(I, J)\] @ RangeInternals.fsi:63:5-58 and [\I extends Integral[\I\]\](RangeInternals.BoundedScalarRange[\I\], RangeInternals.ScalarRange[\I\])->RangeInternals.BoundedScalarRange[\I\] @ RangeInternals.fsi:237:5-238:5
overloading	CAP|sentence	overloading	RangeInternals.fsi:237,RangeInternals.fsi:64	Invalid overloading of CAP in API RangeInternals: [\I extends Integral[\I\], J extends Integral[\J\]\](RangeInternals.Range2D[\I,J\], RangeInternals.Range2D[\I,J\])->Range[\(I, J)\] @ RangeInternals.fsi:64:5-58 and [\I extends Integral[\I\]\](RangeInternals.BoundedScalarRange[\I\], RangeInternals.ScalarRange[\I\])->RangeInternals.BoundedScalarRange[\I\] @ RangeInternals.fsi:237:5-238:5
overloading	CAP|sentence	overloading	RangeInternals.fsi:237,RangeInternals.fsi:99	Invalid overloading of CAP in API RangeInternals: [\I extends Integral[\I\], J extends Integral[\J\], K extends Integral[\K\]\](RangeInternals.Range3D[\I,J,K\], RangeInternals.Range3D[\I,J,K\])->Range[\(I, J, K)\] @ RangeInternals.fsi:99:5-64 and [\I extends Integral[\I\]\](RangeInternals.BoundedScalarRange[\I\], RangeInternals.ScalarRange[\I\])->RangeInternals.BoundedScalarRange[\I\] @ RangeInternals.fsi:237:5-238:5
overloading	CAP|sentence	overloading	RangeInternals.fsi:237,RangeInternals.fsi:98	Invalid overloading of CAP in API RangeInternals: [\I extends Integral[\I\], J extends Integral[\J\], K extends Integral[\K\]\](RangeInternals.Range3D[\I,J,K\], Range[\(I, J, K)\])->Range[\(I, J, K)\] @ RangeInternals.fsi:98:5-64 and [\I extends Integral[\I\]\](RangeInternals.BoundedScalarRange[\I\], RangeInternals.ScalarRange[\I\])->RangeInternals.BoundedScalarRange[\I\] @ RangeInternals.fsi:237:5-238:5
overloading	CAP|sentence	overloading	RangeInternals.fsi:63,RangeInternals.fsi:99	Invalid overloading of CAP in API RangeInternals: [\I extends Integral[\I\], J extends Integral[\J\], K extends Integral[\K\]\](RangeInternals.Range3D[\I,J,K\], RangeInternals.Range3D[\I,J,K\])->Range[\(I, J, K)\] @ RangeInternals.fsi:99:5-64 and [\I extends Integral[\I\], J extends Integral[\J\]\](RangeInternals.Range2D[\I,J\], Range[\(I, J)\])->Range[\(I, J)\] @ RangeInternals.fsi:63:5-58
overloading	CAP|sentence	overloading	RangeInternals.fsi:63,RangeInternals.fsi:98	Invalid overloading of CAP in API RangeInternals: [\I extends Integral[\I\], J extends Integral[\J\], K extends Integral[\K\]\](RangeInternals.Range3D[\I,J,K\], Range[\(I, J, K)\])->Range[\(I, J, K)\] @ RangeInternals.fsi:98:5-64 and [\I extends Integral[\I\], J extends Integral[\J\]\](RangeInternals.Range2D[\I,J\], Range[\(I, J)\])->Range[\(I, J)\] @ RangeInternals.fsi:63:5-58
overloading	CAP|sentence	overloading	RangeInternals.fsi:46,RangeInternals.fsi:63	Invalid overloading of CAP in API RangeInternals: [\I extends Integral[\I\], J extends Integral[\J\]\](RangeInternals.Range2D[\I,J\], Range[\(I, J)\])->Range[\(I, J)\] @ RangeInternals.fsi:63:5-58 and [\I extends Integral[\I\]\](RangeInternals.ScalarRange[\I\], Range[\I\])->Range[\I\] @ RangeInternals.fsi:46:5-47:5
overloading	CAP|sentence	overloading	RangeInternals.fsi:64,RangeInternals.fsi:99	Invalid overloading of CAP in API RangeInternals: [\I extends Integral[\I\], J extends Integral[\J\], K extends Integral[\K\]\](RangeInternals.Range3D[\I,J,K\], RangeInternals.Range3D[\I,J,K\])->Range[\(I, J, K)\] @ RangeInternals.fsi:99:5-64 and [\I extends Integral[\I\], J extends Integral[\J\]\](RangeInternals.Range2D[\I,J\], RangeInternals.Range2D[\I,J\])->Range[\(I, J)\] @ RangeInternals.fsi:64:5-58
overloading	CAP|sentence	overloading	RangeInternals.fsi:64,RangeInternals.fsi:98	Invalid overloading of CAP in API RangeInternals: [\I extends Integral[\I\], J extends Integral[\J\], K extends Integral[\K\]\](RangeInternals.Range3D[\I,J,K\], Range[\(I, J, K)\])->Range[\(I, J, K)\] @ RangeInternals.fsi:98:5-64 and [\I extends Integral[\I\], J extends Integral[\J\]\](RangeInternals.Range2D[\I,J\], RangeInternals.Range2D[\I,J\])->Range[\(I, J)\] @ RangeInternals.fsi:64:5-58
overloading	CAP|sentence	overloading	RangeInternals.fsi:46,RangeInternals.fsi:64	Invalid overloading of CAP in API RangeInternals: [\I extends Integral[\I\], J extends Integral[\J\]\](RangeInternals.Range2D[\I,J\], RangeInternals.Range2D[\I,J\])->Range[\(I, J)\] @ RangeInternals.fsi:64:5-58 and [\I extends Integral[\I\]\](RangeInternals.ScalarRange[\I\], Range[\I\])->Range[\I\] @ RangeInternals.fsi:46:5-47:5
overloading	CAP|sentence	overloading	RangeInternals.fsi:46,RangeInternals.fsi:99	Invalid overloading of CAP in API RangeInternals: [\I extends Integral[\I\], J extends Integral[\J\], K extends Integral[\K\]\](RangeInternals.Range3D[\I,J,K\], RangeInternals.Range3D[\I,J,K\])->Range[\(I, J, K)\] @ RangeInternals.fsi:99:5-64 and [\I extends Integral[\I\]\](RangeInternals.ScalarRange[\I\], Range[\I\])->Range[\I\] @ RangeInternals.fsi:46:5-47:5
overloading	CAP|sentence	overloading	RangeInternals.fsi:46,RangeInternals.fsi:98	Invalid overloading of CAP in API RangeInternals: [\I extends Integral[\I\], J extends Integral[\J\], K extends Integral[\K\]\](RangeInternals.Range3D[\I,J,K\], Range[\(I, J, K)\])->Range[\(I, J, K)\] @ RangeInternals.fsi:98:5-64 and [\I extends Integral[\I\]\](RangeInternals.ScalarRange[\I\], Range[\I\])->Range[\I\] @ RangeInternals.fsi:46:5-47:5
overloading	openRangeHelper|sentence	overloading	RangeInternals.fsi:614,RangeInternals.fsi:616	Invalid overloading of openRangeHelper in API RangeInternals: [\I extends Integral[\I\], J extends Integral[\J\], K extends Integral[\K\]\]()->(I, J, K)->RangeInternals.OpenRange3D[\I,J,K\] @ RangeInternals.fsi:616:1-135 and [\I extends Integral[\I\], J extends Integral[\J\]\]()->(I, J)->RangeInternals.OpenRange2D[\I,J\] @ RangeInternals.fsi:614:1-104
overloading	openRangeHelper|sentence	overloading	RangeInternals.fsi:612,RangeInternals.fsi:616	Invalid overloading of openRangeHelper in API RangeInternals: [\I extends Integral[\I\], J extends Integral[\J\], K extends Integral[\K\]\]()->(I, J, K)->RangeInternals.OpenRange3D[\I,J,K\] @ RangeInternals.fsi:616:1-135 and [\I extends Integral[\I\]\]()->I->RangeInternals.OpenScalarRange[\I\] @ RangeInternals.fsi:612:1-75
overloading	openRangeHelper|sentence	overloading	RangeInternals.fsi:612,RangeInternals.fsi:614	Invalid overloading of openRangeHelper in API RangeInternals: [\I extends Integral[\I\], J extends Integral[\J\]\]()->(I, J)->RangeInternals.OpenRange2D[\I,J\] @ RangeInternals.fsi:614:1-104 and [\I extends Integral[\I\]\]()->I->RangeInternals.OpenScalarRange[\I\] @ RangeInternals.fsi:612:1-75
overloading	IN|same-sparams	overloading	RangeInternals.fsi:429,RangeInternals.fsi:505	Invalid overloading of IN in API RangeInternals: [\I extends Integral[\I\]\](I, RangeInternals.CompactFullScalarRange[\I\])->Boolean @ RangeInternals.fsi:429:5-430:5 and [\I extends Integral[\I\]\](I, RangeInternals.StridedFullScalarRange[\I\])->Boolean @ RangeInternals.fsi:505:5-506:5
return-type	atMost	overloading	FortressLibrary.fsi:2149,RangeInternals.fsi:259	For atMost, the return type of (RangeInternals.LeftScalarRange[\I\], I)->RangeInternals.ScalarRange[\I\] @ RangeInternals.fsi:259:5-34 should be a subtype of the return type of (BoundedRange[\I\], I)->FullRange[\I\] @ FortressLibrary.fsi:2149:5-32
return-type	every	overloading	FortressLibrary.fsi:2148,RangeInternals.fsi:257	For every, the return type of (RangeInternals.LeftScalarRange[\I\], I)->RangeInternals.ScalarRange[\I\] @ RangeInternals.fsi:257:5-258:4 should be a subtype of the return type of (BoundedRange[\I\], I)->BoundedRange[\I\] @ FortressLibrary.fsi:2148:5-34
return-type	atMost	overloading	FortressLibrary.fsi:2149,RangeInternals.fsi:319	For atMost, the return type of (RangeInternals.RightScalarRange[\I\], I)->RangeInternals.ScalarRange[\I\] @ RangeInternals.fsi:319:5-34 should be a subtype of the return type of (BoundedRange[\I\], I)->FullRange[\I\] @ FortressLibrary.fsi:2149:5-32
overloading	map|same-sparams	overloading	FortressLibrary.fsi:1240,FortressLibrary.fsi:825	Invalid overloading of map in trait StridedFullSeqScalarRange: [\G\](SequentialGenerator[\I\], I->G)->SequentialGenerator[\G\] @ FortressLibrary.fsi:825:5-47 and [\R\](Indexed[\I,I\], I->R)->Indexed[\R,I\] @ FortressLibrary.fsi:1240:5-1245:5
overloading	map|same-sparams	overloading	FortressLibrary.fsi:1240,FortressLibrary.fsi:825	Invalid overloading of map in trait CompactFullSeqScalarRange: [\G\](SequentialGenerator[\I\], I->G)->SequentialGenerator[\G\] @ FortressLibrary.fsi:825:5-47 and [\R\](Indexed[\I,I\], I->R)->Indexed[\R,I\] @ FortressLibrary.fsi:1240:5-1245:5
overloading	fill|fill-crossed	overloading	FortressLibrary.fsi:1400,FortressLibrary.fsi:1431	Invalid overloading of fill in trait PrimitiveArray: (Array[\T,ZZ32\], T)->Array[\T,ZZ32\] @ FortressLibrary.fsi:1400:5-35 and (StandardImmutableArrayType[\Array1[\T,0,s0\],T,ZZ32\], ZZ32->T)->Array1[\T,0,s0\] @ FortressLibrary.fsi:1431:5-18
overloading	fill|fill-crossed	overloading	FortressLibrary.fsi:1360,FortressLibrary.fsi:1400	Invalid overloading of fill in trait PrimitiveArray: (Array[\T,ZZ32\], T)->Array[\T,ZZ32\] @ FortressLibrary.fsi:1400:5-35 and (ReadableArray[\T,ZZ32\], ZZ32->T)->ReadableArray[\T,ZZ32\] @ FortressLibrary.fsi:1360:5-46
overloading	fill|fill-crossed	overloading	FortressLibrary.fsi:1399,FortressLibrary.fsi:1400	Invalid overloading of fill in trait PrimitiveArray: (Array[\T,ZZ32\], T)->Array[\T,ZZ32\] @ FortressLibrary.fsi:1400:5-35 and (Array[\T,ZZ32\], ZZ32->T)->Array[\T,ZZ32\] @ FortressLibrary.fsi:1399:5-38
overloading	fill|fill-same	overloading	FortressLibrary.fsi:1400,FortressLibrary.fsi:1432	Invalid overloading of fill in trait PrimitiveArray: (Array[\T,ZZ32\], T)->Array[\T,ZZ32\] @ FortressLibrary.fsi:1400:5-35 and (StandardImmutableArrayType[\Array1[\T,0,s0\],T,ZZ32\], T)->Array1[\T,0,s0\] @ FortressLibrary.fsi:1432:5-15
overloading	fill|fill-crossed	overloading	FortressLibrary.fsi:1361,FortressLibrary.fsi:1431	Invalid overloading of fill in trait PrimitiveArray: (ReadableArray[\T,ZZ32\], T)->ReadableArray[\T,ZZ32\] @ FortressLibrary.fsi:1361:5-44 and (StandardImmutableArrayType[\Array1[\T,0,s0\],T,ZZ32\], ZZ32->T)->Array1[\T,0,s0\] @ FortressLibrary.fsi:1431:5-18
overloading	fill|fill-crossed	overloading	FortressLibrary.fsi:1360,FortressLibrary.fsi:1361	Invalid overloading of fill in trait PrimitiveArray: (ReadableArray[\T,ZZ32\], T)->ReadableArray[\T,ZZ32\] @ FortressLibrary.fsi:1361:5-44 and (ReadableArray[\T,ZZ32\], ZZ32->T)->ReadableArray[\T,ZZ32\] @ FortressLibrary.fsi:1360:5-46
overloading	fill|fill-crossed	overloading	FortressLibrary.fsi:1361,FortressLibrary.fsi:1399	Invalid overloading of fill in trait PrimitiveArray: (Array[\T,ZZ32\], ZZ32->T)->Array[\T,ZZ32\] @ FortressLibrary.fsi:1399:5-38 and (ReadableArray[\T,ZZ32\], T)->ReadableArray[\T,ZZ32\] @ FortressLibrary.fsi:1361:5-44
overloading	fill|fill-same	overloading	FortressLibrary.fsi:1399,FortressLibrary.fsi:1431	Invalid overloading of fill in trait PrimitiveArray: (Array[\T,ZZ32\], ZZ32->T)->Array[\T,ZZ32\] @ FortressLibrary.fsi:1399:5-38 and (StandardImmutableArrayType[\Array1[\T,0,s0\],T,ZZ32\], ZZ32->T)->Array1[\T,0,s0\] @ FortressLibrary.fsi:1431:5-18
overloading	fill|fill-crossed	overloading	FortressLibrary.fsi:1431,FortressLibrary.fsi:1432	Invalid overloading of fill in trait PrimitiveArray: (StandardImmutableArrayType[\Array1[\T,0,s0\],T,ZZ32\], T)->Array1[\T,0,s0\] @ FortressLibrary.fsi:1432:5-15 and (StandardImmutableArrayType[\Array1[\T,0,s0\],T,ZZ32\], ZZ32->T)->Array1[\T,0,s0\] @ FortressLibrary.fsi:1431:5-18
overloading	fill|fill-crossed	overloading	FortressLibrary.fsi:1360,FortressLibrary.fsi:1432	Invalid overloading of fill in trait PrimitiveArray: (ReadableArray[\T,ZZ32\], ZZ32->T)->ReadableArray[\T,ZZ32\] @ FortressLibrary.fsi:1360:5-46 and (StandardImmutableArrayType[\Array1[\T,0,s0\],T,ZZ32\], T)->Array1[\T,0,s0\] @ FortressLibrary.fsi:1432:5-15
overloading	fill|fill-crossed	overloading	FortressLibrary.fsi:1399,FortressLibrary.fsi:1432	Invalid overloading of fill in trait PrimitiveArray: (Array[\T,ZZ32\], ZZ32->T)->Array[\T,ZZ32\] @ FortressLibrary.fsi:1399:5-38 and (StandardImmutableArrayType[\Array1[\T,0,s0\],T,ZZ32\], T)->Array1[\T,0,s0\] @ FortressLibrary.fsi:1432:5-15
overloading	fill|fill-crossed	overloading	FortressLibrary.fsi:1360,FortressLibrary.fsi:1361	Invalid overloading of fill in trait PrimImmutableArray: (ReadableArray[\T,ZZ32\], T)->ReadableArray[\T,ZZ32\] @ FortressLibrary.fsi:1361:5-44 and (ReadableArray[\T,ZZ32\], ZZ32->T)->ReadableArray[\T,ZZ32\] @ FortressLibrary.fsi:1360:5-46
overloading	fill|fill-crossed	overloading	FortressLibrary.fsi:1360,FortressLibrary.fsi:1380	Invalid overloading of fill in trait PrimImmutableArray: (ImmutableArray[\T,ZZ32\], T)->ImmutableArray[\T,ZZ32\] @ FortressLibrary.fsi:1380:5-44 and (ReadableArray[\T,ZZ32\], ZZ32->T)->ReadableArray[\T,ZZ32\] @ FortressLibrary.fsi:1360:5-46
overloading	fill|fill-crossed	overloading	FortressLibrary.fsi:1360,FortressLibrary.fsi:1432	Invalid overloading of fill in trait PrimImmutableArray: (ReadableArray[\T,ZZ32\], ZZ32->T)->ReadableArray[\T,ZZ32\] @ FortressLibrary.fsi:1360:5-46 and (StandardImmutableArrayType[\ImmutableArray1[\T,0,s0\],T,ZZ32\], T)->ImmutableArray1[\T,0,s0\] @ FortressLibrary.fsi:1432:5-15
overloading	fill|fill-crossed	overloading	FortressLibrary.fsi:1361,FortressLibrary.fsi:1379	Invalid overloading of fill in trait PrimImmutableArray: (ImmutableArray[\T,ZZ32\], ZZ32->T)->ImmutableArray[\T,ZZ32\] @ FortressLibrary.fsi:1379:5-47 and (ReadableArray[\T,ZZ32\], T)->ReadableArray[\T,ZZ32\] @ FortressLibrary.fsi:1361:5-44
overloading	fill|fill-crossed	overloading	FortressLibrary.fsi:1379,FortressLibrary.fsi:1380	Invalid overloading of fill in trait PrimImmutableArray: (ImmutableArray[\T,ZZ32\], T)->ImmutableArray[\T,ZZ32\] @ FortressLibrary.fsi:1380:5-44 and (ImmutableArray[\T,ZZ32\], ZZ32->T)->ImmutableArray[\T,ZZ32\] @ FortressLibrary.fsi:1379:5-47
overloading	fill|fill-crossed	overloading	FortressLibrary.fsi:1379,FortressLibrary.fsi:1432	Invalid overloading of fill in trait PrimImmutableArray: (ImmutableArray[\T,ZZ32\], ZZ32->T)->ImmutableArray[\T,ZZ32\] @ FortressLibrary.fsi:1379:5-47 and (StandardImmutableArrayType[\ImmutableArray1[\T,0,s0\],T,ZZ32\], T)->ImmutableArray1[\T,0,s0\] @ FortressLibrary.fsi:1432:5-15
overloading	fill|fill-same	overloading	FortressLibrary.fsi:1379,FortressLibrary.fsi:1431	Invalid overloading of fill in trait PrimImmutableArray: (ImmutableArray[\T,ZZ32\], ZZ32->T)->ImmutableArray[\T,ZZ32\] @ FortressLibrary.fsi:1379:5-47 and (StandardImmutableArrayType[\ImmutableArray1[\T,0,s0\],T,ZZ32\], ZZ32->T)->ImmutableArray1[\T,0,s0\] @ FortressLibrary.fsi:1431:5-18
overloading	fill|fill-crossed	overloading	FortressLibrary.fsi:1361,FortressLibrary.fsi:1431	Invalid overloading of fill in trait PrimImmutableArray: (ReadableArray[\T,ZZ32\], T)->ReadableArray[\T,ZZ32\] @ FortressLibrary.fsi:1361:5-44 and (StandardImmutableArrayType[\ImmutableArray1[\T,0,s0\],T,ZZ32\], ZZ32->T)->ImmutableArray1[\T,0,s0\] @ FortressLibrary.fsi:1431:5-18
overloading	fill|fill-same	overloading	FortressLibrary.fsi:1380,FortressLibrary.fsi:1432	Invalid overloading of fill in trait PrimImmutableArray: (ImmutableArray[\T,ZZ32\], T)->ImmutableArray[\T,ZZ32\] @ FortressLibrary.fsi:1380:5-44 and (StandardImmutableArrayType[\ImmutableArray1[\T,0,s0\],T,ZZ32\], T)->ImmutableArray1[\T,0,s0\] @ FortressLibrary.fsi:1432:5-15
overloading	fill|fill-crossed	overloading	FortressLibrary.fsi:1380,FortressLibrary.fsi:1431	Invalid overloading of fill in trait PrimImmutableArray: (ImmutableArray[\T,ZZ32\], T)->ImmutableArray[\T,ZZ32\] @ FortressLibrary.fsi:1380:5-44 and (StandardImmutableArrayType[\ImmutableArray1[\T,0,s0\],T,ZZ32\], ZZ32->T)->ImmutableArray1[\T,0,s0\] @ FortressLibrary.fsi:1431:5-18
overloading	fill|fill-crossed	overloading	FortressLibrary.fsi:1431,FortressLibrary.fsi:1432	Invalid overloading of fill in trait PrimImmutableArray: (StandardImmutableArrayType[\ImmutableArray1[\T,0,s0\],T,ZZ32\], T)->ImmutableArray1[\T,0,s0\] @ FortressLibrary.fsi:1432:5-15 and (StandardImmutableArrayType[\ImmutableArray1[\T,0,s0\],T,ZZ32\], ZZ32->T)->ImmutableArray1[\T,0,s0\] @ FortressLibrary.fsi:1431:5-18
exclusion	-	acyclic	FortressLibrary.fss:1394	Types Equality[\AnyMaybe\] and AnyUniqueItem exclude each other. AnyMaybe must not extend them.
exclusion	-	acyclic	FortressLibrary.fss:1394	Type AnyMaybe excludes FortressLibrary.Equality but it extends FortressLibrary.Equality.
exclusion	-	acyclic	FortressLibrary.fss:1394	Types AnyUniqueItem and Equality[\AnyMaybe\] exclude each other. AnyMaybe must not extend them.
exclusion	-	acyclic	FortressLibrary.fss:1394	Type AnyMaybe excludes FortressLibrary.AnyUniqueItem but it extends FortressLibrary.AnyUniqueItem.
exclusion	-	acyclic	FortressLibrary.fss:4533	Type ConcreteRelationalPredicateCondition[\E\] excludes FortressLibrary.RelationalPredicateCondition but it extends FortressLibrary.RelationalPredicateCondition.
comprises	-	acyclic	FortressLibrary.fss:644	Invalid comprises clause: FortressLibrary.AnyIntegral has a comprises clause but its immediate subtype Integral is not eligible to extend it.
exclusion	-	acyclic	FortressLibrary.fss:198	Type EqualTo excludes FortressLibrary.TotalComparison but it extends FortressLibrary.TotalComparison.
exclusion	-	acyclic	FortressLibrary.fss:4543	Type AndRelationalPredicateCondition[\E\] excludes FortressLibrary.RelationalPredicateCondition but it extends FortressLibrary.RelationalPredicateCondition.
exclusion	-	acyclic	FortressLibrary.fss:187	Type GreaterThan excludes FortressLibrary.TotalComparison but it extends FortressLibrary.TotalComparison.
exclusion	-	acyclic	FortressLibrary.fss:1409	Types AnyMaybe and UniqueItem[\T\] exclude each other. Maybe must not extend them.
exclusion	-	acyclic	FortressLibrary.fss:1409	Type Maybe[\T\] excludes FortressLibrary.AnyMaybe but it extends FortressLibrary.AnyMaybe.
exclusion	-	acyclic	FortressLibrary.fss:1409	Types UniqueItem[\T\] and AnyMaybe exclude each other. Maybe must not extend them.
exclusion	-	acyclic	FortressLibrary.fss:1409	Type Maybe[\T\] excludes FortressLibrary.UniqueItem but it extends FortressLibrary.UniqueItem.
exclusion	-	acyclic	FortressLibrary.fss:1444	Type Nothing[\T\] excludes FortressLibrary.Maybe but it extends FortressLibrary.Maybe.
exclusion	-	acyclic	FortressLibrary.fss:175	Type LessThan excludes FortressLibrary.TotalComparison but it extends FortressLibrary.TotalComparison.
exclusion	-	acyclic	FortressLibrary.fss:159	Types Comparison and StandardTotalOrder[\TotalComparison\] exclude each other. TotalComparison must not extend them.
exclusion	-	acyclic	FortressLibrary.fss:159	Type TotalComparison excludes FortressLibrary.Comparison but it extends FortressLibrary.Comparison.
exclusion	-	acyclic	FortressLibrary.fss:159	Types StandardTotalOrder[\TotalComparison\] and Comparison exclude each other. TotalComparison must not extend them.
exclusion	-	acyclic	FortressLibrary.fss:159	Type TotalComparison excludes FortressLibrary.StandardTotalOrder but it extends FortressLibrary.StandardTotalOrder.
exclusion	-	acyclic	FortressLibrary.fss:4516	Type RelationalPredicateCondition[\E\] excludes FortressLibrary.Condition but it extends FortressLibrary.Condition.
exclusion	-	acyclic	FortressLibrary.fss:1414	Type Just[\T\] excludes FortressLibrary.Maybe but it extends FortressLibrary.Maybe.
wellformed	-	wellformed1+wellformed2	FortressLibrary.fss:2306	Ill-formed type: Vector[\T,s0\] The static argument T does not satisfy the corresponding bound Number.
wellformed	-	wellformed1+wellformed2	FortressLibrary.fss:2519	Ill-formed type: NativeArray.PrimitiveArray[\T,s0 s1\] Arithmetic on nat static arguments is not supported by the type checker; use a nat parameter or a literal.
wellformed	-	wellformed1+wellformed2	FortressLibrary.fss:2519	Ill-formed static argument: s0 s1 Arithmetic on nat static arguments is not supported by the type checker; use a nat parameter or a literal.
wellformed	-	wellformed1+wellformed2	FortressLibrary.fss:2666	Ill-formed type: Matrix[\T,s0,s1\] The static argument T does not satisfy the corresponding bound Number.
wellformed	-	wellformed1+wellformed2	FortressLibrary.fss:2667	Ill-formed type: NativeArray.PrimitiveArray[\T,s0 s1\] Arithmetic on nat static arguments is not supported by the type checker; use a nat parameter or a literal.
wellformed	-	wellformed1+wellformed2	FortressLibrary.fss:2667	Ill-formed static argument: s0 s1 Arithmetic on nat static arguments is not supported by the type checker; use a nat parameter or a literal.
wellformed	-	wellformed1+wellformed2	FortressLibrary.fss:2674	Ill-formed type: Matrix[\T,s0,s1\] The static argument T does not satisfy the corresponding bound Number.
wellformed	-	wellformed1+wellformed2	FortressLibrary.fss:2673	Ill-formed type: Matrix[\T,s1,s0\] The static argument T does not satisfy the corresponding bound Number.
wellformed	-	wellformed1+wellformed2	FortressLibrary.fss:2680	Ill-formed type: Matrix[\T,s1,s0\] The static argument T does not satisfy the corresponding bound Number.
wellformed	-	wellformed1+wellformed2	FortressLibrary.fss:2681	Ill-formed type: Matrix[\T,s0,s1\] The static argument T does not satisfy the corresponding bound Number.
wellformed	-	wellformed1+wellformed2	FortressLibrary.fss:2682	Ill-formed type: Matrix[\T,s0,s1\] The static argument T does not satisfy the corresponding bound Number.
wellformed	-	wellformed1+wellformed2	FortressLibrary.fss:2683	Ill-formed type: Matrix[\T,s0,s1\] The static argument T does not satisfy the corresponding bound Number.
wellformed	-	wellformed1+wellformed2	FortressLibrary.fss:2684	Ill-formed type: Matrix[\T,s0,s1\] The static argument T does not satisfy the corresponding bound Number.
wellformed	-	wellformed1+wellformed2	FortressLibrary.fss:2685	Ill-formed type: Vector[\T,s1\] The static argument T does not satisfy the corresponding bound Number.
wellformed	-	wellformed1+wellformed2	FortressLibrary.fss:2685	Ill-formed type: Vector[\T,s0\] The static argument T does not satisfy the corresponding bound Number.
wellformed	-	wellformed1+wellformed2	FortressLibrary.fss:2686	Ill-formed type: Vector[\T,s0\] The static argument T does not satisfy the corresponding bound Number.
wellformed	-	wellformed1+wellformed2	FortressLibrary.fss:2686	Ill-formed type: Vector[\T,s1\] The static argument T does not satisfy the corresponding bound Number.
wellformed	-	wellformed1+wellformed2	FortressLibrary.fss:2890	Ill-formed type: NativeArray.PrimitiveArray[\T,s0 s1 s2\] Arithmetic on nat static arguments is not supported by the type checker; use a nat parameter or a literal.
wellformed	-	wellformed1+wellformed2	FortressLibrary.fss:2890	Ill-formed static argument: s0 s1 s2 Arithmetic on nat static arguments is not supported by the type checker; use a nat parameter or a literal.
wellformed	-	wellformed1+wellformed2	FortressLibrary.fss:3154	Ill-formed type: MaxReduction[\T\] The static argument T does not satisfy the corresponding bound StandardMax[\T\].
wellformed	-	wellformed1+wellformed2	FortressLibrary.fss:3156	Ill-formed type: MinReduction[\T\] The static argument T does not satisfy the corresponding bound StandardMin[\T\].
wellformed	-	wellformed1+wellformed2	FortressLibrary.fss:3888	Ill-formed type: RangeInternals.CompactFullParScalarRange[\I\] The static argument I does not satisfy the corresponding bound Integral[\I\].
wellformed	-	wellformed1+wellformed2	FortressLibrary.fss:3890	Ill-formed type: RangeInternals.CompactFullRange2D[\I,J\] The static argument I does not satisfy the corresponding bound Integral[\I\].
wellformed	-	wellformed1+wellformed2	FortressLibrary.fss:3890	Ill-formed type: RangeInternals.CompactFullRange2D[\I,J\] The static argument J does not satisfy the corresponding bound Integral[\J\].
wellformed	-	wellformed1+wellformed2	FortressLibrary.fss:3893	Ill-formed type: RangeInternals.CompactFullRange3D[\I,J,K\] The static argument I does not satisfy the corresponding bound Integral[\I\].
wellformed	-	wellformed1+wellformed2	FortressLibrary.fss:3893	Ill-formed type: RangeInternals.CompactFullRange3D[\I,J,K\] The static argument J does not satisfy the corresponding bound Integral[\J\].
wellformed	-	wellformed1+wellformed2	FortressLibrary.fss:3893	Ill-formed type: RangeInternals.CompactFullRange3D[\I,J,K\] The static argument K does not satisfy the corresponding bound Integral[\K\].
wellformed	-	wellformed1+wellformed2	FortressLibrary.fss:3898	Ill-formed type: RangeInternals.CompactFullParScalarRange[\I\] The static argument I does not satisfy the corresponding bound Integral[\I\].
wellformed	-	wellformed1+wellformed2	FortressLibrary.fss:3901	Ill-formed type: RangeInternals.CompactFullRange2D[\I,J\] The static argument I does not satisfy the corresponding bound Integral[\I\].
wellformed	-	wellformed1+wellformed2	FortressLibrary.fss:3901	Ill-formed type: RangeInternals.CompactFullRange2D[\I,J\] The static argument J does not satisfy the corresponding bound Integral[\J\].
wellformed	-	wellformed1+wellformed2	FortressLibrary.fss:3904	Ill-formed type: RangeInternals.CompactFullRange3D[\I,J,K\] The static argument I does not satisfy the corresponding bound Integral[\I\].
wellformed	-	wellformed1+wellformed2	FortressLibrary.fss:3904	Ill-formed type: RangeInternals.CompactFullRange3D[\I,J,K\] The static argument J does not satisfy the corresponding bound Integral[\J\].
wellformed	-	wellformed1+wellformed2	FortressLibrary.fss:3904	Ill-formed type: RangeInternals.CompactFullRange3D[\I,J,K\] The static argument K does not satisfy the corresponding bound Integral[\K\].
typecheck	-	typecheck	FortressLibrary.fss:915	Could not check call to function big - (ZZ32 & {Int, IntLiteral})->ZZ is not applicable to an argument of type NN64. - (ZZ64 & {Long})->ZZ is not applicable to an argument of type NN64.
typecheck	-	typecheck	FortressLibrary.fss:913	Could not check call to function big - (ZZ32 & {Int, IntLiteral})->ZZ is not applicable to an argument of type NN64. - (ZZ64 & {Long})->ZZ is not applicable to an argument of type NN64.
typecheck	-	typecheck	FortressLibrary.fss:764	Function body has type NN64, but declared return type is (ZZ64 & {Long}).
typecheck	-	typecheck	FortressLibrary.fss:4584	Could not check call to operator MAX - ((QQ & {Ratio}), QQ)->QQ is not applicable to an argument of type (T, T). - ((RR64 & {Float, FloatLiteral, RR32}), RR64)->RR64 is not applicable to an argument of type (T, T). - (StandardMax[\T\], T)->T is not applicable to an argument of type (T, T). - (StandardMinMax[\T\], T)->(T, T) is not applicable to an argument of type (T, T). - (StandardTotalOrder[\T\], T)->T is not applicable to an argument of type (T, T). - [\T extends Number, I\](Array[\T,I\], T)->Array[\T,I\] is not applicable to an argument of type (T, T). - [\T extends Number, I\](T, Array[\T,I\])->Array[\T,I\] is not applicable to an argument of type (T, T).
typecheck	-	typecheck	FortressLibrary.fss:4583	Could not check call to operator MAX - ((QQ & {Ratio}), QQ)->QQ is not applicable to an argument of type (T, T). - ((RR64 & {Float, FloatLiteral, RR32}), RR64)->RR64 is not applicable to an argument of type (T, T). - (StandardMax[\T\], T)->T is not applicable to an argument of type (T, T). - (StandardMinMax[\T\], T)->(T, T) is not applicable to an argument of type (T, T). - (StandardTotalOrder[\T\], T)->T is not applicable to an argument of type (T, T). - [\T extends Number, I\](Array[\T,I\], T)->Array[\T,I\] is not applicable to an argument of type (T, T). - [\T extends Number, I\](T, Array[\T,I\])->Array[\T,I\] is not applicable to an argument of type (T, T).
typecheck	-	typecheck	FortressLibrary.fss:4582	Could not check call to operator MIN - ((QQ & {Ratio}), QQ)->QQ is not applicable to an argument of type (T, T). - ((RR64 & {Float, FloatLiteral, RR32}), RR64)->RR64 is not applicable to an argument of type (T, T). - (StandardMinMax[\T\], T)->(T, T) is not applicable to an argument of type (T, T). - (StandardMin[\T\], T)->T is not applicable to an argument of type (T, T). - (StandardTotalOrder[\T\], T)->T is not applicable to an argument of type (T, T). - [\T extends Number, I\](Array[\T,I\], T)->Array[\T,I\] is not applicable to an argument of type (T, T). - [\T extends Number, I\](T, Array[\T,I\])->Array[\T,I\] is not applicable to an argument of type (T, T).
typecheck	-	typecheck	FortressLibrary.fss:4581	Could not check call to operator MIN - ((QQ & {Ratio}), QQ)->QQ is not applicable to an argument of type (T, T). - ((RR64 & {Float, FloatLiteral, RR32}), RR64)->RR64 is not applicable to an argument of type (T, T). - (StandardMinMax[\T\], T)->(T, T) is not applicable to an argument of type (T, T). - (StandardMin[\T\], T)->T is not applicable to an argument of type (T, T). - (StandardTotalOrder[\T\], T)->T is not applicable to an argument of type (T, T). - [\T extends Number, I\](Array[\T,I\], T)->Array[\T,I\] is not applicable to an argument of type (T, T). - [\T extends Number, I\](T, Array[\T,I\])->Array[\T,I\] is not applicable to an argument of type (T, T).
typecheck	-	typecheck	FortressLibrary.fss:4580	Could not check call to operator - - ((NN64 & {UnsignedLong}), NN64)->NN64 is not applicable to an argument of type (T, T). - ((QQ & {Ratio}), QQ)->QQ is not applicable to an argument of type (T, T). - ((RR64 & {Float, FloatLiteral, RR32}), RR64)->RR64 is not applicable to an argument of type (T, T). - ((ZZ & {BigNum}), ZZ)->ZZ is not applicable to an argument of type (T, T). - ((ZZ32 & {Int, IntLiteral}), ZZ32)->ZZ32 is not applicable to an argument of type (T, T). - ((ZZ64 & {Long}), ZZ64)->ZZ64 is not applicable to an argument of type (T, T). - (AdditiveGroup[\T\], T)->T is not applicable to an argument of type (T, T). - (Integral[\I\], I)->I is not applicable to an argument of type (T, T). - (Matrix[\T,s0,s1\], Matrix[\T,s0,s1\])->Matrix[\T,s0,s1\] is not applicable to an argument of type (T, T). - (NN32, NN32)->NN32 is not applicable to an argument of type (T, T). - (Vector[\T,s0\], Vector[\T,s0\])->Vector[\T,s0\] is not applicable to an argument of type (T, T). - [\T extends Number, I\](Array[\T,I\], T)->Array[\T,I\] is not applicable to an argument of type (T, T). - [\T extends Number, I\](T, Array[\T,I\])->Array[\T,I\] is not applicable to an argument of type (T, T).
typecheck	-	typecheck	FortressLibrary.fss:4576	Could not check call to operator - - ((NN64 & {UnsignedLong}), NN64)->NN64 is not applicable to an argument of type (T, T). - ((QQ & {Ratio}), QQ)->QQ is not applicable to an argument of type (T, T). - ((RR64 & {Float, FloatLiteral, RR32}), RR64)->RR64 is not applicable to an argument of type (T, T). - ((ZZ & {BigNum}), ZZ)->ZZ is not applicable to an argument of type (T, T). - ((ZZ32 & {Int, IntLiteral}), ZZ32)->ZZ32 is not applicable to an argument of type (T, T). - ((ZZ64 & {Long}), ZZ64)->ZZ64 is not applicable to an argument of type (T, T). - (AdditiveGroup[\T\], T)->T is not applicable to an argument of type (T, T). - (Integral[\I\], I)->I is not applicable to an argument of type (T, T). - (Matrix[\T,s0,s1\], Matrix[\T,s0,s1\])->Matrix[\T,s0,s1\] is not applicable to an argument of type (T, T). - (NN32, NN32)->NN32 is not applicable to an argument of type (T, T). - (Vector[\T,s0\], Vector[\T,s0\])->Vector[\T,s0\] is not applicable to an argument of type (T, T). - [\T extends Number, I\](Array[\T,I\], T)->Array[\T,I\] is not applicable to an argument of type (T, T). - [\T extends Number, I\](T, Array[\T,I\])->Array[\T,I\] is not applicable to an argument of type (T, T).
typecheck	-	typecheck	FortressLibrary.fss:4575	Could not check call to operator + - ((NN64 & {UnsignedLong}), NN64)->NN64 is not applicable to an argument of type (T, T). - ((QQ & {Ratio}), QQ)->QQ is not applicable to an argument of type (T, T). - ((RR64 & {Float, FloatLiteral, RR32}), RR64)->RR64 is not applicable to an argument of type (T, T). - ((ZZ & {BigNum}), ZZ)->ZZ is not applicable to an argument of type (T, T). - ((ZZ32 & {Int, IntLiteral}), ZZ32)->ZZ32 is not applicable to an argument of type (T, T). - ((ZZ64 & {Long}), ZZ64)->ZZ64 is not applicable to an argument of type (T, T). - (AdditiveGroup[\T\], T)->T is not applicable to an argument of type (T, T). - (Integral[\I\], I)->I is not applicable to an argument of type (T, T). - (Matrix[\T,s0,s1\], Matrix[\T,s0,s1\])->Matrix[\T,s0,s1\] is not applicable to an argument of type (T, T). - (NN32, NN32)->NN32 is not applicable to an argument of type (T, T). - (Vector[\T,s0\], Vector[\T,s0\])->Vector[\T,s0\] is not applicable to an argument of type (T, T). - [\T extends Number, I\](Array[\T,I\], T)->Array[\T,I\] is not applicable to an argument of type (T, T). - [\T extends Number, I\](T, Array[\T,I\])->Array[\T,I\] is not applicable to an argument of type (T, T).
typecheck	-	typecheck	FortressLibrary.fss:4574	Could not check call to operator + - ((NN64 & {UnsignedLong}), NN64)->NN64 is not applicable to an argument of type (T, T). - ((QQ & {Ratio}), QQ)->QQ is not applicable to an argument of type (T, T). - ((RR64 & {Float, FloatLiteral, RR32}), RR64)->RR64 is not applicable to an argument of type (T, T). - ((ZZ & {BigNum}), ZZ)->ZZ is not applicable to an argument of type (T, T). - ((ZZ32 & {Int, IntLiteral}), ZZ32)->ZZ32 is not applicable to an argument of type (T, T). - ((ZZ64 & {Long}), ZZ64)->ZZ64 is not applicable to an argument of type (T, T). - (AdditiveGroup[\T\], T)->T is not applicable to an argument of type (T, T). - (Integral[\I\], I)->I is not applicable to an argument of type (T, T). - (Matrix[\T,s0,s1\], Matrix[\T,s0,s1\])->Matrix[\T,s0,s1\] is not applicable to an argument of type (T, T). - (NN32, NN32)->NN32 is not applicable to an argument of type (T, T). - (Vector[\T,s0\], Vector[\T,s0\])->Vector[\T,s0\] is not applicable to an argument of type (T, T). - [\T extends Number, I\](Array[\T,I\], T)->Array[\T,I\] is not applicable to an argument of type (T, T). - [\T extends Number, I\](T, Array[\T,I\])->Array[\T,I\] is not applicable to an argument of type (T, T).
typecheck	-	typecheck	FortressLibrary.fss:4564	Could not check call to function seq - DelegatedIndexed[\E,I\]->SequentialGenerator[\E\] is not applicable to an argument of type Range[\ZZ32\]. - FilterGenerator[\E\]->SequentialGenerator[\E\] is not applicable to an argument of type Range[\ZZ32\]. - Generator[\E\]->SequentialGenerator[\E\] is not applicable to an argument of type Range[\ZZ32\]. - MappedGenerator[\E,F\]->SimpleMappedSeqGenerator[\E,F\] is not applicable to an argument of type Range[\ZZ32\]. - RangeInternals.CompactFullParScalarRange[\I\]->RangeInternals.CompactFullSeqScalarRange[\I\] is not applicable to an argument of type Range[\ZZ32\]. - RangeInternals.StridedFullParScalarRange[\I\]->RangeInternals.StridedFullSeqScalarRange[\I\] is not applicable to an argument of type Range[\ZZ32\]. - RangeInternals.StridedFullSeqScalarRange[\I\]->RangeInternals.StridedFullSeqScalarRange[\I\] is not applicable to an argument of type Range[\ZZ32\]. - ReadableArray[\E,I\]->SequentialGenerator[\E\] is not applicable to an argument of type Range[\ZZ32\]. - SequentialGenerator[\E\]->SequentialGenerator[\E\] is not applicable to an argument of type Range[\ZZ32\]. - SimpleMappedSeqGenerator[\E,F\]->SimpleMappedSeqGenerator[\E,F\] is not applicable to an argument of type Range[\ZZ32\]. - SimpleNestedGenerator[\E,F\]->SequentialGenerator[\E\] is not applicable to an argument of type Range[\ZZ32\]. - SimplePairGenerator[\E,F\]->SequentialGenerator[\E\] is not applicable to an argument of type Range[\ZZ32\]. - SimpleSeqFilterGenerator[\E\]->SimpleSeqFilterGenerator[\E\] is not applicable to an argument of type Range[\ZZ32\].
typecheck	-	typecheck	FortressLibrary.fss:4549	Function body has type Generator[\E\]->RelationalPredicateCondition[\E\], but declared return type is E->RelationalPredicateCondition[\E\].
typecheck	-	typecheck	FortressLibrary.fss:4549	Function body has type ConcreteRelationalPredicateCondition[\E\], but declared return type is RelationalPredicateCondition[\E\].
typecheck	-	typecheck	FortressLibrary.fss:4525	Generator[\E\] has no getter called size
typecheck	-	typecheck	FortressLibrary.fss:4522	Filter expressions in generator clauses must have type Boolean, but OpExpr at FortressLibrary.fss:4522.8 was not well typed.
typecheck	-	typecheck	FortressLibrary.fss:4522	Generator[\E\] has no getter called size
typecheck	-	typecheck	FortressLibrary.fss:4511	No such method Generator2[\E\].seed.
typecheck	-	typecheck	FortressLibrary.fss:4503	No such method Generator[\Generator[\E\]\].theorems.
typecheck	-	typecheck	FortressLibrary.fss:4501	No such method Generator[\Generator[\E\]\].theoremsFiltered.
typecheck	-	typecheck	FortressLibrary.fss:4499	No such method Generator[\Generator[\E\]\].__generate2filtered.
typecheck	-	typecheck	FortressLibrary.fss:4498	No such method Generator[\Generator[\E\]\].__generate2filtered.
typecheck	-	typecheck	FortressLibrary.fss:4497	Could not check call to function SimpleFilterGenerator2 - [\E\](Generator2[\E\], Generator[\E\]->Condition[\()\])->SimpleFilterGenerator2[\E\] is not applicable to an argument of type (Generator[\Generator[\E\]\], BottomType->Condition[\()\]).
typecheck	-	typecheck	FortressLibrary.fss:4473	No such method Generator[\((ActualReduction[\R,L1\], ActualReduction[\R,L2\], Generator[\E\]->Condition[\()\], E->R)->Boolean, (ActualReduction[\R,L1\], ActualReduction[\R,L2\], Generator[\E\]->Condition[\()\], E->R)->R)\]._[_].
typecheck	-	typecheck	FortressLibrary.fss:4472	Filter expressions in generator clauses must have type Boolean, but OpExpr at FortressLibrary.fss:4472.11 was not well typed.
typecheck	-	typecheck	FortressLibrary.fss:4472	Could not check call to operator |_| - (NN64 & {UnsignedLong})->NN64 is not applicable to an argument of type Generator[\((ActualReduction[\R,L1\], ActualReduction[\R,L2\], Generator[\E\]->Condition[\()\], E->R)->Boolean, (ActualReduction[\R,L1\], ActualReduction[\R,L2\], Generator[\E\]->Condition[\()\], E->R)->R)\]. - (PairGenerator[\E,F\] & {SimplePairGenerator[\E,F\], SimplePairSeqGenerator[\E,F\]})->ZZ32 is not applicable to an argument of type Generator[\((ActualReduction[\R,L1\], ActualReduction[\R,L2\], Generator[\E\]->Condition[\()\], E->R)->Boolean, (ActualReduction[\R,L1\], ActualReduction[\R,L2\], Generator[\E\]->Condition[\()\], E->R)->R)\]. - (QQ & {Ratio})->QQ is not applicable to an argument of type Generator[\((ActualReduction[\R,L1\], ActualReduction[\R,L2\], Generator[\E\]->Condition[\()\], E->R)->Boolean, (ActualReduction[\R,L1\], ActualReduction[\R,L2\], Generator[\E\]->Condition[\()\], E->R)->R)\]. - (RR64 & {Float, FloatLiteral, RR32})->RR64 is not applicable to an argument of type Generator[\((ActualReduction[\R,L1\], ActualReduction[\R,L2\], Generator[\E\]->Condition[\()\], E->R)->Boolean, (ActualReduction[\R,L1\], ActualReduction[\R,L2\], Generator[\E\]->Condition[\()\], E->R)->R)\]. - (ReadableArray1[\T,b0,s0\] & {ImmutableArray1[\T,b0,s0\], Array1[\T,b0,s0\]})->ZZ32 is not applicable to an argument of type Generator[\((ActualReduction[\R,L1\], ActualReduction[\R,L2\], Generator[\E\]->Condition[\()\], E->R)->Boolean, (ActualReduction[\R,L1\], ActualReduction[\R,L2\], Generator[\E\]->Condition[\()\], E->R)->R)\]. - (ZZ & {BigNum})->ZZ is not applicable to an argument of type Generator[\((ActualReduction[\R,L1\], ActualReduction[\R,L2\], Generator[\E\]->Condition[\()\], E->R)->Boolean, (ActualReduction[\R,L1\], ActualReduction[\R,L2\], Generator[\E\]->Condition[\()\], E->R)->R)\]. - (ZZ32 & {Int, IntLiteral})->ZZ32 is not applicable to an argument of type Generator[\((ActualReduction[\R,L1\], ActualReduction[\R,L2\], Generator[\E\]->Condition[\()\], E->R)->Boolean, (ActualReduction[\R,L1\], ActualReduction[\R,L2\], Generator[\E\]->Condition[\()\], E->R)->R)\]. - (ZZ64 & {Long})->ZZ64 is not applicable to an argument of type Generator[\((ActualReduction[\R,L1\], ActualReduction[\R,L2\], Generator[\E\]->Condition[\()\], E->R)->Boolean, (ActualReduction[\R,L1\], ActualReduction[\R,L2\], Generator[\E\]->Condition[\()\], E->R)->R)\]. - Array2[\T,b0,s0,b1,s1\]->ZZ32 is not applicable to an argument of type Generator[\((ActualReduction[\R,L1\], ActualReduction[\R,L2\], Generator[\E\]->Condition[\()\], E->R)->Boolean, (ActualReduction[\R,L1\], ActualReduction[\R,L2\], Generator[\E\]->Condition[\()\], E->R)->R)\]. - Array3[\T,b0,s0,b1,s1,b2,s2\]->ZZ32 is not applicable to an argument of type Generator[\((ActualReduction[\R,L1\], ActualReduction[\R,L2\], Generator[\E\]->Condition[\()\], E->R)->Boolean, (ActualReduction[\R,L1\], ActualReduction[\R,L2\], Generator[\E\]->Condition[\()\], E->R)->R)\]. - Char->ZZ32 is not applicable to an argument of type Generator[\((ActualReduction[\R,L1\], ActualReduction[\R,L2\], Generator[\E\]->Condition[\()\], E->R)->Boolean, (ActualReduction[\R,L1\], ActualReduction[\R,L2\], Generator[\E\]->Condition[\()\], E->R)->R)\]. - CompactFullRange[\I\]->ZZ32 is not applicable to an argument of type Generator[\((ActualReduction[\R,L1\], ActualReduction[\R,L2\], Generator[\E\]->Condition[\()\], E->R)->Boolean, (ActualReduction[\R,L1\], ActualReduction[\R,L2\], Generator[\E\]->Condition[\()\], E->R)->R)\]. - Condition[\E\]->ZZ32 is not applicable to an argument of type Generator[\((ActualReduction[\R,L1\], ActualReduction[\R,L2\], Generator[\E\]->Condition[\()\], E->R)->Boolean, (ActualReduction[\R,L1\], ActualReduction[\R,L2\], Generator[\E\]->Condition[\()\], E->R)->R)\]. - DefaultZip[\E,F\]->ZZ32 is not applicable to an argument of type Generator[\((ActualReduction[\R,L1\], ActualReduction[\R,L2\], Generator[\E\]->Condition[\()\], E->R)->Boolean, (ActualReduction[\R,L1\], ActualReduction[\R,L2\], Generator[\E\]->Condition[\()\], E->R)->R)\]. - DelegatedIndexed[\E,I\]->ZZ32 is not applicable to an argument of type Generator[\((ActualReduction[\R,L1\], ActualReduction[\R,L2\], Generator[\E\]->Condition[\()\], E->R)->Boolean, (ActualReduction[\R,L1\], ActualReduction[\R,L2\], Generator[\E\]->Condition[\()\], E->R)->R)\]. - Indexed[\E,I\]->ZZ32 is not applicable to an argument of type Generator[\((ActualReduction[\R,L1\], ActualReduction[\R,L2\], Generator[\E\]->Condition[\()\], E->R)->Boolean, (ActualReduction[\R,L1\], ActualReduction[\R,L2\], Generator[\E\]->Condition[\()\], E->R)->R)\]. - Just[\T\]->ZZ32 is not applicable to an argument of type Generator[\((ActualReduction[\R,L1\], ActualReduction[\R,L2\], Generator[\E\]->Condition[\()\], E->R)->Boolean, (ActualReduction[\R,L1\], ActualReduction[\R,L2\], Generator[\E\]->Condition[\()\], E->R)->R)\]. - NN32->NN32 is not applicable to an argument of type Generator[\((ActualReduction[\R,L1\], ActualReduction[\R,L2\], Generator[\E\]->Condition[\()\], E->R)->Boolean, (ActualReduction[\R,L1\], ActualReduction[\R,L2\], Generator[\E\]->Condition[\()\], E->R)->R)\]. - NaiveSeqGenerator[\E\]->ZZ32 is not applicable to an argument of type Generator[\((ActualReduction[\R,L1\], ActualReduction[\R,L2\], Generator[\E\]->Condition[\()\], E->R)->Boolean, (ActualReduction[\R,L1\], ActualReduction[\R,L2\], Generator[\E\]->Condition[\()\], E->R)->R)\]. - NotUnique[\T\]->ZZ32 is not applicable to an argument of type Generator[\((ActualReduction[\R,L1\], ActualReduction[\R,L2\], Generator[\E\]->Condition[\()\], E->R)->Boolean, (ActualReduction[\R,L1\], ActualReduction[\R,L2\], Generator[\E\]->Condition[\()\], E->R)->R)\]. - Nothing[\T\]->ZZ32 is not applicable to an argument of type Generator[\((ActualReduction[\R,L1\], ActualReduction[\R,L2\], Generator[\E\]->Condition[\()\], E->R)->Boolean, (ActualReduction[\R,L1\], ActualReduction[\R,L2\], Generator[\E\]->Condition[\()\], E->R)->R)\]. - RangeInternals.FullRange2D[\I,J\]->ZZ32 is not applicable to an argument of type Generator[\((ActualReduction[\R,L1\], ActualReduction[\R,L2\], Generator[\E\]->Condition[\()\], E->R)->Boolean, (ActualReduction[\R,L1\], ActualReduction[\R,L2\], Generator[\E\]->Condition[\()\], E->R)->R)\]. - RangeInternals.FullRange3D[\I,J,K\]->ZZ32 is not applicable to an argument of type Generator[\((ActualReduction[\R,L1\], ActualReduction[\R,L2\], Generator[\E\]->Condition[\()\], E->R)->Boolean, (ActualReduction[\R,L1\], ActualReduction[\R,L2\], Generator[\E\]->Condition[\()\], E->R)->R)\]. - ReversedIndexed[\E,I\]->ZZ32 is not applicable to an argument of type Generator[\((ActualReduction[\R,L1\], ActualReduction[\R,L2\], Generator[\E\]->Condition[\()\], E->R)->Boolean, (ActualReduction[\R,L1\], ActualReduction[\R,L2\], Generator[\E\]->Condition[\()\], E->R)->R)\]. - SimpleMappedIndexed[\E,F,I\]->ZZ32 is not applicable to an argument of type Generator[\((ActualReduction[\R,L1\], ActualReduction[\R,L2\], Generator[\E\]->Condition[\()\], E->R)->Boolean, (ActualReduction[\R,L1\], ActualReduction[\R,L2\], Generator[\E\]->Condition[\()\], E->R)->R)\]. - String->ZZ32 is not applicable to an argument of type Generator[\((ActualReduction[\R,L1\], ActualReduction[\R,L2\], Generator[\E\]->Condition[\()\], E->R)->Boolean, (ActualReduction[\R,L1\], ActualReduction[\R,L2\], Generator[\E\]->Condition[\()\], E->R)->R)\].
typecheck	-	typecheck	FortressLibrary.fss:4465	No such method Condition[\()\].holds. FortressLibrary.fss:4465:185-294: Possibly because x: Generator[\E\] after argument inference
typecheck	-	typecheck	FortressLibrary.fss:4448	No such method Generator[\((ActualReduction[\R,L1\], ActualReduction[\R,L2\], E->R)->Boolean, (ActualReduction[\R,L1\], ActualReduction[\R,L1\], E->R)->R)\]._[_].
typecheck	-	typecheck	FortressLibrary.fss:4447	Filter expressions in generator clauses must have type Boolean, but OpExpr at FortressLibrary.fss:4447.11 was not well typed.
typecheck	-	typecheck	FortressLibrary.fss:4447	Could not check call to operator |_| - (NN64 & {UnsignedLong})->NN64 is not applicable to an argument of type Generator[\((ActualReduction[\R,L1\], ActualReduction[\R,L2\], E->R)->Boolean, (ActualReduction[\R,L1\], ActualReduction[\R,L1\], E->R)->R)\]. - (PairGenerator[\E,F\] & {SimplePairGenerator[\E,F\], SimplePairSeqGenerator[\E,F\]})->ZZ32 is not applicable to an argument of type Generator[\((ActualReduction[\R,L1\], ActualReduction[\R,L2\], E->R)->Boolean, (ActualReduction[\R,L1\], ActualReduction[\R,L1\], E->R)->R)\]. - (QQ & {Ratio})->QQ is not applicable to an argument of type Generator[\((ActualReduction[\R,L1\], ActualReduction[\R,L2\], E->R)->Boolean, (ActualReduction[\R,L1\], ActualReduction[\R,L1\], E->R)->R)\]. - (RR64 & {Float, FloatLiteral, RR32})->RR64 is not applicable to an argument of type Generator[\((ActualReduction[\R,L1\], ActualReduction[\R,L2\], E->R)->Boolean, (ActualReduction[\R,L1\], ActualReduction[\R,L1\], E->R)->R)\]. - (ReadableArray1[\T,b0,s0\] & {ImmutableArray1[\T,b0,s0\], Array1[\T,b0,s0\]})->ZZ32 is not applicable to an argument of type Generator[\((ActualReduction[\R,L1\], ActualReduction[\R,L2\], E->R)->Boolean, (ActualReduction[\R,L1\], ActualReduction[\R,L1\], E->R)->R)\]. - (ZZ & {BigNum})->ZZ is not applicable to an argument of type Generator[\((ActualReduction[\R,L1\], ActualReduction[\R,L2\], E->R)->Boolean, (ActualReduction[\R,L1\], ActualReduction[\R,L1\], E->R)->R)\]. - (ZZ32 & {Int, IntLiteral})->ZZ32 is not applicable to an argument of type Generator[\((ActualReduction[\R,L1\], ActualReduction[\R,L2\], E->R)->Boolean, (ActualReduction[\R,L1\], ActualReduction[\R,L1\], E->R)->R)\]. - (ZZ64 & {Long})->ZZ64 is not applicable to an argument of type Generator[\((ActualReduction[\R,L1\], ActualReduction[\R,L2\], E->R)->Boolean, (ActualReduction[\R,L1\], ActualReduction[\R,L1\], E->R)->R)\]. - Array2[\T,b0,s0,b1,s1\]->ZZ32 is not applicable to an argument of type Generator[\((ActualReduction[\R,L1\], ActualReduction[\R,L2\], E->R)->Boolean, (ActualReduction[\R,L1\], ActualReduction[\R,L1\], E->R)->R)\]. - Array3[\T,b0,s0,b1,s1,b2,s2\]->ZZ32 is not applicable to an argument of type Generator[\((ActualReduction[\R,L1\], ActualReduction[\R,L2\], E->R)->Boolean, (ActualReduction[\R,L1\], ActualReduction[\R,L1\], E->R)->R)\]. - Char->ZZ32 is not applicable to an argument of type Generator[\((ActualReduction[\R,L1\], ActualReduction[\R,L2\], E->R)->Boolean, (ActualReduction[\R,L1\], ActualReduction[\R,L1\], E->R)->R)\]. - CompactFullRange[\I\]->ZZ32 is not applicable to an argument of type Generator[\((ActualReduction[\R,L1\], ActualReduction[\R,L2\], E->R)->Boolean, (ActualReduction[\R,L1\], ActualReduction[\R,L1\], E->R)->R)\]. - Condition[\E\]->ZZ32 is not applicable to an argument of type Generator[\((ActualReduction[\R,L1\], ActualReduction[\R,L2\], E->R)->Boolean, (ActualReduction[\R,L1\], ActualReduction[\R,L1\], E->R)->R)\]. - DefaultZip[\E,F\]->ZZ32 is not applicable to an argument of type Generator[\((ActualReduction[\R,L1\], ActualReduction[\R,L2\], E->R)->Boolean, (ActualReduction[\R,L1\], ActualReduction[\R,L1\], E->R)->R)\]. - DelegatedIndexed[\E,I\]->ZZ32 is not applicable to an argument of type Generator[\((ActualReduction[\R,L1\], ActualReduction[\R,L2\], E->R)->Boolean, (ActualReduction[\R,L1\], ActualReduction[\R,L1\], E->R)->R)\]. - Indexed[\E,I\]->ZZ32 is not applicable to an argument of type Generator[\((ActualReduction[\R,L1\], ActualReduction[\R,L2\], E->R)->Boolean, (ActualReduction[\R,L1\], ActualReduction[\R,L1\], E->R)->R)\]. - Just[\T\]->ZZ32 is not applicable to an argument of type Generator[\((ActualReduction[\R,L1\], ActualReduction[\R,L2\], E->R)->Boolean, (ActualReduction[\R,L1\], ActualReduction[\R,L1\], E->R)->R)\]. - NN32->NN32 is not applicable to an argument of type Generator[\((ActualReduction[\R,L1\], ActualReduction[\R,L2\], E->R)->Boolean, (ActualReduction[\R,L1\], ActualReduction[\R,L1\], E->R)->R)\]. - NaiveSeqGenerator[\E\]->ZZ32 is not applicable to an argument of type Generator[\((ActualReduction[\R,L1\], ActualReduction[\R,L2\], E->R)->Boolean, (ActualReduction[\R,L1\], ActualReduction[\R,L1\], E->R)->R)\]. - NotUnique[\T\]->ZZ32 is not applicable to an argument of type Generator[\((ActualReduction[\R,L1\], ActualReduction[\R,L2\], E->R)->Boolean, (ActualReduction[\R,L1\], ActualReduction[\R,L1\], E->R)->R)\]. - Nothing[\T\]->ZZ32 is not applicable to an argument of type Generator[\((ActualReduction[\R,L1\], ActualReduction[\R,L2\], E->R)->Boolean, (ActualReduction[\R,L1\], ActualReduction[\R,L1\], E->R)->R)\]. - RangeInternals.FullRange2D[\I,J\]->ZZ32 is not applicable to an argument of type Generator[\((ActualReduction[\R,L1\], ActualReduction[\R,L2\], E->R)->Boolean, (ActualReduction[\R,L1\], ActualReduction[\R,L1\], E->R)->R)\]. - RangeInternals.FullRange3D[\I,J,K\]->ZZ32 is not applicable to an argument of type Generator[\((ActualReduction[\R,L1\], ActualReduction[\R,L2\], E->R)->Boolean, (ActualReduction[\R,L1\], ActualReduction[\R,L1\], E->R)->R)\]. - ReversedIndexed[\E,I\]->ZZ32 is not applicable to an argument of type Generator[\((ActualReduction[\R,L1\], ActualReduction[\R,L2\], E->R)->Boolean, (ActualReduction[\R,L1\], ActualReduction[\R,L1\], E->R)->R)\]. - SimpleMappedIndexed[\E,F,I\]->ZZ32 is not applicable to an argument of type Generator[\((ActualReduction[\R,L1\], ActualReduction[\R,L2\], E->R)->Boolean, (ActualReduction[\R,L1\], ActualReduction[\R,L1\], E->R)->R)\]. - String->ZZ32 is not applicable to an argument of type Generator[\((ActualReduction[\R,L1\], ActualReduction[\R,L2\], E->R)->Boolean, (ActualReduction[\R,L1\], ActualReduction[\R,L1\], E->R)->R)\].
typecheck	-	typecheck	FortressLibrary.fss:4420	Could not check call to operator CMP - ((RR64 & {Float, FloatLiteral, RR32}), RR64)->Comparison is not applicable to an argument of type (C, C). - ((TotalComparison & {LessThan, EqualTo, GreaterThan}), Unordered)->Comparison is not applicable to an argument of type (C, C). - ((ZZ & {BigNum}), ZZ)->TotalComparison is not applicable to an argument of type (C, C). - ((ZZ64 & {Long}), ZZ64)->TotalComparison is not applicable to an argument of type (C, C). - (EqualTo, TotalComparison)->TotalComparison is not applicable to an argument of type (C, C). - (GreaterThan, GreaterThan)->TotalComparison is not applicable to an argument of type (C, C). - (GreaterThan, TotalComparison)->TotalComparison is not applicable to an argument of type (C, C). - (IntLiteral, IntLiteral)->TotalComparison is not applicable to an argument of type (C, C). - (LessThan, LessThan)->TotalComparison is not applicable to an argument of type (C, C). - (LessThan, TotalComparison)->TotalComparison is not applicable to an argument of type (C, C). - (LexicographicOrder[\T,E\], T)->TotalComparison is not applicable to an argument of type (C, C). - (Range[\I\], Range[\I\])->Comparison is not applicable to an argument of type (C, C). - (StandardPartialOrder[\T\], T)->Comparison is not applicable to an argument of type (C, C). - (StandardTotalOrder[\T\], T)->TotalComparison is not applicable to an argument of type (C, C). - (String, String)->TotalComparison is not applicable to an argument of type (C, C). - [\A, B, C\]((A, B, C), (A, B, C))->Comparison is not applicable to an argument of type (C, C). - [\A, B\]((A, B), (A, B))->Comparison is not applicable to an argument of type (C, C).
typecheck	-	typecheck	FortressLibrary.fss:4420	Could not check call to operator CMP - ((RR64 & {Float, FloatLiteral, RR32}), RR64)->Comparison is not applicable to an argument of type (B, B). - ((TotalComparison & {LessThan, EqualTo, GreaterThan}), Unordered)->Comparison is not applicable to an argument of type (B, B). - ((ZZ & {BigNum}), ZZ)->TotalComparison is not applicable to an argument of type (B, B). - ((ZZ64 & {Long}), ZZ64)->TotalComparison is not applicable to an argument of type (B, B). - (EqualTo, TotalComparison)->TotalComparison is not applicable to an argument of type (B, B). - (GreaterThan, GreaterThan)->TotalComparison is not applicable to an argument of type (B, B). - (GreaterThan, TotalComparison)->TotalComparison is not applicable to an argument of type (B, B). - (IntLiteral, IntLiteral)->TotalComparison is not applicable to an argument of type (B, B). - (LessThan, LessThan)->TotalComparison is not applicable to an argument of type (B, B). - (LessThan, TotalComparison)->TotalComparison is not applicable to an argument of type (B, B). - (LexicographicOrder[\T,E\], T)->TotalComparison is not applicable to an argument of type (B, B). - (Range[\I\], Range[\I\])->Comparison is not applicable to an argument of type (B, B). - (StandardPartialOrder[\T\], T)->Comparison is not applicable to an argument of type (B, B). - (StandardTotalOrder[\T\], T)->TotalComparison is not applicable to an argument of type (B, B). - (String, String)->TotalComparison is not applicable to an argument of type (B, B). - [\A, B, C\]((A, B, C), (A, B, C))->Comparison is not applicable to an argument of type (B, B). - [\A, B\]((A, B), (A, B))->Comparison is not applicable to an argument of type (B, B).
typecheck	-	typecheck	FortressLibrary.fss:4420	Could not check call to operator CMP - ((RR64 & {Float, FloatLiteral, RR32}), RR64)->Comparison is not applicable to an argument of type (A, A). - ((TotalComparison & {LessThan, EqualTo, GreaterThan}), Unordered)->Comparison is not applicable to an argument of type (A, A). - ((ZZ & {BigNum}), ZZ)->TotalComparison is not applicable to an argument of type (A, A). - ((ZZ64 & {Long}), ZZ64)->TotalComparison is not applicable to an argument of type (A, A). - (EqualTo, TotalComparison)->TotalComparison is not applicable to an argument of type (A, A). - (GreaterThan, GreaterThan)->TotalComparison is not applicable to an argument of type (A, A). - (GreaterThan, TotalComparison)->TotalComparison is not applicable to an argument of type (A, A). - (IntLiteral, IntLiteral)->TotalComparison is not applicable to an argument of type (A, A). - (LessThan, LessThan)->TotalComparison is not applicable to an argument of type (A, A). - (LessThan, TotalComparison)->TotalComparison is not applicable to an argument of type (A, A). - (LexicographicOrder[\T,E\], T)->TotalComparison is not applicable to an argument of type (A, A). - (Range[\I\], Range[\I\])->Comparison is not applicable to an argument of type (A, A). - (StandardPartialOrder[\T\], T)->Comparison is not applicable to an argument of type (A, A). - (StandardTotalOrder[\T\], T)->TotalComparison is not applicable to an argument of type (A, A). - (String, String)->TotalComparison is not applicable to an argument of type (A, A). - [\A, B, C\]((A, B, C), (A, B, C))->Comparison is not applicable to an argument of type (A, A). - [\A, B\]((A, B), (A, B))->Comparison is not applicable to an argument of type (A, A).
typecheck	-	typecheck	FortressLibrary.fss:4410	Could not check call to operator CMP - ((RR64 & {Float, FloatLiteral, RR32}), RR64)->Comparison is not applicable to an argument of type (B, B). - ((TotalComparison & {LessThan, EqualTo, GreaterThan}), Unordered)->Comparison is not applicable to an argument of type (B, B). - ((ZZ & {BigNum}), ZZ)->TotalComparison is not applicable to an argument of type (B, B). - ((ZZ64 & {Long}), ZZ64)->TotalComparison is not applicable to an argument of type (B, B). - (EqualTo, TotalComparison)->TotalComparison is not applicable to an argument of type (B, B). - (GreaterThan, GreaterThan)->TotalComparison is not applicable to an argument of type (B, B). - (GreaterThan, TotalComparison)->TotalComparison is not applicable to an argument of type (B, B). - (IntLiteral, IntLiteral)->TotalComparison is not applicable to an argument of type (B, B). - (LessThan, LessThan)->TotalComparison is not applicable to an argument of type (B, B). - (LessThan, TotalComparison)->TotalComparison is not applicable to an argument of type (B, B). - (LexicographicOrder[\T,E\], T)->TotalComparison is not applicable to an argument of type (B, B). - (Range[\I\], Range[\I\])->Comparison is not applicable to an argument of type (B, B). - (StandardPartialOrder[\T\], T)->Comparison is not applicable to an argument of type (B, B). - (StandardTotalOrder[\T\], T)->TotalComparison is not applicable to an argument of type (B, B). - (String, String)->TotalComparison is not applicable to an argument of type (B, B). - [\A, B, C\]((A, B, C), (A, B, C))->Comparison is not applicable to an argument of type (B, B). - [\A, B\]((A, B), (A, B))->Comparison is not applicable to an argument of type (B, B).
typecheck	-	typecheck	FortressLibrary.fss:4410	Could not check call to operator CMP - ((RR64 & {Float, FloatLiteral, RR32}), RR64)->Comparison is not applicable to an argument of type (A, A). - ((TotalComparison & {LessThan, EqualTo, GreaterThan}), Unordered)->Comparison is not applicable to an argument of type (A, A). - ((ZZ & {BigNum}), ZZ)->TotalComparison is not applicable to an argument of type (A, A). - ((ZZ64 & {Long}), ZZ64)->TotalComparison is not applicable to an argument of type (A, A). - (EqualTo, TotalComparison)->TotalComparison is not applicable to an argument of type (A, A). - (GreaterThan, GreaterThan)->TotalComparison is not applicable to an argument of type (A, A). - (GreaterThan, TotalComparison)->TotalComparison is not applicable to an argument of type (A, A). - (IntLiteral, IntLiteral)->TotalComparison is not applicable to an argument of type (A, A). - (LessThan, LessThan)->TotalComparison is not applicable to an argument of type (A, A). - (LessThan, TotalComparison)->TotalComparison is not applicable to an argument of type (A, A). - (LexicographicOrder[\T,E\], T)->TotalComparison is not applicable to an argument of type (A, A). - (Range[\I\], Range[\I\])->Comparison is not applicable to an argument of type (A, A). - (StandardPartialOrder[\T\], T)->Comparison is not applicable to an argument of type (A, A). - (StandardTotalOrder[\T\], T)->TotalComparison is not applicable to an argument of type (A, A). - (String, String)->TotalComparison is not applicable to an argument of type (A, A). - [\A, B, C\]((A, B, C), (A, B, C))->Comparison is not applicable to an argument of type (A, A). - [\A, B\]((A, B), (A, B))->Comparison is not applicable to an argument of type (A, A).
typecheck	-	typecheck	FortressLibrary.fss:4400	Could not check call to operator CMP - ((RR64 & {Float, FloatLiteral, RR32}), RR64)->Comparison is not applicable to an argument of type (B, B). - ((TotalComparison & {LessThan, EqualTo, GreaterThan}), Unordered)->Comparison is not applicable to an argument of type (B, B). - ((ZZ & {BigNum}), ZZ)->TotalComparison is not applicable to an argument of type (B, B). - ((ZZ64 & {Long}), ZZ64)->TotalComparison is not applicable to an argument of type (B, B). - (EqualTo, TotalComparison)->TotalComparison is not applicable to an argument of type (B, B). - (GreaterThan, GreaterThan)->TotalComparison is not applicable to an argument of type (B, B). - (GreaterThan, TotalComparison)->TotalComparison is not applicable to an argument of type (B, B). - (IntLiteral, IntLiteral)->TotalComparison is not applicable to an argument of type (B, B). - (LessThan, LessThan)->TotalComparison is not applicable to an argument of type (B, B). - (LessThan, TotalComparison)->TotalComparison is not applicable to an argument of type (B, B). - (LexicographicOrder[\T,E\], T)->TotalComparison is not applicable to an argument of type (B, B). - (Range[\I\], Range[\I\])->Comparison is not applicable to an argument of type (B, B). - (StandardPartialOrder[\T\], T)->Comparison is not applicable to an argument of type (B, B). - (StandardTotalOrder[\T\], T)->TotalComparison is not applicable to an argument of type (B, B). - (String, String)->TotalComparison is not applicable to an argument of type (B, B). - [\A, B, C\]((A, B, C), (A, B, C))->Comparison is not applicable to an argument of type (B, B). - [\A, B\]((A, B), (A, B))->Comparison is not applicable to an argument of type (B, B).
typecheck	-	typecheck	FortressLibrary.fss:4400	Could not check call to operator CMP - ((RR64 & {Float, FloatLiteral, RR32}), RR64)->Comparison is not applicable to an argument of type (A, A). - ((TotalComparison & {LessThan, EqualTo, GreaterThan}), Unordered)->Comparison is not applicable to an argument of type (A, A). - ((ZZ & {BigNum}), ZZ)->TotalComparison is not applicable to an argument of type (A, A). - ((ZZ64 & {Long}), ZZ64)->TotalComparison is not applicable to an argument of type (A, A). - (EqualTo, TotalComparison)->TotalComparison is not applicable to an argument of type (A, A). - (GreaterThan, GreaterThan)->TotalComparison is not applicable to an argument of type (A, A). - (GreaterThan, TotalComparison)->TotalComparison is not applicable to an argument of type (A, A). - (IntLiteral, IntLiteral)->TotalComparison is not applicable to an argument of type (A, A). - (LessThan, LessThan)->TotalComparison is not applicable to an argument of type (A, A). - (LessThan, TotalComparison)->TotalComparison is not applicable to an argument of type (A, A). - (LexicographicOrder[\T,E\], T)->TotalComparison is not applicable to an argument of type (A, A). - (Range[\I\], Range[\I\])->Comparison is not applicable to an argument of type (A, A). - (StandardPartialOrder[\T\], T)->Comparison is not applicable to an argument of type (A, A). - (StandardTotalOrder[\T\], T)->TotalComparison is not applicable to an argument of type (A, A). - (String, String)->TotalComparison is not applicable to an argument of type (A, A). - [\A, B, C\]((A, B, C), (A, B, C))->Comparison is not applicable to an argument of type (A, A). - [\A, B\]((A, B), (A, B))->Comparison is not applicable to an argument of type (A, A).
typecheck	-	typecheck	FortressLibrary.fss:4390	Could not check call to operator CMP - ((RR64 & {Float, FloatLiteral, RR32}), RR64)->Comparison is not applicable to an argument of type (B, B). - ((TotalComparison & {LessThan, EqualTo, GreaterThan}), Unordered)->Comparison is not applicable to an argument of type (B, B). - ((ZZ & {BigNum}), ZZ)->TotalComparison is not applicable to an argument of type (B, B). - ((ZZ64 & {Long}), ZZ64)->TotalComparison is not applicable to an argument of type (B, B). - (EqualTo, TotalComparison)->TotalComparison is not applicable to an argument of type (B, B). - (GreaterThan, GreaterThan)->TotalComparison is not applicable to an argument of type (B, B). - (GreaterThan, TotalComparison)->TotalComparison is not applicable to an argument of type (B, B). - (IntLiteral, IntLiteral)->TotalComparison is not applicable to an argument of type (B, B). - (LessThan, LessThan)->TotalComparison is not applicable to an argument of type (B, B). - (LessThan, TotalComparison)->TotalComparison is not applicable to an argument of type (B, B). - (LexicographicOrder[\T,E\], T)->TotalComparison is not applicable to an argument of type (B, B). - (Range[\I\], Range[\I\])->Comparison is not applicable to an argument of type (B, B). - (StandardPartialOrder[\T\], T)->Comparison is not applicable to an argument of type (B, B). - (StandardTotalOrder[\T\], T)->TotalComparison is not applicable to an argument of type (B, B). - (String, String)->TotalComparison is not applicable to an argument of type (B, B). - [\A, B, C\]((A, B, C), (A, B, C))->Comparison is not applicable to an argument of type (B, B). - [\A, B\]((A, B), (A, B))->Comparison is not applicable to an argument of type (B, B).
typecheck	-	typecheck	FortressLibrary.fss:4390	Could not check call to operator CMP - ((RR64 & {Float, FloatLiteral, RR32}), RR64)->Comparison is not applicable to an argument of type (A, A). - ((TotalComparison & {LessThan, EqualTo, GreaterThan}), Unordered)->Comparison is not applicable to an argument of type (A, A). - ((ZZ & {BigNum}), ZZ)->TotalComparison is not applicable to an argument of type (A, A). - ((ZZ64 & {Long}), ZZ64)->TotalComparison is not applicable to an argument of type (A, A). - (EqualTo, TotalComparison)->TotalComparison is not applicable to an argument of type (A, A). - (GreaterThan, GreaterThan)->TotalComparison is not applicable to an argument of type (A, A). - (GreaterThan, TotalComparison)->TotalComparison is not applicable to an argument of type (A, A). - (IntLiteral, IntLiteral)->TotalComparison is not applicable to an argument of type (A, A). - (LessThan, LessThan)->TotalComparison is not applicable to an argument of type (A, A). - (LessThan, TotalComparison)->TotalComparison is not applicable to an argument of type (A, A). - (LexicographicOrder[\T,E\], T)->TotalComparison is not applicable to an argument of type (A, A). - (Range[\I\], Range[\I\])->Comparison is not applicable to an argument of type (A, A). - (StandardPartialOrder[\T\], T)->Comparison is not applicable to an argument of type (A, A). - (StandardTotalOrder[\T\], T)->TotalComparison is not applicable to an argument of type (A, A). - (String, String)->TotalComparison is not applicable to an argument of type (A, A). - [\A, B, C\]((A, B, C), (A, B, C))->Comparison is not applicable to an argument of type (A, A). - [\A, B\]((A, B), (A, B))->Comparison is not applicable to an argument of type (A, A).
typecheck	-	typecheck	FortressLibrary.fss:4380	Could not check call to operator CMP - ((RR64 & {Float, FloatLiteral, RR32}), RR64)->Comparison is not applicable to an argument of type (B, B). - ((TotalComparison & {LessThan, EqualTo, GreaterThan}), Unordered)->Comparison is not applicable to an argument of type (B, B). - ((ZZ & {BigNum}), ZZ)->TotalComparison is not applicable to an argument of type (B, B). - ((ZZ64 & {Long}), ZZ64)->TotalComparison is not applicable to an argument of type (B, B). - (EqualTo, TotalComparison)->TotalComparison is not applicable to an argument of type (B, B). - (GreaterThan, GreaterThan)->TotalComparison is not applicable to an argument of type (B, B). - (GreaterThan, TotalComparison)->TotalComparison is not applicable to an argument of type (B, B). - (IntLiteral, IntLiteral)->TotalComparison is not applicable to an argument of type (B, B). - (LessThan, LessThan)->TotalComparison is not applicable to an argument of type (B, B). - (LessThan, TotalComparison)->TotalComparison is not applicable to an argument of type (B, B). - (LexicographicOrder[\T,E\], T)->TotalComparison is not applicable to an argument of type (B, B). - (Range[\I\], Range[\I\])->Comparison is not applicable to an argument of type (B, B). - (StandardPartialOrder[\T\], T)->Comparison is not applicable to an argument of type (B, B). - (StandardTotalOrder[\T\], T)->TotalComparison is not applicable to an argument of type (B, B). - (String, String)->TotalComparison is not applicable to an argument of type (B, B). - [\A, B, C\]((A, B, C), (A, B, C))->Comparison is not applicable to an argument of type (B, B). - [\A, B\]((A, B), (A, B))->Comparison is not applicable to an argument of type (B, B).
typecheck	-	typecheck	FortressLibrary.fss:4380	Could not check call to operator CMP - ((RR64 & {Float, FloatLiteral, RR32}), RR64)->Comparison is not applicable to an argument of type (A, A). - ((TotalComparison & {LessThan, EqualTo, GreaterThan}), Unordered)->Comparison is not applicable to an argument of type (A, A). - ((ZZ & {BigNum}), ZZ)->TotalComparison is not applicable to an argument of type (A, A). - ((ZZ64 & {Long}), ZZ64)->TotalComparison is not applicable to an argument of type (A, A). - (EqualTo, TotalComparison)->TotalComparison is not applicable to an argument of type (A, A). - (GreaterThan, GreaterThan)->TotalComparison is not applicable to an argument of type (A, A). - (GreaterThan, TotalComparison)->TotalComparison is not applicable to an argument of type (A, A). - (IntLiteral, IntLiteral)->TotalComparison is not applicable to an argument of type (A, A). - (LessThan, LessThan)->TotalComparison is not applicable to an argument of type (A, A). - (LessThan, TotalComparison)->TotalComparison is not applicable to an argument of type (A, A). - (LexicographicOrder[\T,E\], T)->TotalComparison is not applicable to an argument of type (A, A). - (Range[\I\], Range[\I\])->Comparison is not applicable to an argument of type (A, A). - (StandardPartialOrder[\T\], T)->Comparison is not applicable to an argument of type (A, A). - (StandardTotalOrder[\T\], T)->TotalComparison is not applicable to an argument of type (A, A). - (String, String)->TotalComparison is not applicable to an argument of type (A, A). - [\A, B, C\]((A, B, C), (A, B, C))->Comparison is not applicable to an argument of type (A, A). - [\A, B\]((A, B), (A, B))->Comparison is not applicable to an argument of type (A, A).
typecheck	-	typecheck	FortressLibrary.fss:4368	Could not check call to operator CMP - ((RR64 & {Float, FloatLiteral, RR32}), RR64)->Comparison is not applicable to an argument of type (B, B). - ((TotalComparison & {LessThan, EqualTo, GreaterThan}), Unordered)->Comparison is not applicable to an argument of type (B, B). - ((ZZ & {BigNum}), ZZ)->TotalComparison is not applicable to an argument of type (B, B). - ((ZZ64 & {Long}), ZZ64)->TotalComparison is not applicable to an argument of type (B, B). - (EqualTo, TotalComparison)->TotalComparison is not applicable to an argument of type (B, B). - (GreaterThan, GreaterThan)->TotalComparison is not applicable to an argument of type (B, B). - (GreaterThan, TotalComparison)->TotalComparison is not applicable to an argument of type (B, B). - (IntLiteral, IntLiteral)->TotalComparison is not applicable to an argument of type (B, B). - (LessThan, LessThan)->TotalComparison is not applicable to an argument of type (B, B). - (LessThan, TotalComparison)->TotalComparison is not applicable to an argument of type (B, B). - (LexicographicOrder[\T,E\], T)->TotalComparison is not applicable to an argument of type (B, B). - (Range[\I\], Range[\I\])->Comparison is not applicable to an argument of type (B, B). - (StandardPartialOrder[\T\], T)->Comparison is not applicable to an argument of type (B, B). - (StandardTotalOrder[\T\], T)->TotalComparison is not applicable to an argument of type (B, B). - (String, String)->TotalComparison is not applicable to an argument of type (B, B). - [\A, B, C\]((A, B, C), (A, B, C))->Comparison is not applicable to an argument of type (B, B). - [\A, B\]((A, B), (A, B))->Comparison is not applicable to an argument of type (B, B).
typecheck	-	typecheck	FortressLibrary.fss:4368	Could not check call to operator CMP - ((RR64 & {Float, FloatLiteral, RR32}), RR64)->Comparison is not applicable to an argument of type (A, A). - ((TotalComparison & {LessThan, EqualTo, GreaterThan}), Unordered)->Comparison is not applicable to an argument of type (A, A). - ((ZZ & {BigNum}), ZZ)->TotalComparison is not applicable to an argument of type (A, A). - ((ZZ64 & {Long}), ZZ64)->TotalComparison is not applicable to an argument of type (A, A). - (EqualTo, TotalComparison)->TotalComparison is not applicable to an argument of type (A, A). - (GreaterThan, GreaterThan)->TotalComparison is not applicable to an argument of type (A, A). - (GreaterThan, TotalComparison)->TotalComparison is not applicable to an argument of type (A, A). - (IntLiteral, IntLiteral)->TotalComparison is not applicable to an argument of type (A, A). - (LessThan, LessThan)->TotalComparison is not applicable to an argument of type (A, A). - (LessThan, TotalComparison)->TotalComparison is not applicable to an argument of type (A, A). - (LexicographicOrder[\T,E\], T)->TotalComparison is not applicable to an argument of type (A, A). - (Range[\I\], Range[\I\])->Comparison is not applicable to an argument of type (A, A). - (StandardPartialOrder[\T\], T)->Comparison is not applicable to an argument of type (A, A). - (StandardTotalOrder[\T\], T)->TotalComparison is not applicable to an argument of type (A, A). - (String, String)->TotalComparison is not applicable to an argument of type (A, A). - [\A, B, C\]((A, B, C), (A, B, C))->Comparison is not applicable to an argument of type (A, A). - [\A, B\]((A, B), (A, B))->Comparison is not applicable to an argument of type (A, A).
typecheck	-	typecheck	FortressLibrary.fss:4358	Could not check call to operator CMP - ((RR64 & {Float, FloatLiteral, RR32}), RR64)->Comparison is not applicable to an argument of type (A, A). - ((TotalComparison & {LessThan, EqualTo, GreaterThan}), Unordered)->Comparison is not applicable to an argument of type (A, A). - ((ZZ & {BigNum}), ZZ)->TotalComparison is not applicable to an argument of type (A, A). - ((ZZ64 & {Long}), ZZ64)->TotalComparison is not applicable to an argument of type (A, A). - (EqualTo, TotalComparison)->TotalComparison is not applicable to an argument of type (A, A). - (GreaterThan, GreaterThan)->TotalComparison is not applicable to an argument of type (A, A). - (GreaterThan, TotalComparison)->TotalComparison is not applicable to an argument of type (A, A). - (IntLiteral, IntLiteral)->TotalComparison is not applicable to an argument of type (A, A). - (LessThan, LessThan)->TotalComparison is not applicable to an argument of type (A, A). - (LessThan, TotalComparison)->TotalComparison is not applicable to an argument of type (A, A). - (LexicographicOrder[\T,E\], T)->TotalComparison is not applicable to an argument of type (A, A). - (Range[\I\], Range[\I\])->Comparison is not applicable to an argument of type (A, A). - (StandardPartialOrder[\T\], T)->Comparison is not applicable to an argument of type (A, A). - (StandardTotalOrder[\T\], T)->TotalComparison is not applicable to an argument of type (A, A). - (String, String)->TotalComparison is not applicable to an argument of type (A, A). - [\A, B, C\]((A, B, C), (A, B, C))->Comparison is not applicable to an argument of type (A, A). - [\A, B\]((A, B), (A, B))->Comparison is not applicable to an argument of type (A, A).
typecheck	-	typecheck	FortressLibrary.fss:4348	Could not check call to operator CMP - ((RR64 & {Float, FloatLiteral, RR32}), RR64)->Comparison is not applicable to an argument of type (A, A). - ((TotalComparison & {LessThan, EqualTo, GreaterThan}), Unordered)->Comparison is not applicable to an argument of type (A, A). - ((ZZ & {BigNum}), ZZ)->TotalComparison is not applicable to an argument of type (A, A). - ((ZZ64 & {Long}), ZZ64)->TotalComparison is not applicable to an argument of type (A, A). - (EqualTo, TotalComparison)->TotalComparison is not applicable to an argument of type (A, A). - (GreaterThan, GreaterThan)->TotalComparison is not applicable to an argument of type (A, A). - (GreaterThan, TotalComparison)->TotalComparison is not applicable to an argument of type (A, A). - (IntLiteral, IntLiteral)->TotalComparison is not applicable to an argument of type (A, A). - (LessThan, LessThan)->TotalComparison is not applicable to an argument of type (A, A). - (LessThan, TotalComparison)->TotalComparison is not applicable to an argument of type (A, A). - (LexicographicOrder[\T,E\], T)->TotalComparison is not applicable to an argument of type (A, A). - (Range[\I\], Range[\I\])->Comparison is not applicable to an argument of type (A, A). - (StandardPartialOrder[\T\], T)->Comparison is not applicable to an argument of type (A, A). - (StandardTotalOrder[\T\], T)->TotalComparison is not applicable to an argument of type (A, A). - (String, String)->TotalComparison is not applicable to an argument of type (A, A). - [\A, B, C\]((A, B, C), (A, B, C))->Comparison is not applicable to an argument of type (A, A). - [\A, B\]((A, B), (A, B))->Comparison is not applicable to an argument of type (A, A).
typecheck	-	typecheck	FortressLibrary.fss:4338	Could not check call to operator CMP - ((RR64 & {Float, FloatLiteral, RR32}), RR64)->Comparison is not applicable to an argument of type (A, A). - ((TotalComparison & {LessThan, EqualTo, GreaterThan}), Unordered)->Comparison is not applicable to an argument of type (A, A). - ((ZZ & {BigNum}), ZZ)->TotalComparison is not applicable to an argument of type (A, A). - ((ZZ64 & {Long}), ZZ64)->TotalComparison is not applicable to an argument of type (A, A). - (EqualTo, TotalComparison)->TotalComparison is not applicable to an argument of type (A, A). - (GreaterThan, GreaterThan)->TotalComparison is not applicable to an argument of type (A, A). - (GreaterThan, TotalComparison)->TotalComparison is not applicable to an argument of type (A, A). - (IntLiteral, IntLiteral)->TotalComparison is not applicable to an argument of type (A, A). - (LessThan, LessThan)->TotalComparison is not applicable to an argument of type (A, A). - (LessThan, TotalComparison)->TotalComparison is not applicable to an argument of type (A, A). - (LexicographicOrder[\T,E\], T)->TotalComparison is not applicable to an argument of type (A, A). - (Range[\I\], Range[\I\])->Comparison is not applicable to an argument of type (A, A). - (StandardPartialOrder[\T\], T)->Comparison is not applicable to an argument of type (A, A). - (StandardTotalOrder[\T\], T)->TotalComparison is not applicable to an argument of type (A, A). - (String, String)->TotalComparison is not applicable to an argument of type (A, A). - [\A, B, C\]((A, B, C), (A, B, C))->Comparison is not applicable to an argument of type (A, A). - [\A, B\]((A, B), (A, B))->Comparison is not applicable to an argument of type (A, A).
typecheck	-	typecheck	FortressLibrary.fss:4328	Could not check call to operator CMP - ((RR64 & {Float, FloatLiteral, RR32}), RR64)->Comparison is not applicable to an argument of type (A, A). - ((TotalComparison & {LessThan, EqualTo, GreaterThan}), Unordered)->Comparison is not applicable to an argument of type (A, A). - ((ZZ & {BigNum}), ZZ)->TotalComparison is not applicable to an argument of type (A, A). - ((ZZ64 & {Long}), ZZ64)->TotalComparison is not applicable to an argument of type (A, A). - (EqualTo, TotalComparison)->TotalComparison is not applicable to an argument of type (A, A). - (GreaterThan, GreaterThan)->TotalComparison is not applicable to an argument of type (A, A). - (GreaterThan, TotalComparison)->TotalComparison is not applicable to an argument of type (A, A). - (IntLiteral, IntLiteral)->TotalComparison is not applicable to an argument of type (A, A). - (LessThan, LessThan)->TotalComparison is not applicable to an argument of type (A, A). - (LessThan, TotalComparison)->TotalComparison is not applicable to an argument of type (A, A). - (LexicographicOrder[\T,E\], T)->TotalComparison is not applicable to an argument of type (A, A). - (Range[\I\], Range[\I\])->Comparison is not applicable to an argument of type (A, A). - (StandardPartialOrder[\T\], T)->Comparison is not applicable to an argument of type (A, A). - (StandardTotalOrder[\T\], T)->TotalComparison is not applicable to an argument of type (A, A). - (String, String)->TotalComparison is not applicable to an argument of type (A, A). - [\A, B, C\]((A, B, C), (A, B, C))->Comparison is not applicable to an argument of type (A, A). - [\A, B\]((A, B), (A, B))->Comparison is not applicable to an argument of type (A, A).
typecheck	-	typecheck	FortressLibrary.fss:4249	Could not check call to function fail - Could not infer static argument T without context.
typecheck	-	typecheck	FortressLibrary.fss:4177	No such method String.reverse. FortressLibrary.fss:4177:35-4181:62: Possibly because (reduction?21, unit?22): (Reduction[\String\], Any->String) after argument inference
typecheck	-	typecheck	FortressLibrary.fss:4109	Any has no getter called asString
typecheck	-	typecheck	FortressLibrary.fss:4108	Any has no getter called asString
typecheck	-	typecheck	FortressLibrary.fss:4089	Could not check function application - BottomType->AnyMaybe is not applicable to an argument of type ZZ32. FortressLibrary.fss:4089:21-45: Possibly because i: ZZ32 after argument inference FortressLibrary.fss:4089:13-51: Possibly because (reduction?19, unit?20): (Reduction[\AnyMaybe\], BottomType->AnyMaybe) after argument inference
typecheck	-	typecheck	FortressLibrary.fss:4083	Could not check function application - BottomType->AnyMaybe is not applicable to an argument of type ZZ32. FortressLibrary.fss:4083:21-45: Possibly because i: ZZ32 after argument inference FortressLibrary.fss:4083:13-51: Possibly because (reduction?17, unit?18): (Reduction[\AnyMaybe\], BottomType->AnyMaybe) after argument inference
typecheck	-	typecheck	FortressLibrary.fss:4071	Could not check method invocation String._[_] - Range[\ZZ32\]->Indexed[\Char,ZZ32\] is not applicable to an argument of type LeftRange[\IntLiteral\]. - Range[\ZZ32\]->String is not applicable to an argument of type LeftRange[\IntLiteral\]. - Range[\ZZ32\]->ZeroIndexed[\Char\] is not applicable to an argument of type LeftRange[\IntLiteral\]. - TrivialOpenRange->Indexed[\Char,ZZ32\] is not applicable to an argument of type LeftRange[\IntLiteral\]. - TrivialOpenRange->ZeroIndexed[\Char\] is not applicable to an argument of type LeftRange[\IntLiteral\]. - ZZ32->Char is not applicable to an argument of type LeftRange[\IntLiteral\]. - ZZ32->Char is not applicable to an argument of type LeftRange[\IntLiteral\].
typecheck	-	typecheck	FortressLibrary.fss:4066	Could not check method invocation String.uncheckedSubstring - Range[\ZZ32\]->String is not applicable to an argument of type Indexed[\ZZ32,ZZ32\].
typecheck	-	typecheck	FortressLibrary.fss:4058	No such method String.get.
typecheck	-	typecheck	FortressLibrary.fss:4051	No such method String.get. FortressLibrary.fss:4051:20-45: Possibly because i: ZZ32 after argument inference FortressLibrary.fss:4051:9-77: Possibly because (reduction?15, unit?16): (Reduction[\TotalComparison\], TotalComparison->TotalComparison) after argument inference
typecheck	-	typecheck	FortressLibrary.fss:4048	No such method String.get. FortressLibrary.fss:4048:20-45: Possibly because i: ZZ32 after argument inference FortressLibrary.fss:4048:9-94: Possibly because (reduction?13, unit?14): (Reduction[\TotalComparison\], TotalComparison->TotalComparison) after argument inference
typecheck	-	typecheck	FortressLibrary.fss:4037	No such method String.get.
typecheck	-	typecheck	FortressLibrary.fss:4036	No such method String.get.
typecheck	-	typecheck	FortressLibrary.fss:3966	Could not check call to operator : - [\I extends AnyIntegral, J extends AnyIntegral, K extends AnyIntegral\]((I, J, K), (I, J, K))->RangeInternals.CompactFullRange3D[\I,J,K\] is not applicable to an argument of type (LeftRange[\I\], I). - [\I extends AnyIntegral, J extends AnyIntegral\]((I, J), (I, J))->RangeInternals.CompactFullRange2D[\I,J\] is not applicable to an argument of type (LeftRange[\I\], I). - [\I extends AnyIntegral\](I, I)->RangeInternals.CompactFullParScalarRange[\I\] is not applicable to an argument of type (LeftRange[\I\], I). - [\I\](Range[\I\], I)->Range[\I\] is not applicable to an argument of type (LeftRange[\I\], I).
typecheck	-	typecheck	FortressLibrary.fss:3964	Function body has type OpenRange[\(OR(ZZ32,I), OR(ZZ32,J), OR(ZZ32,K))\], but declared return type is OpenRange[\(I, J, K)\].
typecheck	-	typecheck	FortressLibrary.fss:3961	Function body has type OpenRange[\(OR(ZZ32,I), OR(ZZ32,J))\], but declared return type is OpenRange[\(I, J)\].
typecheck	-	typecheck	FortressLibrary.fss:3959	Could not check call to function open1Range - [\I extends AnyIntegral\](I, I)->OpenRange[\I\] is not applicable to an argument of type (ZZ32, I).
typecheck	-	typecheck	FortressLibrary.fss:3957	Could not check call to operator # - [\I extends AnyIntegral, J extends AnyIntegral, K extends AnyIntegral\](I, J, K)->LeftRange[\(I, J, K)\] is not applicable to an argument of type I. - [\I extends AnyIntegral, J extends AnyIntegral\](I, J)->LeftRange[\(I, J)\] is not applicable to an argument of type I. - [\I extends AnyIntegral\]I->LeftRange[\I\] is not applicable to an argument of type I.
typecheck	-	typecheck	FortressLibrary.fss:3946	Could not check call to function openRangeHelper - [\I extends Integral[\I\], J extends Integral[\J\], K extends Integral[\K\]\]()->(I, J, K)->RangeInternals.OpenRange3D[\I,J,K\] is not applicable to an argument of type ()->I. - [\I extends Integral[\I\], J extends Integral[\J\]\]()->(I, J)->RangeInternals.OpenRange2D[\I,J\] is not applicable to an argument of type ()->I. - [\I extends Integral[\I\]\]()->I->RangeInternals.OpenScalarRange[\I\] is not applicable to an argument of type ()->I.
typecheck	-	typecheck	FortressLibrary.fss:3935	Function body has type RightRange[\(OR(ZZ32,I), OR(ZZ32,J), OR(ZZ32,K))\], but declared return type is RightRange[\(I, J, K)\].
typecheck	-	typecheck	FortressLibrary.fss:3932	Function body has type RightRange[\(OR(ZZ32,I), OR(ZZ32,J))\], but declared return type is RightRange[\(I, J)\].
typecheck	-	typecheck	FortressLibrary.fss:3930	Could not check call to function right1Range - [\I extends AnyIntegral\](I, I)->RightRange[\I\] is not applicable to an argument of type (ZZ32, I).
typecheck	-	typecheck	FortressLibrary.fss:3928	Function body has type ExtentRange[\(OR(ZZ32,I), OR(ZZ32,J), OR(ZZ32,K))\], but declared return type is ExtentRange[\(I, J, K)\].
typecheck	-	typecheck	FortressLibrary.fss:3925	Function body has type ExtentRange[\(OR(ZZ32,I), OR(ZZ32,J))\], but declared return type is ExtentRange[\(I, J)\].
typecheck	-	typecheck	FortressLibrary.fss:3923	Could not check call to function extent1Range - [\I extends AnyIntegral\](I, I)->ExtentRange[\I\] is not applicable to an argument of type (ZZ32, I).
typecheck	-	typecheck	FortressLibrary.fss:3921	Could not check call to operator # - [\I extends AnyIntegral, J extends AnyIntegral, K extends AnyIntegral\](I, J, K)->LeftRange[\(I, J, K)\] is not applicable to an argument of type I. - [\I extends AnyIntegral, J extends AnyIntegral\](I, J)->LeftRange[\(I, J)\] is not applicable to an argument of type I. - [\I extends AnyIntegral\]I->LeftRange[\I\] is not applicable to an argument of type I.
typecheck	-	typecheck	FortressLibrary.fss:3916	Function body has type LeftRange[\(OR(ZZ32,I), OR(ZZ32,J), OR(ZZ32,K))\], but declared return type is LeftRange[\(I, J, K)\].
typecheck	-	typecheck	FortressLibrary.fss:3911	Function body has type LeftRange[\(OR(ZZ32,I), OR(ZZ32,J))\], but declared return type is LeftRange[\(I, J)\].
typecheck	-	typecheck	FortressLibrary.fss:3910	Could not check call to function left1Range - [\I extends AnyIntegral\](I, I)->LeftRange[\I\] is not applicable to an argument of type (ZZ32, I).
typecheck	-	typecheck	FortressLibrary.fss:3906	Could not check call to function bounded3Range - [\I extends Integral[\I\], J extends Integral[\J\], K extends Integral[\K\]\](I, J, K, I, J, K, I, J, K)->RangeInternals.CompactFullRange3D[\I,J,K\] is not applicable to an argument of type (ZZ32, ZZ32, ZZ32, I, J, K, I, J, K).
typecheck	-	typecheck	FortressLibrary.fss:3902	Could not check call to function bounded2Range - [\I extends Integral[\I\], J extends Integral[\J\]\](I, J, I, J, I, J)->RangeInternals.CompactFullRange2D[\I,J\] is not applicable to an argument of type (ZZ32, ZZ32, I, J, I, J).
typecheck	-	typecheck	FortressLibrary.fss:3899	Could not check call to function bounded1Range - [\I extends Integral[\I\]\](I, I, I)->RangeInternals.CompactFullParScalarRange[\I\] is not applicable to an argument of type (ZZ32, I, I).
typecheck	-	typecheck	FortressLibrary.fss:3895	Could not check call to function sized3Range - [\I extends Integral[\I\], J extends Integral[\J\], K extends Integral[\K\]\](I, J, K, I, J, K, I, J, K)->RangeInternals.CompactFullRange3D[\I,J,K\] is not applicable to an argument of type (ZZ32, ZZ32, ZZ32, I, J, K, I, J, K).
typecheck	-	typecheck	FortressLibrary.fss:3891	Could not check call to function sized2Range - [\I extends Integral[\I\], J extends Integral[\J\]\](I, J, I, J, I, J)->RangeInternals.CompactFullRange2D[\I,J\] is not applicable to an argument of type (ZZ32, ZZ32, I, J, I, J).
typecheck	-	typecheck	FortressLibrary.fss:3888	Could not check call to function sized1Range - [\I extends Integral[\I\]\](I, I, I)->RangeInternals.CompactFullParScalarRange[\I\] is not applicable to an argument of type (ZZ32, I, I).
typecheck	-	typecheck	FortressLibrary.fss:3879	Right-hand side has type AND((ZZ32, ZZ32, ZZ32),I), but left-hand side is a tuple of 3 variables.
typecheck	-	typecheck	FortressLibrary.fss:3878	Right-hand side has type AND((ZZ32, ZZ32),I), but left-hand side is a tuple of 2 variables.
typecheck	-	typecheck	FortressLibrary.fss:3877	Could not check call to operator - - ((NN64 & {UnsignedLong}), NN64)->NN64 is not applicable to an argument of type (I, AND(ZZ32,I)). - ((QQ & {Ratio}), QQ)->QQ is not applicable to an argument of type (I, AND(ZZ32,I)). - ((RR64 & {Float, FloatLiteral, RR32}), RR64)->RR64 is not applicable to an argument of type (I, AND(ZZ32,I)). - ((ZZ & {BigNum}), ZZ)->ZZ is not applicable to an argument of type (I, AND(ZZ32,I)). - ((ZZ32 & {Int, IntLiteral}), ZZ32)->ZZ32 is not applicable to an argument of type (I, AND(ZZ32,I)). - ((ZZ64 & {Long}), ZZ64)->ZZ64 is not applicable to an argument of type (I, AND(ZZ32,I)). - (AdditiveGroup[\T\], T)->T is not applicable to an argument of type (I, AND(ZZ32,I)). - (Integral[\I\], I)->I is not applicable to an argument of type (I, AND(ZZ32,I)). - (Matrix[\T,s0,s1\], Matrix[\T,s0,s1\])->Matrix[\T,s0,s1\] is not applicable to an argument of type (I, AND(ZZ32,I)). - (NN32, NN32)->NN32 is not applicable to an argument of type (I, AND(ZZ32,I)). - (Vector[\T,s0\], Vector[\T,s0\])->Vector[\T,s0\] is not applicable to an argument of type (I, AND(ZZ32,I)). - [\T extends Number, I\](Array[\T,I\], T)->Array[\T,I\] is not applicable to an argument of type (I, AND(ZZ32,I)). - [\T extends Number, I\](T, Array[\T,I\])->Array[\T,I\] is not applicable to an argument of type (I, AND(ZZ32,I)).
typecheck	-	typecheck	FortressLibrary.fss:3868	Could not check call to operator PCMP - [\I extends Integral[\I\], J extends Integral[\J\], K extends Integral[\K\]\]((I, J, K), (I, J, K))->Comparison is not applicable to an argument of type (I, I). - [\I extends Integral[\I\], J extends Integral[\J\]\]((I, J), (I, J))->Comparison is not applicable to an argument of type (I, I). - [\I extends Integral[\I\]\](I, I)->Comparison is not applicable to an argument of type (I, I).
typecheck	-	typecheck	FortressLibrary.fss:3867	Could not check call to operator PCMP - [\I extends Integral[\I\], J extends Integral[\J\], K extends Integral[\K\]\]((I, J, K), (I, J, K))->Comparison is not applicable to an argument of type (I, I). - [\I extends Integral[\I\], J extends Integral[\J\]\]((I, J), (I, J))->Comparison is not applicable to an argument of type (I, I). - [\I extends Integral[\I\]\](I, I)->Comparison is not applicable to an argument of type (I, I).
typecheck	-	typecheck	FortressLibrary.fss:3862	Could not check call to function fail - Could not infer static argument T without context.
typecheck	-	typecheck	FortressLibrary.fss:3857	Function body has type BoundedRange[\I\], but declared return type is FullRange[\I\].
typecheck	-	typecheck	FortressLibrary.fss:3840	Could not check call to function __cond - [\E, R\](Condition[\E\], E->R, ()->R)->R: FortressLibrary.fss:3842:22: Could not check call to operator PCMP - [\I extends Integral[\I\], J extends Integral[\J\], K extends Integral[\K\]\]((I, J, K), (I, J, K))->Comparison is not applicable to an argument of type (I, I). - [\I extends Integral[\I\], J extends Integral[\J\]\]((I, J), (I, J))->Comparison is not applicable to an argument of type (I, I). - [\I extends Integral[\I\]\](I, I)->Comparison is not applicable to an argument of type (I, I). FortressLibrary.fss:3840:12-31: Possibly because r: I after argument inference - [\E\](Condition[\E\], E->())->() is not applicable to any type of the form (Maybe[\I\], _->_, ()->OR(LessThan,Unordered)).
typecheck	-	typecheck	FortressLibrary.fss:3836	Function body has type I, but declared return type is Just[\I\].
typecheck	-	typecheck	FortressLibrary.fss:3815	Could not check call to function __cond - [\E, R\](Condition[\E\], E->R, ()->R)->R: FortressLibrary.fss:3817:22: Could not check call to operator PCMP - [\I extends Integral[\I\], J extends Integral[\J\], K extends Integral[\K\]\]((I, J, K), (I, J, K))->Comparison is not applicable to an argument of type (I, I). - [\I extends Integral[\I\], J extends Integral[\J\]\]((I, J), (I, J))->Comparison is not applicable to an argument of type (I, I). - [\I extends Integral[\I\]\](I, I)->Comparison is not applicable to an argument of type (I, I). FortressLibrary.fss:3815:12-30: Possibly because l: I after argument inference - [\E\](Condition[\E\], E->())->() is not applicable to any type of the form (Maybe[\I\], _->_, ()->OR(LessThan,Unordered)).
typecheck	-	typecheck	FortressLibrary.fss:3782	Could not check call to function __cond - [\E, R\](Condition[\E\], E->R, ()->R)->R: FortressLibrary.fss:3783:15-28: Could not check call to operator PCMP - [\I extends Integral[\I\], J extends Integral[\J\], K extends Integral[\K\]\]((I, J, K), (I, J, K))->Comparison is not applicable to an argument of type (I, I). - [\I extends Integral[\I\], J extends Integral[\J\]\]((I, J), (I, J))->Comparison is not applicable to an argument of type (I, I). - [\I extends Integral[\I\]\](I, I)->Comparison is not applicable to an argument of type (I, I). FortressLibrary.fss:3782:12-34: Possibly because ext: I after argument inference - [\E\](Condition[\E\], E->())->() is not applicable to any type of the form (Maybe[\I\], _->_, ()->OR(LessThan,Unordered)).
typecheck	-	typecheck	FortressLibrary.fss:3765	Could not check call to operator # - [\I extends AnyIntegral, J extends AnyIntegral, K extends AnyIntegral\](I, J, K)->ExtentRange[\(I, J, K)\] is not applicable to an argument of type Any. - [\I extends AnyIntegral, J extends AnyIntegral\](I, J)->ExtentRange[\(I, J)\] is not applicable to an argument of type Any. - [\I extends AnyIntegral\]I->ExtentRange[\I\] is not applicable to an argument of type Any.
typecheck	-	typecheck	FortressLibrary.fss:3764	Could not check call to operator :: - [\I extends AnyIntegral, J extends AnyIntegral, K extends AnyIntegral\](I, J, K)->OpenRange[\(I, J, K)\] is not applicable to an argument of type Any. - [\I extends AnyIntegral, J extends AnyIntegral\](I, J)->OpenRange[\(I, J)\] is not applicable to an argument of type Any. - [\I extends AnyIntegral\]I->OpenRange[\I\] is not applicable to an argument of type Any.
typecheck	-	typecheck	FortressLibrary.fss:3763	Could not check call to operator :: - [\I extends AnyIntegral, J extends AnyIntegral, K extends AnyIntegral\](I, J, K)->OpenRange[\(I, J, K)\] is not applicable to an argument of type Any. - [\I extends AnyIntegral, J extends AnyIntegral\](I, J)->OpenRange[\(I, J)\] is not applicable to an argument of type Any. - [\I extends AnyIntegral\]I->OpenRange[\I\] is not applicable to an argument of type Any.
typecheck	-	typecheck	FortressLibrary.fss:3760	Could not check call to operator : - [\I extends AnyIntegral, J extends AnyIntegral, K extends AnyIntegral\](I, J, K)->RightRange[\(I, J, K)\] is not applicable to an argument of type Any. - [\I extends AnyIntegral, J extends AnyIntegral\](I, J)->RightRange[\(I, J)\] is not applicable to an argument of type Any. - [\I extends AnyIntegral\]I->RightRange[\I\] is not applicable to an argument of type Any.
typecheck	-	typecheck	FortressLibrary.fss:3759	Could not check call to operator # - [\I extends AnyIntegral, J extends AnyIntegral, K extends AnyIntegral\](I, J, K)->LeftRange[\(I, J, K)\] is not applicable to an argument of type Any. - [\I extends AnyIntegral, J extends AnyIntegral\](I, J)->LeftRange[\(I, J)\] is not applicable to an argument of type Any. - [\I extends AnyIntegral\]I->LeftRange[\I\] is not applicable to an argument of type Any.
typecheck	-	typecheck	FortressLibrary.fss:3746	Function body has type Range[\I\], but declared return type is OpenRange[\I\].
typecheck	-	typecheck	FortressLibrary.fss:3729	Could not check call to operator SCMP - [\I extends Integral[\I\], J extends Integral[\J\], K extends Integral[\K\]\]((I, J, K), (I, J, K))->Comparison is not applicable to an argument of type (I, I). - [\I extends Integral[\I\], J extends Integral[\J\]\]((I, J), (I, J))->Comparison is not applicable to an argument of type (I, I). - [\I extends Integral[\I\]\](I, I)->Comparison is not applicable to an argument of type (I, I).
typecheck	-	typecheck	FortressLibrary.fss:3699	Function body has type Range[\I\], but declared return type is RangeWithRight[\I\].
typecheck	-	typecheck	FortressLibrary.fss:3669	Could not check call to operator |_| - (NN64 & {UnsignedLong})->NN64 is not applicable to an argument of type Generator[\E\]. - (PairGenerator[\E,F\] & {SimplePairGenerator[\E,F\], SimplePairSeqGenerator[\E,F\]})->ZZ32 is not applicable to an argument of type Generator[\E\]. - (QQ & {Ratio})->QQ is not applicable to an argument of type Generator[\E\]. - (RR64 & {Float, FloatLiteral, RR32})->RR64 is not applicable to an argument of type Generator[\E\]. - (ReadableArray1[\T,b0,s0\] & {ImmutableArray1[\T,b0,s0\], Array1[\T,b0,s0\]})->ZZ32 is not applicable to an argument of type Generator[\E\]. - (ZZ & {BigNum})->ZZ is not applicable to an argument of type Generator[\E\]. - (ZZ32 & {Int, IntLiteral})->ZZ32 is not applicable to an argument of type Generator[\E\]. - (ZZ64 & {Long})->ZZ64 is not applicable to an argument of type Generator[\E\]. - Array2[\T,b0,s0,b1,s1\]->ZZ32 is not applicable to an argument of type Generator[\E\]. - Array3[\T,b0,s0,b1,s1,b2,s2\]->ZZ32 is not applicable to an argument of type Generator[\E\]. - Char->ZZ32 is not applicable to an argument of type Generator[\E\]. - CompactFullRange[\I\]->ZZ32 is not applicable to an argument of type Generator[\E\]. - Condition[\E\]->ZZ32 is not applicable to an argument of type Generator[\E\]. - DefaultZip[\E,F\]->ZZ32 is not applicable to an argument of type Generator[\E\]. - DelegatedIndexed[\E,I\]->ZZ32 is not applicable to an argument of type Generator[\E\]. - Indexed[\E,I\]->ZZ32 is not applicable to an argument of type Generator[\E\]. - Just[\T\]->ZZ32 is not applicable to an argument of type Generator[\E\]. - NN32->NN32 is not applicable to an argument of type Generator[\E\]. - NaiveSeqGenerator[\E\]->ZZ32 is not applicable to an argument of type Generator[\E\]. - NotUnique[\T\]->ZZ32 is not applicable to an argument of type Generator[\E\]. - Nothing[\T\]->ZZ32 is not applicable to an argument of type Generator[\E\]. - RangeInternals.FullRange2D[\I,J\]->ZZ32 is not applicable to an argument of type Generator[\E\]. - RangeInternals.FullRange3D[\I,J,K\]->ZZ32 is not applicable to an argument of type Generator[\E\]. - ReversedIndexed[\E,I\]->ZZ32 is not applicable to an argument of type Generator[\E\]. - SimpleMappedIndexed[\E,F,I\]->ZZ32 is not applicable to an argument of type Generator[\E\]. - String->ZZ32 is not applicable to an argument of type Generator[\E\].
typecheck	-	typecheck	FortressLibrary.fss:3667	Could not check call to operator |_| - (NN64 & {UnsignedLong})->NN64 is not applicable to an argument of type Generator[\E\]. - (PairGenerator[\E,F\] & {SimplePairGenerator[\E,F\], SimplePairSeqGenerator[\E,F\]})->ZZ32 is not applicable to an argument of type Generator[\E\]. - (QQ & {Ratio})->QQ is not applicable to an argument of type Generator[\E\]. - (RR64 & {Float, FloatLiteral, RR32})->RR64 is not applicable to an argument of type Generator[\E\]. - (ReadableArray1[\T,b0,s0\] & {ImmutableArray1[\T,b0,s0\], Array1[\T,b0,s0\]})->ZZ32 is not applicable to an argument of type Generator[\E\]. - (ZZ & {BigNum})->ZZ is not applicable to an argument of type Generator[\E\]. - (ZZ32 & {Int, IntLiteral})->ZZ32 is not applicable to an argument of type Generator[\E\]. - (ZZ64 & {Long})->ZZ64 is not applicable to an argument of type Generator[\E\]. - Array2[\T,b0,s0,b1,s1\]->ZZ32 is not applicable to an argument of type Generator[\E\]. - Array3[\T,b0,s0,b1,s1,b2,s2\]->ZZ32 is not applicable to an argument of type Generator[\E\]. - Char->ZZ32 is not applicable to an argument of type Generator[\E\]. - CompactFullRange[\I\]->ZZ32 is not applicable to an argument of type Generator[\E\]. - Condition[\E\]->ZZ32 is not applicable to an argument of type Generator[\E\]. - DefaultZip[\E,F\]->ZZ32 is not applicable to an argument of type Generator[\E\]. - DelegatedIndexed[\E,I\]->ZZ32 is not applicable to an argument of type Generator[\E\]. - Indexed[\E,I\]->ZZ32 is not applicable to an argument of type Generator[\E\]. - Just[\T\]->ZZ32 is not applicable to an argument of type Generator[\E\]. - NN32->NN32 is not applicable to an argument of type Generator[\E\]. - NaiveSeqGenerator[\E\]->ZZ32 is not applicable to an argument of type Generator[\E\]. - NotUnique[\T\]->ZZ32 is not applicable to an argument of type Generator[\E\]. - Nothing[\T\]->ZZ32 is not applicable to an argument of type Generator[\E\]. - RangeInternals.FullRange2D[\I,J\]->ZZ32 is not applicable to an argument of type Generator[\E\]. - RangeInternals.FullRange3D[\I,J,K\]->ZZ32 is not applicable to an argument of type Generator[\E\]. - ReversedIndexed[\E,I\]->ZZ32 is not applicable to an argument of type Generator[\E\]. - SimpleMappedIndexed[\E,F,I\]->ZZ32 is not applicable to an argument of type Generator[\E\]. - String->ZZ32 is not applicable to an argument of type Generator[\E\].
typecheck	-	typecheck	FortressLibrary.fss:3600	Function body has type SimplePairSeqGenerator[\E,F\], but declared return type is SequentialGenerator[\E\].
typecheck	-	typecheck	FortressLibrary.fss:3589	Could not check call to operator |_| - (NN64 & {UnsignedLong})->NN64 is not applicable to an argument of type Generator[\F\]. - (PairGenerator[\E,F\] & {SimplePairGenerator[\E,F\], SimplePairSeqGenerator[\E,F\]})->ZZ32 is not applicable to an argument of type Generator[\F\]. - (QQ & {Ratio})->QQ is not applicable to an argument of type Generator[\F\]. - (RR64 & {Float, FloatLiteral, RR32})->RR64 is not applicable to an argument of type Generator[\F\]. - (ReadableArray1[\T,b0,s0\] & {ImmutableArray1[\T,b0,s0\], Array1[\T,b0,s0\]})->ZZ32 is not applicable to an argument of type Generator[\F\]. - (ZZ & {BigNum})->ZZ is not applicable to an argument of type Generator[\F\]. - (ZZ32 & {Int, IntLiteral})->ZZ32 is not applicable to an argument of type Generator[\F\]. - (ZZ64 & {Long})->ZZ64 is not applicable to an argument of type Generator[\F\]. - Array2[\T,b0,s0,b1,s1\]->ZZ32 is not applicable to an argument of type Generator[\F\]. - Array3[\T,b0,s0,b1,s1,b2,s2\]->ZZ32 is not applicable to an argument of type Generator[\F\]. - Char->ZZ32 is not applicable to an argument of type Generator[\F\]. - CompactFullRange[\I\]->ZZ32 is not applicable to an argument of type Generator[\F\]. - Condition[\E\]->ZZ32 is not applicable to an argument of type Generator[\F\]. - DefaultZip[\E,F\]->ZZ32 is not applicable to an argument of type Generator[\F\]. - DelegatedIndexed[\E,I\]->ZZ32 is not applicable to an argument of type Generator[\F\]. - Indexed[\E,I\]->ZZ32 is not applicable to an argument of type Generator[\F\]. - Just[\T\]->ZZ32 is not applicable to an argument of type Generator[\F\]. - NN32->NN32 is not applicable to an argument of type Generator[\F\]. - NaiveSeqGenerator[\E\]->ZZ32 is not applicable to an argument of type Generator[\F\]. - NotUnique[\T\]->ZZ32 is not applicable to an argument of type Generator[\F\]. - Nothing[\T\]->ZZ32 is not applicable to an argument of type Generator[\F\]. - RangeInternals.FullRange2D[\I,J\]->ZZ32 is not applicable to an argument of type Generator[\F\]. - RangeInternals.FullRange3D[\I,J,K\]->ZZ32 is not applicable to an argument of type Generator[\F\]. - ReversedIndexed[\E,I\]->ZZ32 is not applicable to an argument of type Generator[\F\]. - SimpleMappedIndexed[\E,F,I\]->ZZ32 is not applicable to an argument of type Generator[\F\]. - String->ZZ32 is not applicable to an argument of type Generator[\F\].
typecheck	-	typecheck	FortressLibrary.fss:3589	Could not check call to operator |_| - (NN64 & {UnsignedLong})->NN64 is not applicable to an argument of type Generator[\E\]. - (PairGenerator[\E,F\] & {SimplePairGenerator[\E,F\], SimplePairSeqGenerator[\E,F\]})->ZZ32 is not applicable to an argument of type Generator[\E\]. - (QQ & {Ratio})->QQ is not applicable to an argument of type Generator[\E\]. - (RR64 & {Float, FloatLiteral, RR32})->RR64 is not applicable to an argument of type Generator[\E\]. - (ReadableArray1[\T,b0,s0\] & {ImmutableArray1[\T,b0,s0\], Array1[\T,b0,s0\]})->ZZ32 is not applicable to an argument of type Generator[\E\]. - (ZZ & {BigNum})->ZZ is not applicable to an argument of type Generator[\E\]. - (ZZ32 & {Int, IntLiteral})->ZZ32 is not applicable to an argument of type Generator[\E\]. - (ZZ64 & {Long})->ZZ64 is not applicable to an argument of type Generator[\E\]. - Array2[\T,b0,s0,b1,s1\]->ZZ32 is not applicable to an argument of type Generator[\E\]. - Array3[\T,b0,s0,b1,s1,b2,s2\]->ZZ32 is not applicable to an argument of type Generator[\E\]. - Char->ZZ32 is not applicable to an argument of type Generator[\E\]. - CompactFullRange[\I\]->ZZ32 is not applicable to an argument of type Generator[\E\]. - Condition[\E\]->ZZ32 is not applicable to an argument of type Generator[\E\]. - DefaultZip[\E,F\]->ZZ32 is not applicable to an argument of type Generator[\E\]. - DelegatedIndexed[\E,I\]->ZZ32 is not applicable to an argument of type Generator[\E\]. - Indexed[\E,I\]->ZZ32 is not applicable to an argument of type Generator[\E\]. - Just[\T\]->ZZ32 is not applicable to an argument of type Generator[\E\]. - NN32->NN32 is not applicable to an argument of type Generator[\E\]. - NaiveSeqGenerator[\E\]->ZZ32 is not applicable to an argument of type Generator[\E\]. - NotUnique[\T\]->ZZ32 is not applicable to an argument of type Generator[\E\]. - Nothing[\T\]->ZZ32 is not applicable to an argument of type Generator[\E\]. - RangeInternals.FullRange2D[\I,J\]->ZZ32 is not applicable to an argument of type Generator[\E\]. - RangeInternals.FullRange3D[\I,J,K\]->ZZ32 is not applicable to an argument of type Generator[\E\]. - ReversedIndexed[\E,I\]->ZZ32 is not applicable to an argument of type Generator[\E\]. - SimpleMappedIndexed[\E,F,I\]->ZZ32 is not applicable to an argument of type Generator[\E\]. - String->ZZ32 is not applicable to an argument of type Generator[\E\].
typecheck	-	typecheck	FortressLibrary.fss:3562	Function body has type SimpleNestedSeqGenerator[\E,F\], but declared return type is SequentialGenerator[\E\].
typecheck	-	typecheck	FortressLibrary.fss:3538	No such method NestedGenerator[\E,F\].f.
typecheck	-	typecheck	FortressLibrary.fss:3514	Could not check call to function SimpleFilterGenerator - [\E\](Generator[\E\], E->Condition[\()\])->SimpleFilterGenerator[\E\] is not applicable to an argument of type (Generator[\E\], BottomType->Condition[\()\]).
typecheck	-	typecheck	FortressLibrary.fss:3493	Could not check call to function SimpleMappedIndexed - [\E, G, I\](Indexed[\E,I\], E->G)->SimpleMappedIndexed[\E,G,I\] is not applicable to an argument of type (Indexed[\E,I\], BottomType->G).
typecheck	-	typecheck	FortressLibrary.fss:3491	Could not check call to operator juxtaposition - ((NN64 & {UnsignedLong}), NN64)->NN64 is not applicable to an argument of type (Indexed[\E,I\], ()). - ((QQ & {Ratio}), QQ)->QQ is not applicable to an argument of type (Indexed[\E,I\], ()). - ((RR64 & {Float, FloatLiteral, RR32}), RR64)->RR64 is not applicable to an argument of type (Indexed[\E,I\], ()). - ((ZZ & {BigNum}), ZZ)->ZZ is not applicable to an argument of type (Indexed[\E,I\], ()). - ((ZZ32 & {Int, IntLiteral}), ZZ32)->ZZ32 is not applicable to an argument of type (Indexed[\E,I\], ()). - ((ZZ64 & {Long}), ZZ64)->ZZ64 is not applicable to an argument of type (Indexed[\E,I\], ()). - (Any, String)->String is not applicable to an argument of type (Indexed[\E,I\], ()). - (Integral[\I\], I)->I is not applicable to an argument of type (Indexed[\E,I\], ()). - (MultiplicativeRing[\T\], T)->T is not applicable to an argument of type (Indexed[\E,I\], ()). - (NN32, NN32)->NN32 is not applicable to an argument of type (Indexed[\E,I\], ()). - (String, Any)->String is not applicable to an argument of type (Indexed[\E,I\], ()). - (String, String)->String is not applicable to an argument of type (Indexed[\E,I\], ()). - [\T extends Number, nat n, nat m, nat p\](Matrix[\T,n,m\], Matrix[\T,m,p\])->Matrix[\T,n,p\] is not applicable to an argument of type (Indexed[\E,I\], ()). - [\T extends Number, nat n, nat m\](Matrix[\T,n,m\], T)->Matrix[\T,n,m\] is not applicable to an argument of type (Indexed[\E,I\], ()). - [\T extends Number, nat n, nat m\](Matrix[\T,n,m\], Vector[\T,m\])->Vector[\T,n\] is not applicable to an argument of type (Indexed[\E,I\], ()). - [\T extends Number, nat n, nat m\](T, Matrix[\T,n,m\])->Matrix[\T,n,m\] is not applicable to an argument of type (Indexed[\E,I\], ()). - [\T extends Number, nat n, nat m\](Vector[\T,n\], Matrix[\T,n,m\])->Vector[\T,m\] is not applicable to an argument of type (Indexed[\E,I\], ()). - [\T extends Number, nat n\](T, Vector[\T,n\])->Vector[\T,n\] is not applicable to an argument of type (Indexed[\E,I\], ()). - [\T extends Number, nat n\](Vector[\T,n\], T)->Vector[\T,n\] is not applicable to an argument of type (Indexed[\E,I\], ()). - [\T extends Number, nat n\](Vector[\T,n\], Vector[\T,n\])->T is not applicable to an argument of type (Indexed[\E,I\], ()).
typecheck	-	typecheck	FortressLibrary.fss:3466	Could not check call to function SimpleMappedGenerator - [\E, G\](Generator[\E\], E->G)->SimpleMappedGenerator[\E,G\] is not applicable to an argument of type (Generator[\E\], BottomType->G).
typecheck	-	typecheck	FortressLibrary.fss:3462	Could not check method invocation Generator[\E\].generate - [\R\](Reduction[\R\], E->R)->R is not applicable to an argument of type (Reduction[\R\], BottomType->R).
typecheck	-	typecheck	FortressLibrary.fss:3448	Could not check call to function Comprehension - [\T, T, Any, Any\](Any->T, ActualReduction[\Any,Any\], T->Any)->Comprehension[\T,T,Any,Any\] is not applicable to any type of the form (_->_, MIMapReduceReduction[\T\], _->_).
typecheck	-	typecheck	FortressLibrary.fss:3435	Function body has type Any, but declared return type is R.
typecheck	-	typecheck	FortressLibrary.fss:3399	Function body has type String, but declared return type is Comprehension[\Any,String,String,String\].
typecheck	-	typecheck	FortressLibrary.fss:3324	Function body has type Boolean, but declared return type is BigReduction[\Boolean,Boolean\].
typecheck	-	typecheck	FortressLibrary.fss:3293	Function body has type OR((T, (U, U)),(T, U)), but declared return type is (T, U).
typecheck	-	typecheck	FortressLibrary.fss:3273	Function body has type OR((T, (U, U)),(T, U)), but declared return type is (T, U).
typecheck	-	typecheck	FortressLibrary.fss:3253	Function body has type OR((T, (U, U)),(T, U)), but declared return type is (T, U).
typecheck	-	typecheck	FortressLibrary.fss:3233	Function body has type OR((T, (U, U)),(T, U)), but declared return type is (T, U).
typecheck	-	typecheck	FortressLibrary.fss:3224	Function body has type RR64, but declared return type is BigReduction[\RR64,RR64\].
typecheck	-	typecheck	FortressLibrary.fss:3217	Function body has type RR64, but declared return type is BigReduction[\RR64,RR64\].
typecheck	-	typecheck	FortressLibrary.fss:3210	Could not check call to function __bigOperatorSugar - [\T, (T, T), (T, T), AnyMaybe\](BigOperator[\T,(T, T),(T, T),AnyMaybe\], Generator[\T\])->(T, T) is not applicable to an argument of type (Comprehension[\T,AnyMaybe,AnyMaybe,AnyMaybe\], Generator[\T\]).
typecheck	-	typecheck	FortressLibrary.fss:3208	Could not check call to function Comprehension - [\T, AnyMaybe, AnyMaybe, AnyMaybe\](AnyMaybe->AnyMaybe, ActualReduction[\AnyMaybe,AnyMaybe\], T->AnyMaybe)->Comprehension[\T,AnyMaybe,AnyMaybe,AnyMaybe\] is not applicable to any type of the form (_->_, MinMaxReduction[\T\], _->_).
typecheck	-	typecheck	FortressLibrary.fss:3200	Function body has type ((T, T), (T, T)), but declared return type is (T, T).
typecheck	-	typecheck	FortressLibrary.fss:3196	Function body has type T, but declared return type is (T, T).
typecheck	-	typecheck	FortressLibrary.fss:3187	Function body has type T, but declared return type is BigReduction[\T,AnyMaybe\].
typecheck	-	typecheck	FortressLibrary.fss:3121	Function body has type OR(IntLiteral,T), but declared return type is T.
typecheck	-	typecheck	FortressLibrary.fss:3108	Function body has type OR(IntLiteral,T), but declared return type is T.
typecheck	-	typecheck	FortressLibrary.fss:3061	Function body has type Any, but declared return type is R.
typecheck	-	typecheck	FortressLibrary.fss:3043	Could not check call to function __cond - [\E, R\](Condition[\E\], E->R, ()->R)->R is not applicable to any type of the form (AnyMaybe, _->_, ()->BottomType). - [\E\](Condition[\E\], E->())->() is not applicable to any type of the form (AnyMaybe, _->_, ()->BottomType).
typecheck	-	typecheck	FortressLibrary.fss:3032	Could not check call to function __cond - [\E, R\](Condition[\E\], E->R, ()->R)->R is not applicable to any type of the form (AnyMaybe, _->_, ()->Nothing[\R\]). - [\E\](Condition[\E\], E->())->() is not applicable to any type of the form (AnyMaybe, _->_, ()->Nothing[\R\]).
typecheck	-	typecheck	FortressLibrary.fss:3030	Could not check call to function Just - [\T\]T->Just[\T\] is not applicable to an argument of type R.
typecheck	-	typecheck	FortressLibrary.fss:3018	Could not check call to function __cond - [\E, R\](Condition[\E\], E->R, ()->R)->R is not applicable to any type of the form (AnyMaybe, _->_, ()->BottomType). - [\E\](Condition[\E\], E->())->() is not applicable to any type of the form (AnyMaybe, _->_, ()->BottomType).
typecheck	-	typecheck	FortressLibrary.fss:3006	Could not check call to function __cond - [\E, R\](Condition[\E\], E->R, ()->R)->R is not applicable to any type of the form (AnyMaybe, _->_, ()->AnyMaybe). - [\E\](Condition[\E\], E->())->() is not applicable to any type of the form (AnyMaybe, _->_, ()->AnyMaybe).
typecheck	-	typecheck	FortressLibrary.fss:2927	Could not check method invocation Array3[\T,0,s0,0,s1,0,s2\].fill - (ZZ32, ZZ32, ZZ32)->T->Array3[\T,0,s0,0,s1,0,s2\] is not applicable to an argument of type (ZZ32, ZZ32)->T. - (ZZ32, ZZ32, ZZ32)->T->Array[\T,(ZZ32, ZZ32, ZZ32)\] is not applicable to an argument of type (ZZ32, ZZ32)->T. - (ZZ32, ZZ32, ZZ32)->T->ReadableArray[\T,(ZZ32, ZZ32, ZZ32)\] is not applicable to an argument of type (ZZ32, ZZ32)->T. - T->Array3[\T,0,s0,0,s1,0,s2\] is not applicable to an argument of type (ZZ32, ZZ32)->T. - T->Array[\T,(ZZ32, ZZ32, ZZ32)\] is not applicable to an argument of type (ZZ32, ZZ32)->T. - T->ReadableArray[\T,(ZZ32, ZZ32, ZZ32)\] is not applicable to an argument of type (ZZ32, ZZ32)->T.
typecheck	-	typecheck	FortressLibrary.fss:2718	Function body has type Array[\T,(ZZ32, ZZ32)\], but declared return type is Matrix[\T,s0,s1\].
typecheck	-	typecheck	FortressLibrary.fss:2718	Function body has type OR(IntLiteral,T), but declared return type is T.
typecheck	-	typecheck	FortressLibrary.fss:2708	Function body has type Array[\T,(ZZ32, ZZ32)\], but declared return type is Array2[\T,0,s0,0,s1\].
typecheck	-	typecheck	FortressLibrary.fss:2694	Function body has type OR(__DefaultArray2[\T,b0,s0,b1,s1\],Array2[\T,0,s0,0,s1\]), but declared return type is Array2[\T,b0,s0,b1,s1\].
typecheck	-	typecheck	FortressLibrary.fss:2683	No such method Matrix[\T,s1,s0\].negate.
typecheck	-	typecheck	FortressLibrary.fss:2682	No such method Matrix[\T,s1,s0\].subtract.
typecheck	-	typecheck	FortressLibrary.fss:2681	No such method Matrix[\T,s1,s0\].add.
typecheck	-	typecheck	FortressLibrary.fss:2656	Function body has type Array1[\T,0,s1\], but declared return type is Vector[\T,s1\].
typecheck	-	typecheck	FortressLibrary.fss:2658	Could not check call to operator juxtaposition - ((NN64 & {UnsignedLong}), NN64)->NN64 is not applicable to an argument of type (T, T). - ((QQ & {Ratio}), QQ)->QQ is not applicable to an argument of type (T, T). - ((RR64 & {Float, FloatLiteral, RR32}), RR64)->RR64 is not applicable to an argument of type (T, T). - ((ZZ & {BigNum}), ZZ)->ZZ is not applicable to an argument of type (T, T). - ((ZZ32 & {Int, IntLiteral}), ZZ32)->ZZ32 is not applicable to an argument of type (T, T). - ((ZZ64 & {Long}), ZZ64)->ZZ64 is not applicable to an argument of type (T, T). - (Any, String)->String is not applicable to an argument of type (T, T). - (Integral[\I\], I)->I is not applicable to an argument of type (T, T). - (MultiplicativeRing[\T\], T)->T is not applicable to an argument of type (T, T). - (NN32, NN32)->NN32 is not applicable to an argument of type (T, T). - (String, Any)->String is not applicable to an argument of type (T, T). - (String, String)->String is not applicable to an argument of type (T, T). - [\T extends Number, nat n, nat m, nat p\](Matrix[\T,n,m\], Matrix[\T,m,p\])->Matrix[\T,n,p\] is not applicable to an argument of type (T, T). - [\T extends Number, nat n, nat m\](Matrix[\T,n,m\], T)->Matrix[\T,n,m\] is not applicable to an argument of type (T, T). - [\T extends Number, nat n, nat m\](Matrix[\T,n,m\], Vector[\T,m\])->Vector[\T,n\] is not applicable to an argument of type (T, T). - [\T extends Number, nat n, nat m\](T, Matrix[\T,n,m\])->Matrix[\T,n,m\] is not applicable to an argument of type (T, T). - [\T extends Number, nat n, nat m\](Vector[\T,n\], Matrix[\T,n,m\])->Vector[\T,m\] is not applicable to an argument of type (T, T). - [\T extends Number, nat n\](T, Vector[\T,n\])->Vector[\T,n\] is not applicable to an argument of type (T, T). - [\T extends Number, nat n\](Vector[\T,n\], T)->Vector[\T,n\] is not applicable to an argument of type (T, T). - [\T extends Number, nat n\](Vector[\T,n\], Vector[\T,n\])->T is not applicable to an argument of type (T, T). FortressLibrary.fss:2658:22-46: Possibly because (j, v_j): (ZZ32, T) after argument inference FortressLibrary.fss:2658:13-61: Possibly because (reduction?11, unit?12): (Reduction[\T\], T->T) after argument inference
typecheck	-	typecheck	FortressLibrary.fss:2651	Function body has type Array[\T,ZZ32\], but declared return type is Vector[\T,s0\].
typecheck	-	typecheck	FortressLibrary.fss:2653	Could not check call to operator juxtaposition - ((NN64 & {UnsignedLong}), NN64)->NN64 is not applicable to an argument of type (T, T). - ((QQ & {Ratio}), QQ)->QQ is not applicable to an argument of type (T, T). - ((RR64 & {Float, FloatLiteral, RR32}), RR64)->RR64 is not applicable to an argument of type (T, T). - ((ZZ & {BigNum}), ZZ)->ZZ is not applicable to an argument of type (T, T). - ((ZZ32 & {Int, IntLiteral}), ZZ32)->ZZ32 is not applicable to an argument of type (T, T). - ((ZZ64 & {Long}), ZZ64)->ZZ64 is not applicable to an argument of type (T, T). - (Any, String)->String is not applicable to an argument of type (T, T). - (Integral[\I\], I)->I is not applicable to an argument of type (T, T). - (MultiplicativeRing[\T\], T)->T is not applicable to an argument of type (T, T). - (NN32, NN32)->NN32 is not applicable to an argument of type (T, T). - (String, Any)->String is not applicable to an argument of type (T, T). - (String, String)->String is not applicable to an argument of type (T, T). - [\T extends Number, nat n, nat m, nat p\](Matrix[\T,n,m\], Matrix[\T,m,p\])->Matrix[\T,n,p\] is not applicable to an argument of type (T, T). - [\T extends Number, nat n, nat m\](Matrix[\T,n,m\], T)->Matrix[\T,n,m\] is not applicable to an argument of type (T, T). - [\T extends Number, nat n, nat m\](Matrix[\T,n,m\], Vector[\T,m\])->Vector[\T,n\] is not applicable to an argument of type (T, T). - [\T extends Number, nat n, nat m\](T, Matrix[\T,n,m\])->Matrix[\T,n,m\] is not applicable to an argument of type (T, T). - [\T extends Number, nat n, nat m\](Vector[\T,n\], Matrix[\T,n,m\])->Vector[\T,m\] is not applicable to an argument of type (T, T). - [\T extends Number, nat n\](T, Vector[\T,n\])->Vector[\T,n\] is not applicable to an argument of type (T, T). - [\T extends Number, nat n\](Vector[\T,n\], T)->Vector[\T,n\] is not applicable to an argument of type (T, T). - [\T extends Number, nat n\](Vector[\T,n\], Vector[\T,n\])->T is not applicable to an argument of type (T, T). FortressLibrary.fss:2653:22-46: Possibly because (j, v_j): (ZZ32, T) after argument inference FortressLibrary.fss:2653:13-61: Possibly because (reduction?9, unit?10): (Reduction[\T\], T->T) after argument inference
typecheck	-	typecheck	FortressLibrary.fss:2629	Function body has type OR(((), ()),()), but declared return type is ().
typecheck	-	typecheck	FortressLibrary.fss:2631	Could not check call to operator juxtaposition - ((NN64 & {UnsignedLong}), NN64)->NN64 is not applicable to an argument of type (T, T). - ((QQ & {Ratio}), QQ)->QQ is not applicable to an argument of type (T, T). - ((RR64 & {Float, FloatLiteral, RR32}), RR64)->RR64 is not applicable to an argument of type (T, T). - ((ZZ & {BigNum}), ZZ)->ZZ is not applicable to an argument of type (T, T). - ((ZZ32 & {Int, IntLiteral}), ZZ32)->ZZ32 is not applicable to an argument of type (T, T). - ((ZZ64 & {Long}), ZZ64)->ZZ64 is not applicable to an argument of type (T, T). - (Any, String)->String is not applicable to an argument of type (T, T). - (Integral[\I\], I)->I is not applicable to an argument of type (T, T). - (MultiplicativeRing[\T\], T)->T is not applicable to an argument of type (T, T). - (NN32, NN32)->NN32 is not applicable to an argument of type (T, T). - (String, Any)->String is not applicable to an argument of type (T, T). - (String, String)->String is not applicable to an argument of type (T, T). - [\T extends Number, nat n, nat m, nat p\](Matrix[\T,n,m\], Matrix[\T,m,p\])->Matrix[\T,n,p\] is not applicable to an argument of type (T, T). - [\T extends Number, nat n, nat m\](Matrix[\T,n,m\], T)->Matrix[\T,n,m\] is not applicable to an argument of type (T, T). - [\T extends Number, nat n, nat m\](Matrix[\T,n,m\], Vector[\T,m\])->Vector[\T,n\] is not applicable to an argument of type (T, T). - [\T extends Number, nat n, nat m\](T, Matrix[\T,n,m\])->Matrix[\T,n,m\] is not applicable to an argument of type (T, T). - [\T extends Number, nat n, nat m\](Vector[\T,n\], Matrix[\T,n,m\])->Vector[\T,m\] is not applicable to an argument of type (T, T). - [\T extends Number, nat n\](T, Vector[\T,n\])->Vector[\T,n\] is not applicable to an argument of type (T, T). - [\T extends Number, nat n\](Vector[\T,n\], T)->Vector[\T,n\] is not applicable to an argument of type (T, T). - [\T extends Number, nat n\](Vector[\T,n\], Vector[\T,n\])->T is not applicable to an argument of type (T, T).
typecheck	-	typecheck	FortressLibrary.fss:2611	Function body has type OR(((), ()),()), but declared return type is ().
typecheck	-	typecheck	FortressLibrary.fss:2615	Could not check call to operator + - ((NN64 & {UnsignedLong}), NN64)->NN64 is not applicable to an argument of type (T, T). - ((QQ & {Ratio}), QQ)->QQ is not applicable to an argument of type (T, T). - ((RR64 & {Float, FloatLiteral, RR32}), RR64)->RR64 is not applicable to an argument of type (T, T). - ((ZZ & {BigNum}), ZZ)->ZZ is not applicable to an argument of type (T, T). - ((ZZ32 & {Int, IntLiteral}), ZZ32)->ZZ32 is not applicable to an argument of type (T, T). - ((ZZ64 & {Long}), ZZ64)->ZZ64 is not applicable to an argument of type (T, T). - (AdditiveGroup[\T\], T)->T is not applicable to an argument of type (T, T). - (Integral[\I\], I)->I is not applicable to an argument of type (T, T). - (Matrix[\T,s0,s1\], Matrix[\T,s0,s1\])->Matrix[\T,s0,s1\] is not applicable to an argument of type (T, T). - (NN32, NN32)->NN32 is not applicable to an argument of type (T, T). - (Vector[\T,s0\], Vector[\T,s0\])->Vector[\T,s0\] is not applicable to an argument of type (T, T). - [\T extends Number, I\](Array[\T,I\], T)->Array[\T,I\] is not applicable to an argument of type (T, T). - [\T extends Number, I\](T, Array[\T,I\])->Array[\T,I\] is not applicable to an argument of type (T, T).
typecheck	-	typecheck	FortressLibrary.fss:2613	Could not check call to operator juxtaposition - ((NN64 & {UnsignedLong}), NN64)->NN64 is not applicable to an argument of type (T, T). - ((QQ & {Ratio}), QQ)->QQ is not applicable to an argument of type (T, T). - ((RR64 & {Float, FloatLiteral, RR32}), RR64)->RR64 is not applicable to an argument of type (T, T). - ((ZZ & {BigNum}), ZZ)->ZZ is not applicable to an argument of type (T, T). - ((ZZ32 & {Int, IntLiteral}), ZZ32)->ZZ32 is not applicable to an argument of type (T, T). - ((ZZ64 & {Long}), ZZ64)->ZZ64 is not applicable to an argument of type (T, T). - (Any, String)->String is not applicable to an argument of type (T, T). - (Integral[\I\], I)->I is not applicable to an argument of type (T, T). - (MultiplicativeRing[\T\], T)->T is not applicable to an argument of type (T, T). - (NN32, NN32)->NN32 is not applicable to an argument of type (T, T). - (String, Any)->String is not applicable to an argument of type (T, T). - (String, String)->String is not applicable to an argument of type (T, T). - [\T extends Number, nat n, nat m, nat p\](Matrix[\T,n,m\], Matrix[\T,m,p\])->Matrix[\T,n,p\] is not applicable to an argument of type (T, T). - [\T extends Number, nat n, nat m\](Matrix[\T,n,m\], T)->Matrix[\T,n,m\] is not applicable to an argument of type (T, T). - [\T extends Number, nat n, nat m\](Matrix[\T,n,m\], Vector[\T,m\])->Vector[\T,n\] is not applicable to an argument of type (T, T). - [\T extends Number, nat n, nat m\](T, Matrix[\T,n,m\])->Matrix[\T,n,m\] is not applicable to an argument of type (T, T). - [\T extends Number, nat n, nat m\](Vector[\T,n\], Matrix[\T,n,m\])->Vector[\T,m\] is not applicable to an argument of type (T, T). - [\T extends Number, nat n\](T, Vector[\T,n\])->Vector[\T,n\] is not applicable to an argument of type (T, T). - [\T extends Number, nat n\](Vector[\T,n\], T)->Vector[\T,n\] is not applicable to an argument of type (T, T). - [\T extends Number, nat n\](Vector[\T,n\], Vector[\T,n\])->T is not applicable to an argument of type (T, T).
typecheck	-	typecheck	FortressLibrary.fss:2607	Function body has type Array2[\T,0,s0,0,s1\], but declared return type is Matrix[\T,s0,s1\].
typecheck	-	typecheck	FortressLibrary.fss:2607	Could not check call to operator juxtaposition - ((NN64 & {UnsignedLong}), NN64)->NN64 is not applicable to an argument of type (T, T). - ((QQ & {Ratio}), QQ)->QQ is not applicable to an argument of type (T, T). - ((RR64 & {Float, FloatLiteral, RR32}), RR64)->RR64 is not applicable to an argument of type (T, T). - ((ZZ & {BigNum}), ZZ)->ZZ is not applicable to an argument of type (T, T). - ((ZZ32 & {Int, IntLiteral}), ZZ32)->ZZ32 is not applicable to an argument of type (T, T). - ((ZZ64 & {Long}), ZZ64)->ZZ64 is not applicable to an argument of type (T, T). - (Any, String)->String is not applicable to an argument of type (T, T). - (Integral[\I\], I)->I is not applicable to an argument of type (T, T). - (MultiplicativeRing[\T\], T)->T is not applicable to an argument of type (T, T). - (NN32, NN32)->NN32 is not applicable to an argument of type (T, T). - (String, Any)->String is not applicable to an argument of type (T, T). - (String, String)->String is not applicable to an argument of type (T, T). - [\T extends Number, nat n, nat m, nat p\](Matrix[\T,n,m\], Matrix[\T,m,p\])->Matrix[\T,n,p\] is not applicable to an argument of type (T, T). - [\T extends Number, nat n, nat m\](Matrix[\T,n,m\], T)->Matrix[\T,n,m\] is not applicable to an argument of type (T, T). - [\T extends Number, nat n, nat m\](Matrix[\T,n,m\], Vector[\T,m\])->Vector[\T,n\] is not applicable to an argument of type (T, T). - [\T extends Number, nat n, nat m\](T, Matrix[\T,n,m\])->Matrix[\T,n,m\] is not applicable to an argument of type (T, T). - [\T extends Number, nat n, nat m\](Vector[\T,n\], Matrix[\T,n,m\])->Vector[\T,m\] is not applicable to an argument of type (T, T). - [\T extends Number, nat n\](T, Vector[\T,n\])->Vector[\T,n\] is not applicable to an argument of type (T, T). - [\T extends Number, nat n\](Vector[\T,n\], T)->Vector[\T,n\] is not applicable to an argument of type (T, T). - [\T extends Number, nat n\](Vector[\T,n\], Vector[\T,n\])->T is not applicable to an argument of type (T, T).
typecheck	-	typecheck	FortressLibrary.fss:2606	Function body has type Array2[\T,0,s0,0,s1\], but declared return type is Matrix[\T,s0,s1\].
typecheck	-	typecheck	FortressLibrary.fss:2606	Could not check call to operator - - (NN64 & {UnsignedLong})->NN64 is not applicable to an argument of type T. - (QQ & {Ratio})->QQ is not applicable to an argument of type T. - (RR64 & {Float, FloatLiteral, RR32})->RR64 is not applicable to an argument of type T. - (ZZ & {BigNum})->ZZ is not applicable to an argument of type T. - (ZZ32 & {Int, IntLiteral})->ZZ32 is not applicable to an argument of type T. - (ZZ64 & {Long})->ZZ64 is not applicable to an argument of type T. - AdditiveGroup[\T\]->T is not applicable to an argument of type T. - Integral[\I\]->I is not applicable to an argument of type T. - Matrix[\T,s0,s1\]->Matrix[\T,s0,s1\] is not applicable to an argument of type T. - NN32->NN32 is not applicable to an argument of type T. - Vector[\T,s0\]->Vector[\T,s0\] is not applicable to an argument of type T.
typecheck	-	typecheck	FortressLibrary.fss:2605	Function body has type Array2[\T,0,s0,0,s1\], but declared return type is Matrix[\T,s0,s1\].
typecheck	-	typecheck	FortressLibrary.fss:2605	Could not check call to operator - - ((NN64 & {UnsignedLong}), NN64)->NN64 is not applicable to an argument of type (T, T). - ((QQ & {Ratio}), QQ)->QQ is not applicable to an argument of type (T, T). - ((RR64 & {Float, FloatLiteral, RR32}), RR64)->RR64 is not applicable to an argument of type (T, T). - ((ZZ & {BigNum}), ZZ)->ZZ is not applicable to an argument of type (T, T). - ((ZZ32 & {Int, IntLiteral}), ZZ32)->ZZ32 is not applicable to an argument of type (T, T). - ((ZZ64 & {Long}), ZZ64)->ZZ64 is not applicable to an argument of type (T, T). - (AdditiveGroup[\T\], T)->T is not applicable to an argument of type (T, T). - (Integral[\I\], I)->I is not applicable to an argument of type (T, T). - (Matrix[\T,s0,s1\], Matrix[\T,s0,s1\])->Matrix[\T,s0,s1\] is not applicable to an argument of type (T, T). - (NN32, NN32)->NN32 is not applicable to an argument of type (T, T). - (Vector[\T,s0\], Vector[\T,s0\])->Vector[\T,s0\] is not applicable to an argument of type (T, T). - [\T extends Number, I\](Array[\T,I\], T)->Array[\T,I\] is not applicable to an argument of type (T, T). - [\T extends Number, I\](T, Array[\T,I\])->Array[\T,I\] is not applicable to an argument of type (T, T).
typecheck	-	typecheck	FortressLibrary.fss:2603	Function body has type Array2[\T,0,s0,0,s1\], but declared return type is Matrix[\T,s0,s1\].
typecheck	-	typecheck	FortressLibrary.fss:2603	Could not check call to operator + - ((NN64 & {UnsignedLong}), NN64)->NN64 is not applicable to an argument of type (T, T). - ((QQ & {Ratio}), QQ)->QQ is not applicable to an argument of type (T, T). - ((RR64 & {Float, FloatLiteral, RR32}), RR64)->RR64 is not applicable to an argument of type (T, T). - ((ZZ & {BigNum}), ZZ)->ZZ is not applicable to an argument of type (T, T). - ((ZZ32 & {Int, IntLiteral}), ZZ32)->ZZ32 is not applicable to an argument of type (T, T). - ((ZZ64 & {Long}), ZZ64)->ZZ64 is not applicable to an argument of type (T, T). - (AdditiveGroup[\T\], T)->T is not applicable to an argument of type (T, T). - (Integral[\I\], I)->I is not applicable to an argument of type (T, T). - (Matrix[\T,s0,s1\], Matrix[\T,s0,s1\])->Matrix[\T,s0,s1\] is not applicable to an argument of type (T, T). - (NN32, NN32)->NN32 is not applicable to an argument of type (T, T). - (Vector[\T,s0\], Vector[\T,s0\])->Vector[\T,s0\] is not applicable to an argument of type (T, T). - [\T extends Number, I\](Array[\T,I\], T)->Array[\T,I\] is not applicable to an argument of type (T, T). - [\T extends Number, I\](T, Array[\T,I\])->Array[\T,I\] is not applicable to an argument of type (T, T).
typecheck	-	typecheck	FortressLibrary.fss:2358	Function body has type Array[\T,ZZ32\], but declared return type is Vector[\T,s0\].
typecheck	-	typecheck	FortressLibrary.fss:2356	Function body has type Array1[\T,0,s0\], but declared return type is Vector[\T,s0\].
typecheck	-	typecheck	FortressLibrary.fss:2348	Function body has type Array[\T,ZZ32\], but declared return type is Array1[\T,0,s0\].
typecheck	-	typecheck	FortressLibrary.fss:2347	Function body has type Array[\T,ZZ32\], but declared return type is Array1[\T,0,s0\].
typecheck	-	typecheck	FortressLibrary.fss:2339	'throw' can only throw objects of Exception type. This expression is of type Exception->ForbiddenException.
typecheck	-	typecheck	FortressLibrary.fss:2331	Function body has type OR(ImmutableArray1[\T,0,s0\],ImmutableArray1[\T,b0,s0\]), but declared return type is ReadableArray1[\T,b0,s0\].
typecheck	-	typecheck	FortressLibrary.fss:2334,NatReflect.fsi:27	The typecase clause, NatReflect.N[\0\], is unreachable.
typecheck	-	typecheck	FortressLibrary.fss:2320	Function body has type OR(Array1[\T,0,s0\],Array1[\T,b0,s0\]), but declared return type is Array1[\T,b0,s0\].
typecheck	-	typecheck	FortressLibrary.fss:2323,NatReflect.fsi:27	The typecase clause, NatReflect.N[\0\], is unreachable.
typecheck	-	typecheck	FortressLibrary.fss:2303	Could not check call to operator juxtaposition - ((NN64 & {UnsignedLong}), NN64)->NN64 is not applicable to an argument of type (T, T). - ((QQ & {Ratio}), QQ)->QQ is not applicable to an argument of type (T, T). - ((RR64 & {Float, FloatLiteral, RR32}), RR64)->RR64 is not applicable to an argument of type (T, T). - ((ZZ & {BigNum}), ZZ)->ZZ is not applicable to an argument of type (T, T). - ((ZZ32 & {Int, IntLiteral}), ZZ32)->ZZ32 is not applicable to an argument of type (T, T). - ((ZZ64 & {Long}), ZZ64)->ZZ64 is not applicable to an argument of type (T, T). - (Any, String)->String is not applicable to an argument of type (T, T). - (Integral[\I\], I)->I is not applicable to an argument of type (T, T). - (MultiplicativeRing[\T\], T)->T is not applicable to an argument of type (T, T). - (NN32, NN32)->NN32 is not applicable to an argument of type (T, T). - (String, Any)->String is not applicable to an argument of type (T, T). - (String, String)->String is not applicable to an argument of type (T, T). - [\T extends Number, nat n, nat m, nat p\](Matrix[\T,n,m\], Matrix[\T,m,p\])->Matrix[\T,n,p\] is not applicable to an argument of type (T, T). - [\T extends Number, nat n, nat m\](Matrix[\T,n,m\], T)->Matrix[\T,n,m\] is not applicable to an argument of type (T, T). - [\T extends Number, nat n, nat m\](Matrix[\T,n,m\], Vector[\T,m\])->Vector[\T,n\] is not applicable to an argument of type (T, T). - [\T extends Number, nat n, nat m\](T, Matrix[\T,n,m\])->Matrix[\T,n,m\] is not applicable to an argument of type (T, T). - [\T extends Number, nat n, nat m\](Vector[\T,n\], Matrix[\T,n,m\])->Vector[\T,m\] is not applicable to an argument of type (T, T). - [\T extends Number, nat n\](T, Vector[\T,n\])->Vector[\T,n\] is not applicable to an argument of type (T, T). - [\T extends Number, nat n\](Vector[\T,n\], T)->Vector[\T,n\] is not applicable to an argument of type (T, T). - [\T extends Number, nat n\](Vector[\T,n\], Vector[\T,n\])->T is not applicable to an argument of type (T, T). FortressLibrary.fss:2303:19-47: Possibly because (i, me_i): (ZZ32, T) after argument inference FortressLibrary.fss:2303:9-63: Possibly because (reduction?7, unit?8): (Reduction[\T\], T->T) after argument inference
typecheck	-	typecheck	FortressLibrary.fss:2301	Function body has type Array1[\T,0,s0\], but declared return type is Vector[\T,s0\].
typecheck	-	typecheck	FortressLibrary.fss:2301	Could not check call to operator juxtaposition - ((NN64 & {UnsignedLong}), NN64)->NN64 is not applicable to an argument of type (T, T). - ((QQ & {Ratio}), QQ)->QQ is not applicable to an argument of type (T, T). - ((RR64 & {Float, FloatLiteral, RR32}), RR64)->RR64 is not applicable to an argument of type (T, T). - ((ZZ & {BigNum}), ZZ)->ZZ is not applicable to an argument of type (T, T). - ((ZZ32 & {Int, IntLiteral}), ZZ32)->ZZ32 is not applicable to an argument of type (T, T). - ((ZZ64 & {Long}), ZZ64)->ZZ64 is not applicable to an argument of type (T, T). - (Any, String)->String is not applicable to an argument of type (T, T). - (Integral[\I\], I)->I is not applicable to an argument of type (T, T). - (MultiplicativeRing[\T\], T)->T is not applicable to an argument of type (T, T). - (NN32, NN32)->NN32 is not applicable to an argument of type (T, T). - (String, Any)->String is not applicable to an argument of type (T, T). - (String, String)->String is not applicable to an argument of type (T, T). - [\T extends Number, nat n, nat m, nat p\](Matrix[\T,n,m\], Matrix[\T,m,p\])->Matrix[\T,n,p\] is not applicable to an argument of type (T, T). - [\T extends Number, nat n, nat m\](Matrix[\T,n,m\], T)->Matrix[\T,n,m\] is not applicable to an argument of type (T, T). - [\T extends Number, nat n, nat m\](Matrix[\T,n,m\], Vector[\T,m\])->Vector[\T,n\] is not applicable to an argument of type (T, T). - [\T extends Number, nat n, nat m\](T, Matrix[\T,n,m\])->Matrix[\T,n,m\] is not applicable to an argument of type (T, T). - [\T extends Number, nat n, nat m\](Vector[\T,n\], Matrix[\T,n,m\])->Vector[\T,m\] is not applicable to an argument of type (T, T). - [\T extends Number, nat n\](T, Vector[\T,n\])->Vector[\T,n\] is not applicable to an argument of type (T, T). - [\T extends Number, nat n\](Vector[\T,n\], T)->Vector[\T,n\] is not applicable to an argument of type (T, T). - [\T extends Number, nat n\](Vector[\T,n\], Vector[\T,n\])->T is not applicable to an argument of type (T, T).
typecheck	-	typecheck	FortressLibrary.fss:2299	Could not check call to function map - [\T\]T->T->Array1[\T,0,s0\]: FortressLibrary.fss:2299:54-56: Could not check call to operator juxtaposition - ((NN64 & {UnsignedLong}), NN64)->NN64 is not applicable to an argument of type (T, T). - ((QQ & {Ratio}), QQ)->QQ is not applicable to an argument of type (T, T). - ((RR64 & {Float, FloatLiteral, RR32}), RR64)->RR64 is not applicable to an argument of type (T, T). - ((ZZ & {BigNum}), ZZ)->ZZ is not applicable to an argument of type (T, T). - ((ZZ32 & {Int, IntLiteral}), ZZ32)->ZZ32 is not applicable to an argument of type (T, T). - ((ZZ64 & {Long}), ZZ64)->ZZ64 is not applicable to an argument of type (T, T). - (Any, String)->String is not applicable to an argument of type (T, T). - (Integral[\I\], I)->I is not applicable to an argument of type (T, T). - (MultiplicativeRing[\T\], T)->T is not applicable to an argument of type (T, T). - (NN32, NN32)->NN32 is not applicable to an argument of type (T, T). - (String, Any)->String is not applicable to an argument of type (T, T). - (String, String)->String is not applicable to an argument of type (T, T). - [\T extends Number, nat n, nat m, nat p\](Matrix[\T,n,m\], Matrix[\T,m,p\])->Matrix[\T,n,p\] is not applicable to an argument of type (T, T). - [\T extends Number, nat n, nat m\](Matrix[\T,n,m\], T)->Matrix[\T,n,m\] is not applicable to an argument of type (T, T). - [\T extends Number, nat n, nat m\](Matrix[\T,n,m\], Vector[\T,m\])->Vector[\T,n\] is not applicable to an argument of type (T, T). - [\T extends Number, nat n, nat m\](T, Matrix[\T,n,m\])->Matrix[\T,n,m\] is not applicable to an argument of type (T, T). - [\T extends Number, nat n, nat m\](Vector[\T,n\], Matrix[\T,n,m\])->Vector[\T,m\] is not applicable to an argument of type (T, T). - [\T extends Number, nat n\](T, Vector[\T,n\])->Vector[\T,n\] is not applicable to an argument of type (T, T). - [\T extends Number, nat n\](Vector[\T,n\], T)->Vector[\T,n\] is not applicable to an argument of type (T, T). - [\T extends Number, nat n\](Vector[\T,n\], Vector[\T,n\])->T is not applicable to an argument of type (T, T). FortressLibrary.fss:2299:44-56: Possibly because v: T after argument inference - [\T\]T->T->Array[\T,ZZ32\]: FortressLibrary.fss:2299:54-56: Could not check call to operator juxtaposition - ((NN64 & {UnsignedLong}), NN64)->NN64 is not applicable to an argument of type (T, T). - ((QQ & {Ratio}), QQ)->QQ is not applicable to an argument of type (T, T). - ((RR64 & {Float, FloatLiteral, RR32}), RR64)->RR64 is not applicable to an argument of type (T, T). - ((ZZ & {BigNum}), ZZ)->ZZ is not applicable to an argument of type (T, T). - ((ZZ32 & {Int, IntLiteral}), ZZ32)->ZZ32 is not applicable to an argument of type (T, T). - ((ZZ64 & {Long}), ZZ64)->ZZ64 is not applicable to an argument of type (T, T). - (Any, String)->String is not applicable to an argument of type (T, T). - (Integral[\I\], I)->I is not applicable to an argument of type (T, T). - (MultiplicativeRing[\T\], T)->T is not applicable to an argument of type (T, T). - (NN32, NN32)->NN32 is not applicable to an argument of type (T, T). - (String, Any)->String is not applicable to an argument of type (T, T). - (String, String)->String is not applicable to an argument of type (T, T). - [\T extends Number, nat n, nat m, nat p\](Matrix[\T,n,m\], Matrix[\T,m,p\])->Matrix[\T,n,p\] is not applicable to an argument of type (T, T). - [\T extends Number, nat n, nat m\](Matrix[\T,n,m\], T)->Matrix[\T,n,m\] is not applicable to an argument of type (T, T). - [\T extends Number, nat n, nat m\](Matrix[\T,n,m\], Vector[\T,m\])->Vector[\T,n\] is not applicable to an argument of type (T, T). - [\T extends Number, nat n, nat m\](T, Matrix[\T,n,m\])->Matrix[\T,n,m\] is not applicable to an argument of type (T, T). - [\T extends Number, nat n, nat m\](Vector[\T,n\], Matrix[\T,n,m\])->Vector[\T,m\] is not applicable to an argument of type (T, T). - [\T extends Number, nat n\](T, Vector[\T,n\])->Vector[\T,n\] is not applicable to an argument of type (T, T). - [\T extends Number, nat n\](Vector[\T,n\], T)->Vector[\T,n\] is not applicable to an argument of type (T, T). - [\T extends Number, nat n\](Vector[\T,n\], Vector[\T,n\])->T is not applicable to an argument of type (T, T). FortressLibrary.fss:2299:44-56: Possibly because v: T after argument inference - [\T\]T->T->Generator[\T\]: FortressLibrary.fss:2299:54-56: Could not check call to operator juxtaposition - ((NN64 & {UnsignedLong}), NN64)->NN64 is not applicable to an argument of type (T, T). - ((QQ & {Ratio}), QQ)->QQ is not applicable to an argument of type (T, T). - ((RR64 & {Float, FloatLiteral, RR32}), RR64)->RR64 is not applicable to an argument of type (T, T). - ((ZZ & {BigNum}), ZZ)->ZZ is not applicable to an argument of type (T, T). - ((ZZ32 & {Int, IntLiteral}), ZZ32)->ZZ32 is not applicable to an argument of type (T, T). - ((ZZ64 & {Long}), ZZ64)->ZZ64 is not applicable to an argument of type (T, T). - (Any, String)->String is not applicable to an argument of type (T, T). - (Integral[\I\], I)->I is not applicable to an argument of type (T, T). - (MultiplicativeRing[\T\], T)->T is not applicable to an argument of type (T, T). - (NN32, NN32)->NN32 is not applicable to an argument of type (T, T). - (String, Any)->String is not applicable to an argument of type (T, T). - (String, String)->String is not applicable to an argument of type (T, T). - [\T extends Number, nat n, nat m, nat p\](Matrix[\T,n,m\], Matrix[\T,m,p\])->Matrix[\T,n,p\] is not applicable to an argument of type (T, T). - [\T extends Number, nat n, nat m\](Matrix[\T,n,m\], T)->Matrix[\T,n,m\] is not applicable to an argument of type (T, T). - [\T extends Number, nat n, nat m\](Matrix[\T,n,m\], Vector[\T,m\])->Vector[\T,n\] is not applicable to an argument of type (T, T). - [\T extends Number, nat n, nat m\](T, Matrix[\T,n,m\])->Matrix[\T,n,m\] is not applicable to an argument of type (T, T). - [\T extends Number, nat n, nat m\](Vector[\T,n\], Matrix[\T,n,m\])->Vector[\T,m\] is not applicable to an argument of type (T, T). - [\T extends Number, nat n\](T, Vector[\T,n\])->Vector[\T,n\] is not applicable to an argument of type (T, T). - [\T extends Number, nat n\](Vector[\T,n\], T)->Vector[\T,n\] is not applicable to an argument of type (T, T). - [\T extends Number, nat n\](Vector[\T,n\], Vector[\T,n\])->T is not applicable to an argument of type (T, T). FortressLibrary.fss:2299:44-56: Possibly because v: T after argument inference - [\T\]T->T->Indexed[\T,ZZ32\]: FortressLibrary.fss:2299:54-56: Could not check call to operator juxtaposition - ((NN64 & {UnsignedLong}), NN64)->NN64 is not applicable to an argument of type (T, T). - ((QQ & {Ratio}), QQ)->QQ is not applicable to an argument of type (T, T). - ((RR64 & {Float, FloatLiteral, RR32}), RR64)->RR64 is not applicable to an argument of type (T, T). - ((ZZ & {BigNum}), ZZ)->ZZ is not applicable to an argument of type (T, T). - ((ZZ32 & {Int, IntLiteral}), ZZ32)->ZZ32 is not applicable to an argument of type (T, T). - ((ZZ64 & {Long}), ZZ64)->ZZ64 is not applicable to an argument of type (T, T). - (Any, String)->String is not applicable to an argument of type (T, T). - (Integral[\I\], I)->I is not applicable to an argument of type (T, T). - (MultiplicativeRing[\T\], T)->T is not applicable to an argument of type (T, T). - (NN32, NN32)->NN32 is not applicable to an argument of type (T, T). - (String, Any)->String is not applicable to an argument of type (T, T). - (String, String)->String is not applicable to an argument of type (T, T). - [\T extends Number, nat n, nat m, nat p\](Matrix[\T,n,m\], Matrix[\T,m,p\])->Matrix[\T,n,p\] is not applicable to an argument of type (T, T). - [\T extends Number, nat n, nat m\](Matrix[\T,n,m\], T)->Matrix[\T,n,m\] is not applicable to an argument of type (T, T). - [\T extends Number, nat n, nat m\](Matrix[\T,n,m\], Vector[\T,m\])->Vector[\T,n\] is not applicable to an argument of type (T, T). - [\T extends Number, nat n, nat m\](T, Matrix[\T,n,m\])->Matrix[\T,n,m\] is not applicable to an argument of type (T, T). - [\T extends Number, nat n, nat m\](Vector[\T,n\], Matrix[\T,n,m\])->Vector[\T,m\] is not applicable to an argument of type (T, T). - [\T extends Number, nat n\](T, Vector[\T,n\])->Vector[\T,n\] is not applicable to an argument of type (T, T). - [\T extends Number, nat n\](Vector[\T,n\], T)->Vector[\T,n\] is not applicable to an argument of type (T, T). - [\T extends Number, nat n\](Vector[\T,n\], Vector[\T,n\])->T is not applicable to an argument of type (T, T). FortressLibrary.fss:2299:44-56: Possibly because v: T after argument inference - [\T\]T->T->ReadableArray[\T,ZZ32\]: FortressLibrary.fss:2299:54-56: Could not check call to operator juxtaposition - ((NN64 & {UnsignedLong}), NN64)->NN64 is not applicable to an argument of type (T, T). - ((QQ & {Ratio}), QQ)->QQ is not applicable to an argument of type (T, T). - ((RR64 & {Float, FloatLiteral, RR32}), RR64)->RR64 is not applicable to an argument of type (T, T). - ((ZZ & {BigNum}), ZZ)->ZZ is not applicable to an argument of type (T, T). - ((ZZ32 & {Int, IntLiteral}), ZZ32)->ZZ32 is not applicable to an argument of type (T, T). - ((ZZ64 & {Long}), ZZ64)->ZZ64 is not applicable to an argument of type (T, T). - (Any, String)->String is not applicable to an argument of type (T, T). - (Integral[\I\], I)->I is not applicable to an argument of type (T, T). - (MultiplicativeRing[\T\], T)->T is not applicable to an argument of type (T, T). - (NN32, NN32)->NN32 is not applicable to an argument of type (T, T). - (String, Any)->String is not applicable to an argument of type (T, T). - (String, String)->String is not applicable to an argument of type (T, T). - [\T extends Number, nat n, nat m, nat p\](Matrix[\T,n,m\], Matrix[\T,m,p\])->Matrix[\T,n,p\] is not applicable to an argument of type (T, T). - [\T extends Number, nat n, nat m\](Matrix[\T,n,m\], T)->Matrix[\T,n,m\] is not applicable to an argument of type (T, T). - [\T extends Number, nat n, nat m\](Matrix[\T,n,m\], Vector[\T,m\])->Vector[\T,n\] is not applicable to an argument of type (T, T). - [\T extends Number, nat n, nat m\](T, Matrix[\T,n,m\])->Matrix[\T,n,m\] is not applicable to an argument of type (T, T). - [\T extends Number, nat n, nat m\](Vector[\T,n\], Matrix[\T,n,m\])->Vector[\T,m\] is not applicable to an argument of type (T, T). - [\T extends Number, nat n\](T, Vector[\T,n\])->Vector[\T,n\] is not applicable to an argument of type (T, T). - [\T extends Number, nat n\](Vector[\T,n\], T)->Vector[\T,n\] is not applicable to an argument of type (T, T). - [\T extends Number, nat n\](Vector[\T,n\], Vector[\T,n\])->T is not applicable to an argument of type (T, T). FortressLibrary.fss:2299:44-56: Possibly because v: T after argument inference
typecheck	-	typecheck	FortressLibrary.fss:2298	Function body has type Array1[\T,0,s0\], but declared return type is Vector[\T,s0\].
typecheck	-	typecheck	FortressLibrary.fss:2298	Could not check call to operator - - (NN64 & {UnsignedLong})->NN64 is not applicable to an argument of type T. - (QQ & {Ratio})->QQ is not applicable to an argument of type T. - (RR64 & {Float, FloatLiteral, RR32})->RR64 is not applicable to an argument of type T. - (ZZ & {BigNum})->ZZ is not applicable to an argument of type T. - (ZZ32 & {Int, IntLiteral})->ZZ32 is not applicable to an argument of type T. - (ZZ64 & {Long})->ZZ64 is not applicable to an argument of type T. - AdditiveGroup[\T\]->T is not applicable to an argument of type T. - Integral[\I\]->I is not applicable to an argument of type T. - Matrix[\T,s0,s1\]->Matrix[\T,s0,s1\] is not applicable to an argument of type T. - NN32->NN32 is not applicable to an argument of type T. - Vector[\T,s0\]->Vector[\T,s0\] is not applicable to an argument of type T.
typecheck	-	typecheck	FortressLibrary.fss:2297	Function body has type Array1[\T,0,s0\], but declared return type is Vector[\T,s0\].
typecheck	-	typecheck	FortressLibrary.fss:2297	Could not check call to operator - - ((NN64 & {UnsignedLong}), NN64)->NN64 is not applicable to an argument of type (T, T). - ((QQ & {Ratio}), QQ)->QQ is not applicable to an argument of type (T, T). - ((RR64 & {Float, FloatLiteral, RR32}), RR64)->RR64 is not applicable to an argument of type (T, T). - ((ZZ & {BigNum}), ZZ)->ZZ is not applicable to an argument of type (T, T). - ((ZZ32 & {Int, IntLiteral}), ZZ32)->ZZ32 is not applicable to an argument of type (T, T). - ((ZZ64 & {Long}), ZZ64)->ZZ64 is not applicable to an argument of type (T, T). - (AdditiveGroup[\T\], T)->T is not applicable to an argument of type (T, T). - (Integral[\I\], I)->I is not applicable to an argument of type (T, T). - (Matrix[\T,s0,s1\], Matrix[\T,s0,s1\])->Matrix[\T,s0,s1\] is not applicable to an argument of type (T, T). - (NN32, NN32)->NN32 is not applicable to an argument of type (T, T). - (Vector[\T,s0\], Vector[\T,s0\])->Vector[\T,s0\] is not applicable to an argument of type (T, T). - [\T extends Number, I\](Array[\T,I\], T)->Array[\T,I\] is not applicable to an argument of type (T, T). - [\T extends Number, I\](T, Array[\T,I\])->Array[\T,I\] is not applicable to an argument of type (T, T).
typecheck	-	typecheck	FortressLibrary.fss:2295	Function body has type Array1[\T,0,s0\], but declared return type is Vector[\T,s0\].
typecheck	-	typecheck	FortressLibrary.fss:2295	Could not check call to operator + - ((NN64 & {UnsignedLong}), NN64)->NN64 is not applicable to an argument of type (T, T). - ((QQ & {Ratio}), QQ)->QQ is not applicable to an argument of type (T, T). - ((RR64 & {Float, FloatLiteral, RR32}), RR64)->RR64 is not applicable to an argument of type (T, T). - ((ZZ & {BigNum}), ZZ)->ZZ is not applicable to an argument of type (T, T). - ((ZZ32 & {Int, IntLiteral}), ZZ32)->ZZ32 is not applicable to an argument of type (T, T). - ((ZZ64 & {Long}), ZZ64)->ZZ64 is not applicable to an argument of type (T, T). - (AdditiveGroup[\T\], T)->T is not applicable to an argument of type (T, T). - (Integral[\I\], I)->I is not applicable to an argument of type (T, T). - (Matrix[\T,s0,s1\], Matrix[\T,s0,s1\])->Matrix[\T,s0,s1\] is not applicable to an argument of type (T, T). - (NN32, NN32)->NN32 is not applicable to an argument of type (T, T). - (Vector[\T,s0\], Vector[\T,s0\])->Vector[\T,s0\] is not applicable to an argument of type (T, T). - [\T extends Number, I\](Array[\T,I\], T)->Array[\T,I\] is not applicable to an argument of type (T, T). - [\T extends Number, I\](T, Array[\T,I\])->Array[\T,I\] is not applicable to an argument of type (T, T).
typecheck	-	typecheck	FortressLibrary.fss:2280	No such method ImmutableArray1[\T,b_a,s_a\].put.
typecheck	-	typecheck	FortressLibrary.fss:2240	Function body has type Array[\R,ZZ32\], but declared return type is Array1[\R,b0,s0\].
typecheck	-	typecheck	FortressLibrary.fss:2238	Function body has type Array[\R,ZZ32\], but declared return type is Array1[\R,b0,s0\].
typecheck	-	typecheck	FortressLibrary.fss:2235	Function body has type ReadableArray[\T,ZZ32\], but declared return type is ImmutableArray1[\T,b0,s0\].
typecheck	-	typecheck	FortressLibrary.fss:2214	Could not check call to function __subarray - [\T, nat b0, nat s0, nat b, nat s, nat o\](Array1[\T,b0,s0\], NatReflect.N[\b\], NatReflect.N[\s\], NatReflect.N[\o\], ZZ32)->Array1[\T,b,s\] is not applicable to an argument of type (Array1[\T,b0,s0\], NatReflect.N[\0\], NatReflect.NatParam, NatReflect.NatParam, ZZ32). - [\T, nat b0, nat s0, nat b1, nat s1, nat b2, nat s2, nat bo0, nat so0, nat bo1, nat so1, nat bo2, nat so2, nat o0, nat o1, nat o2\](Array3[\T,b0,s0,b1,s1,b2,s2\], NatReflect.N[\bo0\], NatReflect.N[\so0\], NatReflect.N[\bo1\], NatReflect.N[\so1\], NatReflect.N[\bo2\], NatReflect.N[\so2\], NatReflect.N[\o0\], NatReflect.N[\o1\], NatReflect.N[\o2\], ZZ32, ZZ32, ZZ32)->Array3[\T,bo0,so0,bo1,so1,bo2,so2\] is not applicable to an argument of type (Array1[\T,b0,s0\], NatReflect.N[\0\], NatReflect.NatParam, NatReflect.NatParam, ZZ32). - [\T, nat b0, nat s0, nat b1, nat s1, nat bo0, nat so0, nat bo1, nat so1, nat o0, nat o1\](Array2[\T,b0,s0,b1,s1\], NatReflect.N[\bo0\], NatReflect.N[\so0\], NatReflect.N[\bo1\], NatReflect.N[\so1\], NatReflect.N[\o0\], NatReflect.N[\o1\], ZZ32, ZZ32)->Array2[\T,bo0,so0,bo1,so1\] is not applicable to an argument of type (Array1[\T,b0,s0\], NatReflect.N[\0\], NatReflect.NatParam, NatReflect.NatParam, ZZ32).
typecheck	-	typecheck	FortressLibrary.fss:2206	Could not check call to function __subarray - [\T, nat b0, nat s0, nat b, nat s, nat o\](Array1[\T,b0,s0\], NatReflect.N[\b\], NatReflect.N[\s\], NatReflect.N[\o\], ZZ32)->Array1[\T,b,s\] is not applicable to an argument of type (Array1[\T,b0,s0\], NatReflect.NatParam, NatReflect.N[\s0\], NatReflect.N[\b0\], IntLiteral). - [\T, nat b0, nat s0, nat b1, nat s1, nat b2, nat s2, nat bo0, nat so0, nat bo1, nat so1, nat bo2, nat so2, nat o0, nat o1, nat o2\](Array3[\T,b0,s0,b1,s1,b2,s2\], NatReflect.N[\bo0\], NatReflect.N[\so0\], NatReflect.N[\bo1\], NatReflect.N[\so1\], NatReflect.N[\bo2\], NatReflect.N[\so2\], NatReflect.N[\o0\], NatReflect.N[\o1\], NatReflect.N[\o2\], ZZ32, ZZ32, ZZ32)->Array3[\T,bo0,so0,bo1,so1,bo2,so2\] is not applicable to an argument of type (Array1[\T,b0,s0\], NatReflect.NatParam, NatReflect.N[\s0\], NatReflect.N[\b0\], IntLiteral). - [\T, nat b0, nat s0, nat b1, nat s1, nat bo0, nat so0, nat bo1, nat so1, nat o0, nat o1\](Array2[\T,b0,s0,b1,s1\], NatReflect.N[\bo0\], NatReflect.N[\so0\], NatReflect.N[\bo1\], NatReflect.N[\so1\], NatReflect.N[\o0\], NatReflect.N[\o1\], ZZ32, ZZ32)->Array2[\T,bo0,so0,bo1,so1\] is not applicable to an argument of type (Array1[\T,b0,s0\], NatReflect.NatParam, NatReflect.N[\s0\], NatReflect.N[\b0\], IntLiteral).
typecheck	-	typecheck	FortressLibrary.fss:2190	Function body has type ImmutableArray[\R,ZZ32\], but declared return type is ImmutableArray1[\R,b0,s0\].
typecheck	-	typecheck	FortressLibrary.fss:2188	Function body has type ImmutableArray[\R,ZZ32\], but declared return type is ImmutableArray1[\R,b0,s0\].
typecheck	-	typecheck	FortressLibrary.fss:2185	Function body has type Array[\T,ZZ32\], but declared return type is Array1[\T,b0,s0\].
typecheck	-	typecheck	FortressLibrary.fss:2182	Function body has type ImmutableArray[\T,ZZ32\], but declared return type is ImmutableArray1[\T,b0,s0\].
typecheck	-	typecheck	FortressLibrary.fss:2179	Function body has type ReadableArray1[\U,b0,s0\], but declared return type is ImmutableArray1[\U,b0,s0\].
typecheck	-	typecheck	FortressLibrary.fss:2162	FullRange[\ZZ32\] has no getter called lower
typecheck	-	typecheck	FortressLibrary.fss:2156	Could not check call to function __subarrayI - [\T, nat b0, nat s0, nat b, nat s, nat o\](ImmutableArray1[\T,b0,s0\], NatReflect.N[\b\], NatReflect.N[\s\], NatReflect.N[\o\], ZZ32)->ImmutableArray1[\T,b,s\] is not applicable to an argument of type (ImmutableArray1[\T,b0,s0\], NatReflect.NatParam, NatReflect.N[\s0\], NatReflect.N[\b0\], IntLiteral).
typecheck	-	typecheck	FortressLibrary.fss:2107	Could not check call to function partitionL - (NN64 & {UnsignedLong})->NN64 is not applicable to an argument of type I. - (ZZ32 & {Int, IntLiteral})->ZZ32 is not applicable to an argument of type I. - (ZZ64 & {Long})->ZZ64 is not applicable to an argument of type I. - NN32->NN32 is not applicable to an argument of type I.
typecheck	-	typecheck	FortressLibrary.fss:2095	Function body has type StandardMutableArrayType[\T,E,I\], but declared return type is T.
typecheck	-	typecheck	FortressLibrary.fss:2091	Function body has type StandardMutableArrayType[\T,E,I\], but declared return type is T.
typecheck	-	typecheck	FortressLibrary.fss:2080	Function body has type StandardImmutableArrayType[\T,E,I\], but declared return type is T.
typecheck	-	typecheck	FortressLibrary.fss:2076	Function body has type StandardImmutableArrayType[\T,E,I\], but declared return type is T.
typecheck	-	typecheck	FortressLibrary.fss:2066	Could not check call to function __piarr - [\E, nat n\](()->E, NatReflect.N[\n\])->NativeArray.PrimImmutableArray[\E,n\] is not applicable to an argument of type (()->E, NatReflect.NatParam).
typecheck	-	typecheck	FortressLibrary.fss:2061	Could not check call to function __parr - [\E, nat n\](()->E, NatReflect.N[\n\])->NativeArray.PrimitiveArray[\E,n\] is not applicable to an argument of type (()->E, NatReflect.NatParam).
typecheck	-	typecheck	FortressLibrary.fss:2042	Could not check call to function __imm1 - [\E, nat n\](()->E, NatReflect.N[\n\])->ImmutableArray1[\E,0,n\] is not applicable to an argument of type (()->E, NatReflect.NatParam).
typecheck	-	typecheck	FortressLibrary.fss:2028	Could not check call to function __arr3 - [\E, nat n, nat m, nat p\](()->E, NatReflect.N[\n\], NatReflect.N[\m\], NatReflect.N[\p\])->Array3[\E,0,n,0,m,0,p\] is not applicable to an argument of type (()->E, NatReflect.NatParam, NatReflect.NatParam, NatReflect.NatParam).
typecheck	-	typecheck	FortressLibrary.fss:2026	Could not check call to function __arr2 - [\E, nat n, nat m\](()->E, NatReflect.N[\n\], NatReflect.N[\m\])->Array2[\E,0,n,0,m\] is not applicable to an argument of type (()->E, NatReflect.NatParam, NatReflect.NatParam).
typecheck	-	typecheck	FortressLibrary.fss:2024	Could not check call to function __arr1 - [\E, nat n\](()->E, NatReflect.N[\n\])->Array1[\E,0,n\] is not applicable to an argument of type (()->E, NatReflect.NatParam).
typecheck	-	typecheck	FortressLibrary.fss:2001	Could not check call to function fail - Could not infer static argument T without context.
typecheck	-	typecheck	FortressLibrary.fss:1871	Could not check call to operator |_| - (NN64 & {UnsignedLong})->NN64 is not applicable to an argument of type Generator[\I\]. - (PairGenerator[\E,F\] & {SimplePairGenerator[\E,F\], SimplePairSeqGenerator[\E,F\]})->ZZ32 is not applicable to an argument of type Generator[\I\]. - (QQ & {Ratio})->QQ is not applicable to an argument of type Generator[\I\]. - (RR64 & {Float, FloatLiteral, RR32})->RR64 is not applicable to an argument of type Generator[\I\]. - (ReadableArray1[\T,b0,s0\] & {ImmutableArray1[\T,b0,s0\], Array1[\T,b0,s0\]})->ZZ32 is not applicable to an argument of type Generator[\I\]. - (ZZ & {BigNum})->ZZ is not applicable to an argument of type Generator[\I\]. - (ZZ32 & {Int, IntLiteral})->ZZ32 is not applicable to an argument of type Generator[\I\]. - (ZZ64 & {Long})->ZZ64 is not applicable to an argument of type Generator[\I\]. - Array2[\T,b0,s0,b1,s1\]->ZZ32 is not applicable to an argument of type Generator[\I\]. - Array3[\T,b0,s0,b1,s1,b2,s2\]->ZZ32 is not applicable to an argument of type Generator[\I\]. - Char->ZZ32 is not applicable to an argument of type Generator[\I\]. - CompactFullRange[\I\]->ZZ32 is not applicable to an argument of type Generator[\I\]. - Condition[\E\]->ZZ32 is not applicable to an argument of type Generator[\I\]. - DefaultZip[\E,F\]->ZZ32 is not applicable to an argument of type Generator[\I\]. - DelegatedIndexed[\E,I\]->ZZ32 is not applicable to an argument of type Generator[\I\]. - Indexed[\E,I\]->ZZ32 is not applicable to an argument of type Generator[\I\]. - Just[\T\]->ZZ32 is not applicable to an argument of type Generator[\I\]. - NN32->NN32 is not applicable to an argument of type Generator[\I\]. - NaiveSeqGenerator[\E\]->ZZ32 is not applicable to an argument of type Generator[\I\]. - NotUnique[\T\]->ZZ32 is not applicable to an argument of type Generator[\I\]. - Nothing[\T\]->ZZ32 is not applicable to an argument of type Generator[\I\]. - RangeInternals.FullRange2D[\I,J\]->ZZ32 is not applicable to an argument of type Generator[\I\]. - RangeInternals.FullRange3D[\I,J,K\]->ZZ32 is not applicable to an argument of type Generator[\I\]. - ReversedIndexed[\E,I\]->ZZ32 is not applicable to an argument of type Generator[\I\]. - SimpleMappedIndexed[\E,F,I\]->ZZ32 is not applicable to an argument of type Generator[\I\]. - String->ZZ32 is not applicable to an argument of type Generator[\I\].
typecheck	-	typecheck	FortressLibrary.fss:1842	Could not check call to operator CMP - ((RR64 & {Float, FloatLiteral, RR32}), RR64)->Comparison is not applicable to an argument of type (E, E). - ((TotalComparison & {LessThan, EqualTo, GreaterThan}), Unordered)->Comparison is not applicable to an argument of type (E, E). - ((ZZ & {BigNum}), ZZ)->TotalComparison is not applicable to an argument of type (E, E). - ((ZZ64 & {Long}), ZZ64)->TotalComparison is not applicable to an argument of type (E, E). - (EqualTo, TotalComparison)->TotalComparison is not applicable to an argument of type (E, E). - (GreaterThan, GreaterThan)->TotalComparison is not applicable to an argument of type (E, E). - (GreaterThan, TotalComparison)->TotalComparison is not applicable to an argument of type (E, E). - (IntLiteral, IntLiteral)->TotalComparison is not applicable to an argument of type (E, E). - (LessThan, LessThan)->TotalComparison is not applicable to an argument of type (E, E). - (LessThan, TotalComparison)->TotalComparison is not applicable to an argument of type (E, E). - (LexicographicOrder[\T,E\], T)->TotalComparison is not applicable to an argument of type (E, E). - (Range[\I\], Range[\I\])->Comparison is not applicable to an argument of type (E, E). - (StandardPartialOrder[\T\], T)->Comparison is not applicable to an argument of type (E, E). - (StandardTotalOrder[\T\], T)->TotalComparison is not applicable to an argument of type (E, E). - (String, String)->TotalComparison is not applicable to an argument of type (E, E). - [\A, B, C\]((A, B, C), (A, B, C))->Comparison is not applicable to an argument of type (E, E). - [\A, B\]((A, B), (A, B))->Comparison is not applicable to an argument of type (E, E).
typecheck	-	typecheck	FortressLibrary.fss:1758	Function body has type Generator[\(I, E)\], but declared return type is Indexed[\(I, E),I\].
typecheck	-	typecheck	FortressLibrary.fss:1528	Function body has type UniqueItem[\T\], but declared return type is BigReduction[\UniqueItem[\T\],UniqueItem[\T\]\].
typecheck	-	typecheck	FortressLibrary.fss:1427	Could not check method invocation Generator[\G\].map - [\(T, G)\](T, G)->(T, G)->Generator[\(T, G)\] is not applicable to an argument of type G->(T, G).
typecheck	-	typecheck	FortressLibrary.fss:1333	Could not check call to function cond - [\G\](E->G, ()->G)->G is not applicable to an argument of type (E->Generator[\(E, G)\], ()->Nothing[\(E, G)\]).
typecheck	-	typecheck	FortressLibrary.fss:1333	Could not check method invocation Generator[\G\].map - [\(E, G)\](E, G)->(E, G)->Generator[\(E, G)\] is not applicable to an argument of type G->(E, G).
typecheck	-	typecheck	FortressLibrary.fss:1331	Could not check call to function cond - [\G\](E->G, ()->G)->G is not applicable to an argument of type (E->Generator[\G\], ()->Nothing[\G\]).
typecheck	-	typecheck	FortressLibrary.fss:1329	Could not check call to function cond - [\G\](E->G, ()->G)->G is not applicable to an argument of type (E->Just[\G\], ()->Nothing[\G\]).
typecheck	-	typecheck	FortressLibrary.fss:1327	Could not check call to function cond - [\G\](E->G, ()->G)->G is not applicable to an argument of type (E->Just[\G\], ()->Nothing[\G\]).
typecheck	-	typecheck	FortressLibrary.fss:1316	Could not check call to function cond - [\E\](E->E, ()->E)->E is not applicable to an argument of type (E->Condition[\E\], ()->Condition[\E\]).
typecheck	-	typecheck	FortressLibrary.fss:1320	Could not check method invocation RangeInternals.CompactFullParScalarRange[\IntLiteral\].narrowToRange - OpenRange[\IntLiteral\]->BoundedRange[\IntLiteral\] is not applicable to an argument of type Range[\ZZ32\]. - OpenRange[\IntLiteral\]->FullRange[\IntLiteral\] is not applicable to an argument of type Range[\ZZ32\]. - OpenRange[\IntLiteral\]->Range[\IntLiteral\] is not applicable to an argument of type Range[\ZZ32\]. - Range[\IntLiteral\]->BoundedRange[\IntLiteral\] is not applicable to an argument of type Range[\ZZ32\]. - Range[\IntLiteral\]->FullRange[\IntLiteral\] is not applicable to an argument of type Range[\ZZ32\]. - Range[\IntLiteral\]->Range[\IntLiteral\] is not applicable to an argument of type Range[\ZZ32\].
typecheck	-	typecheck	FortressLibrary.fss:1317	Could not check method invocation RangeInternals.CompactFullParScalarRange[\IntLiteral\].narrowToRange - OpenRange[\IntLiteral\]->BoundedRange[\IntLiteral\] is not applicable to an argument of type Range[\ZZ32\]. - OpenRange[\IntLiteral\]->FullRange[\IntLiteral\] is not applicable to an argument of type Range[\ZZ32\]. - OpenRange[\IntLiteral\]->Range[\IntLiteral\] is not applicable to an argument of type Range[\ZZ32\]. - Range[\IntLiteral\]->BoundedRange[\IntLiteral\] is not applicable to an argument of type Range[\ZZ32\]. - Range[\IntLiteral\]->FullRange[\IntLiteral\] is not applicable to an argument of type Range[\ZZ32\]. - Range[\IntLiteral\]->Range[\IntLiteral\] is not applicable to an argument of type Range[\ZZ32\].
typecheck	-	typecheck	FortressLibrary.fss:1311	Could not check call to function cond - [\E\](E->E, ()->E)->E is not applicable to an argument of type (E->Just[\(ZZ32, E)\], ()->Nothing[\(ZZ32, E)\]).
typecheck	-	typecheck	FortressLibrary.fss:1260	Could not check method invocation AND(Generator2[\E\],Generator[\F\]).generate2 - [\I0, L0, L1\](ActualReduction[\I0,L0\], ActualReduction[\I0,L1\], E->I0)->I0 is not applicable to any type of the form (ActualReduction[\R0,L0\], ActualReduction[\R1,L1\], _->_).
typecheck	-	typecheck	FortressLibrary.fss:1180	Function body has type Boolean, but declared return type is ().
typecheck	-	typecheck	FortressLibrary.fss:1173	Could not check method invocation Generator[\E\].loop - E->()->() is not applicable to an argument of type E->R.
typecheck	-	typecheck	FortressLibrary.fss:1065	Could not check method invocation String._[_] - Range[\ZZ32\]->Indexed[\Char,ZZ32\] is not applicable to an argument of type LeftRange[\IntLiteral\]. - Range[\ZZ32\]->String is not applicable to an argument of type LeftRange[\IntLiteral\]. - Range[\ZZ32\]->ZeroIndexed[\Char\] is not applicable to an argument of type LeftRange[\IntLiteral\]. - TrivialOpenRange->Indexed[\Char,ZZ32\] is not applicable to an argument of type LeftRange[\IntLiteral\]. - TrivialOpenRange->ZeroIndexed[\Char\] is not applicable to an argument of type LeftRange[\IntLiteral\]. - ZZ32->Char is not applicable to an argument of type LeftRange[\IntLiteral\]. - ZZ32->Char is not applicable to an argument of type LeftRange[\IntLiteral\].
typecheck	-	typecheck	FortressLibrary.fss:1015	Could not check call to function fail - Could not infer static argument T without context.
typecheck	-	typecheck	FortressLibrary.fss:685	Function body has type Integral[\I\], but declared return type is I.
typecheck	-	typecheck	FortressLibrary.fss:684	Function body has type Integral[\I\], but declared return type is I.
typecheck	-	typecheck	FortressLibrary.fss:683	Function body has type Integral[\I\], but declared return type is I.
typecheck	-	typecheck	FortressLibrary.fss:674	Could not check call to operator MOD - ((NN64 & {UnsignedLong}), NN64)->NN64 is not applicable to an argument of type (I, Integral[\I\]). - ((ZZ & {BigNum}), ZZ)->ZZ is not applicable to an argument of type (I, Integral[\I\]). - ((ZZ32 & {Int, IntLiteral}), ZZ32)->ZZ32 is not applicable to an argument of type (I, Integral[\I\]). - ((ZZ64 & {Long}), ZZ64)->ZZ64 is not applicable to an argument of type (I, Integral[\I\]). - (Integral[\I\], I)->I is not applicable to an argument of type (I, Integral[\I\]). - (NN32, NN32)->NN32 is not applicable to an argument of type (I, Integral[\I\]).
typecheck	-	typecheck	FortressLibrary.fss:658	Could not check call to operator MOD - ((NN64 & {UnsignedLong}), NN64)->NN64 is not applicable to an argument of type (Integral[\I\], IntLiteral). - ((ZZ & {BigNum}), ZZ)->ZZ is not applicable to an argument of type (Integral[\I\], IntLiteral). - ((ZZ32 & {Int, IntLiteral}), ZZ32)->ZZ32 is not applicable to an argument of type (Integral[\I\], IntLiteral). - ((ZZ64 & {Long}), ZZ64)->ZZ64 is not applicable to an argument of type (Integral[\I\], IntLiteral). - (Integral[\I\], I)->I is not applicable to an argument of type (Integral[\I\], IntLiteral). - (NN32, NN32)->NN32 is not applicable to an argument of type (Integral[\I\], IntLiteral).
typecheck	-	typecheck	FortressLibrary.fss:654	Function body has type Integral[\I\], but declared return type is I.
typecheck	-	typecheck	FortressLibrary.fss:653	Function body has type Integral[\I\], but declared return type is I.
typecheck	-	typecheck	FortressLibrary.fss:652	Function body has type Integral[\I\], but declared return type is I.
typecheck	-	typecheck	FortressLibrary.fss:649	Right-hand side has type Integral[\I\], but declared type is ZZ.
typecheck	-	typecheck	FortressLibrary.fss:620	Function body has type (QQ & {Ratio}), but declared return type is ZZ.
typecheck	-	typecheck	FortressLibrary.fss:615	Function body has type (QQ & {Ratio}), but declared return type is ZZ.
typecheck	-	typecheck	FortressLibrary.fss:608	Function body has type RR64, but declared return type is QQ.
typecheck	-	typecheck	FortressLibrary.fss:609	Could not check call to operator - - (NN64 & {UnsignedLong})->NN64 is not applicable to an argument of type AnyIntegral. - (QQ & {Ratio})->QQ is not applicable to an argument of type AnyIntegral. - (RR64 & {Float, FloatLiteral, RR32})->RR64 is not applicable to an argument of type AnyIntegral. - (ZZ & {BigNum})->ZZ is not applicable to an argument of type AnyIntegral. - (ZZ32 & {Int, IntLiteral})->ZZ32 is not applicable to an argument of type AnyIntegral. - (ZZ64 & {Long})->ZZ64 is not applicable to an argument of type AnyIntegral. - AdditiveGroup[\T\]->T is not applicable to an argument of type AnyIntegral. - Integral[\I\]->I is not applicable to an argument of type AnyIntegral. - Matrix[\T,s0,s1\]->Matrix[\T,s0,s1\] is not applicable to an argument of type AnyIntegral. - NN32->NN32 is not applicable to an argument of type AnyIntegral. - Vector[\T,s0\]->Vector[\T,s0\] is not applicable to an argument of type AnyIntegral.
typecheck	-	typecheck	FortressLibrary.fss:608	Filter expressions in generator clauses must have type Boolean, but OpExpr at FortressLibrary.fss:608.13 was not well typed.
typecheck	-	typecheck	FortressLibrary.fss:608	Could not check call to operator - - (NN64 & {UnsignedLong})->NN64 is not applicable to an argument of type AnyIntegral. - (QQ & {Ratio})->QQ is not applicable to an argument of type AnyIntegral. - (RR64 & {Float, FloatLiteral, RR32})->RR64 is not applicable to an argument of type AnyIntegral. - (ZZ & {BigNum})->ZZ is not applicable to an argument of type AnyIntegral. - (ZZ32 & {Int, IntLiteral})->ZZ32 is not applicable to an argument of type AnyIntegral. - (ZZ64 & {Long})->ZZ64 is not applicable to an argument of type AnyIntegral. - AdditiveGroup[\T\]->T is not applicable to an argument of type AnyIntegral. - Integral[\I\]->I is not applicable to an argument of type AnyIntegral. - Matrix[\T,s0,s1\]->Matrix[\T,s0,s1\] is not applicable to an argument of type AnyIntegral. - NN32->NN32 is not applicable to an argument of type AnyIntegral. - Vector[\T,s0\]->Vector[\T,s0\] is not applicable to an argument of type AnyIntegral.
typecheck	-	typecheck	FortressLibrary.fss:503	Non-last expression in a block has type OR((),QQ,BottomType), but it must have () type.
typecheck	-	typecheck	?	FortressLibrary.fss:506:9-Type checker generated.:0:0: The typecase clause, GreaterThan, is unreachable.
typecheck	-	typecheck	?	FortressLibrary.fss:505:9-Type checker generated.:0:0: The typecase clause, EqualTo, is unreachable.
typecheck	-	typecheck	FortressLibrary.fss:335	Could not check call to operator - - ((NN64 & {UnsignedLong}), NN64)->NN64 is not applicable to an argument of type (T, AdditiveGroup[\T\]). - ((QQ & {Ratio}), QQ)->QQ is not applicable to an argument of type (T, AdditiveGroup[\T\]). - ((RR64 & {Float, FloatLiteral, RR32}), RR64)->RR64 is not applicable to an argument of type (T, AdditiveGroup[\T\]). - ((ZZ & {BigNum}), ZZ)->ZZ is not applicable to an argument of type (T, AdditiveGroup[\T\]). - ((ZZ32 & {Int, IntLiteral}), ZZ32)->ZZ32 is not applicable to an argument of type (T, AdditiveGroup[\T\]). - ((ZZ64 & {Long}), ZZ64)->ZZ64 is not applicable to an argument of type (T, AdditiveGroup[\T\]). - (AdditiveGroup[\T\], T)->T is not applicable to an argument of type (T, AdditiveGroup[\T\]). - (Integral[\I\], I)->I is not applicable to an argument of type (T, AdditiveGroup[\T\]). - (Matrix[\T,s0,s1\], Matrix[\T,s0,s1\])->Matrix[\T,s0,s1\] is not applicable to an argument of type (T, AdditiveGroup[\T\]). - (NN32, NN32)->NN32 is not applicable to an argument of type (T, AdditiveGroup[\T\]). - (Vector[\T,s0\], Vector[\T,s0\])->Vector[\T,s0\] is not applicable to an argument of type (T, AdditiveGroup[\T\]). - [\T extends Number, I\](Array[\T,I\], T)->Array[\T,I\] is not applicable to an argument of type (T, AdditiveGroup[\T\]). - [\T extends Number, I\](T, Array[\T,I\])->Array[\T,I\] is not applicable to an argument of type (T, AdditiveGroup[\T\]).
typecheck	-	typecheck	FortressLibrary.fss:332	Could not check call to operator - - ((NN64 & {UnsignedLong}), NN64)->NN64 is not applicable to an argument of type (AdditiveGroup[\T\], AdditiveGroup[\T\]). - ((QQ & {Ratio}), QQ)->QQ is not applicable to an argument of type (AdditiveGroup[\T\], AdditiveGroup[\T\]). - ((RR64 & {Float, FloatLiteral, RR32}), RR64)->RR64 is not applicable to an argument of type (AdditiveGroup[\T\], AdditiveGroup[\T\]). - ((ZZ & {BigNum}), ZZ)->ZZ is not applicable to an argument of type (AdditiveGroup[\T\], AdditiveGroup[\T\]). - ((ZZ32 & {Int, IntLiteral}), ZZ32)->ZZ32 is not applicable to an argument of type (AdditiveGroup[\T\], AdditiveGroup[\T\]). - ((ZZ64 & {Long}), ZZ64)->ZZ64 is not applicable to an argument of type (AdditiveGroup[\T\], AdditiveGroup[\T\]). - (AdditiveGroup[\T\], T)->T is not applicable to an argument of type (AdditiveGroup[\T\], AdditiveGroup[\T\]). - (Integral[\I\], I)->I is not applicable to an argument of type (AdditiveGroup[\T\], AdditiveGroup[\T\]). - (Matrix[\T,s0,s1\], Matrix[\T,s0,s1\])->Matrix[\T,s0,s1\] is not applicable to an argument of type (AdditiveGroup[\T\], AdditiveGroup[\T\]). - (NN32, NN32)->NN32 is not applicable to an argument of type (AdditiveGroup[\T\], AdditiveGroup[\T\]). - (Vector[\T,s0\], Vector[\T,s0\])->Vector[\T,s0\] is not applicable to an argument of type (AdditiveGroup[\T\], AdditiveGroup[\T\]). - [\T extends Number, I\](Array[\T,I\], T)->Array[\T,I\] is not applicable to an argument of type (AdditiveGroup[\T\], AdditiveGroup[\T\]). - [\T extends Number, I\](T, Array[\T,I\])->Array[\T,I\] is not applicable to an argument of type (AdditiveGroup[\T\], AdditiveGroup[\T\]).
typecheck	-	typecheck	FortressLibrary.fss:315	'throw' can only throw objects of Exception type. This expression is of type Exception->ForbiddenException.
typecheck	-	typecheck	FortressLibrary.fss:308	Could not check call to operator BIG || - ()->Comprehension[\Any,String,String,String\] is not applicable to an argument of type Any. - [\T\]Generator[\T\]->Comprehension[\Any,String,String,String\] is not applicable to an argument of type Any.
typecheck	-	typecheck	FortressLibrary.fss:308	Any has no getter called asDebugString
typecheck	-	typecheck	FortressLibrary.fss:298	Could not check call to operator BIG || - ()->Comprehension[\Any,String,String,String\] is not applicable to an argument of type Any. - [\T\]Generator[\T\]->Comprehension[\Any,String,String,String\] is not applicable to an argument of type Any.
typecheck	-	typecheck	FortressLibrary.fss:298	Any has no getter called asDebugString
typecheck	-	typecheck	FortressLibrary.fss:293	Could not check call to function fail - Could not infer static argument T without context.
typecheck	-	typecheck	FortressLibrary.fss:288	Could not check call to function fail - Could not infer static argument T without context.
typecheck	-	typecheck	FortressLibrary.fss:282	Function body has type OR((StandardTotalOrder[\T\], T),(T, StandardTotalOrder[\T\])), but declared return type is (T, T).
typecheck	-	typecheck	FortressLibrary.fss:282	Filter expressions in generator clauses must have type Boolean, but OpExpr at FortressLibrary.fss:282.12 was not well typed.
typecheck	-	typecheck	FortressLibrary.fss:282	Could not check call to operator < - ((NN64 & {UnsignedLong}), NN64)->Boolean is not applicable to an argument of type (T, StandardTotalOrder[\T\]). - ((QQ & {Ratio}), QQ)->Boolean is not applicable to an argument of type (T, StandardTotalOrder[\T\]). - ((RR64 & {Float, FloatLiteral, RR32}), RR64)->Boolean is not applicable to an argument of type (T, StandardTotalOrder[\T\]). - ((TotalComparison & {LessThan, EqualTo, GreaterThan}), Unordered)->Boolean is not applicable to an argument of type (T, StandardTotalOrder[\T\]). - ((ZZ & {BigNum}), ZZ)->Boolean is not applicable to an argument of type (T, StandardTotalOrder[\T\]). - ((ZZ32 & {Int, IntLiteral}), ZZ32)->Boolean is not applicable to an argument of type (T, StandardTotalOrder[\T\]). - ((ZZ64 & {Long}), ZZ64)->Boolean is not applicable to an argument of type (T, StandardTotalOrder[\T\]). - (Char, Char)->Boolean is not applicable to an argument of type (T, StandardTotalOrder[\T\]). - (EqualTo, GreaterThan)->Boolean is not applicable to an argument of type (T, StandardTotalOrder[\T\]). - (EqualTo, TotalComparison)->Boolean is not applicable to an argument of type (T, StandardTotalOrder[\T\]). - (GreaterThan, TotalComparison)->Boolean is not applicable to an argument of type (T, StandardTotalOrder[\T\]). - (IntLiteral, IntLiteral)->Boolean is not applicable to an argument of type (T, StandardTotalOrder[\T\]). - (LessThan, LessThan)->Boolean is not applicable to an argument of type (T, StandardTotalOrder[\T\]). - (LessThan, TotalComparison)->Boolean is not applicable to an argument of type (T, StandardTotalOrder[\T\]). - (NN32, NN32)->Boolean is not applicable to an argument of type (T, StandardTotalOrder[\T\]). - (StandardPartialOrder[\T\], T)->Boolean is not applicable to an argument of type (T, StandardTotalOrder[\T\]). - (Unordered, Comparison)->Boolean is not applicable to an argument of type (T, StandardTotalOrder[\T\]). - [\A, B, C\]((A, B, C), (A, B, C))->Boolean is not applicable to an argument of type (T, StandardTotalOrder[\T\]). - [\A, B\]((A, B), (A, B))->Boolean is not applicable to an argument of type (T, StandardTotalOrder[\T\]).
typecheck	-	typecheck	FortressLibrary.fss:280	Function body has type StandardTotalOrder[\T\], but declared return type is T.
typecheck	-	typecheck	FortressLibrary.fss:280	Filter expressions in generator clauses must have type Boolean, but OpExpr at FortressLibrary.fss:280.36 was not well typed.
typecheck	-	typecheck	FortressLibrary.fss:280	Could not check call to operator < - ((NN64 & {UnsignedLong}), NN64)->Boolean is not applicable to an argument of type (T, StandardTotalOrder[\T\]). - ((QQ & {Ratio}), QQ)->Boolean is not applicable to an argument of type (T, StandardTotalOrder[\T\]). - ((RR64 & {Float, FloatLiteral, RR32}), RR64)->Boolean is not applicable to an argument of type (T, StandardTotalOrder[\T\]). - ((TotalComparison & {LessThan, EqualTo, GreaterThan}), Unordered)->Boolean is not applicable to an argument of type (T, StandardTotalOrder[\T\]). - ((ZZ & {BigNum}), ZZ)->Boolean is not applicable to an argument of type (T, StandardTotalOrder[\T\]). - ((ZZ32 & {Int, IntLiteral}), ZZ32)->Boolean is not applicable to an argument of type (T, StandardTotalOrder[\T\]). - ((ZZ64 & {Long}), ZZ64)->Boolean is not applicable to an argument of type (T, StandardTotalOrder[\T\]). - (Char, Char)->Boolean is not applicable to an argument of type (T, StandardTotalOrder[\T\]). - (EqualTo, GreaterThan)->Boolean is not applicable to an argument of type (T, StandardTotalOrder[\T\]). - (EqualTo, TotalComparison)->Boolean is not applicable to an argument of type (T, StandardTotalOrder[\T\]). - (GreaterThan, TotalComparison)->Boolean is not applicable to an argument of type (T, StandardTotalOrder[\T\]). - (IntLiteral, IntLiteral)->Boolean is not applicable to an argument of type (T, StandardTotalOrder[\T\]). - (LessThan, LessThan)->Boolean is not applicable to an argument of type (T, StandardTotalOrder[\T\]). - (LessThan, TotalComparison)->Boolean is not applicable to an argument of type (T, StandardTotalOrder[\T\]). - (NN32, NN32)->Boolean is not applicable to an argument of type (T, StandardTotalOrder[\T\]). - (StandardPartialOrder[\T\], T)->Boolean is not applicable to an argument of type (T, StandardTotalOrder[\T\]). - (Unordered, Comparison)->Boolean is not applicable to an argument of type (T, StandardTotalOrder[\T\]). - [\A, B, C\]((A, B, C), (A, B, C))->Boolean is not applicable to an argument of type (T, StandardTotalOrder[\T\]). - [\A, B\]((A, B), (A, B))->Boolean is not applicable to an argument of type (T, StandardTotalOrder[\T\]).
typecheck	-	typecheck	FortressLibrary.fss:279	Function body has type StandardTotalOrder[\T\], but declared return type is T.
typecheck	-	typecheck	FortressLibrary.fss:279	Filter expressions in generator clauses must have type Boolean, but OpExpr at FortressLibrary.fss:279.36 was not well typed.
typecheck	-	typecheck	FortressLibrary.fss:279	Could not check call to operator < - ((NN64 & {UnsignedLong}), NN64)->Boolean is not applicable to an argument of type (T, StandardTotalOrder[\T\]). - ((QQ & {Ratio}), QQ)->Boolean is not applicable to an argument of type (T, StandardTotalOrder[\T\]). - ((RR64 & {Float, FloatLiteral, RR32}), RR64)->Boolean is not applicable to an argument of type (T, StandardTotalOrder[\T\]). - ((TotalComparison & {LessThan, EqualTo, GreaterThan}), Unordered)->Boolean is not applicable to an argument of type (T, StandardTotalOrder[\T\]). - ((ZZ & {BigNum}), ZZ)->Boolean is not applicable to an argument of type (T, StandardTotalOrder[\T\]). - ((ZZ32 & {Int, IntLiteral}), ZZ32)->Boolean is not applicable to an argument of type (T, StandardTotalOrder[\T\]). - ((ZZ64 & {Long}), ZZ64)->Boolean is not applicable to an argument of type (T, StandardTotalOrder[\T\]). - (Char, Char)->Boolean is not applicable to an argument of type (T, StandardTotalOrder[\T\]). - (EqualTo, GreaterThan)->Boolean is not applicable to an argument of type (T, StandardTotalOrder[\T\]). - (EqualTo, TotalComparison)->Boolean is not applicable to an argument of type (T, StandardTotalOrder[\T\]). - (GreaterThan, TotalComparison)->Boolean is not applicable to an argument of type (T, StandardTotalOrder[\T\]). - (IntLiteral, IntLiteral)->Boolean is not applicable to an argument of type (T, StandardTotalOrder[\T\]). - (LessThan, LessThan)->Boolean is not applicable to an argument of type (T, StandardTotalOrder[\T\]). - (LessThan, TotalComparison)->Boolean is not applicable to an argument of type (T, StandardTotalOrder[\T\]). - (NN32, NN32)->Boolean is not applicable to an argument of type (T, StandardTotalOrder[\T\]). - (StandardPartialOrder[\T\], T)->Boolean is not applicable to an argument of type (T, StandardTotalOrder[\T\]). - (Unordered, Comparison)->Boolean is not applicable to an argument of type (T, StandardTotalOrder[\T\]). - [\A, B, C\]((A, B, C), (A, B, C))->Boolean is not applicable to an argument of type (T, StandardTotalOrder[\T\]). - [\A, B\]((A, B), (A, B))->Boolean is not applicable to an argument of type (T, StandardTotalOrder[\T\]).
typecheck	-	typecheck	FortressLibrary.fss:278	Could not check call to operator < - ((NN64 & {UnsignedLong}), NN64)->Boolean is not applicable to an argument of type (T, StandardTotalOrder[\T\]). - ((QQ & {Ratio}), QQ)->Boolean is not applicable to an argument of type (T, StandardTotalOrder[\T\]). - ((RR64 & {Float, FloatLiteral, RR32}), RR64)->Boolean is not applicable to an argument of type (T, StandardTotalOrder[\T\]). - ((TotalComparison & {LessThan, EqualTo, GreaterThan}), Unordered)->Boolean is not applicable to an argument of type (T, StandardTotalOrder[\T\]). - ((ZZ & {BigNum}), ZZ)->Boolean is not applicable to an argument of type (T, StandardTotalOrder[\T\]). - ((ZZ32 & {Int, IntLiteral}), ZZ32)->Boolean is not applicable to an argument of type (T, StandardTotalOrder[\T\]). - ((ZZ64 & {Long}), ZZ64)->Boolean is not applicable to an argument of type (T, StandardTotalOrder[\T\]). - (Char, Char)->Boolean is not applicable to an argument of type (T, StandardTotalOrder[\T\]). - (EqualTo, GreaterThan)->Boolean is not applicable to an argument of type (T, StandardTotalOrder[\T\]). - (EqualTo, TotalComparison)->Boolean is not applicable to an argument of type (T, StandardTotalOrder[\T\]). - (GreaterThan, TotalComparison)->Boolean is not applicable to an argument of type (T, StandardTotalOrder[\T\]). - (IntLiteral, IntLiteral)->Boolean is not applicable to an argument of type (T, StandardTotalOrder[\T\]). - (LessThan, LessThan)->Boolean is not applicable to an argument of type (T, StandardTotalOrder[\T\]). - (LessThan, TotalComparison)->Boolean is not applicable to an argument of type (T, StandardTotalOrder[\T\]). - (NN32, NN32)->Boolean is not applicable to an argument of type (T, StandardTotalOrder[\T\]). - (StandardPartialOrder[\T\], T)->Boolean is not applicable to an argument of type (T, StandardTotalOrder[\T\]). - (Unordered, Comparison)->Boolean is not applicable to an argument of type (T, StandardTotalOrder[\T\]). - [\A, B, C\]((A, B, C), (A, B, C))->Boolean is not applicable to an argument of type (T, StandardTotalOrder[\T\]). - [\A, B\]((A, B), (A, B))->Boolean is not applicable to an argument of type (T, StandardTotalOrder[\T\]).
typecheck	-	typecheck	FortressLibrary.fss:274	Filter expressions in generator clauses must have type Boolean, but OpExpr at FortressLibrary.fss:274.14 was not well typed.
typecheck	-	typecheck	FortressLibrary.fss:274	Could not check call to operator < - ((NN64 & {UnsignedLong}), NN64)->Boolean is not applicable to an argument of type (T, StandardTotalOrder[\T\]). - ((QQ & {Ratio}), QQ)->Boolean is not applicable to an argument of type (T, StandardTotalOrder[\T\]). - ((RR64 & {Float, FloatLiteral, RR32}), RR64)->Boolean is not applicable to an argument of type (T, StandardTotalOrder[\T\]). - ((TotalComparison & {LessThan, EqualTo, GreaterThan}), Unordered)->Boolean is not applicable to an argument of type (T, StandardTotalOrder[\T\]). - ((ZZ & {BigNum}), ZZ)->Boolean is not applicable to an argument of type (T, StandardTotalOrder[\T\]). - ((ZZ32 & {Int, IntLiteral}), ZZ32)->Boolean is not applicable to an argument of type (T, StandardTotalOrder[\T\]). - ((ZZ64 & {Long}), ZZ64)->Boolean is not applicable to an argument of type (T, StandardTotalOrder[\T\]). - (Char, Char)->Boolean is not applicable to an argument of type (T, StandardTotalOrder[\T\]). - (EqualTo, GreaterThan)->Boolean is not applicable to an argument of type (T, StandardTotalOrder[\T\]). - (EqualTo, TotalComparison)->Boolean is not applicable to an argument of type (T, StandardTotalOrder[\T\]). - (GreaterThan, TotalComparison)->Boolean is not applicable to an argument of type (T, StandardTotalOrder[\T\]). - (IntLiteral, IntLiteral)->Boolean is not applicable to an argument of type (T, StandardTotalOrder[\T\]). - (LessThan, LessThan)->Boolean is not applicable to an argument of type (T, StandardTotalOrder[\T\]). - (LessThan, TotalComparison)->Boolean is not applicable to an argument of type (T, StandardTotalOrder[\T\]). - (NN32, NN32)->Boolean is not applicable to an argument of type (T, StandardTotalOrder[\T\]). - (StandardPartialOrder[\T\], T)->Boolean is not applicable to an argument of type (T, StandardTotalOrder[\T\]). - (Unordered, Comparison)->Boolean is not applicable to an argument of type (T, StandardTotalOrder[\T\]). - [\A, B, C\]((A, B, C), (A, B, C))->Boolean is not applicable to an argument of type (T, StandardTotalOrder[\T\]). - [\A, B\]((A, B), (A, B))->Boolean is not applicable to an argument of type (T, StandardTotalOrder[\T\]).
typecheck	-	typecheck	FortressLibrary.fss:261	Function body has type T, but declared return type is (T, T).
typecheck	-	typecheck	FortressLibrary.fss:260	Function body has type T, but declared return type is (T, T).
typecheck	-	typecheck	FortressLibrary.fss:224	Could not check call to operator >= - ((QQ & {Ratio}), QQ)->Boolean is not applicable to an argument of type (T, StandardPartialOrder[\T\]). - ((RR64 & {Float, FloatLiteral, RR32}), RR64)->Boolean is not applicable to an argument of type (T, StandardPartialOrder[\T\]). - ((TotalComparison & {LessThan, EqualTo, GreaterThan}), Comparison)->Boolean is not applicable to an argument of type (T, StandardPartialOrder[\T\]). - ((TotalComparison & {LessThan, EqualTo, GreaterThan}), Unordered)->Boolean is not applicable to an argument of type (T, StandardPartialOrder[\T\]). - ((ZZ & {BigNum}), ZZ)->Boolean is not applicable to an argument of type (T, StandardPartialOrder[\T\]). - ((ZZ64 & {Long}), ZZ64)->Boolean is not applicable to an argument of type (T, StandardPartialOrder[\T\]). - (IntLiteral, IntLiteral)->Boolean is not applicable to an argument of type (T, StandardPartialOrder[\T\]). - (StandardPartialOrder[\T\], T)->Boolean is not applicable to an argument of type (T, StandardPartialOrder[\T\]). - (StandardTotalOrder[\T\], T)->Boolean is not applicable to an argument of type (T, StandardPartialOrder[\T\]). - [\A, B, C\]((A, B, C), (A, B, C))->Boolean is not applicable to an argument of type (T, StandardPartialOrder[\T\]). - [\A, B\]((A, B), (A, B))->Boolean is not applicable to an argument of type (T, StandardPartialOrder[\T\]).
typecheck	-	typecheck	FortressLibrary.fss:222	Could not check call to operator < - ((NN64 & {UnsignedLong}), NN64)->Boolean is not applicable to an argument of type (T, StandardPartialOrder[\T\]). - ((QQ & {Ratio}), QQ)->Boolean is not applicable to an argument of type (T, StandardPartialOrder[\T\]). - ((RR64 & {Float, FloatLiteral, RR32}), RR64)->Boolean is not applicable to an argument of type (T, StandardPartialOrder[\T\]). - ((TotalComparison & {LessThan, EqualTo, GreaterThan}), Unordered)->Boolean is not applicable to an argument of type (T, StandardPartialOrder[\T\]). - ((ZZ & {BigNum}), ZZ)->Boolean is not applicable to an argument of type (T, StandardPartialOrder[\T\]). - ((ZZ32 & {Int, IntLiteral}), ZZ32)->Boolean is not applicable to an argument of type (T, StandardPartialOrder[\T\]). - ((ZZ64 & {Long}), ZZ64)->Boolean is not applicable to an argument of type (T, StandardPartialOrder[\T\]). - (Char, Char)->Boolean is not applicable to an argument of type (T, StandardPartialOrder[\T\]). - (EqualTo, GreaterThan)->Boolean is not applicable to an argument of type (T, StandardPartialOrder[\T\]). - (EqualTo, TotalComparison)->Boolean is not applicable to an argument of type (T, StandardPartialOrder[\T\]). - (GreaterThan, TotalComparison)->Boolean is not applicable to an argument of type (T, StandardPartialOrder[\T\]). - (IntLiteral, IntLiteral)->Boolean is not applicable to an argument of type (T, StandardPartialOrder[\T\]). - (LessThan, LessThan)->Boolean is not applicable to an argument of type (T, StandardPartialOrder[\T\]). - (LessThan, TotalComparison)->Boolean is not applicable to an argument of type (T, StandardPartialOrder[\T\]). - (NN32, NN32)->Boolean is not applicable to an argument of type (T, StandardPartialOrder[\T\]). - (StandardPartialOrder[\T\], T)->Boolean is not applicable to an argument of type (T, StandardPartialOrder[\T\]). - (Unordered, Comparison)->Boolean is not applicable to an argument of type (T, StandardPartialOrder[\T\]). - [\A, B, C\]((A, B, C), (A, B, C))->Boolean is not applicable to an argument of type (T, StandardPartialOrder[\T\]). - [\A, B\]((A, B), (A, B))->Boolean is not applicable to an argument of type (T, StandardPartialOrder[\T\]).
typecheck	-	typecheck	FortressLibrary.fss:217	Filter expressions in generator clauses must have type Boolean, but OpExpr at FortressLibrary.fss:217.14 was not well typed.
typecheck	-	typecheck	FortressLibrary.fss:217	Could not check call to operator < - ((NN64 & {UnsignedLong}), NN64)->Boolean is not applicable to an argument of type (T, StandardPartialOrder[\T\]). - ((QQ & {Ratio}), QQ)->Boolean is not applicable to an argument of type (T, StandardPartialOrder[\T\]). - ((RR64 & {Float, FloatLiteral, RR32}), RR64)->Boolean is not applicable to an argument of type (T, StandardPartialOrder[\T\]). - ((TotalComparison & {LessThan, EqualTo, GreaterThan}), Unordered)->Boolean is not applicable to an argument of type (T, StandardPartialOrder[\T\]). - ((ZZ & {BigNum}), ZZ)->Boolean is not applicable to an argument of type (T, StandardPartialOrder[\T\]). - ((ZZ32 & {Int, IntLiteral}), ZZ32)->Boolean is not applicable to an argument of type (T, StandardPartialOrder[\T\]). - ((ZZ64 & {Long}), ZZ64)->Boolean is not applicable to an argument of type (T, StandardPartialOrder[\T\]). - (Char, Char)->Boolean is not applicable to an argument of type (T, StandardPartialOrder[\T\]). - (EqualTo, GreaterThan)->Boolean is not applicable to an argument of type (T, StandardPartialOrder[\T\]). - (EqualTo, TotalComparison)->Boolean is not applicable to an argument of type (T, StandardPartialOrder[\T\]). - (GreaterThan, TotalComparison)->Boolean is not applicable to an argument of type (T, StandardPartialOrder[\T\]). - (IntLiteral, IntLiteral)->Boolean is not applicable to an argument of type (T, StandardPartialOrder[\T\]). - (LessThan, LessThan)->Boolean is not applicable to an argument of type (T, StandardPartialOrder[\T\]). - (LessThan, TotalComparison)->Boolean is not applicable to an argument of type (T, StandardPartialOrder[\T\]). - (NN32, NN32)->Boolean is not applicable to an argument of type (T, StandardPartialOrder[\T\]). - (StandardPartialOrder[\T\], T)->Boolean is not applicable to an argument of type (T, StandardPartialOrder[\T\]). - (Unordered, Comparison)->Boolean is not applicable to an argument of type (T, StandardPartialOrder[\T\]). - [\A, B, C\]((A, B, C), (A, B, C))->Boolean is not applicable to an argument of type (T, StandardPartialOrder[\T\]). - [\A, B\]((A, B), (A, B))->Boolean is not applicable to an argument of type (T, StandardPartialOrder[\T\]).
typecheck	-	typecheck	FortressLibrary.fss:169	Could not check call to operator < - ((NN64 & {UnsignedLong}), NN64)->Boolean is not applicable to an argument of type (Comparison, (TotalComparison & {LessThan, EqualTo, GreaterThan})). - ((QQ & {Ratio}), QQ)->Boolean is not applicable to an argument of type (Comparison, (TotalComparison & {LessThan, EqualTo, GreaterThan})). - ((RR64 & {Float, FloatLiteral, RR32}), RR64)->Boolean is not applicable to an argument of type (Comparison, (TotalComparison & {LessThan, EqualTo, GreaterThan})). - ((TotalComparison & {LessThan, EqualTo, GreaterThan}), Unordered)->Boolean is not applicable to an argument of type (Comparison, (TotalComparison & {LessThan, EqualTo, GreaterThan})). - ((ZZ & {BigNum}), ZZ)->Boolean is not applicable to an argument of type (Comparison, (TotalComparison & {LessThan, EqualTo, GreaterThan})). - ((ZZ32 & {Int, IntLiteral}), ZZ32)->Boolean is not applicable to an argument of type (Comparison, (TotalComparison & {LessThan, EqualTo, GreaterThan})). - ((ZZ64 & {Long}), ZZ64)->Boolean is not applicable to an argument of type (Comparison, (TotalComparison & {LessThan, EqualTo, GreaterThan})). - (Char, Char)->Boolean is not applicable to an argument of type (Comparison, (TotalComparison & {LessThan, EqualTo, GreaterThan})). - (EqualTo, GreaterThan)->Boolean is not applicable to an argument of type (Comparison, (TotalComparison & {LessThan, EqualTo, GreaterThan})). - (EqualTo, TotalComparison)->Boolean is not applicable to an argument of type (Comparison, (TotalComparison & {LessThan, EqualTo, GreaterThan})). - (GreaterThan, TotalComparison)->Boolean is not applicable to an argument of type (Comparison, (TotalComparison & {LessThan, EqualTo, GreaterThan})). - (IntLiteral, IntLiteral)->Boolean is not applicable to an argument of type (Comparison, (TotalComparison & {LessThan, EqualTo, GreaterThan})). - (LessThan, LessThan)->Boolean is not applicable to an argument of type (Comparison, (TotalComparison & {LessThan, EqualTo, GreaterThan})). - (LessThan, TotalComparison)->Boolean is not applicable to an argument of type (Comparison, (TotalComparison & {LessThan, EqualTo, GreaterThan})). - (NN32, NN32)->Boolean is not applicable to an argument of type (Comparison, (TotalComparison & {LessThan, EqualTo, GreaterThan})). - (StandardPartialOrder[\T\], T)->Boolean is not applicable to an argument of type (Comparison, (TotalComparison & {LessThan, EqualTo, GreaterThan})). - (Unordered, Comparison)->Boolean is not applicable to an argument of type (Comparison, (TotalComparison & {LessThan, EqualTo, GreaterThan})). - Could not infer static arguments A, B without context. - Could not infer static arguments A, B, C without context.
wellformed	-	wellformed2	FortressLibrary.fss:2354	Ill-formed type: Vector[\T,s0\] The static argument T does not satisfy the corresponding bound Number.
wellformed	-	wellformed2	NativeArray.fsi:12	Ill-formed type: NativeArray.PrimitiveArray[\T,s0 s1\] Arithmetic on nat static arguments is not supported by the type checker; use a nat parameter or a literal.
wellformed	-	wellformed2	FortressLibrary.fss:2607	Ill-formed type: Matrix[\T,s1,s0\] The static argument T does not satisfy the corresponding bound Number.
wellformed	-	wellformed2	FortressLibrary.fss:2661	Ill-formed type: Matrix[\T,s0,s1\] The static argument T does not satisfy the corresponding bound Number.
wellformed	-	wellformed2	FortressLibrary.fss:2656	Ill-formed type: Vector[\T,s1\] The static argument T does not satisfy the corresponding bound Number.
wellformed	-	wellformed2	FortressLibrary.fss:2656	Ill-formed type: Vector[\T,s0\] The static argument T does not satisfy the corresponding bound Number.
wellformed	-	wellformed2	FortressLibrary.fss:2651	Ill-formed type: Vector[\T,s0\] The static argument T does not satisfy the corresponding bound Number.
wellformed	-	wellformed2	FortressLibrary.fss:2651	Ill-formed type: Vector[\T,s1\] The static argument T does not satisfy the corresponding bound Number.
wellformed	-	wellformed2	FortressLibrary.fss:2715	Ill-formed type: Matrix[\T,s0,s1\] The static argument T does not satisfy the corresponding bound Number.
wellformed	-	wellformed2	NativeArray.fsi:12	Ill-formed type: NativeArray.PrimitiveArray[\T,s0 s1 s2\] Arithmetic on nat static arguments is not supported by the type checker; use a nat parameter or a literal.
wellformed	-	wellformed2	FortressLibrary.fss:3138	Ill-formed type: MaxSumReductionPair[\T\] The static argument T does not satisfy the corresponding bound StandardMax[\T\].
wellformed	-	wellformed2	FortressLibrary.fss:3144	Ill-formed type: MinSumReductionPair[\T\] The static argument T does not satisfy the corresponding bound StandardMin[\T\].
overloading	MAX|sentence	overloading	FortressLibrary.fss:261,FortressLibrary.fss:4584	Invalid overloading of MAX in component FortressLibrary: [\T extends Number, I\](T, Array[\T,I\])->Array[\T,I\] @ FortressLibrary.fss:4584:1-4585:1 and [\T extends StandardMinMax[\T\]\](StandardMinMax[\T\], T)->(T, T) @ FortressLibrary.fss:261:5-70
return-type	MAX	overloading	FortressLibrary.fss:261,FortressLibrary.fss:280	For MAX, the return type of [\T extends StandardTotalOrder[\T\]\](StandardTotalOrder[\T\], T)->T @ FortressLibrary.fss:280:5-71 should be a subtype of the return type of [\T extends StandardMinMax[\T\]\](StandardMinMax[\T\], T)->(T, T) @ FortressLibrary.fss:261:5-70
overloading	MAX|sentence	overloading	FortressLibrary.fss:261,FortressLibrary.fss:4583	Invalid overloading of MAX in component FortressLibrary: [\T extends Number, I\](Array[\T,I\], T)->Array[\T,I\] @ FortressLibrary.fss:4583:1-105 and [\T extends StandardMinMax[\T\]\](StandardMinMax[\T\], T)->(T, T) @ FortressLibrary.fss:261:5-70
return-type	MAX	overloading	FortressLibrary.fss:261,FortressLibrary.fss:422	For MAX, the return type of ((RR64 & {Float, FloatLiteral, RR32}), RR64)->RR64 @ FortressLibrary.fss:422:5-61 should be a subtype of the return type of [\T extends StandardMinMax[\T\]\](StandardMinMax[\T\], T)->(T, T) @ FortressLibrary.fss:261:5-70
return-type	MAX	overloading	FortressLibrary.fss:261,FortressLibrary.fss:578	For MAX, the return type of ((QQ & {Ratio}), QQ)->QQ @ FortressLibrary.fss:578:5-579:102 should be a subtype of the return type of [\T extends StandardMinMax[\T\]\](StandardMinMax[\T\], T)->(T, T) @ FortressLibrary.fss:261:5-70
return-type	CMP	overloading	FortressLibrary.fss:166,FortressLibrary.fss:4050	For CMP, the return type of ((TotalComparison & {LessThan, EqualTo, GreaterThan}), Unordered)->Comparison @ FortressLibrary.fss:166:5-58 should be a subtype of the return type of (String, String)->TotalComparison @ FortressLibrary.fss:4050:5-4051:108
overloading	CMP|sentence	overloading	FortressLibrary.fss:178,FortressLibrary.fss:215	Invalid overloading of CMP in component FortressLibrary: (LessThan, LessThan)->TotalComparison @ FortressLibrary.fss:178:5-60 and [\T extends StandardPartialOrder[\T\]\](StandardPartialOrder[\T\], T)->Comparison @ FortressLibrary.fss:215:5-220:10
overloading	CMP|sentence	overloading	FortressLibrary.fss:190,FortressLibrary.fss:215	Invalid overloading of CMP in component FortressLibrary: (GreaterThan, GreaterThan)->TotalComparison @ FortressLibrary.fss:190:5-63 and [\T extends StandardPartialOrder[\T\]\](StandardPartialOrder[\T\], T)->Comparison @ FortressLibrary.fss:215:5-220:10
return-type	CMP	overloading	FortressLibrary.fss:166,FortressLibrary.fss:178	For CMP, the return type of ((TotalComparison & {LessThan, EqualTo, GreaterThan}), Unordered)->Comparison @ FortressLibrary.fss:166:5-58 should be a subtype of the return type of (LessThan, LessThan)->TotalComparison @ FortressLibrary.fss:178:5-60
return-type	CMP	overloading	FortressLibrary.fss:166,FortressLibrary.fss:1839	For CMP, the return type of ((TotalComparison & {LessThan, EqualTo, GreaterThan}), Unordered)->Comparison @ FortressLibrary.fss:166:5-58 should be a subtype of the return type of [\T extends LexicographicOrder[\T,E\], E\](LexicographicOrder[\T,E\], T)->TotalComparison @ FortressLibrary.fss:1839:5-1845:45
return-type	CMP	overloading	FortressLibrary.fss:166,FortressLibrary.fss:190	For CMP, the return type of ((TotalComparison & {LessThan, EqualTo, GreaterThan}), Unordered)->Comparison @ FortressLibrary.fss:166:5-58 should be a subtype of the return type of (GreaterThan, GreaterThan)->TotalComparison @ FortressLibrary.fss:190:5-63
return-type	CMP	overloading	FortressLibrary.fss:166,FortressLibrary.fss:272	For CMP, the return type of ((TotalComparison & {LessThan, EqualTo, GreaterThan}), Unordered)->Comparison @ FortressLibrary.fss:166:5-58 should be a subtype of the return type of [\T extends StandardTotalOrder[\T\]\](StandardTotalOrder[\T\], T)->TotalComparison @ FortressLibrary.fss:272:5-276:10
return-type	CMP	overloading	FortressLibrary.fss:166,FortressLibrary.fss:201	For CMP, the return type of ((TotalComparison & {LessThan, EqualTo, GreaterThan}), Unordered)->Comparison @ FortressLibrary.fss:166:5-58 should be a subtype of the return type of (EqualTo, TotalComparison)->TotalComparison @ FortressLibrary.fss:201:5-73
return-type	CMP	overloading	FortressLibrary.fss:166,FortressLibrary.fss:179	For CMP, the return type of ((TotalComparison & {LessThan, EqualTo, GreaterThan}), Unordered)->Comparison @ FortressLibrary.fss:166:5-58 should be a subtype of the return type of (LessThan, TotalComparison)->TotalComparison @ FortressLibrary.fss:179:5-71
return-type	CMP	overloading	FortressLibrary.fss:166,FortressLibrary.fss:191	For CMP, the return type of ((TotalComparison & {LessThan, EqualTo, GreaterThan}), Unordered)->Comparison @ FortressLibrary.fss:166:5-58 should be a subtype of the return type of (GreaterThan, TotalComparison)->TotalComparison @ FortressLibrary.fss:191:5-68
return-type	CMP	overloading	FortressLibrary.fss:166,FortressLibrary.fss:781	For CMP, the return type of ((TotalComparison & {LessThan, EqualTo, GreaterThan}), Unordered)->Comparison @ FortressLibrary.fss:166:5-58 should be a subtype of the return type of ((ZZ64 & {Long}), ZZ64)->TotalComparison @ FortressLibrary.fss:781:5-784:23
return-type	CMP	overloading	FortressLibrary.fss:166,FortressLibrary.fss:929	For CMP, the return type of ((TotalComparison & {LessThan, EqualTo, GreaterThan}), Unordered)->Comparison @ FortressLibrary.fss:166:5-58 should be a subtype of the return type of ((ZZ & {BigNum}), ZZ)->TotalComparison @ FortressLibrary.fss:929:5-68
return-type	array3	overloading	FortressLibrary.fss:2924,FortressLibrary.fss:2926	For array3, the return type of [\T, nat s0, nat s1, nat s2\](ZZ32, ZZ32)->T->Array3[\T,0,s0,0,s1,0,s2\] @ FortressLibrary.fss:2926:1-2941:62 should be a subtype of the return type of [\T, nat s0, nat s1, nat s2\]T->Array3[\T,0,s0,0,s1,0,s2\] @ FortressLibrary.fss:2924:1-2925:32
overloading	CAP|sentence	overloading	RangeInternals.fsi:63,RangeInternals.fsi:98	Invalid overloading of CAP in component FortressLibrary: [\I extends Integral[\I\], J extends Integral[\J\], K extends Integral[\K\]\](RangeInternals.Range3D[\I,J,K\], Range[\(I, J, K)\])->Range[\(I, J, K)\] @ RangeInternals.fsi:98:5-64 and [\I extends Integral[\I\], J extends Integral[\J\]\](RangeInternals.Range2D[\I,J\], Range[\(I, J)\])->Range[\(I, J)\] @ RangeInternals.fsi:63:5-58
overloading	CAP|sentence	overloading	RangeInternals.fsi:46,RangeInternals.fsi:98	Invalid overloading of CAP in component FortressLibrary: [\I extends Integral[\I\], J extends Integral[\J\], K extends Integral[\K\]\](RangeInternals.Range3D[\I,J,K\], Range[\(I, J, K)\])->Range[\(I, J, K)\] @ RangeInternals.fsi:98:5-64 and [\I extends Integral[\I\]\](RangeInternals.ScalarRange[\I\], Range[\I\])->Range[\I\] @ RangeInternals.fsi:46:5-47:5
overloading	CAP|sentence	overloading	RangeInternals.fsi:64,RangeInternals.fsi:98	Invalid overloading of CAP in component FortressLibrary: [\I extends Integral[\I\], J extends Integral[\J\], K extends Integral[\K\]\](RangeInternals.Range3D[\I,J,K\], Range[\(I, J, K)\])->Range[\(I, J, K)\] @ RangeInternals.fsi:98:5-64 and [\I extends Integral[\I\], J extends Integral[\J\]\](RangeInternals.Range2D[\I,J\], RangeInternals.Range2D[\I,J\])->Range[\(I, J)\] @ RangeInternals.fsi:64:5-58
overloading	CAP|sentence	overloading	RangeInternals.fsi:237,RangeInternals.fsi:98	Invalid overloading of CAP in component FortressLibrary: [\I extends Integral[\I\], J extends Integral[\J\], K extends Integral[\K\]\](RangeInternals.Range3D[\I,J,K\], Range[\(I, J, K)\])->Range[\(I, J, K)\] @ RangeInternals.fsi:98:5-64 and [\I extends Integral[\I\]\](RangeInternals.BoundedScalarRange[\I\], RangeInternals.ScalarRange[\I\])->RangeInternals.BoundedScalarRange[\I\] @ RangeInternals.fsi:237:5-238:5
overloading	CAP|sentence	overloading	RangeInternals.fsi:46,RangeInternals.fsi:63	Invalid overloading of CAP in component FortressLibrary: [\I extends Integral[\I\], J extends Integral[\J\]\](RangeInternals.Range2D[\I,J\], Range[\(I, J)\])->Range[\(I, J)\] @ RangeInternals.fsi:63:5-58 and [\I extends Integral[\I\]\](RangeInternals.ScalarRange[\I\], Range[\I\])->Range[\I\] @ RangeInternals.fsi:46:5-47:5
overloading	CAP|sentence	overloading	RangeInternals.fsi:63,RangeInternals.fsi:99	Invalid overloading of CAP in component FortressLibrary: [\I extends Integral[\I\], J extends Integral[\J\], K extends Integral[\K\]\](RangeInternals.Range3D[\I,J,K\], RangeInternals.Range3D[\I,J,K\])->Range[\(I, J, K)\] @ RangeInternals.fsi:99:5-64 and [\I extends Integral[\I\], J extends Integral[\J\]\](RangeInternals.Range2D[\I,J\], Range[\(I, J)\])->Range[\(I, J)\] @ RangeInternals.fsi:63:5-58
overloading	CAP|sentence	overloading	RangeInternals.fsi:237,RangeInternals.fsi:63	Invalid overloading of CAP in component FortressLibrary: [\I extends Integral[\I\], J extends Integral[\J\]\](RangeInternals.Range2D[\I,J\], Range[\(I, J)\])->Range[\(I, J)\] @ RangeInternals.fsi:63:5-58 and [\I extends Integral[\I\]\](RangeInternals.BoundedScalarRange[\I\], RangeInternals.ScalarRange[\I\])->RangeInternals.BoundedScalarRange[\I\] @ RangeInternals.fsi:237:5-238:5
overloading	CAP|sentence	overloading	RangeInternals.fsi:46,RangeInternals.fsi:64	Invalid overloading of CAP in component FortressLibrary: [\I extends Integral[\I\], J extends Integral[\J\]\](RangeInternals.Range2D[\I,J\], RangeInternals.Range2D[\I,J\])->Range[\(I, J)\] @ RangeInternals.fsi:64:5-58 and [\I extends Integral[\I\]\](RangeInternals.ScalarRange[\I\], Range[\I\])->Range[\I\] @ RangeInternals.fsi:46:5-47:5
overloading	CAP|sentence	overloading	RangeInternals.fsi:46,RangeInternals.fsi:99	Invalid overloading of CAP in component FortressLibrary: [\I extends Integral[\I\], J extends Integral[\J\], K extends Integral[\K\]\](RangeInternals.Range3D[\I,J,K\], RangeInternals.Range3D[\I,J,K\])->Range[\(I, J, K)\] @ RangeInternals.fsi:99:5-64 and [\I extends Integral[\I\]\](RangeInternals.ScalarRange[\I\], Range[\I\])->Range[\I\] @ RangeInternals.fsi:46:5-47:5
overloading	CAP|sentence	overloading	RangeInternals.fsi:64,RangeInternals.fsi:99	Invalid overloading of CAP in component FortressLibrary: [\I extends Integral[\I\], J extends Integral[\J\], K extends Integral[\K\]\](RangeInternals.Range3D[\I,J,K\], RangeInternals.Range3D[\I,J,K\])->Range[\(I, J, K)\] @ RangeInternals.fsi:99:5-64 and [\I extends Integral[\I\], J extends Integral[\J\]\](RangeInternals.Range2D[\I,J\], RangeInternals.Range2D[\I,J\])->Range[\(I, J)\] @ RangeInternals.fsi:64:5-58
overloading	CAP|sentence	overloading	RangeInternals.fsi:237,RangeInternals.fsi:64	Invalid overloading of CAP in component FortressLibrary: [\I extends Integral[\I\], J extends Integral[\J\]\](RangeInternals.Range2D[\I,J\], RangeInternals.Range2D[\I,J\])->Range[\(I, J)\] @ RangeInternals.fsi:64:5-58 and [\I extends Integral[\I\]\](RangeInternals.BoundedScalarRange[\I\], RangeInternals.ScalarRange[\I\])->RangeInternals.BoundedScalarRange[\I\] @ RangeInternals.fsi:237:5-238:5
overloading	CAP|sentence	overloading	RangeInternals.fsi:237,RangeInternals.fsi:99	Invalid overloading of CAP in component FortressLibrary: [\I extends Integral[\I\], J extends Integral[\J\], K extends Integral[\K\]\](RangeInternals.Range3D[\I,J,K\], RangeInternals.Range3D[\I,J,K\])->Range[\(I, J, K)\] @ RangeInternals.fsi:99:5-64 and [\I extends Integral[\I\]\](RangeInternals.BoundedScalarRange[\I\], RangeInternals.ScalarRange[\I\])->RangeInternals.BoundedScalarRange[\I\] @ RangeInternals.fsi:237:5-238:5
return-type	seq	overloading	FortressLibrary.fss:1092,FortressLibrary.fss:3600	For seq, the return type of [\E, F\]SimplePairGenerator[\E,F\]->SequentialGenerator[\E\] @ FortressLibrary.fss:3600:5-88 should be a subtype of the return type of [\E\]Generator[\E\]->SequentialGenerator[\E\] @ FortressLibrary.fss:1092:5-1103:8
return-type	seq	overloading	FortressLibrary.fss:1092,FortressLibrary.fss:3562	For seq, the return type of [\E, F\]SimpleNestedGenerator[\E,F\]->SequentialGenerator[\E\] @ FortressLibrary.fss:3562:5-3571:6 should be a subtype of the return type of [\E\]Generator[\E\]->SequentialGenerator[\E\] @ FortressLibrary.fss:1092:5-1103:8
overloading	seq|sentence	overloading	FortressLibrary.fss:1929,FortressLibrary.fss:3515	Invalid overloading of seq in component FortressLibrary: [\E, I\]ReadableArray[\E,I\]->SequentialGenerator[\E\] @ FortressLibrary.fss:1929:5-1931:47 and [\E\]FilterGenerator[\E\]->SequentialGenerator[\E\] @ FortressLibrary.fss:3515:5-91
overloading	seq|same-sparams	overloading	FortressLibrary.fss:1929,FortressLibrary.fss:3467	Invalid overloading of seq in component FortressLibrary: [\E, F\]MappedGenerator[\E,F\]->SimpleMappedSeqGenerator[\E,F\] @ FortressLibrary.fss:3467:5-100 and [\E, I\]ReadableArray[\E,I\]->SequentialGenerator[\E\] @ FortressLibrary.fss:1929:5-1931:47
overloading	seq|sentence	overloading	FortressLibrary.fss:1280,FortressLibrary.fss:1929	Invalid overloading of seq in component FortressLibrary: [\E, I\]ReadableArray[\E,I\]->SequentialGenerator[\E\] @ FortressLibrary.fss:1929:5-1931:47 and [\E\]SequentialGenerator[\E\]->SequentialGenerator[\E\] @ FortressLibrary.fss:1280:5-46
overloading	seq|sentence	overloading	FortressLibrary.fss:1874,FortressLibrary.fss:3515	Invalid overloading of seq in component FortressLibrary: [\E, I\]DelegatedIndexed[\E,I\]->SequentialGenerator[\E\] @ FortressLibrary.fss:1874:5-61 and [\E\]FilterGenerator[\E\]->SequentialGenerator[\E\] @ FortressLibrary.fss:3515:5-91
overloading	seq|sentence	overloading	FortressLibrary.fss:3467,FortressLibrary.fss:3515	Invalid overloading of seq in component FortressLibrary: [\E, F\]MappedGenerator[\E,F\]->SimpleMappedSeqGenerator[\E,F\] @ FortressLibrary.fss:3467:5-100 and [\E\]FilterGenerator[\E\]->SequentialGenerator[\E\] @ FortressLibrary.fss:3515:5-91
overloading	seq|same-sparams	overloading	FortressLibrary.fss:1280,FortressLibrary.fss:3515	Invalid overloading of seq in component FortressLibrary: [\E\]FilterGenerator[\E\]->SequentialGenerator[\E\] @ FortressLibrary.fss:3515:5-91 and [\E\]SequentialGenerator[\E\]->SequentialGenerator[\E\] @ FortressLibrary.fss:1280:5-46
overloading	seq|same-sparams	overloading	FortressLibrary.fss:1874,FortressLibrary.fss:3467	Invalid overloading of seq in component FortressLibrary: [\E, F\]MappedGenerator[\E,F\]->SimpleMappedSeqGenerator[\E,F\] @ FortressLibrary.fss:3467:5-100 and [\E, I\]DelegatedIndexed[\E,I\]->SequentialGenerator[\E\] @ FortressLibrary.fss:1874:5-61
overloading	seq|sentence	overloading	FortressLibrary.fss:1280,FortressLibrary.fss:1874	Invalid overloading of seq in component FortressLibrary: [\E, I\]DelegatedIndexed[\E,I\]->SequentialGenerator[\E\] @ FortressLibrary.fss:1874:5-61 and [\E\]SequentialGenerator[\E\]->SequentialGenerator[\E\] @ FortressLibrary.fss:1280:5-46
overloading	seq|sentence	overloading	FortressLibrary.fss:1280,FortressLibrary.fss:3467	Invalid overloading of seq in component FortressLibrary: [\E, F\]MappedGenerator[\E,F\]->SimpleMappedSeqGenerator[\E,F\] @ FortressLibrary.fss:3467:5-100 and [\E\]SequentialGenerator[\E\]->SequentialGenerator[\E\] @ FortressLibrary.fss:1280:5-46
return-type	array1	overloading	FortressLibrary.fss:2347,FortressLibrary.fss:2348	For array1, the return type of [\T, nat s0\]ZZ32->T->Array1[\T,0,s0\] @ FortressLibrary.fss:2348:1-75 should be a subtype of the return type of [\T, nat s0\]T->Array1[\T,0,s0\] @ FortressLibrary.fss:2347:1-68
return-type	array2	overloading	FortressLibrary.fss:2707,FortressLibrary.fss:2709	For array2, the return type of [\T, nat s0, nat s1\](ZZ32, ZZ32)->T->Array2[\T,0,s0,0,s1\] @ FortressLibrary.fss:2709:1-2714:50 should be a subtype of the return type of [\T, nat s0, nat s1\]T->Array2[\T,0,s0,0,s1\] @ FortressLibrary.fss:2707:1-2708:29
overloading	juxtaposition|same-sparams	overloading	FortressLibrary.fss:4123,FortressLibrary.fss:4125	Invalid overloading of juxtaposition in component FortressLibrary: (Any, String)->String @ FortressLibrary.fss:4123:5-59 and (String, Any)->String @ FortressLibrary.fss:4125:5-4131:48
overloading	IN|same-sparams	overloading	RangeInternals.fsi:429,RangeInternals.fsi:505	Invalid overloading of IN in component FortressLibrary: [\I extends Integral[\I\]\](I, RangeInternals.CompactFullScalarRange[\I\])->Boolean @ RangeInternals.fsi:429:5-430:5 and [\I extends Integral[\I\]\](I, RangeInternals.StridedFullScalarRange[\I\])->Boolean @ RangeInternals.fsi:505:5-506:5
overloading	IN|sentence	overloading	FortressLibrary.fss:1340,RangeInternals.fsi:505	Invalid overloading of IN in component FortressLibrary: [\E\](E, Condition[\E\])->Boolean @ FortressLibrary.fss:1340:5-88 and [\I extends Integral[\I\]\](I, RangeInternals.StridedFullScalarRange[\I\])->Boolean @ RangeInternals.fsi:505:5-506:5
overloading	IN|sentence	overloading	FortressLibrary.fss:3780,RangeInternals.fsi:505	Invalid overloading of IN in component FortressLibrary: [\I extends Integral[\I\]\](I, RangeInternals.StridedFullScalarRange[\I\])->Boolean @ RangeInternals.fsi:505:5-506:5 and [\I\](I, ExtentRange[\I\])->Boolean @ FortressLibrary.fss:3780:5-37
overloading	IN|sentence	overloading	FortressLibrary.fss:3749,RangeInternals.fsi:505	Invalid overloading of IN in component FortressLibrary: [\I extends Integral[\I\]\](I, RangeInternals.StridedFullScalarRange[\I\])->Boolean @ RangeInternals.fsi:505:5-506:5 and [\I\](I, OpenRange[\I\])->Boolean @ FortressLibrary.fss:3749:5-37
overloading	IN|sentence	overloading	FortressLibrary.fss:1156,RangeInternals.fsi:65	Invalid overloading of IN in component FortressLibrary: [\E\](E, Generator[\E\])->Boolean @ FortressLibrary.fss:1156:5-55 and [\I extends Integral[\I\], J extends Integral[\J\]\]((I, J), RangeInternals.Range2D[\I,J\])->Boolean @ RangeInternals.fsi:65:5-36
overloading	IN|sentence	overloading	FortressLibrary.fss:1340,RangeInternals.fsi:65	Invalid overloading of IN in component FortressLibrary: [\E\](E, Condition[\E\])->Boolean @ FortressLibrary.fss:1340:5-88 and [\I extends Integral[\I\], J extends Integral[\J\]\]((I, J), RangeInternals.Range2D[\I,J\])->Boolean @ RangeInternals.fsi:65:5-36
overloading	IN|sentence	overloading	FortressLibrary.fss:3780,RangeInternals.fsi:65	Invalid overloading of IN in component FortressLibrary: [\I extends Integral[\I\], J extends Integral[\J\]\]((I, J), RangeInternals.Range2D[\I,J\])->Boolean @ RangeInternals.fsi:65:5-36 and [\I\](I, ExtentRange[\I\])->Boolean @ FortressLibrary.fss:3780:5-37
overloading	IN|sentence	overloading	FortressLibrary.fss:3749,RangeInternals.fsi:65	Invalid overloading of IN in component FortressLibrary: [\I extends Integral[\I\], J extends Integral[\J\]\]((I, J), RangeInternals.Range2D[\I,J\])->Boolean @ RangeInternals.fsi:65:5-36 and [\I\](I, OpenRange[\I\])->Boolean @ FortressLibrary.fss:3749:5-37
overloading	IN|sentence	overloading	FortressLibrary.fss:1340,RangeInternals.fsi:429	Invalid overloading of IN in component FortressLibrary: [\E\](E, Condition[\E\])->Boolean @ FortressLibrary.fss:1340:5-88 and [\I extends Integral[\I\]\](I, RangeInternals.CompactFullScalarRange[\I\])->Boolean @ RangeInternals.fsi:429:5-430:5
overloading	IN|sentence	overloading	FortressLibrary.fss:3780,RangeInternals.fsi:429	Invalid overloading of IN in component FortressLibrary: [\I extends Integral[\I\]\](I, RangeInternals.CompactFullScalarRange[\I\])->Boolean @ RangeInternals.fsi:429:5-430:5 and [\I\](I, ExtentRange[\I\])->Boolean @ FortressLibrary.fss:3780:5-37
overloading	IN|sentence	overloading	FortressLibrary.fss:3749,RangeInternals.fsi:429	Invalid overloading of IN in component FortressLibrary: [\I extends Integral[\I\]\](I, RangeInternals.CompactFullScalarRange[\I\])->Boolean @ RangeInternals.fsi:429:5-430:5 and [\I\](I, OpenRange[\I\])->Boolean @ FortressLibrary.fss:3749:5-37
overloading	IN|sentence	overloading	FortressLibrary.fss:1156,RangeInternals.fsi:100	Invalid overloading of IN in component FortressLibrary: [\E\](E, Generator[\E\])->Boolean @ FortressLibrary.fss:1156:5-55 and [\I extends Integral[\I\], J extends Integral[\J\], K extends Integral[\K\]\]((I, J, K), RangeInternals.Range3D[\I,J,K\])->Boolean @ RangeInternals.fsi:100:5-39
overloading	IN|sentence	overloading	FortressLibrary.fss:1340,RangeInternals.fsi:100	Invalid overloading of IN in component FortressLibrary: [\E\](E, Condition[\E\])->Boolean @ FortressLibrary.fss:1340:5-88 and [\I extends Integral[\I\], J extends Integral[\J\], K extends Integral[\K\]\]((I, J, K), RangeInternals.Range3D[\I,J,K\])->Boolean @ RangeInternals.fsi:100:5-39
overloading	IN|sentence	overloading	FortressLibrary.fss:3780,RangeInternals.fsi:100	Invalid overloading of IN in component FortressLibrary: [\I extends Integral[\I\], J extends Integral[\J\], K extends Integral[\K\]\]((I, J, K), RangeInternals.Range3D[\I,J,K\])->Boolean @ RangeInternals.fsi:100:5-39 and [\I\](I, ExtentRange[\I\])->Boolean @ FortressLibrary.fss:3780:5-37
overloading	IN|sentence	overloading	FortressLibrary.fss:3749,RangeInternals.fsi:100	Invalid overloading of IN in component FortressLibrary: [\I extends Integral[\I\], J extends Integral[\J\], K extends Integral[\K\]\]((I, J, K), RangeInternals.Range3D[\I,J,K\])->Boolean @ RangeInternals.fsi:100:5-39 and [\I\](I, OpenRange[\I\])->Boolean @ FortressLibrary.fss:3749:5-37
overloading	IN|same-sparams	overloading	FortressLibrary.fss:1156,FortressLibrary.fss:3780	Invalid overloading of IN in component FortressLibrary: [\E\](E, Generator[\E\])->Boolean @ FortressLibrary.fss:1156:5-55 and [\I\](I, ExtentRange[\I\])->Boolean @ FortressLibrary.fss:3780:5-37
overloading	IN|same-sparams	overloading	FortressLibrary.fss:1156,FortressLibrary.fss:3749	Invalid overloading of IN in component FortressLibrary: [\E\](E, Generator[\E\])->Boolean @ FortressLibrary.fss:1156:5-55 and [\I\](I, OpenRange[\I\])->Boolean @ FortressLibrary.fss:3749:5-37
overloading	IN|same-sparams	overloading	FortressLibrary.fss:1340,FortressLibrary.fss:3780	Invalid overloading of IN in component FortressLibrary: [\E\](E, Condition[\E\])->Boolean @ FortressLibrary.fss:1340:5-88 and [\I\](I, ExtentRange[\I\])->Boolean @ FortressLibrary.fss:3780:5-37
overloading	IN|same-sparams	overloading	FortressLibrary.fss:1340,FortressLibrary.fss:3749	Invalid overloading of IN in component FortressLibrary: [\E\](E, Condition[\E\])->Boolean @ FortressLibrary.fss:1340:5-88 and [\I\](I, OpenRange[\I\])->Boolean @ FortressLibrary.fss:3749:5-37
overloading	IN|same-sparams	overloading	FortressLibrary.fss:3749,FortressLibrary.fss:3780	Invalid overloading of IN in component FortressLibrary: [\I\](I, ExtentRange[\I\])->Boolean @ FortressLibrary.fss:3780:5-37 and [\I\](I, OpenRange[\I\])->Boolean @ FortressLibrary.fss:3749:5-37
overloading	LEXICO (same parameter type)|same parameter type	overloading	FortressLibrary.fss:171,FortressLibrary.fss:205	There are multiple declarations of LEXICO with the same parameter type: ((TotalComparison & {LessThan, EqualTo, GreaterThan}), ()->TotalComparison)
overloading	LEXICO (same parameter type)|same parameter type	overloading	FortressLibrary.fss:170,FortressLibrary.fss:171	There are multiple declarations of LEXICO with the same parameter type: ((TotalComparison & {LessThan, EqualTo, GreaterThan}), TotalComparison)
overloading	SQCAP (same parameter type)|same parameter type	overloading	FortressLibrary.fss:1411,FortressLibrary.fss:1464	There are multiple declarations of SQCAP with the same parameter type: ((Maybe[\T\] & {Nothing[\T\], Just[\T\]}), Maybe[\T\])
overloading	SQCAP (same parameter type)|same parameter type	overloading	FortressLibrary.fss:1411,FortressLibrary.fss:1436	There are multiple declarations of SQCAP with the same parameter type: (Just[\T\], Just[\T\])
return-type	SQCAP	overloading	FortressLibrary.fss:1411,FortressLibrary.fss:1464	For SQCAP, the return type of [\T\]((Maybe[\T\] & {Nothing[\T\], Just[\T\]}), Maybe[\T\])->Maybe[\T\] @ FortressLibrary.fss:1411:5-96 should be a subtype of the return type of [\T\](Nothing[\T\], Maybe[\T\])->Nothing[\T\] @ FortressLibrary.fss:1464:5-55
return-type	SQCAP	overloading	FortressLibrary.fss:1411,FortressLibrary.fss:1435	For SQCAP, the return type of [\T\]((Maybe[\T\] & {Nothing[\T\], Just[\T\]}), Maybe[\T\])->Maybe[\T\] @ FortressLibrary.fss:1411:5-96 should be a subtype of the return type of [\T\](Just[\T\], NotUnique[\T\])->Just[\T\] @ FortressLibrary.fss:1435:5-55
return-type	SQCAP	overloading	FortressLibrary.fss:1411,FortressLibrary.fss:1465	For SQCAP, the return type of [\T\]((Maybe[\T\] & {Nothing[\T\], Just[\T\]}), Maybe[\T\])->Maybe[\T\] @ FortressLibrary.fss:1411:5-96 should be a subtype of the return type of [\T\](Nothing[\T\], UniqueItem[\T\])->Nothing[\T\] @ FortressLibrary.fss:1465:5-60
overloading	FORWARD_CMP|same-sparams	overloading	FortressLibrary.fss:3747,FortressLibrary.fss:3781	Invalid overloading of FORWARD_CMP in component FortressLibrary: [\I\](ExtentRange[\I\], Range[\I\])->Comparison @ FortressLibrary.fss:3781:5-3789:10 and [\I\](OpenRange[\I\], OpenRange[\I\])->Comparison @ FortressLibrary.fss:3747:5-69
overloading	FORWARD_CMP|same-sparams	overloading	FortressLibrary.fss:3747,FortressLibrary.fss:3866	Invalid overloading of FORWARD_CMP in component FortressLibrary: [\I\](FullRange[\I\], FullRange[\I\])->Comparison @ FortressLibrary.fss:3866:5-3868:47 and [\I\](OpenRange[\I\], OpenRange[\I\])->Comparison @ FortressLibrary.fss:3747:5-69
overloading	FORWARD_CMP|same-sparams	overloading	FortressLibrary.fss:3747,FortressLibrary.fss:3839	Invalid overloading of FORWARD_CMP in component FortressLibrary: [\I\](OpenRange[\I\], OpenRange[\I\])->Comparison @ FortressLibrary.fss:3747:5-69 and [\I\](RightRange[\I\], Range[\I\])->Comparison @ FortressLibrary.fss:3839:5-3852:10
overloading	FORWARD_CMP|same-sparams	overloading	FortressLibrary.fss:3747,FortressLibrary.fss:3865	Invalid overloading of FORWARD_CMP in component FortressLibrary: [\I\](FullRange[\I\], Range[\I\])->Comparison @ FortressLibrary.fss:3865:5-91 and [\I\](OpenRange[\I\], OpenRange[\I\])->Comparison @ FortressLibrary.fss:3747:5-69
overloading	FORWARD_CMP|same-sparams	overloading	FortressLibrary.fss:3747,FortressLibrary.fss:3814	Invalid overloading of FORWARD_CMP in component FortressLibrary: [\I\](LeftRange[\I\], Range[\I\])->Comparison @ FortressLibrary.fss:3814:5-3827:10 and [\I\](OpenRange[\I\], OpenRange[\I\])->Comparison @ FortressLibrary.fss:3747:5-69
overloading	FORWARD_CMP|same-sparams	overloading	FortressLibrary.fss:3748,FortressLibrary.fss:3781	Invalid overloading of FORWARD_CMP in component FortressLibrary: [\I\](ExtentRange[\I\], Range[\I\])->Comparison @ FortressLibrary.fss:3781:5-3789:10 and [\I\](OpenRange[\I\], Range[\I\])->Comparison @ FortressLibrary.fss:3748:5-69
overloading	FORWARD_CMP|same-sparams	overloading	FortressLibrary.fss:3781,FortressLibrary.fss:3866	Invalid overloading of FORWARD_CMP in component FortressLibrary: [\I\](ExtentRange[\I\], Range[\I\])->Comparison @ FortressLibrary.fss:3781:5-3789:10 and [\I\](FullRange[\I\], FullRange[\I\])->Comparison @ FortressLibrary.fss:3866:5-3868:47
overloading	FORWARD_CMP|same-sparams	overloading	FortressLibrary.fss:3781,FortressLibrary.fss:3839	Invalid overloading of FORWARD_CMP in component FortressLibrary: [\I\](ExtentRange[\I\], Range[\I\])->Comparison @ FortressLibrary.fss:3781:5-3789:10 and [\I\](RightRange[\I\], Range[\I\])->Comparison @ FortressLibrary.fss:3839:5-3852:10
overloading	FORWARD_CMP|same-sparams	overloading	FortressLibrary.fss:3781,FortressLibrary.fss:3865	Invalid overloading of FORWARD_CMP in component FortressLibrary: [\I\](ExtentRange[\I\], Range[\I\])->Comparison @ FortressLibrary.fss:3781:5-3789:10 and [\I\](FullRange[\I\], Range[\I\])->Comparison @ FortressLibrary.fss:3865:5-91
overloading	FORWARD_CMP|same-sparams	overloading	FortressLibrary.fss:3781,FortressLibrary.fss:3814	Invalid overloading of FORWARD_CMP in component FortressLibrary: [\I\](ExtentRange[\I\], Range[\I\])->Comparison @ FortressLibrary.fss:3781:5-3789:10 and [\I\](LeftRange[\I\], Range[\I\])->Comparison @ FortressLibrary.fss:3814:5-3827:10
overloading	FORWARD_CMP|same-sparams	overloading	FortressLibrary.fss:3748,FortressLibrary.fss:3866	Invalid overloading of FORWARD_CMP in component FortressLibrary: [\I\](FullRange[\I\], FullRange[\I\])->Comparison @ FortressLibrary.fss:3866:5-3868:47 and [\I\](OpenRange[\I\], Range[\I\])->Comparison @ FortressLibrary.fss:3748:5-69
overloading	FORWARD_CMP|same-sparams	overloading	FortressLibrary.fss:3748,FortressLibrary.fss:3839	Invalid overloading of FORWARD_CMP in component FortressLibrary: [\I\](OpenRange[\I\], Range[\I\])->Comparison @ FortressLibrary.fss:3748:5-69 and [\I\](RightRange[\I\], Range[\I\])->Comparison @ FortressLibrary.fss:3839:5-3852:10
overloading	FORWARD_CMP|same-sparams	overloading	FortressLibrary.fss:3748,FortressLibrary.fss:3865	Invalid overloading of FORWARD_CMP in component FortressLibrary: [\I\](FullRange[\I\], Range[\I\])->Comparison @ FortressLibrary.fss:3865:5-91 and [\I\](OpenRange[\I\], Range[\I\])->Comparison @ FortressLibrary.fss:3748:5-69
overloading	FORWARD_CMP|same-sparams	overloading	FortressLibrary.fss:3748,FortressLibrary.fss:3814	Invalid overloading of FORWARD_CMP in component FortressLibrary: [\I\](LeftRange[\I\], Range[\I\])->Comparison @ FortressLibrary.fss:3814:5-3827:10 and [\I\](OpenRange[\I\], Range[\I\])->Comparison @ FortressLibrary.fss:3748:5-69
overloading	FORWARD_CMP|same-sparams	overloading	FortressLibrary.fss:3839,FortressLibrary.fss:3866	Invalid overloading of FORWARD_CMP in component FortressLibrary: [\I\](FullRange[\I\], FullRange[\I\])->Comparison @ FortressLibrary.fss:3866:5-3868:47 and [\I\](RightRange[\I\], Range[\I\])->Comparison @ FortressLibrary.fss:3839:5-3852:10
overloading	FORWARD_CMP|same-sparams	overloading	FortressLibrary.fss:3814,FortressLibrary.fss:3866	Invalid overloading of FORWARD_CMP in component FortressLibrary: [\I\](FullRange[\I\], FullRange[\I\])->Comparison @ FortressLibrary.fss:3866:5-3868:47 and [\I\](LeftRange[\I\], Range[\I\])->Comparison @ FortressLibrary.fss:3814:5-3827:10
overloading	FORWARD_CMP|same-sparams	overloading	FortressLibrary.fss:3839,FortressLibrary.fss:3865	Invalid overloading of FORWARD_CMP in component FortressLibrary: [\I\](FullRange[\I\], Range[\I\])->Comparison @ FortressLibrary.fss:3865:5-91 and [\I\](RightRange[\I\], Range[\I\])->Comparison @ FortressLibrary.fss:3839:5-3852:10
overloading	FORWARD_CMP|same-sparams	overloading	FortressLibrary.fss:3814,FortressLibrary.fss:3839	Invalid overloading of FORWARD_CMP in component FortressLibrary: [\I\](LeftRange[\I\], Range[\I\])->Comparison @ FortressLibrary.fss:3814:5-3827:10 and [\I\](RightRange[\I\], Range[\I\])->Comparison @ FortressLibrary.fss:3839:5-3852:10
overloading	FORWARD_CMP|same-sparams	overloading	FortressLibrary.fss:3814,FortressLibrary.fss:3865	Invalid overloading of FORWARD_CMP in component FortressLibrary: [\I\](FullRange[\I\], Range[\I\])->Comparison @ FortressLibrary.fss:3865:5-91 and [\I\](LeftRange[\I\], Range[\I\])->Comparison @ FortressLibrary.fss:3814:5-3827:10
overloading	MIN|sentence	overloading	FortressLibrary.fss:260,FortressLibrary.fss:4582	Invalid overloading of MIN in component FortressLibrary: [\T extends Number, I\](T, Array[\T,I\])->Array[\T,I\] @ FortressLibrary.fss:4582:1-105 and [\T extends StandardMinMax[\T\]\](StandardMinMax[\T\], T)->(T, T) @ FortressLibrary.fss:260:5-70
overloading	MIN|sentence	overloading	FortressLibrary.fss:260,FortressLibrary.fss:4581	Invalid overloading of MIN in component FortressLibrary: [\T extends Number, I\](Array[\T,I\], T)->Array[\T,I\] @ FortressLibrary.fss:4581:1-105 and [\T extends StandardMinMax[\T\]\](StandardMinMax[\T\], T)->(T, T) @ FortressLibrary.fss:260:5-70
return-type	MIN	overloading	FortressLibrary.fss:260,FortressLibrary.fss:576	For MIN, the return type of ((QQ & {Ratio}), QQ)->QQ @ FortressLibrary.fss:576:5-577:103 should be a subtype of the return type of [\T extends StandardMinMax[\T\]\](StandardMinMax[\T\], T)->(T, T) @ FortressLibrary.fss:260:5-70
return-type	MIN	overloading	FortressLibrary.fss:260,FortressLibrary.fss:279	For MIN, the return type of [\T extends StandardTotalOrder[\T\]\](StandardTotalOrder[\T\], T)->T @ FortressLibrary.fss:279:5-71 should be a subtype of the return type of [\T extends StandardMinMax[\T\]\](StandardMinMax[\T\], T)->(T, T) @ FortressLibrary.fss:260:5-70
return-type	MIN	overloading	FortressLibrary.fss:260,FortressLibrary.fss:421	For MIN, the return type of ((RR64 & {Float, FloatLiteral, RR32}), RR64)->RR64 @ FortressLibrary.fss:421:5-61 should be a subtype of the return type of [\T extends StandardMinMax[\T\]\](StandardMinMax[\T\], T)->(T, T) @ FortressLibrary.fss:260:5-70
overloading	fill|fill-crossed	overloading	FortressLibrary.fss:1954,FortressLibrary.fss:1980	Invalid overloading of fill in trait ImmutableArray: (ImmutableArray[\E,I\], E)->ImmutableArray[\E,I\] @ FortressLibrary.fss:1980:5-35 and (ReadableArray[\E,I\], I->E)->ReadableArray[\E,I\] @ FortressLibrary.fss:1954:5-37
overloading	fill|fill-crossed	overloading	FortressLibrary.fss:1979,FortressLibrary.fss:1980	Invalid overloading of fill in trait ImmutableArray: (ImmutableArray[\E,I\], E)->ImmutableArray[\E,I\] @ FortressLibrary.fss:1980:5-35 and (ImmutableArray[\E,I\], I->E)->ImmutableArray[\E,I\] @ FortressLibrary.fss:1979:5-38
overloading	fill|fill-crossed	overloading	FortressLibrary.fss:1954,FortressLibrary.fss:1955	Invalid overloading of fill in trait ImmutableArray: (ReadableArray[\E,I\], E)->ReadableArray[\E,I\] @ FortressLibrary.fss:1955:5-35 and (ReadableArray[\E,I\], I->E)->ReadableArray[\E,I\] @ FortressLibrary.fss:1954:5-37
overloading	fill|fill-crossed	overloading	FortressLibrary.fss:1955,FortressLibrary.fss:1979	Invalid overloading of fill in trait ImmutableArray: (ImmutableArray[\E,I\], I->E)->ImmutableArray[\E,I\] @ FortressLibrary.fss:1979:5-38 and (ReadableArray[\E,I\], E)->ReadableArray[\E,I\] @ FortressLibrary.fss:1955:5-35
return-type	subarray	overloading	FortressLibrary.fss:2222,FortressLibrary.fss:2593	For subarray, the return type of [\nat b, nat s, nat o\](Row[\T,b1,s1\], ZZ32)->ReadableArray1[\T,b,s\] @ FortressLibrary.fss:2593:5-2594:54 should be a subtype of the return type of [\nat b, nat s, nat o\](Array1[\T,b1,s1\], ZZ32)->Array1[\T,b,s\] @ FortressLibrary.fss:2222:5-2225:6
overloading	fill|fill-crossed	overloading	FortressLibrary.fss:1955,FortressLibrary.fss:2012	Invalid overloading of fill in trait Row: (Array[\T,ZZ32\], ZZ32->T)->Array[\T,ZZ32\] @ FortressLibrary.fss:2012:5-29 and (ReadableArray[\T,ZZ32\], T)->ReadableArray[\T,ZZ32\] @ FortressLibrary.fss:1955:5-35
overloading	fill|fill-crossed	overloading	FortressLibrary.fss:2012,FortressLibrary.fss:2080	Invalid overloading of fill in trait Row: (Array[\T,ZZ32\], ZZ32->T)->Array[\T,ZZ32\] @ FortressLibrary.fss:2012:5-29 and (StandardImmutableArrayType[\Array1[\T,b1,s1\],T,ZZ32\], T)->Array1[\T,b1,s1\] @ FortressLibrary.fss:2080:5-2083:8
overloading	fill|fill-crossed	overloading	FortressLibrary.fss:2012,FortressLibrary.fss:2013	Invalid overloading of fill in trait Row: (Array[\T,ZZ32\], T)->Array[\T,ZZ32\] @ FortressLibrary.fss:2013:5-26 and (Array[\T,ZZ32\], ZZ32->T)->Array[\T,ZZ32\] @ FortressLibrary.fss:2012:5-29
overloading	fill|fill-same	overloading	FortressLibrary.fss:2012,FortressLibrary.fss:2076	Invalid overloading of fill in trait Row: (Array[\T,ZZ32\], ZZ32->T)->Array[\T,ZZ32\] @ FortressLibrary.fss:2012:5-29 and (StandardImmutableArrayType[\Array1[\T,b1,s1\],T,ZZ32\], ZZ32->T)->Array1[\T,b1,s1\] @ FortressLibrary.fss:2076:5-2079:8
overloading	fill|fill-crossed	overloading	FortressLibrary.fss:1954,FortressLibrary.fss:1955	Invalid overloading of fill in trait Row: (ReadableArray[\T,ZZ32\], T)->ReadableArray[\T,ZZ32\] @ FortressLibrary.fss:1955:5-35 and (ReadableArray[\T,ZZ32\], ZZ32->T)->ReadableArray[\T,ZZ32\] @ FortressLibrary.fss:1954:5-37
overloading	fill|fill-crossed	overloading	FortressLibrary.fss:1955,FortressLibrary.fss:2076	Invalid overloading of fill in trait Row: (ReadableArray[\T,ZZ32\], T)->ReadableArray[\T,ZZ32\] @ FortressLibrary.fss:1955:5-35 and (StandardImmutableArrayType[\Array1[\T,b1,s1\],T,ZZ32\], ZZ32->T)->Array1[\T,b1,s1\] @ FortressLibrary.fss:2076:5-2079:8
overloading	fill|fill-crossed	overloading	FortressLibrary.fss:1954,FortressLibrary.fss:2080	Invalid overloading of fill in trait Row: (ReadableArray[\T,ZZ32\], ZZ32->T)->ReadableArray[\T,ZZ32\] @ FortressLibrary.fss:1954:5-37 and (StandardImmutableArrayType[\Array1[\T,b1,s1\],T,ZZ32\], T)->Array1[\T,b1,s1\] @ FortressLibrary.fss:2080:5-2083:8
overloading	fill|fill-crossed	overloading	FortressLibrary.fss:1954,FortressLibrary.fss:2013	Invalid overloading of fill in trait Row: (Array[\T,ZZ32\], T)->Array[\T,ZZ32\] @ FortressLibrary.fss:2013:5-26 and (ReadableArray[\T,ZZ32\], ZZ32->T)->ReadableArray[\T,ZZ32\] @ FortressLibrary.fss:1954:5-37
overloading	fill|fill-same	overloading	FortressLibrary.fss:2013,FortressLibrary.fss:2080	Invalid overloading of fill in trait Row: (Array[\T,ZZ32\], T)->Array[\T,ZZ32\] @ FortressLibrary.fss:2013:5-26 and (StandardImmutableArrayType[\Array1[\T,b1,s1\],T,ZZ32\], T)->Array1[\T,b1,s1\] @ FortressLibrary.fss:2080:5-2083:8
overloading	fill|fill-crossed	overloading	FortressLibrary.fss:2076,FortressLibrary.fss:2080	Invalid overloading of fill in trait Row: (StandardImmutableArrayType[\Array1[\T,b1,s1\],T,ZZ32\], T)->Array1[\T,b1,s1\] @ FortressLibrary.fss:2080:5-2083:8 and (StandardImmutableArrayType[\Array1[\T,b1,s1\],T,ZZ32\], ZZ32->T)->Array1[\T,b1,s1\] @ FortressLibrary.fss:2076:5-2079:8
overloading	fill|fill-crossed	overloading	FortressLibrary.fss:2013,FortressLibrary.fss:2076	Invalid overloading of fill in trait Row: (Array[\T,ZZ32\], T)->Array[\T,ZZ32\] @ FortressLibrary.fss:2013:5-26 and (StandardImmutableArrayType[\Array1[\T,b1,s1\],T,ZZ32\], ZZ32->T)->Array1[\T,b1,s1\] @ FortressLibrary.fss:2076:5-2079:8
return-type	target	overloading	FortressLibrary.fss:4518,FortressLibrary.fss:4535	For target, the return type of ConcreteRelationalPredicateCondition[\E\]->Generator[\E\] @ FortressLibrary.fss:4535:3-33 should be a subtype of the return type of RelationalPredicateCondition[\()\]->Generator[\()\] @ FortressLibrary.fss:4518:3-29
return-type	relation	overloading	FortressLibrary.fss:4517,FortressLibrary.fss:4534	For relation, the return type of ConcreteRelationalPredicateCondition[\E\]->(E, E)->Boolean @ FortressLibrary.fss:4534:3-36 should be a subtype of the return type of RelationalPredicateCondition[\()\]->((), ())->Boolean @ FortressLibrary.fss:4517:3-4518:2
return-type	filter	overloading	FortressLibrary.fss:3513,FortressLibrary.fss:4496	For filter, the return type of (FilterGenerator2[\E\], Generator[\E\]->Condition[\()\])->SimpleFilterGenerator2[\E\] @ FortressLibrary.fss:4496:3-4497:56 should be a subtype of the return type of (FilterGenerator[\Generator[\E\]\], Generator[\E\]->Condition[\()\])->SimpleFilterGenerator[\Generator[\E\]\] @ FortressLibrary.fss:3513:5-3514:61
overloading	map|same-sparams	overloading	FortressLibrary.fss:1281,FortressLibrary.fss:3551	Invalid overloading of map in trait SimpleNestedSeqGenerator: [\G\](NestedGenerator[\E,F\], F->G)->Generator[\G\] @ FortressLibrary.fss:3551:5-3552:77 and [\G\](SequentialGenerator[\F\], F->G)->SequentialGenerator[\G\] @ FortressLibrary.fss:1281:5-1283:31
overloading	cross|same-sparams	overloading	FortressLibrary.fss:1138,FortressLibrary.fss:1291	Invalid overloading of cross in trait SimpleNestedSeqGenerator: [\F\](SequentialGenerator[\F\], Generator[\F\])->Generator[\(F, F)\] @ FortressLibrary.fss:1291:5-1296:10 and [\G\](Generator[\F\], Generator[\G\])->Generator[\(F, G)\] @ FortressLibrary.fss:1138:5-1144:62
overloading	nest|same-sparams	overloading	FortressLibrary.fss:1284,FortressLibrary.fss:3553	Invalid overloading of nest in trait SimpleNestedSeqGenerator: [\G\](NestedGenerator[\E,F\], F->Generator[\G\])->Generator[\G\] @ FortressLibrary.fss:3553:5-3554:77 and [\G\](SequentialGenerator[\F\], F->Generator[\G\])->Generator[\G\] @ FortressLibrary.fss:1284:5-1289:10
return-type	seq	overloading	FortressLibrary.fss:1092,FortressLibrary.fss:3600	For seq, the return type of SimplePairGenerator[\E,F\]->SequentialGenerator[\E\] @ FortressLibrary.fss:3600:5-88 should be a subtype of the return type of Generator[\(E, F)\]->SequentialGenerator[\(E, F)\] @ FortressLibrary.fss:1092:5-1103:8
return-type	MAX	overloading	FortressLibrary.fss:261,FortressLibrary.fss:280	For MAX, the return type of (StandardTotalOrder[\I\], I)->I @ FortressLibrary.fss:280:5-71 should be a subtype of the return type of (StandardMinMax[\I\], I)->(I, I) @ FortressLibrary.fss:261:5-70
return-type	MIN	overloading	FortressLibrary.fss:260,FortressLibrary.fss:279	For MIN, the return type of (StandardTotalOrder[\I\], I)->I @ FortressLibrary.fss:279:5-71 should be a subtype of the return type of (StandardMinMax[\I\], I)->(I, I) @ FortressLibrary.fss:260:5-70
return-type	shift	overloading	FortressLibrary.fss:2011,FortressLibrary.fss:2837	For shift, the return type of (Array3[\T,b0,s0,b1,s1,b2,s2\], (ZZ32, ZZ32, ZZ32))->Array[\T,(ZZ32, ZZ32)\] @ FortressLibrary.fss:2837:5-2846:8 should be a subtype of the return type of (Array[\T,(ZZ32, ZZ32, ZZ32)\], (ZZ32, ZZ32, ZZ32))->Array[\T,(ZZ32, ZZ32, ZZ32)\] @ FortressLibrary.fss:2011:5-35
return-type	shift	overloading	FortressLibrary.fss:1949,FortressLibrary.fss:2837	For shift, the return type of (Array3[\T,b0,s0,b1,s1,b2,s2\], (ZZ32, ZZ32, ZZ32))->Array[\T,(ZZ32, ZZ32)\] @ FortressLibrary.fss:2837:5-2846:8 should be a subtype of the return type of (ReadableArray[\T,(ZZ32, ZZ32, ZZ32)\], (ZZ32, ZZ32, ZZ32))->ReadableArray[\T,(ZZ32, ZZ32, ZZ32)\] @ FortressLibrary.fss:1949:5-1953:39
overloading	fill|fill-crossed	overloading	FortressLibrary.fss:2076,FortressLibrary.fss:2080	Invalid overloading of fill in trait Array3: (StandardImmutableArrayType[\Array3[\T,b0,s0,b1,s1,b2,s2\],T,(ZZ32, ZZ32, ZZ32)\], (ZZ32, ZZ32, ZZ32)->T)->Array3[\T,b0,s0,b1,s1,b2,s2\] @ FortressLibrary.fss:2076:5-2079:8 and (StandardImmutableArrayType[\Array3[\T,b0,s0,b1,s1,b2,s2\],T,(ZZ32, ZZ32, ZZ32)\], T)->Array3[\T,b0,s0,b1,s1,b2,s2\] @ FortressLibrary.fss:2080:5-2083:8
overloading	fill|fill-same	overloading	FortressLibrary.fss:2013,FortressLibrary.fss:2080	Invalid overloading of fill in trait Array3: (Array[\T,(ZZ32, ZZ32, ZZ32)\], T)->Array[\T,(ZZ32, ZZ32, ZZ32)\] @ FortressLibrary.fss:2013:5-26 and (StandardImmutableArrayType[\Array3[\T,b0,s0,b1,s1,b2,s2\],T,(ZZ32, ZZ32, ZZ32)\], T)->Array3[\T,b0,s0,b1,s1,b2,s2\] @ FortressLibrary.fss:2080:5-2083:8
overloading	fill|fill-crossed	overloading	FortressLibrary.fss:1954,FortressLibrary.fss:2080	Invalid overloading of fill in trait Array3: (ReadableArray[\T,(ZZ32, ZZ32, ZZ32)\], (ZZ32, ZZ32, ZZ32)->T)->ReadableArray[\T,(ZZ32, ZZ32, ZZ32)\] @ FortressLibrary.fss:1954:5-37 and (StandardImmutableArrayType[\Array3[\T,b0,s0,b1,s1,b2,s2\],T,(ZZ32, ZZ32, ZZ32)\], T)->Array3[\T,b0,s0,b1,s1,b2,s2\] @ FortressLibrary.fss:2080:5-2083:8
overloading	fill|fill-crossed	overloading	FortressLibrary.fss:2012,FortressLibrary.fss:2080	Invalid overloading of fill in trait Array3: (Array[\T,(ZZ32, ZZ32, ZZ32)\], (ZZ32, ZZ32, ZZ32)->T)->Array[\T,(ZZ32, ZZ32, ZZ32)\] @ FortressLibrary.fss:2012:5-29 and (StandardImmutableArrayType[\Array3[\T,b0,s0,b1,s1,b2,s2\],T,(ZZ32, ZZ32, ZZ32)\], T)->Array3[\T,b0,s0,b1,s1,b2,s2\] @ FortressLibrary.fss:2080:5-2083:8
overloading	fill|fill-crossed	overloading	FortressLibrary.fss:1955,FortressLibrary.fss:2076	Invalid overloading of fill in trait Array3: (ReadableArray[\T,(ZZ32, ZZ32, ZZ32)\], T)->ReadableArray[\T,(ZZ32, ZZ32, ZZ32)\] @ FortressLibrary.fss:1955:5-35 and (StandardImmutableArrayType[\Array3[\T,b0,s0,b1,s1,b2,s2\],T,(ZZ32, ZZ32, ZZ32)\], (ZZ32, ZZ32, ZZ32)->T)->Array3[\T,b0,s0,b1,s1,b2,s2\] @ FortressLibrary.fss:2076:5-2079:8
overloading	fill|fill-crossed	overloading	FortressLibrary.fss:1954,FortressLibrary.fss:1955	Invalid overloading of fill in trait Array3: (ReadableArray[\T,(ZZ32, ZZ32, ZZ32)\], (ZZ32, ZZ32, ZZ32)->T)->ReadableArray[\T,(ZZ32, ZZ32, ZZ32)\] @ FortressLibrary.fss:1954:5-37 and (ReadableArray[\T,(ZZ32, ZZ32, ZZ32)\], T)->ReadableArray[\T,(ZZ32, ZZ32, ZZ32)\] @ FortressLibrary.fss:1955:5-35
overloading	fill|fill-crossed	overloading	FortressLibrary.fss:1955,FortressLibrary.fss:2012	Invalid overloading of fill in trait Array3: (Array[\T,(ZZ32, ZZ32, ZZ32)\], (ZZ32, ZZ32, ZZ32)->T)->Array[\T,(ZZ32, ZZ32, ZZ32)\] @ FortressLibrary.fss:2012:5-29 and (ReadableArray[\T,(ZZ32, ZZ32, ZZ32)\], T)->ReadableArray[\T,(ZZ32, ZZ32, ZZ32)\] @ FortressLibrary.fss:1955:5-35
overloading	fill|fill-crossed	overloading	FortressLibrary.fss:2013,FortressLibrary.fss:2076	Invalid overloading of fill in trait Array3: (Array[\T,(ZZ32, ZZ32, ZZ32)\], T)->Array[\T,(ZZ32, ZZ32, ZZ32)\] @ FortressLibrary.fss:2013:5-26 and (StandardImmutableArrayType[\Array3[\T,b0,s0,b1,s1,b2,s2\],T,(ZZ32, ZZ32, ZZ32)\], (ZZ32, ZZ32, ZZ32)->T)->Array3[\T,b0,s0,b1,s1,b2,s2\] @ FortressLibrary.fss:2076:5-2079:8
overloading	fill|fill-same	overloading	FortressLibrary.fss:2012,FortressLibrary.fss:2076	Invalid overloading of fill in trait Array3: (Array[\T,(ZZ32, ZZ32, ZZ32)\], (ZZ32, ZZ32, ZZ32)->T)->Array[\T,(ZZ32, ZZ32, ZZ32)\] @ FortressLibrary.fss:2012:5-29 and (StandardImmutableArrayType[\Array3[\T,b0,s0,b1,s1,b2,s2\],T,(ZZ32, ZZ32, ZZ32)\], (ZZ32, ZZ32, ZZ32)->T)->Array3[\T,b0,s0,b1,s1,b2,s2\] @ FortressLibrary.fss:2076:5-2079:8
overloading	fill|fill-crossed	overloading	FortressLibrary.fss:1954,FortressLibrary.fss:2013	Invalid overloading of fill in trait Array3: (Array[\T,(ZZ32, ZZ32, ZZ32)\], T)->Array[\T,(ZZ32, ZZ32, ZZ32)\] @ FortressLibrary.fss:2013:5-26 and (ReadableArray[\T,(ZZ32, ZZ32, ZZ32)\], (ZZ32, ZZ32, ZZ32)->T)->ReadableArray[\T,(ZZ32, ZZ32, ZZ32)\] @ FortressLibrary.fss:1954:5-37
overloading	fill|fill-crossed	overloading	FortressLibrary.fss:2012,FortressLibrary.fss:2013	Invalid overloading of fill in trait Array3: (Array[\T,(ZZ32, ZZ32, ZZ32)\], (ZZ32, ZZ32, ZZ32)->T)->Array[\T,(ZZ32, ZZ32, ZZ32)\] @ FortressLibrary.fss:2012:5-29 and (Array[\T,(ZZ32, ZZ32, ZZ32)\], T)->Array[\T,(ZZ32, ZZ32, ZZ32)\] @ FortressLibrary.fss:2013:5-26
return-type	MAX	overloading	FortressLibrary.fss:261,FortressLibrary.fss:280	For MAX, the return type of (StandardTotalOrder[\TotalComparison\], TotalComparison)->TotalComparison @ FortressLibrary.fss:280:5-71 should be a subtype of the return type of (StandardMinMax[\TotalComparison\], TotalComparison)->(TotalComparison, TotalComparison) @ FortressLibrary.fss:261:5-70
return-type	CMP	overloading	FortressLibrary.fss:166,FortressLibrary.fss:272	For CMP, the return type of ((TotalComparison & {LessThan, EqualTo, GreaterThan}), Unordered)->Comparison @ FortressLibrary.fss:166:5-58 should be a subtype of the return type of (StandardTotalOrder[\TotalComparison\], TotalComparison)->TotalComparison @ FortressLibrary.fss:272:5-276:10
overloading	LEXICO (same parameter type)|same parameter type	overloading	FortressLibrary.fss:170,FortressLibrary.fss:171	There are multiple declarations of LEXICO with the same parameter type: (TotalComparison)
overloading	LEXICO (same parameter type)|same parameter type	overloading	FortressLibrary.fss:171,FortressLibrary.fss:205	There are multiple declarations of LEXICO with the same parameter type: (()->TotalComparison)
return-type	MIN	overloading	FortressLibrary.fss:260,FortressLibrary.fss:279	For MIN, the return type of (StandardTotalOrder[\TotalComparison\], TotalComparison)->TotalComparison @ FortressLibrary.fss:279:5-71 should be a subtype of the return type of (StandardMinMax[\TotalComparison\], TotalComparison)->(TotalComparison, TotalComparison) @ FortressLibrary.fss:260:5-70
return-type	MAX	overloading	FortressLibrary.fss:261,FortressLibrary.fss:280	For MAX, the return type of (StandardTotalOrder[\T\], T)->T @ FortressLibrary.fss:280:5-71 should be a subtype of the return type of (StandardMinMax[\T\], T)->(T, T) @ FortressLibrary.fss:261:5-70
return-type	MIN	overloading	FortressLibrary.fss:260,FortressLibrary.fss:279	For MIN, the return type of (StandardTotalOrder[\T\], T)->T @ FortressLibrary.fss:279:5-71 should be a subtype of the return type of (StandardMinMax[\T\], T)->(T, T) @ FortressLibrary.fss:260:5-70
return-type	MAX	overloading	FortressLibrary.fss:261,FortressLibrary.fss:280	For MAX, the return type of (StandardTotalOrder[\ZZ64\], ZZ64)->ZZ64 @ FortressLibrary.fss:280:5-71 should be a subtype of the return type of (StandardMinMax[\ZZ64\], ZZ64)->(ZZ64, ZZ64) @ FortressLibrary.fss:261:5-70
return-type	MIN	overloading	FortressLibrary.fss:260,FortressLibrary.fss:279	For MIN, the return type of (StandardTotalOrder[\ZZ64\], ZZ64)->ZZ64 @ FortressLibrary.fss:279:5-71 should be a subtype of the return type of (StandardMinMax[\ZZ64\], ZZ64)->(ZZ64, ZZ64) @ FortressLibrary.fss:260:5-70
return-type	MAX	overloading	FortressLibrary.fss:261,FortressLibrary.fss:280	For MAX, the return type of (StandardTotalOrder[\String\], String)->String @ FortressLibrary.fss:280:5-71 should be a subtype of the return type of (StandardMinMax[\String\], String)->(String, String) @ FortressLibrary.fss:261:5-70
overloading	juxtaposition|same-sparams	overloading	FortressLibrary.fss:4123,FortressLibrary.fss:4125	Invalid overloading of juxtaposition in trait String: (Any, String)->String @ FortressLibrary.fss:4123:5-59 and (String, Any)->String @ FortressLibrary.fss:4125:5-4131:48
return-type	MIN	overloading	FortressLibrary.fss:260,FortressLibrary.fss:279	For MIN, the return type of (StandardTotalOrder[\String\], String)->String @ FortressLibrary.fss:279:5-71 should be a subtype of the return type of (StandardMinMax[\String\], String)->(String, String) @ FortressLibrary.fss:260:5-70
return-type	MAX	overloading	FortressLibrary.fss:261,FortressLibrary.fss:578	For MAX, the return type of ((QQ & {Ratio}), QQ)->QQ @ FortressLibrary.fss:578:5-579:102 should be a subtype of the return type of (StandardMinMax[\QQ\], QQ)->(QQ, QQ) @ FortressLibrary.fss:261:5-70
return-type	MIN	overloading	FortressLibrary.fss:260,FortressLibrary.fss:576	For MIN, the return type of ((QQ & {Ratio}), QQ)->QQ @ FortressLibrary.fss:576:5-577:103 should be a subtype of the return type of (StandardMinMax[\QQ\], QQ)->(QQ, QQ) @ FortressLibrary.fss:260:5-70
overloading	fill|fill-same	overloading	FortressLibrary.fss:2012,FortressLibrary.fss:2076	Invalid overloading of fill in trait TransposedMatrix: (Array[\T,(ZZ32, ZZ32)\], (ZZ32, ZZ32)->T)->Array[\T,(ZZ32, ZZ32)\] @ FortressLibrary.fss:2012:5-29 and (StandardImmutableArrayType[\Array2[\T,0,s0,0,s1\],T,(ZZ32, ZZ32)\], (ZZ32, ZZ32)->T)->Array2[\T,0,s0,0,s1\] @ FortressLibrary.fss:2076:5-2079:8
overloading	fill|fill-crossed	overloading	FortressLibrary.fss:2012,FortressLibrary.fss:2080	Invalid overloading of fill in trait TransposedMatrix: (Array[\T,(ZZ32, ZZ32)\], (ZZ32, ZZ32)->T)->Array[\T,(ZZ32, ZZ32)\] @ FortressLibrary.fss:2012:5-29 and (StandardImmutableArrayType[\Array2[\T,0,s0,0,s1\],T,(ZZ32, ZZ32)\], T)->Array2[\T,0,s0,0,s1\] @ FortressLibrary.fss:2080:5-2083:8
overloading	fill|fill-crossed	overloading	FortressLibrary.fss:1955,FortressLibrary.fss:2012	Invalid overloading of fill in trait TransposedMatrix: (Array[\T,(ZZ32, ZZ32)\], (ZZ32, ZZ32)->T)->Array[\T,(ZZ32, ZZ32)\] @ FortressLibrary.fss:2012:5-29 and (ReadableArray[\T,(ZZ32, ZZ32)\], T)->ReadableArray[\T,(ZZ32, ZZ32)\] @ FortressLibrary.fss:1955:5-35
overloading	fill|fill-crossed	overloading	FortressLibrary.fss:2012,FortressLibrary.fss:2013	Invalid overloading of fill in trait TransposedMatrix: (Array[\T,(ZZ32, ZZ32)\], (ZZ32, ZZ32)->T)->Array[\T,(ZZ32, ZZ32)\] @ FortressLibrary.fss:2012:5-29 and (Array[\T,(ZZ32, ZZ32)\], T)->Array[\T,(ZZ32, ZZ32)\] @ FortressLibrary.fss:2013:5-26
overloading	fill|fill-crossed	overloading	FortressLibrary.fss:2076,FortressLibrary.fss:2080	Invalid overloading of fill in trait TransposedMatrix: (StandardImmutableArrayType[\Array2[\T,0,s0,0,s1\],T,(ZZ32, ZZ32)\], (ZZ32, ZZ32)->T)->Array2[\T,0,s0,0,s1\] @ FortressLibrary.fss:2076:5-2079:8 and (StandardImmutableArrayType[\Array2[\T,0,s0,0,s1\],T,(ZZ32, ZZ32)\], T)->Array2[\T,0,s0,0,s1\] @ FortressLibrary.fss:2080:5-2083:8
overloading	fill|fill-crossed	overloading	FortressLibrary.fss:1955,FortressLibrary.fss:2076	Invalid overloading of fill in trait TransposedMatrix: (ReadableArray[\T,(ZZ32, ZZ32)\], T)->ReadableArray[\T,(ZZ32, ZZ32)\] @ FortressLibrary.fss:1955:5-35 and (StandardImmutableArrayType[\Array2[\T,0,s0,0,s1\],T,(ZZ32, ZZ32)\], (ZZ32, ZZ32)->T)->Array2[\T,0,s0,0,s1\] @ FortressLibrary.fss:2076:5-2079:8
overloading	fill|fill-crossed	overloading	FortressLibrary.fss:2013,FortressLibrary.fss:2076	Invalid overloading of fill in trait TransposedMatrix: (Array[\T,(ZZ32, ZZ32)\], T)->Array[\T,(ZZ32, ZZ32)\] @ FortressLibrary.fss:2013:5-26 and (StandardImmutableArrayType[\Array2[\T,0,s0,0,s1\],T,(ZZ32, ZZ32)\], (ZZ32, ZZ32)->T)->Array2[\T,0,s0,0,s1\] @ FortressLibrary.fss:2076:5-2079:8
overloading	fill|fill-crossed	overloading	FortressLibrary.fss:1954,FortressLibrary.fss:2080	Invalid overloading of fill in trait TransposedMatrix: (ReadableArray[\T,(ZZ32, ZZ32)\], (ZZ32, ZZ32)->T)->ReadableArray[\T,(ZZ32, ZZ32)\] @ FortressLibrary.fss:1954:5-37 and (StandardImmutableArrayType[\Array2[\T,0,s0,0,s1\],T,(ZZ32, ZZ32)\], T)->Array2[\T,0,s0,0,s1\] @ FortressLibrary.fss:2080:5-2083:8
overloading	fill|fill-same	overloading	FortressLibrary.fss:2013,FortressLibrary.fss:2080	Invalid overloading of fill in trait TransposedMatrix: (Array[\T,(ZZ32, ZZ32)\], T)->Array[\T,(ZZ32, ZZ32)\] @ FortressLibrary.fss:2013:5-26 and (StandardImmutableArrayType[\Array2[\T,0,s0,0,s1\],T,(ZZ32, ZZ32)\], T)->Array2[\T,0,s0,0,s1\] @ FortressLibrary.fss:2080:5-2083:8
overloading	fill|fill-crossed	overloading	FortressLibrary.fss:1954,FortressLibrary.fss:1955	Invalid overloading of fill in trait TransposedMatrix: (ReadableArray[\T,(ZZ32, ZZ32)\], (ZZ32, ZZ32)->T)->ReadableArray[\T,(ZZ32, ZZ32)\] @ FortressLibrary.fss:1954:5-37 and (ReadableArray[\T,(ZZ32, ZZ32)\], T)->ReadableArray[\T,(ZZ32, ZZ32)\] @ FortressLibrary.fss:1955:5-35
overloading	fill|fill-crossed	overloading	FortressLibrary.fss:1954,FortressLibrary.fss:2013	Invalid overloading of fill in trait TransposedMatrix: (Array[\T,(ZZ32, ZZ32)\], T)->Array[\T,(ZZ32, ZZ32)\] @ FortressLibrary.fss:2013:5-26 and (ReadableArray[\T,(ZZ32, ZZ32)\], (ZZ32, ZZ32)->T)->ReadableArray[\T,(ZZ32, ZZ32)\] @ FortressLibrary.fss:1954:5-37
overloading	fill|fill-same	overloading	FortressLibrary.fss:2012,FortressLibrary.fss:2076	Invalid overloading of fill in trait Vector: (Array[\T,ZZ32\], ZZ32->T)->Array[\T,ZZ32\] @ FortressLibrary.fss:2012:5-29 and (StandardImmutableArrayType[\Array1[\T,0,s0\],T,ZZ32\], ZZ32->T)->Array1[\T,0,s0\] @ FortressLibrary.fss:2076:5-2079:8
overloading	fill|fill-same	overloading	FortressLibrary.fss:2013,FortressLibrary.fss:2080	Invalid overloading of fill in trait Vector: (Array[\T,ZZ32\], T)->Array[\T,ZZ32\] @ FortressLibrary.fss:2013:5-26 and (StandardImmutableArrayType[\Array1[\T,0,s0\],T,ZZ32\], T)->Array1[\T,0,s0\] @ FortressLibrary.fss:2080:5-2083:8
overloading	fill|fill-crossed	overloading	FortressLibrary.fss:1954,FortressLibrary.fss:1955	Invalid overloading of fill in trait ReadableArray: (ReadableArray[\E,I\], E)->ReadableArray[\E,I\] @ FortressLibrary.fss:1955:5-35 and (ReadableArray[\E,I\], I->E)->ReadableArray[\E,I\] @ FortressLibrary.fss:1954:5-37
overloading	LEXICO (same parameter type)|same parameter type	overloading	FortressLibrary.fss:170,FortressLibrary.fss:171	There are multiple declarations of LEXICO with the same parameter type: (()->TotalComparison)
overloading	fill|fill-crossed	overloading	FortressLibrary.fss:1954,FortressLibrary.fss:1955	Invalid overloading of fill in trait __DefaultArray3: (ReadableArray[\T,(ZZ32, ZZ32, ZZ32)\], (ZZ32, ZZ32, ZZ32)->T)->ReadableArray[\T,(ZZ32, ZZ32, ZZ32)\] @ FortressLibrary.fss:1954:5-37 and (ReadableArray[\T,(ZZ32, ZZ32, ZZ32)\], T)->ReadableArray[\T,(ZZ32, ZZ32, ZZ32)\] @ FortressLibrary.fss:1955:5-35
overloading	fill|fill-crossed	overloading	FortressLibrary.fss:1954,FortressLibrary.fss:2013	Invalid overloading of fill in trait __DefaultArray3: (Array[\T,(ZZ32, ZZ32, ZZ32)\], T)->Array[\T,(ZZ32, ZZ32, ZZ32)\] @ FortressLibrary.fss:2013:5-26 and (ReadableArray[\T,(ZZ32, ZZ32, ZZ32)\], (ZZ32, ZZ32, ZZ32)->T)->ReadableArray[\T,(ZZ32, ZZ32, ZZ32)\] @ FortressLibrary.fss:1954:5-37
overloading	fill|fill-crossed	overloading	FortressLibrary.fss:1954,FortressLibrary.fss:2080	Invalid overloading of fill in trait __DefaultArray3: (ReadableArray[\T,(ZZ32, ZZ32, ZZ32)\], (ZZ32, ZZ32, ZZ32)->T)->ReadableArray[\T,(ZZ32, ZZ32, ZZ32)\] @ FortressLibrary.fss:1954:5-37 and (StandardImmutableArrayType[\Array3[\T,b0,s0,b1,s1,b2,s2\],T,(ZZ32, ZZ32, ZZ32)\], T)->Array3[\T,b0,s0,b1,s1,b2,s2\] @ FortressLibrary.fss:2080:5-2083:8
overloading	fill|fill-crossed	overloading	FortressLibrary.fss:1955,FortressLibrary.fss:2076	Invalid overloading of fill in trait __DefaultArray3: (ReadableArray[\T,(ZZ32, ZZ32, ZZ32)\], T)->ReadableArray[\T,(ZZ32, ZZ32, ZZ32)\] @ FortressLibrary.fss:1955:5-35 and (StandardImmutableArrayType[\Array3[\T,b0,s0,b1,s1,b2,s2\],T,(ZZ32, ZZ32, ZZ32)\], (ZZ32, ZZ32, ZZ32)->T)->Array3[\T,b0,s0,b1,s1,b2,s2\] @ FortressLibrary.fss:2076:5-2079:8
overloading	fill|fill-crossed	overloading	FortressLibrary.fss:1955,FortressLibrary.fss:2012	Invalid overloading of fill in trait __DefaultArray3: (Array[\T,(ZZ32, ZZ32, ZZ32)\], (ZZ32, ZZ32, ZZ32)->T)->Array[\T,(ZZ32, ZZ32, ZZ32)\] @ FortressLibrary.fss:2012:5-29 and (ReadableArray[\T,(ZZ32, ZZ32, ZZ32)\], T)->ReadableArray[\T,(ZZ32, ZZ32, ZZ32)\] @ FortressLibrary.fss:1955:5-35
overloading	fill|fill-crossed	overloading	FortressLibrary.fss:2013,FortressLibrary.fss:2076	Invalid overloading of fill in trait __DefaultArray3: (Array[\T,(ZZ32, ZZ32, ZZ32)\], T)->Array[\T,(ZZ32, ZZ32, ZZ32)\] @ FortressLibrary.fss:2013:5-26 and (StandardImmutableArrayType[\Array3[\T,b0,s0,b1,s1,b2,s2\],T,(ZZ32, ZZ32, ZZ32)\], (ZZ32, ZZ32, ZZ32)->T)->Array3[\T,b0,s0,b1,s1,b2,s2\] @ FortressLibrary.fss:2076:5-2079:8
overloading	fill|fill-same	overloading	FortressLibrary.fss:2013,FortressLibrary.fss:2080	Invalid overloading of fill in trait __DefaultArray3: (Array[\T,(ZZ32, ZZ32, ZZ32)\], T)->Array[\T,(ZZ32, ZZ32, ZZ32)\] @ FortressLibrary.fss:2013:5-26 and (StandardImmutableArrayType[\Array3[\T,b0,s0,b1,s1,b2,s2\],T,(ZZ32, ZZ32, ZZ32)\], T)->Array3[\T,b0,s0,b1,s1,b2,s2\] @ FortressLibrary.fss:2080:5-2083:8
overloading	fill|fill-crossed	overloading	FortressLibrary.fss:2012,FortressLibrary.fss:2013	Invalid overloading of fill in trait __DefaultArray3: (Array[\T,(ZZ32, ZZ32, ZZ32)\], (ZZ32, ZZ32, ZZ32)->T)->Array[\T,(ZZ32, ZZ32, ZZ32)\] @ FortressLibrary.fss:2012:5-29 and (Array[\T,(ZZ32, ZZ32, ZZ32)\], T)->Array[\T,(ZZ32, ZZ32, ZZ32)\] @ FortressLibrary.fss:2013:5-26
overloading	fill|fill-crossed	overloading	FortressLibrary.fss:2076,FortressLibrary.fss:2080	Invalid overloading of fill in trait __DefaultArray3: (StandardImmutableArrayType[\Array3[\T,b0,s0,b1,s1,b2,s2\],T,(ZZ32, ZZ32, ZZ32)\], (ZZ32, ZZ32, ZZ32)->T)->Array3[\T,b0,s0,b1,s1,b2,s2\] @ FortressLibrary.fss:2076:5-2079:8 and (StandardImmutableArrayType[\Array3[\T,b0,s0,b1,s1,b2,s2\],T,(ZZ32, ZZ32, ZZ32)\], T)->Array3[\T,b0,s0,b1,s1,b2,s2\] @ FortressLibrary.fss:2080:5-2083:8
overloading	fill|fill-same	overloading	FortressLibrary.fss:2012,FortressLibrary.fss:2076	Invalid overloading of fill in trait __DefaultArray3: (Array[\T,(ZZ32, ZZ32, ZZ32)\], (ZZ32, ZZ32, ZZ32)->T)->Array[\T,(ZZ32, ZZ32, ZZ32)\] @ FortressLibrary.fss:2012:5-29 and (StandardImmutableArrayType[\Array3[\T,b0,s0,b1,s1,b2,s2\],T,(ZZ32, ZZ32, ZZ32)\], (ZZ32, ZZ32, ZZ32)->T)->Array3[\T,b0,s0,b1,s1,b2,s2\] @ FortressLibrary.fss:2076:5-2079:8
overloading	fill|fill-crossed	overloading	FortressLibrary.fss:2012,FortressLibrary.fss:2080	Invalid overloading of fill in trait __DefaultArray3: (Array[\T,(ZZ32, ZZ32, ZZ32)\], (ZZ32, ZZ32, ZZ32)->T)->Array[\T,(ZZ32, ZZ32, ZZ32)\] @ FortressLibrary.fss:2012:5-29 and (StandardImmutableArrayType[\Array3[\T,b0,s0,b1,s1,b2,s2\],T,(ZZ32, ZZ32, ZZ32)\], T)->Array3[\T,b0,s0,b1,s1,b2,s2\] @ FortressLibrary.fss:2080:5-2083:8
overloading	fill|fill-same	overloading	FortressLibrary.fss:2012,FortressLibrary.fss:2076	Invalid overloading of fill in trait Matrix: (Array[\T,(ZZ32, ZZ32)\], (ZZ32, ZZ32)->T)->Array[\T,(ZZ32, ZZ32)\] @ FortressLibrary.fss:2012:5-29 and (StandardImmutableArrayType[\Array2[\T,0,s0,0,s1\],T,(ZZ32, ZZ32)\], (ZZ32, ZZ32)->T)->Array2[\T,0,s0,0,s1\] @ FortressLibrary.fss:2076:5-2079:8
overloading	fill|fill-same	overloading	FortressLibrary.fss:2013,FortressLibrary.fss:2080	Invalid overloading of fill in trait Matrix: (Array[\T,(ZZ32, ZZ32)\], T)->Array[\T,(ZZ32, ZZ32)\] @ FortressLibrary.fss:2013:5-26 and (StandardImmutableArrayType[\Array2[\T,0,s0,0,s1\],T,(ZZ32, ZZ32)\], T)->Array2[\T,0,s0,0,s1\] @ FortressLibrary.fss:2080:5-2083:8
overloading	SQCAP (same parameter type)|same parameter type	overloading	FortressLibrary.fss:1411,FortressLibrary.fss:1464	There are multiple declarations of SQCAP with the same parameter type: (Maybe[\T\])
return-type	SQCAP	overloading	FortressLibrary.fss:1411,FortressLibrary.fss:1465	For SQCAP, the return type of ((Maybe[\T\] & {Nothing[\T\], Just[\T\]}), Maybe[\T\])->Maybe[\T\] @ FortressLibrary.fss:1411:5-96 should be a subtype of the return type of (Nothing[\T\], UniqueItem[\T\])->Nothing[\T\] @ FortressLibrary.fss:1465:5-60
return-type	SQCAP	overloading	FortressLibrary.fss:1411,FortressLibrary.fss:1464	For SQCAP, the return type of ((Maybe[\T\] & {Nothing[\T\], Just[\T\]}), Maybe[\T\])->Maybe[\T\] @ FortressLibrary.fss:1411:5-96 should be a subtype of the return type of (Nothing[\T\], Maybe[\T\])->Nothing[\T\] @ FortressLibrary.fss:1464:5-55
overloading	fill|fill-crossed	overloading	FortressLibrary.fss:1954,FortressLibrary.fss:1980	Invalid overloading of fill in trait ImmutableArray1: (ImmutableArray[\T,ZZ32\], T)->ImmutableArray[\T,ZZ32\] @ FortressLibrary.fss:1980:5-35 and (ReadableArray[\T,ZZ32\], ZZ32->T)->ReadableArray[\T,ZZ32\] @ FortressLibrary.fss:1954:5-37
overloading	fill|fill-crossed	overloading	FortressLibrary.fss:1954,FortressLibrary.fss:2080	Invalid overloading of fill in trait ImmutableArray1: (ReadableArray[\T,ZZ32\], ZZ32->T)->ReadableArray[\T,ZZ32\] @ FortressLibrary.fss:1954:5-37 and (StandardImmutableArrayType[\ImmutableArray1[\T,b0,s0\],T,ZZ32\], T)->ImmutableArray1[\T,b0,s0\] @ FortressLibrary.fss:2080:5-2083:8
overloading	fill|fill-crossed	overloading	FortressLibrary.fss:1954,FortressLibrary.fss:1955	Invalid overloading of fill in trait ImmutableArray1: (ReadableArray[\T,ZZ32\], T)->ReadableArray[\T,ZZ32\] @ FortressLibrary.fss:1955:5-35 and (ReadableArray[\T,ZZ32\], ZZ32->T)->ReadableArray[\T,ZZ32\] @ FortressLibrary.fss:1954:5-37
overloading	fill|fill-crossed	overloading	FortressLibrary.fss:1979,FortressLibrary.fss:1980	Invalid overloading of fill in trait ImmutableArray1: (ImmutableArray[\T,ZZ32\], T)->ImmutableArray[\T,ZZ32\] @ FortressLibrary.fss:1980:5-35 and (ImmutableArray[\T,ZZ32\], ZZ32->T)->ImmutableArray[\T,ZZ32\] @ FortressLibrary.fss:1979:5-38
overloading	fill|fill-same	overloading	FortressLibrary.fss:1980,FortressLibrary.fss:2080	Invalid overloading of fill in trait ImmutableArray1: (ImmutableArray[\T,ZZ32\], T)->ImmutableArray[\T,ZZ32\] @ FortressLibrary.fss:1980:5-35 and (StandardImmutableArrayType[\ImmutableArray1[\T,b0,s0\],T,ZZ32\], T)->ImmutableArray1[\T,b0,s0\] @ FortressLibrary.fss:2080:5-2083:8
overloading	fill|fill-crossed	overloading	FortressLibrary.fss:1980,FortressLibrary.fss:2076	Invalid overloading of fill in trait ImmutableArray1: (ImmutableArray[\T,ZZ32\], T)->ImmutableArray[\T,ZZ32\] @ FortressLibrary.fss:1980:5-35 and (StandardImmutableArrayType[\ImmutableArray1[\T,b0,s0\],T,ZZ32\], ZZ32->T)->ImmutableArray1[\T,b0,s0\] @ FortressLibrary.fss:2076:5-2079:8
overloading	fill|fill-crossed	overloading	FortressLibrary.fss:1979,FortressLibrary.fss:2080	Invalid overloading of fill in trait ImmutableArray1: (ImmutableArray[\T,ZZ32\], ZZ32->T)->ImmutableArray[\T,ZZ32\] @ FortressLibrary.fss:1979:5-38 and (StandardImmutableArrayType[\ImmutableArray1[\T,b0,s0\],T,ZZ32\], T)->ImmutableArray1[\T,b0,s0\] @ FortressLibrary.fss:2080:5-2083:8
overloading	fill|fill-same	overloading	FortressLibrary.fss:1979,FortressLibrary.fss:2076	Invalid overloading of fill in trait ImmutableArray1: (ImmutableArray[\T,ZZ32\], ZZ32->T)->ImmutableArray[\T,ZZ32\] @ FortressLibrary.fss:1979:5-38 and (StandardImmutableArrayType[\ImmutableArray1[\T,b0,s0\],T,ZZ32\], ZZ32->T)->ImmutableArray1[\T,b0,s0\] @ FortressLibrary.fss:2076:5-2079:8
overloading	fill|fill-crossed	overloading	FortressLibrary.fss:1955,FortressLibrary.fss:1979	Invalid overloading of fill in trait ImmutableArray1: (ImmutableArray[\T,ZZ32\], ZZ32->T)->ImmutableArray[\T,ZZ32\] @ FortressLibrary.fss:1979:5-38 and (ReadableArray[\T,ZZ32\], T)->ReadableArray[\T,ZZ32\] @ FortressLibrary.fss:1955:5-35
overloading	fill|fill-crossed	overloading	FortressLibrary.fss:2076,FortressLibrary.fss:2080	Invalid overloading of fill in trait ImmutableArray1: (StandardImmutableArrayType[\ImmutableArray1[\T,b0,s0\],T,ZZ32\], T)->ImmutableArray1[\T,b0,s0\] @ FortressLibrary.fss:2080:5-2083:8 and (StandardImmutableArrayType[\ImmutableArray1[\T,b0,s0\],T,ZZ32\], ZZ32->T)->ImmutableArray1[\T,b0,s0\] @ FortressLibrary.fss:2076:5-2079:8
overloading	fill|fill-crossed	overloading	FortressLibrary.fss:1955,FortressLibrary.fss:2076	Invalid overloading of fill in trait ImmutableArray1: (ReadableArray[\T,ZZ32\], T)->ReadableArray[\T,ZZ32\] @ FortressLibrary.fss:1955:5-35 and (StandardImmutableArrayType[\ImmutableArray1[\T,b0,s0\],T,ZZ32\], ZZ32->T)->ImmutableArray1[\T,b0,s0\] @ FortressLibrary.fss:2076:5-2079:8
overloading	fill|fill-crossed	overloading	FortressLibrary.fss:1955,FortressLibrary.fss:2076	Invalid overloading of fill in trait Array1: (ReadableArray[\T,ZZ32\], T)->ReadableArray[\T,ZZ32\] @ FortressLibrary.fss:1955:5-35 and (StandardImmutableArrayType[\Array1[\T,b0,s0\],T,ZZ32\], ZZ32->T)->Array1[\T,b0,s0\] @ FortressLibrary.fss:2076:5-2079:8
overloading	fill|fill-crossed	overloading	FortressLibrary.fss:1955,FortressLibrary.fss:2012	Invalid overloading of fill in trait Array1: (Array[\T,ZZ32\], ZZ32->T)->Array[\T,ZZ32\] @ FortressLibrary.fss:2012:5-29 and (ReadableArray[\T,ZZ32\], T)->ReadableArray[\T,ZZ32\] @ FortressLibrary.fss:1955:5-35
overloading	fill|fill-crossed	overloading	FortressLibrary.fss:1954,FortressLibrary.fss:1955	Invalid overloading of fill in trait Array1: (ReadableArray[\T,ZZ32\], T)->ReadableArray[\T,ZZ32\] @ FortressLibrary.fss:1955:5-35 and (ReadableArray[\T,ZZ32\], ZZ32->T)->ReadableArray[\T,ZZ32\] @ FortressLibrary.fss:1954:5-37
overloading	fill|fill-same	overloading	FortressLibrary.fss:2012,FortressLibrary.fss:2076	Invalid overloading of fill in trait Array1: (Array[\T,ZZ32\], ZZ32->T)->Array[\T,ZZ32\] @ FortressLibrary.fss:2012:5-29 and (StandardImmutableArrayType[\Array1[\T,b0,s0\],T,ZZ32\], ZZ32->T)->Array1[\T,b0,s0\] @ FortressLibrary.fss:2076:5-2079:8
overloading	fill|fill-crossed	overloading	FortressLibrary.fss:2013,FortressLibrary.fss:2076	Invalid overloading of fill in trait Array1: (Array[\T,ZZ32\], T)->Array[\T,ZZ32\] @ FortressLibrary.fss:2013:5-26 and (StandardImmutableArrayType[\Array1[\T,b0,s0\],T,ZZ32\], ZZ32->T)->Array1[\T,b0,s0\] @ FortressLibrary.fss:2076:5-2079:8
overloading	fill|fill-crossed	overloading	FortressLibrary.fss:2076,FortressLibrary.fss:2080	Invalid overloading of fill in trait Array1: (StandardImmutableArrayType[\Array1[\T,b0,s0\],T,ZZ32\], T)->Array1[\T,b0,s0\] @ FortressLibrary.fss:2080:5-2083:8 and (StandardImmutableArrayType[\Array1[\T,b0,s0\],T,ZZ32\], ZZ32->T)->Array1[\T,b0,s0\] @ FortressLibrary.fss:2076:5-2079:8
overloading	fill|fill-crossed	overloading	FortressLibrary.fss:2012,FortressLibrary.fss:2013	Invalid overloading of fill in trait Array1: (Array[\T,ZZ32\], T)->Array[\T,ZZ32\] @ FortressLibrary.fss:2013:5-26 and (Array[\T,ZZ32\], ZZ32->T)->Array[\T,ZZ32\] @ FortressLibrary.fss:2012:5-29
overloading	fill|fill-crossed	overloading	FortressLibrary.fss:2012,FortressLibrary.fss:2080	Invalid overloading of fill in trait Array1: (Array[\T,ZZ32\], ZZ32->T)->Array[\T,ZZ32\] @ FortressLibrary.fss:2012:5-29 and (StandardImmutableArrayType[\Array1[\T,b0,s0\],T,ZZ32\], T)->Array1[\T,b0,s0\] @ FortressLibrary.fss:2080:5-2083:8
overloading	fill|fill-same	overloading	FortressLibrary.fss:2013,FortressLibrary.fss:2080	Invalid overloading of fill in trait Array1: (Array[\T,ZZ32\], T)->Array[\T,ZZ32\] @ FortressLibrary.fss:2013:5-26 and (StandardImmutableArrayType[\Array1[\T,b0,s0\],T,ZZ32\], T)->Array1[\T,b0,s0\] @ FortressLibrary.fss:2080:5-2083:8
overloading	fill|fill-crossed	overloading	FortressLibrary.fss:1954,FortressLibrary.fss:2013	Invalid overloading of fill in trait Array1: (Array[\T,ZZ32\], T)->Array[\T,ZZ32\] @ FortressLibrary.fss:2013:5-26 and (ReadableArray[\T,ZZ32\], ZZ32->T)->ReadableArray[\T,ZZ32\] @ FortressLibrary.fss:1954:5-37
overloading	fill|fill-crossed	overloading	FortressLibrary.fss:1954,FortressLibrary.fss:2080	Invalid overloading of fill in trait Array1: (ReadableArray[\T,ZZ32\], ZZ32->T)->ReadableArray[\T,ZZ32\] @ FortressLibrary.fss:1954:5-37 and (StandardImmutableArrayType[\Array1[\T,b0,s0\],T,ZZ32\], T)->Array1[\T,b0,s0\] @ FortressLibrary.fss:2080:5-2083:8
return-type	distribute	overloading	FortressLibrary.fss:2974,FortressLibrary.fss:3154	For distribute, the return type of (SumReduction[\T\], MaxReduction[\T\])->PossibleReductionPair[\AnyMaybe\] @ FortressLibrary.fss:3154:5-3155:28 should be a subtype of the return type of (ActualReduction[\T,T\], Any)->PossibleReductionPair[\T\] @ FortressLibrary.fss:2974:5-2978:2
return-type	distribute	overloading	FortressLibrary.fss:2974,FortressLibrary.fss:3156	For distribute, the return type of (SumReduction[\T\], MinReduction[\T\])->PossibleReductionPair[\AnyMaybe\] @ FortressLibrary.fss:3156:5-3157:28 should be a subtype of the return type of (ActualReduction[\T,T\], Any)->PossibleReductionPair[\T\] @ FortressLibrary.fss:2974:5-2978:2
overloading	fill|fill-crossed	overloading	FortressLibrary.fss:2076,FortressLibrary.fss:2080	Invalid overloading of fill in trait StandardImmutableArrayType: (StandardImmutableArrayType[\T,E,I\], E)->T @ FortressLibrary.fss:2080:5-2083:8 and (StandardImmutableArrayType[\T,E,I\], I->E)->T @ FortressLibrary.fss:2076:5-2079:8
overloading	fill|fill-crossed	overloading	FortressLibrary.fss:1954,FortressLibrary.fss:2080	Invalid overloading of fill in trait StandardImmutableArrayType: (ReadableArray[\E,I\], I->E)->ReadableArray[\E,I\] @ FortressLibrary.fss:1954:5-37 and (StandardImmutableArrayType[\T,E,I\], E)->T @ FortressLibrary.fss:2080:5-2083:8
overloading	fill|fill-crossed	overloading	FortressLibrary.fss:1955,FortressLibrary.fss:2076	Invalid overloading of fill in trait StandardImmutableArrayType: (ReadableArray[\E,I\], E)->ReadableArray[\E,I\] @ FortressLibrary.fss:1955:5-35 and (StandardImmutableArrayType[\T,E,I\], I->E)->T @ FortressLibrary.fss:2076:5-2079:8
overloading	fill|fill-crossed	overloading	FortressLibrary.fss:1954,FortressLibrary.fss:1955	Invalid overloading of fill in trait StandardImmutableArrayType: (ReadableArray[\E,I\], E)->ReadableArray[\E,I\] @ FortressLibrary.fss:1955:5-35 and (ReadableArray[\E,I\], I->E)->ReadableArray[\E,I\] @ FortressLibrary.fss:1954:5-37
overloading	fill|fill-crossed	overloading	FortressLibrary.fss:1954,FortressLibrary.fss:1955	Invalid overloading of fill in trait __ImmutableSubArray1: (ReadableArray[\T,ZZ32\], T)->ReadableArray[\T,ZZ32\] @ FortressLibrary.fss:1955:5-35 and (ReadableArray[\T,ZZ32\], ZZ32->T)->ReadableArray[\T,ZZ32\] @ FortressLibrary.fss:1954:5-37
overloading	fill|fill-crossed	overloading	FortressLibrary.fss:1955,FortressLibrary.fss:1979	Invalid overloading of fill in trait __ImmutableSubArray1: (ImmutableArray[\T,ZZ32\], ZZ32->T)->ImmutableArray[\T,ZZ32\] @ FortressLibrary.fss:1979:5-38 and (ReadableArray[\T,ZZ32\], T)->ReadableArray[\T,ZZ32\] @ FortressLibrary.fss:1955:5-35
overloading	fill|fill-crossed	overloading	FortressLibrary.fss:1955,FortressLibrary.fss:2076	Invalid overloading of fill in trait __ImmutableSubArray1: (ReadableArray[\T,ZZ32\], T)->ReadableArray[\T,ZZ32\] @ FortressLibrary.fss:1955:5-35 and (StandardImmutableArrayType[\ImmutableArray1[\T,b0,s0\],T,ZZ32\], ZZ32->T)->ImmutableArray1[\T,b0,s0\] @ FortressLibrary.fss:2076:5-2079:8
overloading	fill|fill-crossed	overloading	FortressLibrary.fss:1954,FortressLibrary.fss:2080	Invalid overloading of fill in trait __ImmutableSubArray1: (ReadableArray[\T,ZZ32\], ZZ32->T)->ReadableArray[\T,ZZ32\] @ FortressLibrary.fss:1954:5-37 and (StandardImmutableArrayType[\ImmutableArray1[\T,b0,s0\],T,ZZ32\], T)->ImmutableArray1[\T,b0,s0\] @ FortressLibrary.fss:2080:5-2083:8
overloading	fill|fill-same	overloading	FortressLibrary.fss:1980,FortressLibrary.fss:2080	Invalid overloading of fill in trait __ImmutableSubArray1: (ImmutableArray[\T,ZZ32\], T)->ImmutableArray[\T,ZZ32\] @ FortressLibrary.fss:1980:5-35 and (StandardImmutableArrayType[\ImmutableArray1[\T,b0,s0\],T,ZZ32\], T)->ImmutableArray1[\T,b0,s0\] @ FortressLibrary.fss:2080:5-2083:8
overloading	fill|fill-crossed	overloading	FortressLibrary.fss:1979,FortressLibrary.fss:2080	Invalid overloading of fill in trait __ImmutableSubArray1: (ImmutableArray[\T,ZZ32\], ZZ32->T)->ImmutableArray[\T,ZZ32\] @ FortressLibrary.fss:1979:5-38 and (StandardImmutableArrayType[\ImmutableArray1[\T,b0,s0\],T,ZZ32\], T)->ImmutableArray1[\T,b0,s0\] @ FortressLibrary.fss:2080:5-2083:8
overloading	fill|fill-crossed	overloading	FortressLibrary.fss:2076,FortressLibrary.fss:2080	Invalid overloading of fill in trait __ImmutableSubArray1: (StandardImmutableArrayType[\ImmutableArray1[\T,b0,s0\],T,ZZ32\], T)->ImmutableArray1[\T,b0,s0\] @ FortressLibrary.fss:2080:5-2083:8 and (StandardImmutableArrayType[\ImmutableArray1[\T,b0,s0\],T,ZZ32\], ZZ32->T)->ImmutableArray1[\T,b0,s0\] @ FortressLibrary.fss:2076:5-2079:8
overloading	fill|fill-crossed	overloading	FortressLibrary.fss:1954,FortressLibrary.fss:1980	Invalid overloading of fill in trait __ImmutableSubArray1: (ImmutableArray[\T,ZZ32\], T)->ImmutableArray[\T,ZZ32\] @ FortressLibrary.fss:1980:5-35 and (ReadableArray[\T,ZZ32\], ZZ32->T)->ReadableArray[\T,ZZ32\] @ FortressLibrary.fss:1954:5-37
overloading	fill|fill-crossed	overloading	FortressLibrary.fss:1979,FortressLibrary.fss:1980	Invalid overloading of fill in trait __ImmutableSubArray1: (ImmutableArray[\T,ZZ32\], T)->ImmutableArray[\T,ZZ32\] @ FortressLibrary.fss:1980:5-35 and (ImmutableArray[\T,ZZ32\], ZZ32->T)->ImmutableArray[\T,ZZ32\] @ FortressLibrary.fss:1979:5-38
overloading	fill|fill-crossed	overloading	FortressLibrary.fss:1980,FortressLibrary.fss:2076	Invalid overloading of fill in trait __ImmutableSubArray1: (ImmutableArray[\T,ZZ32\], T)->ImmutableArray[\T,ZZ32\] @ FortressLibrary.fss:1980:5-35 and (StandardImmutableArrayType[\ImmutableArray1[\T,b0,s0\],T,ZZ32\], ZZ32->T)->ImmutableArray1[\T,b0,s0\] @ FortressLibrary.fss:2076:5-2079:8
overloading	fill|fill-same	overloading	FortressLibrary.fss:1979,FortressLibrary.fss:2076	Invalid overloading of fill in trait __ImmutableSubArray1: (ImmutableArray[\T,ZZ32\], ZZ32->T)->ImmutableArray[\T,ZZ32\] @ FortressLibrary.fss:1979:5-38 and (StandardImmutableArrayType[\ImmutableArray1[\T,b0,s0\],T,ZZ32\], ZZ32->T)->ImmutableArray1[\T,b0,s0\] @ FortressLibrary.fss:2076:5-2079:8
overloading	fill|fill-crossed	overloading	FortressLibrary.fss:2012,FortressLibrary.fss:2080	Invalid overloading of fill in trait Array2: (Array[\T,(ZZ32, ZZ32)\], (ZZ32, ZZ32)->T)->Array[\T,(ZZ32, ZZ32)\] @ FortressLibrary.fss:2012:5-29 and (StandardImmutableArrayType[\Array2[\T,b0,s0,b1,s1\],T,(ZZ32, ZZ32)\], T)->Array2[\T,b0,s0,b1,s1\] @ FortressLibrary.fss:2080:5-2083:8
overloading	fill|fill-same	overloading	FortressLibrary.fss:2012,FortressLibrary.fss:2076	Invalid overloading of fill in trait Array2: (Array[\T,(ZZ32, ZZ32)\], (ZZ32, ZZ32)->T)->Array[\T,(ZZ32, ZZ32)\] @ FortressLibrary.fss:2012:5-29 and (StandardImmutableArrayType[\Array2[\T,b0,s0,b1,s1\],T,(ZZ32, ZZ32)\], (ZZ32, ZZ32)->T)->Array2[\T,b0,s0,b1,s1\] @ FortressLibrary.fss:2076:5-2079:8
overloading	fill|fill-crossed	overloading	FortressLibrary.fss:1955,FortressLibrary.fss:2012	Invalid overloading of fill in trait Array2: (Array[\T,(ZZ32, ZZ32)\], (ZZ32, ZZ32)->T)->Array[\T,(ZZ32, ZZ32)\] @ FortressLibrary.fss:2012:5-29 and (ReadableArray[\T,(ZZ32, ZZ32)\], T)->ReadableArray[\T,(ZZ32, ZZ32)\] @ FortressLibrary.fss:1955:5-35
overloading	fill|fill-crossed	overloading	FortressLibrary.fss:2012,FortressLibrary.fss:2013	Invalid overloading of fill in trait Array2: (Array[\T,(ZZ32, ZZ32)\], (ZZ32, ZZ32)->T)->Array[\T,(ZZ32, ZZ32)\] @ FortressLibrary.fss:2012:5-29 and (Array[\T,(ZZ32, ZZ32)\], T)->Array[\T,(ZZ32, ZZ32)\] @ FortressLibrary.fss:2013:5-26
overloading	fill|fill-crossed	overloading	FortressLibrary.fss:2076,FortressLibrary.fss:2080	Invalid overloading of fill in trait Array2: (StandardImmutableArrayType[\Array2[\T,b0,s0,b1,s1\],T,(ZZ32, ZZ32)\], (ZZ32, ZZ32)->T)->Array2[\T,b0,s0,b1,s1\] @ FortressLibrary.fss:2076:5-2079:8 and (StandardImmutableArrayType[\Array2[\T,b0,s0,b1,s1\],T,(ZZ32, ZZ32)\], T)->Array2[\T,b0,s0,b1,s1\] @ FortressLibrary.fss:2080:5-2083:8
overloading	fill|fill-crossed	overloading	FortressLibrary.fss:1954,FortressLibrary.fss:2080	Invalid overloading of fill in trait Array2: (ReadableArray[\T,(ZZ32, ZZ32)\], (ZZ32, ZZ32)->T)->ReadableArray[\T,(ZZ32, ZZ32)\] @ FortressLibrary.fss:1954:5-37 and (StandardImmutableArrayType[\Array2[\T,b0,s0,b1,s1\],T,(ZZ32, ZZ32)\], T)->Array2[\T,b0,s0,b1,s1\] @ FortressLibrary.fss:2080:5-2083:8
overloading	fill|fill-same	overloading	FortressLibrary.fss:2013,FortressLibrary.fss:2080	Invalid overloading of fill in trait Array2: (Array[\T,(ZZ32, ZZ32)\], T)->Array[\T,(ZZ32, ZZ32)\] @ FortressLibrary.fss:2013:5-26 and (StandardImmutableArrayType[\Array2[\T,b0,s0,b1,s1\],T,(ZZ32, ZZ32)\], T)->Array2[\T,b0,s0,b1,s1\] @ FortressLibrary.fss:2080:5-2083:8
overloading	fill|fill-crossed	overloading	FortressLibrary.fss:1955,FortressLibrary.fss:2076	Invalid overloading of fill in trait Array2: (ReadableArray[\T,(ZZ32, ZZ32)\], T)->ReadableArray[\T,(ZZ32, ZZ32)\] @ FortressLibrary.fss:1955:5-35 and (StandardImmutableArrayType[\Array2[\T,b0,s0,b1,s1\],T,(ZZ32, ZZ32)\], (ZZ32, ZZ32)->T)->Array2[\T,b0,s0,b1,s1\] @ FortressLibrary.fss:2076:5-2079:8
overloading	fill|fill-crossed	overloading	FortressLibrary.fss:2013,FortressLibrary.fss:2076	Invalid overloading of fill in trait Array2: (Array[\T,(ZZ32, ZZ32)\], T)->Array[\T,(ZZ32, ZZ32)\] @ FortressLibrary.fss:2013:5-26 and (StandardImmutableArrayType[\Array2[\T,b0,s0,b1,s1\],T,(ZZ32, ZZ32)\], (ZZ32, ZZ32)->T)->Array2[\T,b0,s0,b1,s1\] @ FortressLibrary.fss:2076:5-2079:8
overloading	fill|fill-crossed	overloading	FortressLibrary.fss:1954,FortressLibrary.fss:1955	Invalid overloading of fill in trait Array2: (ReadableArray[\T,(ZZ32, ZZ32)\], (ZZ32, ZZ32)->T)->ReadableArray[\T,(ZZ32, ZZ32)\] @ FortressLibrary.fss:1954:5-37 and (ReadableArray[\T,(ZZ32, ZZ32)\], T)->ReadableArray[\T,(ZZ32, ZZ32)\] @ FortressLibrary.fss:1955:5-35
overloading	fill|fill-crossed	overloading	FortressLibrary.fss:1954,FortressLibrary.fss:2013	Invalid overloading of fill in trait Array2: (Array[\T,(ZZ32, ZZ32)\], T)->Array[\T,(ZZ32, ZZ32)\] @ FortressLibrary.fss:2013:5-26 and (ReadableArray[\T,(ZZ32, ZZ32)\], (ZZ32, ZZ32)->T)->ReadableArray[\T,(ZZ32, ZZ32)\] @ FortressLibrary.fss:1954:5-37
overloading	ivmap|same-sparams	overloading	FortressLibrary.fss:1328,FortressLibrary.fss:1804	Invalid overloading of ivmap in trait SomeReductionPair: [\G\](Condition[\PossibleReductionPair[\R\]\], (ZZ32, PossibleReductionPair[\R\])->G)->Condition[\G\] @ FortressLibrary.fss:1328:5-1329:71 and [\R\](Indexed[\PossibleReductionPair[\R\],ZZ32\], (ZZ32, PossibleReductionPair[\R\])->R)->Indexed[\R,ZZ32\] @ FortressLibrary.fss:1804:5-78
overloading	generate|same-sparams	overloading	FortressLibrary.fss:1082,FortressLibrary.fss:1323	Invalid overloading of generate in trait SomeReductionPair: [\G\](Condition[\PossibleReductionPair[\R\]\], Reduction[\G\], PossibleReductionPair[\R\]->G)->G @ FortressLibrary.fss:1323:5-1325:55 and [\R\](Generator[\PossibleReductionPair[\R\]\], Reduction[\R\], PossibleReductionPair[\R\]->R)->R @ FortressLibrary.fss:1082:5-1088:31
overloading	map|same-sparams	overloading	FortressLibrary.fss:1326,FortressLibrary.fss:1805	Invalid overloading of map in trait SomeReductionPair: [\G\](Condition[\PossibleReductionPair[\R\]\], PossibleReductionPair[\R\]->G)->Condition[\G\] @ FortressLibrary.fss:1326:5-1327:69 and [\R\](Indexed[\PossibleReductionPair[\R\],ZZ32\], PossibleReductionPair[\R\]->R)->Indexed[\R,ZZ32\] @ FortressLibrary.fss:1805:5-1808:47
overloading	map|same-sparams	overloading	FortressLibrary.fss:1281,FortressLibrary.fss:1805	Invalid overloading of map in trait SomeReductionPair: [\G\](SequentialGenerator[\PossibleReductionPair[\R\]\], PossibleReductionPair[\R\]->G)->SequentialGenerator[\G\] @ FortressLibrary.fss:1281:5-1283:31 and [\R\](Indexed[\PossibleReductionPair[\R\],ZZ32\], PossibleReductionPair[\R\]->R)->Indexed[\R,ZZ32\] @ FortressLibrary.fss:1805:5-1808:47
overloading	map|same-sparams	overloading	FortressLibrary.fss:1089,FortressLibrary.fss:1805	Invalid overloading of map in trait SomeReductionPair: [\G\](Generator[\PossibleReductionPair[\R\]\], PossibleReductionPair[\R\]->G)->Generator[\G\] @ FortressLibrary.fss:1089:5-1091:72 and [\R\](Indexed[\PossibleReductionPair[\R\],ZZ32\], PossibleReductionPair[\R\]->R)->Indexed[\R,ZZ32\] @ FortressLibrary.fss:1805:5-1808:47
overloading	copy|same-sparams	overloading	FortressLibrary.fss:2015,FortressLibrary.fss:2085	Invalid overloading of copy in trait StandardMutableArrayType: Array[\E,I\]->Array[\E,I\] @ FortressLibrary.fss:2015:5-2016:5 and StandardImmutableArrayType[\T,E,I\]->T @ FortressLibrary.fss:2085:5-2086:1
overloading	fill|fill-crossed	overloading	FortressLibrary.fss:1954,FortressLibrary.fss:2013	Invalid overloading of fill in trait StandardMutableArrayType: (Array[\E,I\], E)->Array[\E,I\] @ FortressLibrary.fss:2013:5-26 and (ReadableArray[\E,I\], I->E)->ReadableArray[\E,I\] @ FortressLibrary.fss:1954:5-37
overloading	fill|fill-crossed	overloading	FortressLibrary.fss:1954,FortressLibrary.fss:1955	Invalid overloading of fill in trait StandardMutableArrayType: (ReadableArray[\E,I\], E)->ReadableArray[\E,I\] @ FortressLibrary.fss:1955:5-35 and (ReadableArray[\E,I\], I->E)->ReadableArray[\E,I\] @ FortressLibrary.fss:1954:5-37
overloading	fill|fill-crossed	overloading	FortressLibrary.fss:1954,FortressLibrary.fss:2080	Invalid overloading of fill in trait StandardMutableArrayType: (ReadableArray[\E,I\], I->E)->ReadableArray[\E,I\] @ FortressLibrary.fss:1954:5-37 and (StandardImmutableArrayType[\T,E,I\], E)->T @ FortressLibrary.fss:2080:5-2083:8
overloading	fill|fill-crossed	overloading	FortressLibrary.fss:2013,FortressLibrary.fss:2076	Invalid overloading of fill in trait StandardMutableArrayType: (Array[\E,I\], E)->Array[\E,I\] @ FortressLibrary.fss:2013:5-26 and (StandardImmutableArrayType[\T,E,I\], I->E)->T @ FortressLibrary.fss:2076:5-2079:8
overloading	fill|fill-crossed	overloading	FortressLibrary.fss:1955,FortressLibrary.fss:2076	Invalid overloading of fill in trait StandardMutableArrayType: (ReadableArray[\E,I\], E)->ReadableArray[\E,I\] @ FortressLibrary.fss:1955:5-35 and (StandardImmutableArrayType[\T,E,I\], I->E)->T @ FortressLibrary.fss:2076:5-2079:8
overloading	fill|fill-same	overloading	FortressLibrary.fss:2012,FortressLibrary.fss:2076	Invalid overloading of fill in trait StandardMutableArrayType: (Array[\E,I\], I->E)->Array[\E,I\] @ FortressLibrary.fss:2012:5-29 and (StandardImmutableArrayType[\T,E,I\], I->E)->T @ FortressLibrary.fss:2076:5-2079:8
overloading	fill|fill-crossed	overloading	FortressLibrary.fss:2076,FortressLibrary.fss:2080	Invalid overloading of fill in trait StandardMutableArrayType: (StandardImmutableArrayType[\T,E,I\], E)->T @ FortressLibrary.fss:2080:5-2083:8 and (StandardImmutableArrayType[\T,E,I\], I->E)->T @ FortressLibrary.fss:2076:5-2079:8
overloading	fill|fill-crossed	overloading	FortressLibrary.fss:2012,FortressLibrary.fss:2013	Invalid overloading of fill in trait StandardMutableArrayType: (Array[\E,I\], E)->Array[\E,I\] @ FortressLibrary.fss:2013:5-26 and (Array[\E,I\], I->E)->Array[\E,I\] @ FortressLibrary.fss:2012:5-29
overloading	fill|fill-same	overloading	FortressLibrary.fss:2013,FortressLibrary.fss:2080	Invalid overloading of fill in trait StandardMutableArrayType: (Array[\E,I\], E)->Array[\E,I\] @ FortressLibrary.fss:2013:5-26 and (StandardImmutableArrayType[\T,E,I\], E)->T @ FortressLibrary.fss:2080:5-2083:8
overloading	fill|fill-crossed	overloading	FortressLibrary.fss:1955,FortressLibrary.fss:2012	Invalid overloading of fill in trait StandardMutableArrayType: (Array[\E,I\], I->E)->Array[\E,I\] @ FortressLibrary.fss:2012:5-29 and (ReadableArray[\E,I\], E)->ReadableArray[\E,I\] @ FortressLibrary.fss:1955:5-35
overloading	fill|fill-crossed	overloading	FortressLibrary.fss:2012,FortressLibrary.fss:2080	Invalid overloading of fill in trait StandardMutableArrayType: (Array[\E,I\], I->E)->Array[\E,I\] @ FortressLibrary.fss:2012:5-29 and (StandardImmutableArrayType[\T,E,I\], E)->T @ FortressLibrary.fss:2080:5-2083:8
overloading	map|same-sparams	overloading	FortressLibrary.fss:1281,FortressLibrary.fss:3465	Invalid overloading of map in trait SimpleMappedSeqGenerator: [\G\](MappedGenerator[\E,F\], F->G)->SimpleMappedGenerator[\E,G\] @ FortressLibrary.fss:3465:5-3466:63 and [\G\](SequentialGenerator[\F\], F->G)->SequentialGenerator[\G\] @ FortressLibrary.fss:1281:5-1283:31
overloading	cross|same-sparams	overloading	FortressLibrary.fss:1138,FortressLibrary.fss:1291	Invalid overloading of cross in trait SimpleMappedSeqGenerator: [\F\](SequentialGenerator[\F\], Generator[\F\])->Generator[\(F, F)\] @ FortressLibrary.fss:1291:5-1296:10 and [\G\](Generator[\F\], Generator[\G\])->Generator[\(F, G)\] @ FortressLibrary.fss:1138:5-1144:62
return-type	MAX	overloading	FortressLibrary.fss:261,FortressLibrary.fss:280	For MAX, the return type of (StandardTotalOrder[\ZZ\], ZZ)->ZZ @ FortressLibrary.fss:280:5-71 should be a subtype of the return type of (StandardMinMax[\ZZ\], ZZ)->(ZZ, ZZ) @ FortressLibrary.fss:261:5-70
return-type	MIN	overloading	FortressLibrary.fss:260,FortressLibrary.fss:279	For MIN, the return type of (StandardTotalOrder[\ZZ\], ZZ)->ZZ @ FortressLibrary.fss:279:5-71 should be a subtype of the return type of (StandardMinMax[\ZZ\], ZZ)->(ZZ, ZZ) @ FortressLibrary.fss:260:5-70
return-type	seq	overloading	FortressLibrary.fss:1092,FortressLibrary.fss:3562	For seq, the return type of SimpleNestedGenerator[\E,F\]->SequentialGenerator[\E\] @ FortressLibrary.fss:3562:5-3571:6 should be a subtype of the return type of Generator[\F\]->SequentialGenerator[\F\] @ FortressLibrary.fss:1092:5-1103:8
overloading	fill|fill-crossed	overloading	FortressLibrary.fss:1954,FortressLibrary.fss:1955	Invalid overloading of fill in trait Array: (ReadableArray[\E,I\], E)->ReadableArray[\E,I\] @ FortressLibrary.fss:1955:5-35 and (ReadableArray[\E,I\], I->E)->ReadableArray[\E,I\] @ FortressLibrary.fss:1954:5-37
overloading	fill|fill-crossed	overloading	FortressLibrary.fss:1954,FortressLibrary.fss:2013	Invalid overloading of fill in trait Array: (Array[\E,I\], E)->Array[\E,I\] @ FortressLibrary.fss:2013:5-26 and (ReadableArray[\E,I\], I->E)->ReadableArray[\E,I\] @ FortressLibrary.fss:1954:5-37
overloading	fill|fill-crossed	overloading	FortressLibrary.fss:1955,FortressLibrary.fss:2012	Invalid overloading of fill in trait Array: (Array[\E,I\], I->E)->Array[\E,I\] @ FortressLibrary.fss:2012:5-29 and (ReadableArray[\E,I\], E)->ReadableArray[\E,I\] @ FortressLibrary.fss:1955:5-35
overloading	fill|fill-crossed	overloading	FortressLibrary.fss:2012,FortressLibrary.fss:2013	Invalid overloading of fill in trait Array: (Array[\E,I\], E)->Array[\E,I\] @ FortressLibrary.fss:2013:5-26 and (Array[\E,I\], I->E)->Array[\E,I\] @ FortressLibrary.fss:2012:5-29
return-type	MAX	overloading	FortressLibrary.fss:261,FortressLibrary.fss:280	For MAX, the return type of (StandardTotalOrder[\NN64\], NN64)->NN64 @ FortressLibrary.fss:280:5-71 should be a subtype of the return type of (StandardMinMax[\NN64\], NN64)->(NN64, NN64) @ FortressLibrary.fss:261:5-70
return-type	MIN	overloading	FortressLibrary.fss:260,FortressLibrary.fss:279	For MIN, the return type of (StandardTotalOrder[\NN64\], NN64)->NN64 @ FortressLibrary.fss:279:5-71 should be a subtype of the return type of (StandardMinMax[\NN64\], NN64)->(NN64, NN64) @ FortressLibrary.fss:260:5-70
overloading	fill|fill-crossed	overloading	FortressLibrary.fss:1954,FortressLibrary.fss:1955	Invalid overloading of fill in trait ReadableArray1: (ReadableArray[\T,ZZ32\], T)->ReadableArray[\T,ZZ32\] @ FortressLibrary.fss:1955:5-35 and (ReadableArray[\T,ZZ32\], ZZ32->T)->ReadableArray[\T,ZZ32\] @ FortressLibrary.fss:1954:5-37
return-type	map	overloading	FortressLibrary.fss:3465,FortressLibrary.fss:3492	For map, the return type of [\G\](SimpleMappedIndexed[\E,F,I\], F->G)->SimpleMappedIndexed[\E,G,I\] @ FortressLibrary.fss:3492:5-3493:63 should be a subtype of the return type of [\G\](MappedGenerator[\E,F\], F->G)->SimpleMappedGenerator[\E,G\] @ FortressLibrary.fss:3465:5-3466:63
overloading	cross|same-sparams	overloading	FortressLibrary.fss:1138,FortressLibrary.fss:1291	Invalid overloading of cross in trait SimplePairSeqGenerator: [\F\](SequentialGenerator[\(E, F)\], Generator[\F\])->Generator[\((E, F), F)\] @ FortressLibrary.fss:1291:5-1296:10 and [\G\](Generator[\(E, F)\], Generator[\G\])->Generator[\((E, F), G)\] @ FortressLibrary.fss:1138:5-1144:62
overloading	fill|fill-crossed	overloading	FortressLibrary.fss:1954,FortressLibrary.fss:2013	Invalid overloading of fill in trait __DefaultVector: (Array[\T,ZZ32\], T)->Array[\T,ZZ32\] @ FortressLibrary.fss:2013:5-26 and (ReadableArray[\T,ZZ32\], ZZ32->T)->ReadableArray[\T,ZZ32\] @ FortressLibrary.fss:1954:5-37
overloading	fill|fill-crossed	overloading	FortressLibrary.fss:1954,FortressLibrary.fss:1955	Invalid overloading of fill in trait __DefaultVector: (ReadableArray[\T,ZZ32\], T)->ReadableArray[\T,ZZ32\] @ FortressLibrary.fss:1955:5-35 and (ReadableArray[\T,ZZ32\], ZZ32->T)->ReadableArray[\T,ZZ32\] @ FortressLibrary.fss:1954:5-37
overloading	fill|fill-crossed	overloading	FortressLibrary.fss:1954,FortressLibrary.fss:2080	Invalid overloading of fill in trait __DefaultVector: (ReadableArray[\T,ZZ32\], ZZ32->T)->ReadableArray[\T,ZZ32\] @ FortressLibrary.fss:1954:5-37 and (StandardImmutableArrayType[\Array1[\T,0,s0\],T,ZZ32\], T)->Array1[\T,0,s0\] @ FortressLibrary.fss:2080:5-2083:8
overloading	fill|fill-crossed	overloading	FortressLibrary.fss:2012,FortressLibrary.fss:2013	Invalid overloading of fill in trait __DefaultVector: (Array[\T,ZZ32\], T)->Array[\T,ZZ32\] @ FortressLibrary.fss:2013:5-26 and (Array[\T,ZZ32\], ZZ32->T)->Array[\T,ZZ32\] @ FortressLibrary.fss:2012:5-29
overloading	fill|fill-same	overloading	FortressLibrary.fss:2012,FortressLibrary.fss:2076	Invalid overloading of fill in trait __DefaultVector: (Array[\T,ZZ32\], ZZ32->T)->Array[\T,ZZ32\] @ FortressLibrary.fss:2012:5-29 and (StandardImmutableArrayType[\Array1[\T,0,s0\],T,ZZ32\], ZZ32->T)->Array1[\T,0,s0\] @ FortressLibrary.fss:2076:5-2079:8
overloading	fill|fill-crossed	overloading	FortressLibrary.fss:1955,FortressLibrary.fss:2012	Invalid overloading of fill in trait __DefaultVector: (Array[\T,ZZ32\], ZZ32->T)->Array[\T,ZZ32\] @ FortressLibrary.fss:2012:5-29 and (ReadableArray[\T,ZZ32\], T)->ReadableArray[\T,ZZ32\] @ FortressLibrary.fss:1955:5-35
overloading	fill|fill-crossed	overloading	FortressLibrary.fss:2012,FortressLibrary.fss:2080	Invalid overloading of fill in trait __DefaultVector: (Array[\T,ZZ32\], ZZ32->T)->Array[\T,ZZ32\] @ FortressLibrary.fss:2012:5-29 and (StandardImmutableArrayType[\Array1[\T,0,s0\],T,ZZ32\], T)->Array1[\T,0,s0\] @ FortressLibrary.fss:2080:5-2083:8
overloading	fill|fill-crossed	overloading	FortressLibrary.fss:2013,FortressLibrary.fss:2076	Invalid overloading of fill in trait __DefaultVector: (Array[\T,ZZ32\], T)->Array[\T,ZZ32\] @ FortressLibrary.fss:2013:5-26 and (StandardImmutableArrayType[\Array1[\T,0,s0\],T,ZZ32\], ZZ32->T)->Array1[\T,0,s0\] @ FortressLibrary.fss:2076:5-2079:8
overloading	fill|fill-same	overloading	FortressLibrary.fss:2013,FortressLibrary.fss:2080	Invalid overloading of fill in trait __DefaultVector: (Array[\T,ZZ32\], T)->Array[\T,ZZ32\] @ FortressLibrary.fss:2013:5-26 and (StandardImmutableArrayType[\Array1[\T,0,s0\],T,ZZ32\], T)->Array1[\T,0,s0\] @ FortressLibrary.fss:2080:5-2083:8
overloading	fill|fill-crossed	overloading	FortressLibrary.fss:1955,FortressLibrary.fss:2076	Invalid overloading of fill in trait __DefaultVector: (ReadableArray[\T,ZZ32\], T)->ReadableArray[\T,ZZ32\] @ FortressLibrary.fss:1955:5-35 and (StandardImmutableArrayType[\Array1[\T,0,s0\],T,ZZ32\], ZZ32->T)->Array1[\T,0,s0\] @ FortressLibrary.fss:2076:5-2079:8
overloading	fill|fill-crossed	overloading	FortressLibrary.fss:2076,FortressLibrary.fss:2080	Invalid overloading of fill in trait __DefaultVector: (StandardImmutableArrayType[\Array1[\T,0,s0\],T,ZZ32\], T)->Array1[\T,0,s0\] @ FortressLibrary.fss:2080:5-2083:8 and (StandardImmutableArrayType[\Array1[\T,0,s0\],T,ZZ32\], ZZ32->T)->Array1[\T,0,s0\] @ FortressLibrary.fss:2076:5-2079:8
return-type	subarray	overloading	FortressLibrary.fss:2222,FortressLibrary.fss:2582	For subarray, the return type of [\nat b, nat s, nat o\](Col[\T,b0,s0\], ZZ32)->ReadableArray1[\T,b,s\] @ FortressLibrary.fss:2582:5-2583:54 should be a subtype of the return type of [\nat b, nat s, nat o\](Array1[\T,b0,s0\], ZZ32)->Array1[\T,b,s\] @ FortressLibrary.fss:2222:5-2225:6
overloading	fill|fill-crossed	overloading	FortressLibrary.fss:1955,FortressLibrary.fss:2076	Invalid overloading of fill in trait Col: (ReadableArray[\T,ZZ32\], T)->ReadableArray[\T,ZZ32\] @ FortressLibrary.fss:1955:5-35 and (StandardImmutableArrayType[\Array1[\T,b0,s0\],T,ZZ32\], ZZ32->T)->Array1[\T,b0,s0\] @ FortressLibrary.fss:2076:5-2079:8
overloading	fill|fill-crossed	overloading	FortressLibrary.fss:1954,FortressLibrary.fss:1955	Invalid overloading of fill in trait Col: (ReadableArray[\T,ZZ32\], T)->ReadableArray[\T,ZZ32\] @ FortressLibrary.fss:1955:5-35 and (ReadableArray[\T,ZZ32\], ZZ32->T)->ReadableArray[\T,ZZ32\] @ FortressLibrary.fss:1954:5-37
overloading	fill|fill-crossed	overloading	FortressLibrary.fss:1955,FortressLibrary.fss:2012	Invalid overloading of fill in trait Col: (Array[\T,ZZ32\], ZZ32->T)->Array[\T,ZZ32\] @ FortressLibrary.fss:2012:5-29 and (ReadableArray[\T,ZZ32\], T)->ReadableArray[\T,ZZ32\] @ FortressLibrary.fss:1955:5-35
overloading	fill|fill-crossed	overloading	FortressLibrary.fss:2013,FortressLibrary.fss:2076	Invalid overloading of fill in trait Col: (Array[\T,ZZ32\], T)->Array[\T,ZZ32\] @ FortressLibrary.fss:2013:5-26 and (StandardImmutableArrayType[\Array1[\T,b0,s0\],T,ZZ32\], ZZ32->T)->Array1[\T,b0,s0\] @ FortressLibrary.fss:2076:5-2079:8
overloading	fill|fill-crossed	overloading	FortressLibrary.fss:2076,FortressLibrary.fss:2080	Invalid overloading of fill in trait Col: (StandardImmutableArrayType[\Array1[\T,b0,s0\],T,ZZ32\], T)->Array1[\T,b0,s0\] @ FortressLibrary.fss:2080:5-2083:8 and (StandardImmutableArrayType[\Array1[\T,b0,s0\],T,ZZ32\], ZZ32->T)->Array1[\T,b0,s0\] @ FortressLibrary.fss:2076:5-2079:8
overloading	fill|fill-same	overloading	FortressLibrary.fss:2012,FortressLibrary.fss:2076	Invalid overloading of fill in trait Col: (Array[\T,ZZ32\], ZZ32->T)->Array[\T,ZZ32\] @ FortressLibrary.fss:2012:5-29 and (StandardImmutableArrayType[\Array1[\T,b0,s0\],T,ZZ32\], ZZ32->T)->Array1[\T,b0,s0\] @ FortressLibrary.fss:2076:5-2079:8
overloading	fill|fill-crossed	overloading	FortressLibrary.fss:1954,FortressLibrary.fss:2013	Invalid overloading of fill in trait Col: (Array[\T,ZZ32\], T)->Array[\T,ZZ32\] @ FortressLibrary.fss:2013:5-26 and (ReadableArray[\T,ZZ32\], ZZ32->T)->ReadableArray[\T,ZZ32\] @ FortressLibrary.fss:1954:5-37
overloading	fill|fill-crossed	overloading	FortressLibrary.fss:1954,FortressLibrary.fss:2080	Invalid overloading of fill in trait Col: (ReadableArray[\T,ZZ32\], ZZ32->T)->ReadableArray[\T,ZZ32\] @ FortressLibrary.fss:1954:5-37 and (StandardImmutableArrayType[\Array1[\T,b0,s0\],T,ZZ32\], T)->Array1[\T,b0,s0\] @ FortressLibrary.fss:2080:5-2083:8
overloading	fill|fill-same	overloading	FortressLibrary.fss:2013,FortressLibrary.fss:2080	Invalid overloading of fill in trait Col: (Array[\T,ZZ32\], T)->Array[\T,ZZ32\] @ FortressLibrary.fss:2013:5-26 and (StandardImmutableArrayType[\Array1[\T,b0,s0\],T,ZZ32\], T)->Array1[\T,b0,s0\] @ FortressLibrary.fss:2080:5-2083:8
overloading	fill|fill-crossed	overloading	FortressLibrary.fss:2012,FortressLibrary.fss:2013	Invalid overloading of fill in trait Col: (Array[\T,ZZ32\], T)->Array[\T,ZZ32\] @ FortressLibrary.fss:2013:5-26 and (Array[\T,ZZ32\], ZZ32->T)->Array[\T,ZZ32\] @ FortressLibrary.fss:2012:5-29
overloading	fill|fill-crossed	overloading	FortressLibrary.fss:2012,FortressLibrary.fss:2080	Invalid overloading of fill in trait Col: (Array[\T,ZZ32\], ZZ32->T)->Array[\T,ZZ32\] @ FortressLibrary.fss:2012:5-29 and (StandardImmutableArrayType[\Array1[\T,b0,s0\],T,ZZ32\], T)->Array1[\T,b0,s0\] @ FortressLibrary.fss:2080:5-2083:8
overloading	ivmap|same-sparams	overloading	FortressLibrary.fss:1328,FortressLibrary.fss:1804	Invalid overloading of ivmap in trait PossibleReductionPair: [\G\](Condition[\PossibleReductionPair[\R\]\], (ZZ32, PossibleReductionPair[\R\])->G)->Condition[\G\] @ FortressLibrary.fss:1328:5-1329:71 and [\R\](Indexed[\PossibleReductionPair[\R\],ZZ32\], (ZZ32, PossibleReductionPair[\R\])->R)->Indexed[\R,ZZ32\] @ FortressLibrary.fss:1804:5-78
overloading	generate|same-sparams	overloading	FortressLibrary.fss:1082,FortressLibrary.fss:1323	Invalid overloading of generate in trait PossibleReductionPair: [\G\](Condition[\PossibleReductionPair[\R\]\], Reduction[\G\], PossibleReductionPair[\R\]->G)->G @ FortressLibrary.fss:1323:5-1325:55 and [\R\](Generator[\PossibleReductionPair[\R\]\], Reduction[\R\], PossibleReductionPair[\R\]->R)->R @ FortressLibrary.fss:1082:5-1088:31
overloading	map|same-sparams	overloading	FortressLibrary.fss:1326,FortressLibrary.fss:1805	Invalid overloading of map in trait PossibleReductionPair: [\G\](Condition[\PossibleReductionPair[\R\]\], PossibleReductionPair[\R\]->G)->Condition[\G\] @ FortressLibrary.fss:1326:5-1327:69 and [\R\](Indexed[\PossibleReductionPair[\R\],ZZ32\], PossibleReductionPair[\R\]->R)->Indexed[\R,ZZ32\] @ FortressLibrary.fss:1805:5-1808:47
overloading	map|same-sparams	overloading	FortressLibrary.fss:1281,FortressLibrary.fss:1805	Invalid overloading of map in trait PossibleReductionPair: [\G\](SequentialGenerator[\PossibleReductionPair[\R\]\], PossibleReductionPair[\R\]->G)->SequentialGenerator[\G\] @ FortressLibrary.fss:1281:5-1283:31 and [\R\](Indexed[\PossibleReductionPair[\R\],ZZ32\], PossibleReductionPair[\R\]->R)->Indexed[\R,ZZ32\] @ FortressLibrary.fss:1805:5-1808:47
overloading	map|same-sparams	overloading	FortressLibrary.fss:1089,FortressLibrary.fss:1805	Invalid overloading of map in trait PossibleReductionPair: [\G\](Generator[\PossibleReductionPair[\R\]\], PossibleReductionPair[\R\]->G)->Generator[\G\] @ FortressLibrary.fss:1089:5-1091:72 and [\R\](Indexed[\PossibleReductionPair[\R\],ZZ32\], PossibleReductionPair[\R\]->R)->Indexed[\R,ZZ32\] @ FortressLibrary.fss:1805:5-1808:47
overloading	fill|fill-crossed	overloading	FortressLibrary.fss:2076,FortressLibrary.fss:2080	Invalid overloading of fill in trait __SimpleSubArray1: (StandardImmutableArrayType[\Array1[\T,b0,s0\],T,ZZ32\], T)->Array1[\T,b0,s0\] @ FortressLibrary.fss:2080:5-2083:8 and (StandardImmutableArrayType[\Array1[\T,b0,s0\],T,ZZ32\], ZZ32->T)->Array1[\T,b0,s0\] @ FortressLibrary.fss:2076:5-2079:8
overloading	fill|fill-same	overloading	FortressLibrary.fss:2012,FortressLibrary.fss:2076	Invalid overloading of fill in trait __SimpleSubArray1: (Array[\T,ZZ32\], ZZ32->T)->Array[\T,ZZ32\] @ FortressLibrary.fss:2012:5-29 and (StandardImmutableArrayType[\Array1[\T,b0,s0\],T,ZZ32\], ZZ32->T)->Array1[\T,b0,s0\] @ FortressLibrary.fss:2076:5-2079:8
overloading	fill|fill-crossed	overloading	FortressLibrary.fss:1955,FortressLibrary.fss:2076	Invalid overloading of fill in trait __SimpleSubArray1: (ReadableArray[\T,ZZ32\], T)->ReadableArray[\T,ZZ32\] @ FortressLibrary.fss:1955:5-35 and (StandardImmutableArrayType[\Array1[\T,b0,s0\],T,ZZ32\], ZZ32->T)->Array1[\T,b0,s0\] @ FortressLibrary.fss:2076:5-2079:8
overloading	fill|fill-crossed	overloading	FortressLibrary.fss:2013,FortressLibrary.fss:2076	Invalid overloading of fill in trait __SimpleSubArray1: (Array[\T,ZZ32\], T)->Array[\T,ZZ32\] @ FortressLibrary.fss:2013:5-26 and (StandardImmutableArrayType[\Array1[\T,b0,s0\],T,ZZ32\], ZZ32->T)->Array1[\T,b0,s0\] @ FortressLibrary.fss:2076:5-2079:8
overloading	fill|fill-crossed	overloading	FortressLibrary.fss:2012,FortressLibrary.fss:2080	Invalid overloading of fill in trait __SimpleSubArray1: (Array[\T,ZZ32\], ZZ32->T)->Array[\T,ZZ32\] @ FortressLibrary.fss:2012:5-29 and (StandardImmutableArrayType[\Array1[\T,b0,s0\],T,ZZ32\], T)->Array1[\T,b0,s0\] @ FortressLibrary.fss:2080:5-2083:8
overloading	fill|fill-same	overloading	FortressLibrary.fss:2013,FortressLibrary.fss:2080	Invalid overloading of fill in trait __SimpleSubArray1: (Array[\T,ZZ32\], T)->Array[\T,ZZ32\] @ FortressLibrary.fss:2013:5-26 and (StandardImmutableArrayType[\Array1[\T,b0,s0\],T,ZZ32\], T)->Array1[\T,b0,s0\] @ FortressLibrary.fss:2080:5-2083:8
overloading	fill|fill-crossed	overloading	FortressLibrary.fss:1954,FortressLibrary.fss:2080	Invalid overloading of fill in trait __SimpleSubArray1: (ReadableArray[\T,ZZ32\], ZZ32->T)->ReadableArray[\T,ZZ32\] @ FortressLibrary.fss:1954:5-37 and (StandardImmutableArrayType[\Array1[\T,b0,s0\],T,ZZ32\], T)->Array1[\T,b0,s0\] @ FortressLibrary.fss:2080:5-2083:8
overloading	fill|fill-crossed	overloading	FortressLibrary.fss:1955,FortressLibrary.fss:2012	Invalid overloading of fill in trait __SimpleSubArray1: (Array[\T,ZZ32\], ZZ32->T)->Array[\T,ZZ32\] @ FortressLibrary.fss:2012:5-29 and (ReadableArray[\T,ZZ32\], T)->ReadableArray[\T,ZZ32\] @ FortressLibrary.fss:1955:5-35
overloading	fill|fill-crossed	overloading	FortressLibrary.fss:2012,FortressLibrary.fss:2013	Invalid overloading of fill in trait __SimpleSubArray1: (Array[\T,ZZ32\], T)->Array[\T,ZZ32\] @ FortressLibrary.fss:2013:5-26 and (Array[\T,ZZ32\], ZZ32->T)->Array[\T,ZZ32\] @ FortressLibrary.fss:2012:5-29
overloading	fill|fill-crossed	overloading	FortressLibrary.fss:1954,FortressLibrary.fss:1955	Invalid overloading of fill in trait __SimpleSubArray1: (ReadableArray[\T,ZZ32\], T)->ReadableArray[\T,ZZ32\] @ FortressLibrary.fss:1955:5-35 and (ReadableArray[\T,ZZ32\], ZZ32->T)->ReadableArray[\T,ZZ32\] @ FortressLibrary.fss:1954:5-37
overloading	fill|fill-crossed	overloading	FortressLibrary.fss:1954,FortressLibrary.fss:2013	Invalid overloading of fill in trait __SimpleSubArray1: (Array[\T,ZZ32\], T)->Array[\T,ZZ32\] @ FortressLibrary.fss:2013:5-26 and (ReadableArray[\T,ZZ32\], ZZ32->T)->ReadableArray[\T,ZZ32\] @ FortressLibrary.fss:1954:5-37
overloading	ivmap|same-sparams	overloading	FortressLibrary.fss:1328,FortressLibrary.fss:1804	Invalid overloading of ivmap in trait NoReductionPair: [\G\](Condition[\PossibleReductionPair[\R\]\], (ZZ32, PossibleReductionPair[\R\])->G)->Condition[\G\] @ FortressLibrary.fss:1328:5-1329:71 and [\R\](Indexed[\PossibleReductionPair[\R\],ZZ32\], (ZZ32, PossibleReductionPair[\R\])->R)->Indexed[\R,ZZ32\] @ FortressLibrary.fss:1804:5-78
overloading	generate|same-sparams	overloading	FortressLibrary.fss:1082,FortressLibrary.fss:1323	Invalid overloading of generate in trait NoReductionPair: [\G\](Condition[\PossibleReductionPair[\R\]\], Reduction[\G\], PossibleReductionPair[\R\]->G)->G @ FortressLibrary.fss:1323:5-1325:55 and [\R\](Generator[\PossibleReductionPair[\R\]\], Reduction[\R\], PossibleReductionPair[\R\]->R)->R @ FortressLibrary.fss:1082:5-1088:31
overloading	map|same-sparams	overloading	FortressLibrary.fss:1089,FortressLibrary.fss:1805	Invalid overloading of map in trait NoReductionPair: [\G\](Generator[\PossibleReductionPair[\R\]\], PossibleReductionPair[\R\]->G)->Generator[\G\] @ FortressLibrary.fss:1089:5-1091:72 and [\R\](Indexed[\PossibleReductionPair[\R\],ZZ32\], PossibleReductionPair[\R\]->R)->Indexed[\R,ZZ32\] @ FortressLibrary.fss:1805:5-1808:47
overloading	map|same-sparams	overloading	FortressLibrary.fss:1281,FortressLibrary.fss:1805	Invalid overloading of map in trait NoReductionPair: [\G\](SequentialGenerator[\PossibleReductionPair[\R\]\], PossibleReductionPair[\R\]->G)->SequentialGenerator[\G\] @ FortressLibrary.fss:1281:5-1283:31 and [\R\](Indexed[\PossibleReductionPair[\R\],ZZ32\], PossibleReductionPair[\R\]->R)->Indexed[\R,ZZ32\] @ FortressLibrary.fss:1805:5-1808:47
overloading	map|same-sparams	overloading	FortressLibrary.fss:1326,FortressLibrary.fss:1805	Invalid overloading of map in trait NoReductionPair: [\G\](Condition[\PossibleReductionPair[\R\]\], PossibleReductionPair[\R\]->G)->Condition[\G\] @ FortressLibrary.fss:1326:5-1327:69 and [\R\](Indexed[\PossibleReductionPair[\R\],ZZ32\], PossibleReductionPair[\R\]->R)->Indexed[\R,ZZ32\] @ FortressLibrary.fss:1805:5-1808:47
overloading	fill|fill-crossed	overloading	FortressLibrary.fss:2012,FortressLibrary.fss:2013	Invalid overloading of fill in trait SubArray3: (Array[\T,(ZZ32, ZZ32, ZZ32)\], (ZZ32, ZZ32, ZZ32)->T)->Array[\T,(ZZ32, ZZ32, ZZ32)\] @ FortressLibrary.fss:2012:5-29 and (Array[\T,(ZZ32, ZZ32, ZZ32)\], T)->Array[\T,(ZZ32, ZZ32, ZZ32)\] @ FortressLibrary.fss:2013:5-26
overloading	fill|fill-same	overloading	FortressLibrary.fss:2013,FortressLibrary.fss:2080	Invalid overloading of fill in trait SubArray3: (Array[\T,(ZZ32, ZZ32, ZZ32)\], T)->Array[\T,(ZZ32, ZZ32, ZZ32)\] @ FortressLibrary.fss:2013:5-26 and (StandardImmutableArrayType[\Array3[\T,b0,s0,b1,s1,b2,s2\],T,(ZZ32, ZZ32, ZZ32)\], T)->Array3[\T,b0,s0,b1,s1,b2,s2\] @ FortressLibrary.fss:2080:5-2083:8
overloading	fill|fill-crossed	overloading	FortressLibrary.fss:2013,FortressLibrary.fss:2076	Invalid overloading of fill in trait SubArray3: (Array[\T,(ZZ32, ZZ32, ZZ32)\], T)->Array[\T,(ZZ32, ZZ32, ZZ32)\] @ FortressLibrary.fss:2013:5-26 and (StandardImmutableArrayType[\Array3[\T,b0,s0,b1,s1,b2,s2\],T,(ZZ32, ZZ32, ZZ32)\], (ZZ32, ZZ32, ZZ32)->T)->Array3[\T,b0,s0,b1,s1,b2,s2\] @ FortressLibrary.fss:2076:5-2079:8
overloading	fill|fill-crossed	overloading	FortressLibrary.fss:1954,FortressLibrary.fss:2013	Invalid overloading of fill in trait SubArray3: (Array[\T,(ZZ32, ZZ32, ZZ32)\], T)->Array[\T,(ZZ32, ZZ32, ZZ32)\] @ FortressLibrary.fss:2013:5-26 and (ReadableArray[\T,(ZZ32, ZZ32, ZZ32)\], (ZZ32, ZZ32, ZZ32)->T)->ReadableArray[\T,(ZZ32, ZZ32, ZZ32)\] @ FortressLibrary.fss:1954:5-37
overloading	fill|fill-crossed	overloading	FortressLibrary.fss:2012,FortressLibrary.fss:2080	Invalid overloading of fill in trait SubArray3: (Array[\T,(ZZ32, ZZ32, ZZ32)\], (ZZ32, ZZ32, ZZ32)->T)->Array[\T,(ZZ32, ZZ32, ZZ32)\] @ FortressLibrary.fss:2012:5-29 and (StandardImmutableArrayType[\Array3[\T,b0,s0,b1,s1,b2,s2\],T,(ZZ32, ZZ32, ZZ32)\], T)->Array3[\T,b0,s0,b1,s1,b2,s2\] @ FortressLibrary.fss:2080:5-2083:8
overloading	fill|fill-same	overloading	FortressLibrary.fss:2012,FortressLibrary.fss:2076	Invalid overloading of fill in trait SubArray3: (Array[\T,(ZZ32, ZZ32, ZZ32)\], (ZZ32, ZZ32, ZZ32)->T)->Array[\T,(ZZ32, ZZ32, ZZ32)\] @ FortressLibrary.fss:2012:5-29 and (StandardImmutableArrayType[\Array3[\T,b0,s0,b1,s1,b2,s2\],T,(ZZ32, ZZ32, ZZ32)\], (ZZ32, ZZ32, ZZ32)->T)->Array3[\T,b0,s0,b1,s1,b2,s2\] @ FortressLibrary.fss:2076:5-2079:8
overloading	fill|fill-crossed	overloading	FortressLibrary.fss:1955,FortressLibrary.fss:2012	Invalid overloading of fill in trait SubArray3: (Array[\T,(ZZ32, ZZ32, ZZ32)\], (ZZ32, ZZ32, ZZ32)->T)->Array[\T,(ZZ32, ZZ32, ZZ32)\] @ FortressLibrary.fss:2012:5-29 and (ReadableArray[\T,(ZZ32, ZZ32, ZZ32)\], T)->ReadableArray[\T,(ZZ32, ZZ32, ZZ32)\] @ FortressLibrary.fss:1955:5-35
overloading	fill|fill-crossed	overloading	FortressLibrary.fss:2076,FortressLibrary.fss:2080	Invalid overloading of fill in trait SubArray3: (StandardImmutableArrayType[\Array3[\T,b0,s0,b1,s1,b2,s2\],T,(ZZ32, ZZ32, ZZ32)\], (ZZ32, ZZ32, ZZ32)->T)->Array3[\T,b0,s0,b1,s1,b2,s2\] @ FortressLibrary.fss:2076:5-2079:8 and (StandardImmutableArrayType[\Array3[\T,b0,s0,b1,s1,b2,s2\],T,(ZZ32, ZZ32, ZZ32)\], T)->Array3[\T,b0,s0,b1,s1,b2,s2\] @ FortressLibrary.fss:2080:5-2083:8
overloading	fill|fill-crossed	overloading	FortressLibrary.fss:1954,FortressLibrary.fss:2080	Invalid overloading of fill in trait SubArray3: (ReadableArray[\T,(ZZ32, ZZ32, ZZ32)\], (ZZ32, ZZ32, ZZ32)->T)->ReadableArray[\T,(ZZ32, ZZ32, ZZ32)\] @ FortressLibrary.fss:1954:5-37 and (StandardImmutableArrayType[\Array3[\T,b0,s0,b1,s1,b2,s2\],T,(ZZ32, ZZ32, ZZ32)\], T)->Array3[\T,b0,s0,b1,s1,b2,s2\] @ FortressLibrary.fss:2080:5-2083:8
overloading	fill|fill-crossed	overloading	FortressLibrary.fss:1955,FortressLibrary.fss:2076	Invalid overloading of fill in trait SubArray3: (ReadableArray[\T,(ZZ32, ZZ32, ZZ32)\], T)->ReadableArray[\T,(ZZ32, ZZ32, ZZ32)\] @ FortressLibrary.fss:1955:5-35 and (StandardImmutableArrayType[\Array3[\T,b0,s0,b1,s1,b2,s2\],T,(ZZ32, ZZ32, ZZ32)\], (ZZ32, ZZ32, ZZ32)->T)->Array3[\T,b0,s0,b1,s1,b2,s2\] @ FortressLibrary.fss:2076:5-2079:8
overloading	fill|fill-crossed	overloading	FortressLibrary.fss:1954,FortressLibrary.fss:1955	Invalid overloading of fill in trait SubArray3: (ReadableArray[\T,(ZZ32, ZZ32, ZZ32)\], (ZZ32, ZZ32, ZZ32)->T)->ReadableArray[\T,(ZZ32, ZZ32, ZZ32)\] @ FortressLibrary.fss:1954:5-37 and (ReadableArray[\T,(ZZ32, ZZ32, ZZ32)\], T)->ReadableArray[\T,(ZZ32, ZZ32, ZZ32)\] @ FortressLibrary.fss:1955:5-35
return-type	MAX	overloading	FortressLibrary.fss:261,FortressLibrary.fss:280	For MAX, the return type of (StandardTotalOrder[\ZZ32\], ZZ32)->ZZ32 @ FortressLibrary.fss:280:5-71 should be a subtype of the return type of (StandardMinMax[\ZZ32\], ZZ32)->(ZZ32, ZZ32) @ FortressLibrary.fss:261:5-70
return-type	MIN	overloading	FortressLibrary.fss:260,FortressLibrary.fss:279	For MIN, the return type of (StandardTotalOrder[\ZZ32\], ZZ32)->ZZ32 @ FortressLibrary.fss:279:5-71 should be a subtype of the return type of (StandardMinMax[\ZZ32\], ZZ32)->(ZZ32, ZZ32) @ FortressLibrary.fss:260:5-70
return-type	MAX	overloading	FortressLibrary.fss:261,FortressLibrary.fss:422	For MAX, the return type of ((RR64 & {Float, FloatLiteral, RR32}), RR64)->RR64 @ FortressLibrary.fss:422:5-61 should be a subtype of the return type of (StandardMinMax[\RR64\], RR64)->(RR64, RR64) @ FortressLibrary.fss:261:5-70
return-type	MIN	overloading	FortressLibrary.fss:260,FortressLibrary.fss:421	For MIN, the return type of ((RR64 & {Float, FloatLiteral, RR32}), RR64)->RR64 @ FortressLibrary.fss:421:5-61 should be a subtype of the return type of (StandardMinMax[\RR64\], RR64)->(RR64, RR64) @ FortressLibrary.fss:260:5-70
overloading	fill|fill-crossed	overloading	FortressLibrary.fss:1954,FortressLibrary.fss:2013	Invalid overloading of fill in trait TransposedArray2: (Array[\T,(ZZ32, ZZ32)\], T)->Array[\T,(ZZ32, ZZ32)\] @ FortressLibrary.fss:2013:5-26 and (ReadableArray[\T,(ZZ32, ZZ32)\], (ZZ32, ZZ32)->T)->ReadableArray[\T,(ZZ32, ZZ32)\] @ FortressLibrary.fss:1954:5-37
overloading	fill|fill-crossed	overloading	FortressLibrary.fss:2013,FortressLibrary.fss:2076	Invalid overloading of fill in trait TransposedArray2: (Array[\T,(ZZ32, ZZ32)\], T)->Array[\T,(ZZ32, ZZ32)\] @ FortressLibrary.fss:2013:5-26 and (StandardImmutableArrayType[\Array2[\T,b0,s0,b1,s1\],T,(ZZ32, ZZ32)\], (ZZ32, ZZ32)->T)->Array2[\T,b0,s0,b1,s1\] @ FortressLibrary.fss:2076:5-2079:8
overloading	fill|fill-same	overloading	FortressLibrary.fss:2013,FortressLibrary.fss:2080	Invalid overloading of fill in trait TransposedArray2: (Array[\T,(ZZ32, ZZ32)\], T)->Array[\T,(ZZ32, ZZ32)\] @ FortressLibrary.fss:2013:5-26 and (StandardImmutableArrayType[\Array2[\T,b0,s0,b1,s1\],T,(ZZ32, ZZ32)\], T)->Array2[\T,b0,s0,b1,s1\] @ FortressLibrary.fss:2080:5-2083:8
overloading	fill|fill-crossed	overloading	FortressLibrary.fss:2012,FortressLibrary.fss:2013	Invalid overloading of fill in trait TransposedArray2: (Array[\T,(ZZ32, ZZ32)\], (ZZ32, ZZ32)->T)->Array[\T,(ZZ32, ZZ32)\] @ FortressLibrary.fss:2012:5-29 and (Array[\T,(ZZ32, ZZ32)\], T)->Array[\T,(ZZ32, ZZ32)\] @ FortressLibrary.fss:2013:5-26
overloading	fill|fill-crossed	overloading	FortressLibrary.fss:1954,FortressLibrary.fss:2080	Invalid overloading of fill in trait TransposedArray2: (ReadableArray[\T,(ZZ32, ZZ32)\], (ZZ32, ZZ32)->T)->ReadableArray[\T,(ZZ32, ZZ32)\] @ FortressLibrary.fss:1954:5-37 and (StandardImmutableArrayType[\Array2[\T,b0,s0,b1,s1\],T,(ZZ32, ZZ32)\], T)->Array2[\T,b0,s0,b1,s1\] @ FortressLibrary.fss:2080:5-2083:8
overloading	fill|fill-crossed	overloading	FortressLibrary.fss:1954,FortressLibrary.fss:1955	Invalid overloading of fill in trait TransposedArray2: (ReadableArray[\T,(ZZ32, ZZ32)\], (ZZ32, ZZ32)->T)->ReadableArray[\T,(ZZ32, ZZ32)\] @ FortressLibrary.fss:1954:5-37 and (ReadableArray[\T,(ZZ32, ZZ32)\], T)->ReadableArray[\T,(ZZ32, ZZ32)\] @ FortressLibrary.fss:1955:5-35
overloading	fill|fill-crossed	overloading	FortressLibrary.fss:2076,FortressLibrary.fss:2080	Invalid overloading of fill in trait TransposedArray2: (StandardImmutableArrayType[\Array2[\T,b0,s0,b1,s1\],T,(ZZ32, ZZ32)\], (ZZ32, ZZ32)->T)->Array2[\T,b0,s0,b1,s1\] @ FortressLibrary.fss:2076:5-2079:8 and (StandardImmutableArrayType[\Array2[\T,b0,s0,b1,s1\],T,(ZZ32, ZZ32)\], T)->Array2[\T,b0,s0,b1,s1\] @ FortressLibrary.fss:2080:5-2083:8
overloading	fill|fill-crossed	overloading	FortressLibrary.fss:1955,FortressLibrary.fss:2076	Invalid overloading of fill in trait TransposedArray2: (ReadableArray[\T,(ZZ32, ZZ32)\], T)->ReadableArray[\T,(ZZ32, ZZ32)\] @ FortressLibrary.fss:1955:5-35 and (StandardImmutableArrayType[\Array2[\T,b0,s0,b1,s1\],T,(ZZ32, ZZ32)\], (ZZ32, ZZ32)->T)->Array2[\T,b0,s0,b1,s1\] @ FortressLibrary.fss:2076:5-2079:8
overloading	fill|fill-same	overloading	FortressLibrary.fss:2012,FortressLibrary.fss:2076	Invalid overloading of fill in trait TransposedArray2: (Array[\T,(ZZ32, ZZ32)\], (ZZ32, ZZ32)->T)->Array[\T,(ZZ32, ZZ32)\] @ FortressLibrary.fss:2012:5-29 and (StandardImmutableArrayType[\Array2[\T,b0,s0,b1,s1\],T,(ZZ32, ZZ32)\], (ZZ32, ZZ32)->T)->Array2[\T,b0,s0,b1,s1\] @ FortressLibrary.fss:2076:5-2079:8
overloading	fill|fill-crossed	overloading	FortressLibrary.fss:2012,FortressLibrary.fss:2080	Invalid overloading of fill in trait TransposedArray2: (Array[\T,(ZZ32, ZZ32)\], (ZZ32, ZZ32)->T)->Array[\T,(ZZ32, ZZ32)\] @ FortressLibrary.fss:2012:5-29 and (StandardImmutableArrayType[\Array2[\T,b0,s0,b1,s1\],T,(ZZ32, ZZ32)\], T)->Array2[\T,b0,s0,b1,s1\] @ FortressLibrary.fss:2080:5-2083:8
overloading	fill|fill-crossed	overloading	FortressLibrary.fss:1955,FortressLibrary.fss:2012	Invalid overloading of fill in trait TransposedArray2: (Array[\T,(ZZ32, ZZ32)\], (ZZ32, ZZ32)->T)->Array[\T,(ZZ32, ZZ32)\] @ FortressLibrary.fss:2012:5-29 and (ReadableArray[\T,(ZZ32, ZZ32)\], T)->ReadableArray[\T,(ZZ32, ZZ32)\] @ FortressLibrary.fss:1955:5-35
overloading	fill|fill-crossed	overloading	FortressLibrary.fss:1954,FortressLibrary.fss:1955	Invalid overloading of fill in trait __DefaultMatrix: (ReadableArray[\T,(ZZ32, ZZ32)\], (ZZ32, ZZ32)->T)->ReadableArray[\T,(ZZ32, ZZ32)\] @ FortressLibrary.fss:1954:5-37 and (ReadableArray[\T,(ZZ32, ZZ32)\], T)->ReadableArray[\T,(ZZ32, ZZ32)\] @ FortressLibrary.fss:1955:5-35
overloading	fill|fill-crossed	overloading	FortressLibrary.fss:1954,FortressLibrary.fss:2080	Invalid overloading of fill in trait __DefaultMatrix: (ReadableArray[\T,(ZZ32, ZZ32)\], (ZZ32, ZZ32)->T)->ReadableArray[\T,(ZZ32, ZZ32)\] @ FortressLibrary.fss:1954:5-37 and (StandardImmutableArrayType[\Array2[\T,0,s0,0,s1\],T,(ZZ32, ZZ32)\], T)->Array2[\T,0,s0,0,s1\] @ FortressLibrary.fss:2080:5-2083:8
overloading	fill|fill-crossed	overloading	FortressLibrary.fss:1954,FortressLibrary.fss:2013	Invalid overloading of fill in trait __DefaultMatrix: (Array[\T,(ZZ32, ZZ32)\], T)->Array[\T,(ZZ32, ZZ32)\] @ FortressLibrary.fss:2013:5-26 and (ReadableArray[\T,(ZZ32, ZZ32)\], (ZZ32, ZZ32)->T)->ReadableArray[\T,(ZZ32, ZZ32)\] @ FortressLibrary.fss:1954:5-37
overloading	fill|fill-crossed	overloading	FortressLibrary.fss:1955,FortressLibrary.fss:2076	Invalid overloading of fill in trait __DefaultMatrix: (ReadableArray[\T,(ZZ32, ZZ32)\], T)->ReadableArray[\T,(ZZ32, ZZ32)\] @ FortressLibrary.fss:1955:5-35 and (StandardImmutableArrayType[\Array2[\T,0,s0,0,s1\],T,(ZZ32, ZZ32)\], (ZZ32, ZZ32)->T)->Array2[\T,0,s0,0,s1\] @ FortressLibrary.fss:2076:5-2079:8
overloading	fill|fill-crossed	overloading	FortressLibrary.fss:1955,FortressLibrary.fss:2012	Invalid overloading of fill in trait __DefaultMatrix: (Array[\T,(ZZ32, ZZ32)\], (ZZ32, ZZ32)->T)->Array[\T,(ZZ32, ZZ32)\] @ FortressLibrary.fss:2012:5-29 and (ReadableArray[\T,(ZZ32, ZZ32)\], T)->ReadableArray[\T,(ZZ32, ZZ32)\] @ FortressLibrary.fss:1955:5-35
overloading	fill|fill-same	overloading	FortressLibrary.fss:2013,FortressLibrary.fss:2080	Invalid overloading of fill in trait __DefaultMatrix: (Array[\T,(ZZ32, ZZ32)\], T)->Array[\T,(ZZ32, ZZ32)\] @ FortressLibrary.fss:2013:5-26 and (StandardImmutableArrayType[\Array2[\T,0,s0,0,s1\],T,(ZZ32, ZZ32)\], T)->Array2[\T,0,s0,0,s1\] @ FortressLibrary.fss:2080:5-2083:8
overloading	fill|fill-crossed	overloading	FortressLibrary.fss:2076,FortressLibrary.fss:2080	Invalid overloading of fill in trait __DefaultMatrix: (StandardImmutableArrayType[\Array2[\T,0,s0,0,s1\],T,(ZZ32, ZZ32)\], (ZZ32, ZZ32)->T)->Array2[\T,0,s0,0,s1\] @ FortressLibrary.fss:2076:5-2079:8 and (StandardImmutableArrayType[\Array2[\T,0,s0,0,s1\],T,(ZZ32, ZZ32)\], T)->Array2[\T,0,s0,0,s1\] @ FortressLibrary.fss:2080:5-2083:8
overloading	fill|fill-crossed	overloading	FortressLibrary.fss:2012,FortressLibrary.fss:2080	Invalid overloading of fill in trait __DefaultMatrix: (Array[\T,(ZZ32, ZZ32)\], (ZZ32, ZZ32)->T)->Array[\T,(ZZ32, ZZ32)\] @ FortressLibrary.fss:2012:5-29 and (StandardImmutableArrayType[\Array2[\T,0,s0,0,s1\],T,(ZZ32, ZZ32)\], T)->Array2[\T,0,s0,0,s1\] @ FortressLibrary.fss:2080:5-2083:8
overloading	fill|fill-crossed	overloading	FortressLibrary.fss:2013,FortressLibrary.fss:2076	Invalid overloading of fill in trait __DefaultMatrix: (Array[\T,(ZZ32, ZZ32)\], T)->Array[\T,(ZZ32, ZZ32)\] @ FortressLibrary.fss:2013:5-26 and (StandardImmutableArrayType[\Array2[\T,0,s0,0,s1\],T,(ZZ32, ZZ32)\], (ZZ32, ZZ32)->T)->Array2[\T,0,s0,0,s1\] @ FortressLibrary.fss:2076:5-2079:8
overloading	fill|fill-crossed	overloading	FortressLibrary.fss:2012,FortressLibrary.fss:2013	Invalid overloading of fill in trait __DefaultMatrix: (Array[\T,(ZZ32, ZZ32)\], (ZZ32, ZZ32)->T)->Array[\T,(ZZ32, ZZ32)\] @ FortressLibrary.fss:2012:5-29 and (Array[\T,(ZZ32, ZZ32)\], T)->Array[\T,(ZZ32, ZZ32)\] @ FortressLibrary.fss:2013:5-26
overloading	fill|fill-same	overloading	FortressLibrary.fss:2012,FortressLibrary.fss:2076	Invalid overloading of fill in trait __DefaultMatrix: (Array[\T,(ZZ32, ZZ32)\], (ZZ32, ZZ32)->T)->Array[\T,(ZZ32, ZZ32)\] @ FortressLibrary.fss:2012:5-29 and (StandardImmutableArrayType[\Array2[\T,0,s0,0,s1\],T,(ZZ32, ZZ32)\], (ZZ32, ZZ32)->T)->Array2[\T,0,s0,0,s1\] @ FortressLibrary.fss:2076:5-2079:8
overloading	SQCAP (same parameter type)|same parameter type	overloading	FortressLibrary.fss:1411,FortressLibrary.fss:1436	There are multiple declarations of SQCAP with the same parameter type: (Maybe[\T\])
return-type	SQCAP	overloading	FortressLibrary.fss:1411,FortressLibrary.fss:1435	For SQCAP, the return type of ((Maybe[\T\] & {Nothing[\T\], Just[\T\]}), Maybe[\T\])->Maybe[\T\] @ FortressLibrary.fss:1411:5-96 should be a subtype of the return type of (Just[\T\], NotUnique[\T\])->Just[\T\] @ FortressLibrary.fss:1435:5-55
overloading	fill|fill-crossed	overloading	FortressLibrary.fss:1954,FortressLibrary.fss:1955	Invalid overloading of fill in trait __DefaultArray2: (ReadableArray[\T,(ZZ32, ZZ32)\], (ZZ32, ZZ32)->T)->ReadableArray[\T,(ZZ32, ZZ32)\] @ FortressLibrary.fss:1954:5-37 and (ReadableArray[\T,(ZZ32, ZZ32)\], T)->ReadableArray[\T,(ZZ32, ZZ32)\] @ FortressLibrary.fss:1955:5-35
overloading	fill|fill-crossed	overloading	FortressLibrary.fss:1954,FortressLibrary.fss:2080	Invalid overloading of fill in trait __DefaultArray2: (ReadableArray[\T,(ZZ32, ZZ32)\], (ZZ32, ZZ32)->T)->ReadableArray[\T,(ZZ32, ZZ32)\] @ FortressLibrary.fss:1954:5-37 and (StandardImmutableArrayType[\Array2[\T,b0,s0,b1,s1\],T,(ZZ32, ZZ32)\], T)->Array2[\T,b0,s0,b1,s1\] @ FortressLibrary.fss:2080:5-2083:8
overloading	fill|fill-crossed	overloading	FortressLibrary.fss:1954,FortressLibrary.fss:2013	Invalid overloading of fill in trait __DefaultArray2: (Array[\T,(ZZ32, ZZ32)\], T)->Array[\T,(ZZ32, ZZ32)\] @ FortressLibrary.fss:2013:5-26 and (ReadableArray[\T,(ZZ32, ZZ32)\], (ZZ32, ZZ32)->T)->ReadableArray[\T,(ZZ32, ZZ32)\] @ FortressLibrary.fss:1954:5-37
overloading	fill|fill-crossed	overloading	FortressLibrary.fss:1955,FortressLibrary.fss:2076	Invalid overloading of fill in trait __DefaultArray2: (ReadableArray[\T,(ZZ32, ZZ32)\], T)->ReadableArray[\T,(ZZ32, ZZ32)\] @ FortressLibrary.fss:1955:5-35 and (StandardImmutableArrayType[\Array2[\T,b0,s0,b1,s1\],T,(ZZ32, ZZ32)\], (ZZ32, ZZ32)->T)->Array2[\T,b0,s0,b1,s1\] @ FortressLibrary.fss:2076:5-2079:8
overloading	fill|fill-same	overloading	FortressLibrary.fss:2012,FortressLibrary.fss:2076	Invalid overloading of fill in trait __DefaultArray2: (Array[\T,(ZZ32, ZZ32)\], (ZZ32, ZZ32)->T)->Array[\T,(ZZ32, ZZ32)\] @ FortressLibrary.fss:2012:5-29 and (StandardImmutableArrayType[\Array2[\T,b0,s0,b1,s1\],T,(ZZ32, ZZ32)\], (ZZ32, ZZ32)->T)->Array2[\T,b0,s0,b1,s1\] @ FortressLibrary.fss:2076:5-2079:8
overloading	fill|fill-crossed	overloading	FortressLibrary.fss:2076,FortressLibrary.fss:2080	Invalid overloading of fill in trait __DefaultArray2: (StandardImmutableArrayType[\Array2[\T,b0,s0,b1,s1\],T,(ZZ32, ZZ32)\], (ZZ32, ZZ32)->T)->Array2[\T,b0,s0,b1,s1\] @ FortressLibrary.fss:2076:5-2079:8 and (StandardImmutableArrayType[\Array2[\T,b0,s0,b1,s1\],T,(ZZ32, ZZ32)\], T)->Array2[\T,b0,s0,b1,s1\] @ FortressLibrary.fss:2080:5-2083:8
overloading	fill|fill-crossed	overloading	FortressLibrary.fss:2013,FortressLibrary.fss:2076	Invalid overloading of fill in trait __DefaultArray2: (Array[\T,(ZZ32, ZZ32)\], T)->Array[\T,(ZZ32, ZZ32)\] @ FortressLibrary.fss:2013:5-26 and (StandardImmutableArrayType[\Array2[\T,b0,s0,b1,s1\],T,(ZZ32, ZZ32)\], (ZZ32, ZZ32)->T)->Array2[\T,b0,s0,b1,s1\] @ FortressLibrary.fss:2076:5-2079:8
overloading	fill|fill-crossed	overloading	FortressLibrary.fss:1955,FortressLibrary.fss:2012	Invalid overloading of fill in trait __DefaultArray2: (Array[\T,(ZZ32, ZZ32)\], (ZZ32, ZZ32)->T)->Array[\T,(ZZ32, ZZ32)\] @ FortressLibrary.fss:2012:5-29 and (ReadableArray[\T,(ZZ32, ZZ32)\], T)->ReadableArray[\T,(ZZ32, ZZ32)\] @ FortressLibrary.fss:1955:5-35
overloading	fill|fill-crossed	overloading	FortressLibrary.fss:2012,FortressLibrary.fss:2080	Invalid overloading of fill in trait __DefaultArray2: (Array[\T,(ZZ32, ZZ32)\], (ZZ32, ZZ32)->T)->Array[\T,(ZZ32, ZZ32)\] @ FortressLibrary.fss:2012:5-29 and (StandardImmutableArrayType[\Array2[\T,b0,s0,b1,s1\],T,(ZZ32, ZZ32)\], T)->Array2[\T,b0,s0,b1,s1\] @ FortressLibrary.fss:2080:5-2083:8
overloading	fill|fill-crossed	overloading	FortressLibrary.fss:2012,FortressLibrary.fss:2013	Invalid overloading of fill in trait __DefaultArray2: (Array[\T,(ZZ32, ZZ32)\], (ZZ32, ZZ32)->T)->Array[\T,(ZZ32, ZZ32)\] @ FortressLibrary.fss:2012:5-29 and (Array[\T,(ZZ32, ZZ32)\], T)->Array[\T,(ZZ32, ZZ32)\] @ FortressLibrary.fss:2013:5-26
overloading	fill|fill-same	overloading	FortressLibrary.fss:2013,FortressLibrary.fss:2080	Invalid overloading of fill in trait __DefaultArray2: (Array[\T,(ZZ32, ZZ32)\], T)->Array[\T,(ZZ32, ZZ32)\] @ FortressLibrary.fss:2013:5-26 and (StandardImmutableArrayType[\Array2[\T,b0,s0,b1,s1\],T,(ZZ32, ZZ32)\], T)->Array2[\T,b0,s0,b1,s1\] @ FortressLibrary.fss:2080:5-2083:8
overloading	fill|fill-crossed	overloading	FortressLibrary.fss:1954,FortressLibrary.fss:2080	Invalid overloading of fill in trait SubArray2: (ReadableArray[\T,(ZZ32, ZZ32)\], (ZZ32, ZZ32)->T)->ReadableArray[\T,(ZZ32, ZZ32)\] @ FortressLibrary.fss:1954:5-37 and (StandardImmutableArrayType[\Array2[\T,b0,s0,b1,s1\],T,(ZZ32, ZZ32)\], T)->Array2[\T,b0,s0,b1,s1\] @ FortressLibrary.fss:2080:5-2083:8
overloading	fill|fill-crossed	overloading	FortressLibrary.fss:2076,FortressLibrary.fss:2080	Invalid overloading of fill in trait SubArray2: (StandardImmutableArrayType[\Array2[\T,b0,s0,b1,s1\],T,(ZZ32, ZZ32)\], (ZZ32, ZZ32)->T)->Array2[\T,b0,s0,b1,s1\] @ FortressLibrary.fss:2076:5-2079:8 and (StandardImmutableArrayType[\Array2[\T,b0,s0,b1,s1\],T,(ZZ32, ZZ32)\], T)->Array2[\T,b0,s0,b1,s1\] @ FortressLibrary.fss:2080:5-2083:8
overloading	fill|fill-same	overloading	FortressLibrary.fss:2013,FortressLibrary.fss:2080	Invalid overloading of fill in trait SubArray2: (Array[\T,(ZZ32, ZZ32)\], T)->Array[\T,(ZZ32, ZZ32)\] @ FortressLibrary.fss:2013:5-26 and (StandardImmutableArrayType[\Array2[\T,b0,s0,b1,s1\],T,(ZZ32, ZZ32)\], T)->Array2[\T,b0,s0,b1,s1\] @ FortressLibrary.fss:2080:5-2083:8
overloading	fill|fill-crossed	overloading	FortressLibrary.fss:2012,FortressLibrary.fss:2080	Invalid overloading of fill in trait SubArray2: (Array[\T,(ZZ32, ZZ32)\], (ZZ32, ZZ32)->T)->Array[\T,(ZZ32, ZZ32)\] @ FortressLibrary.fss:2012:5-29 and (StandardImmutableArrayType[\Array2[\T,b0,s0,b1,s1\],T,(ZZ32, ZZ32)\], T)->Array2[\T,b0,s0,b1,s1\] @ FortressLibrary.fss:2080:5-2083:8
overloading	fill|fill-crossed	overloading	FortressLibrary.fss:1954,FortressLibrary.fss:1955	Invalid overloading of fill in trait SubArray2: (ReadableArray[\T,(ZZ32, ZZ32)\], (ZZ32, ZZ32)->T)->ReadableArray[\T,(ZZ32, ZZ32)\] @ FortressLibrary.fss:1954:5-37 and (ReadableArray[\T,(ZZ32, ZZ32)\], T)->ReadableArray[\T,(ZZ32, ZZ32)\] @ FortressLibrary.fss:1955:5-35
overloading	fill|fill-crossed	overloading	FortressLibrary.fss:1955,FortressLibrary.fss:2076	Invalid overloading of fill in trait SubArray2: (ReadableArray[\T,(ZZ32, ZZ32)\], T)->ReadableArray[\T,(ZZ32, ZZ32)\] @ FortressLibrary.fss:1955:5-35 and (StandardImmutableArrayType[\Array2[\T,b0,s0,b1,s1\],T,(ZZ32, ZZ32)\], (ZZ32, ZZ32)->T)->Array2[\T,b0,s0,b1,s1\] @ FortressLibrary.fss:2076:5-2079:8
overloading	fill|fill-crossed	overloading	FortressLibrary.fss:1955,FortressLibrary.fss:2012	Invalid overloading of fill in trait SubArray2: (Array[\T,(ZZ32, ZZ32)\], (ZZ32, ZZ32)->T)->Array[\T,(ZZ32, ZZ32)\] @ FortressLibrary.fss:2012:5-29 and (ReadableArray[\T,(ZZ32, ZZ32)\], T)->ReadableArray[\T,(ZZ32, ZZ32)\] @ FortressLibrary.fss:1955:5-35
overloading	fill|fill-crossed	overloading	FortressLibrary.fss:1954,FortressLibrary.fss:2013	Invalid overloading of fill in trait SubArray2: (Array[\T,(ZZ32, ZZ32)\], T)->Array[\T,(ZZ32, ZZ32)\] @ FortressLibrary.fss:2013:5-26 and (ReadableArray[\T,(ZZ32, ZZ32)\], (ZZ32, ZZ32)->T)->ReadableArray[\T,(ZZ32, ZZ32)\] @ FortressLibrary.fss:1954:5-37
overloading	fill|fill-crossed	overloading	FortressLibrary.fss:2013,FortressLibrary.fss:2076	Invalid overloading of fill in trait SubArray2: (Array[\T,(ZZ32, ZZ32)\], T)->Array[\T,(ZZ32, ZZ32)\] @ FortressLibrary.fss:2013:5-26 and (StandardImmutableArrayType[\Array2[\T,b0,s0,b1,s1\],T,(ZZ32, ZZ32)\], (ZZ32, ZZ32)->T)->Array2[\T,b0,s0,b1,s1\] @ FortressLibrary.fss:2076:5-2079:8
overloading	fill|fill-same	overloading	FortressLibrary.fss:2012,FortressLibrary.fss:2076	Invalid overloading of fill in trait SubArray2: (Array[\T,(ZZ32, ZZ32)\], (ZZ32, ZZ32)->T)->Array[\T,(ZZ32, ZZ32)\] @ FortressLibrary.fss:2012:5-29 and (StandardImmutableArrayType[\Array2[\T,b0,s0,b1,s1\],T,(ZZ32, ZZ32)\], (ZZ32, ZZ32)->T)->Array2[\T,b0,s0,b1,s1\] @ FortressLibrary.fss:2076:5-2079:8
overloading	fill|fill-crossed	overloading	FortressLibrary.fss:2012,FortressLibrary.fss:2013	Invalid overloading of fill in trait SubArray2: (Array[\T,(ZZ32, ZZ32)\], (ZZ32, ZZ32)->T)->Array[\T,(ZZ32, ZZ32)\] @ FortressLibrary.fss:2012:5-29 and (Array[\T,(ZZ32, ZZ32)\], T)->Array[\T,(ZZ32, ZZ32)\] @ FortressLibrary.fss:2013:5-26
export	-	export	FortressLibrary.fss:12	Component FortressLibrary exports API FortressLibrary but does not define all declarations in FortressLibrary. Missing declarations: {immutableArray[\E\](x:ZZ32,y:ZZ32):ImmutableArray[\E,(ZZ32, ZZ32)\] at FortressLibrary.fsi:1418:1-67, immutableArray[\E\](x:ZZ32,y:ZZ32,z:ZZ32):ImmutableArray[\E,(ZZ32, ZZ32, ZZ32)\] at FortressLibrary.fsi:1419:1-79, partition(x:ZZ32):(ZZ32, ZZ32) at FortressLibrary.fsi:1448:1-1455:19, DOT[\T extends Number,nat n,nat m,nat p\](me:Vector[\T,n\],other:Vector[\T,n\]):T at FortressLibrary.fsi:1574:1-1575:53, juxtaposition[\T extends Number,nat n,nat m,nat p\](me:Vector[\T,n\],other:Vector[\T,n\]):T at FortressLibrary.fsi:1577:1-1578:51, DOT[\T extends Number,nat n,nat m,nat p\](me:Vector[\T,n\],other:T):Vector[\T,n\] at FortressLibrary.fsi:1580:1-1581:55, juxtaposition[\T extends Number,nat n,nat m,nat p\](me:Vector[\T,n\],other:T):Vector[\T,n\] at FortressLibrary.fsi:1583:1-1584:53, DOT[\T extends Number,nat n,nat m,nat p\](other:T,me:Vector[\T,n\]):Vector[\T,n\] at FortressLibrary.fsi:1586:1-1587:56, juxtaposition[\T extends Number,nat n,nat m,nat p\](other:T,me:Vector[\T,n\]):Vector[\T,n\] at FortressLibrary.fsi:1589:1-1590:53, DOT[\T extends Number,nat n,nat m,nat p\](me:Matrix[\T,n,m\],v:Vector[\T,m\]):Vector[\T,n\] at FortressLibrary.fsi:1687:1-1688:59, juxtaposition[\T extends Number,nat n,nat m,nat p\](me:Matrix[\T,n,m\],v:Vector[\T,m\]):Vector[\T,n\] at FortressLibrary.fsi:1690:1-1693:36, DOT[\T extends Number,nat n,nat m,nat p\](v:Vector[\T,n\],me:Matrix[\T,n,m\]):Vector[\T,m\] at FortressLibrary.fsi:1694:1-1695:59, juxtaposition[\T extends Number,nat n,nat m,nat p\](v:Vector[\T,n\],me:Matrix[\T,n,m\]):Vector[\T,m\] at FortressLibrary.fsi:1697:1-1698:57, DOT[\T extends Number,nat n,nat m,nat p\](me:Matrix[\T,n,m\],other:T):Matrix[\T,n,m\] at FortressLibrary.fsi:1700:1-1701:59, juxtaposition[\T extends Number,nat n,nat m,nat p\](me:Matrix[\T,n,m\],other:T):Matrix[\T,n,m\] at FortressLibrary.fsi:1703:1-1704:57, DOT[\T extends Number,nat n,nat m,nat p\](other:T,me:Matrix[\T,n,m\]):Matrix[\T,n,m\] at FortressLibrary.fsi:1706:1-1707:59, juxtaposition[\T extends Number,nat n,nat m,nat p\](other:T,me:Matrix[\T,n,m\]):Matrix[\T,n,m\] at FortressLibrary.fsi:1709:1-1717:30, array3[\T,nat s0,nat s1,nat s2\]():Array3[\T,0,s0,0,s1,0,s2\] at FortressLibrary.fsi:1773:1-1778:1, assert(x:Any,y:Any,failMsg:Any...):() at FortressLibrary.fsi:234:1-42, deny(x:Any,y:Any,failMsg:Any...):() at FortressLibrary.fsi:242:1-40}
export	-	export	FortressLibrary.fss:12	The following declarations in API FortressLibrary are not matched by the declarations in component FortressLibrary. Unmatched declarations: { (TraitDecl Comparison at FortressLibrary.fsi:100.1, due to different method INVERSE @ FortressLibrary.fsi:106:5-107:1), (TraitDecl HasRank at FortressLibrary.fsi:1124.1, due to different method rank @ FortressLibrary.fsi:1126:3-22), (TraitDecl Indexed1 at FortressLibrary.fsi:1152.1, due to different extends clauses), (TraitDecl Indexed2 at FortressLibrary.fsi:1154.1, due to different extends clauses), (TraitDecl Indexed3 at FortressLibrary.fsi:1156.1, due to different extends clauses), (TraitDecl Indexed at FortressLibrary.fsi:1177.1, due to different method size @ FortressLibrary.fsi:1183:5-1185:29), (TraitDecl TotalComparison at FortressLibrary.fsi:120.1, due to different method INVERSE @ FortressLibrary.fsi:129:5-130:1), (TraitDecl ZeroIndexed at FortressLibrary.fsi:1248.1, due to different method bounds @ FortressLibrary.fsi:1249:5-38), (TraitDecl DelegatedIndexed at FortressLibrary.fsi:1280.1, due to missing members of the trait/object in the component), (TraitDecl MutableIndexed at FortressLibrary.fsi:1301.1, due to different method _[_]:= @ FortressLibrary.fsi:1303:5-1306:49), (TraitDecl ReadableArray at FortressLibrary.fsi:1313.1, due to missing members of the trait/object in the component), (ObjectDecl LessThan at FortressLibrary.fsi:132.1, due to different method CMP @ FortressLibrary.fsi:134:5-45), (TraitDecl ImmutableArray at FortressLibrary.fsi:1372.1, due to different method _[_] @ FortressLibrary.fsi:1374:5-54), (TraitDecl Array at FortressLibrary.fsi:1388.1, due to different method put @ FortressLibrary.fsi:1389:5-30), (TraitDecl StandardImmutableArrayType at FortressLibrary.fsi:1429.1, due to different method copy @ FortressLibrary.fsi:1433:5-1434:1), (ObjectDecl GreaterThan at FortressLibrary.fsi:143.1, due to different method CMP @ FortressLibrary.fsi:145:5-48), (TraitDecl ReadableArray1 at FortressLibrary.fsi:1456.1, due to different method mutability @ FortressLibrary.fsi:1461:5-39), (TraitDecl ImmutableArray1 at FortressLibrary.fsi:1474.1, due to missing members of the trait/object in the component), (TraitDecl Array1 at FortressLibrary.fsi:1501.1, due to missing members of the trait/object in the component), (ObjectDecl EqualTo at FortressLibrary.fsi:153.1, due to different method < @ FortressLibrary.fsi:156:5-40), (TraitDecl Array2 at FortressLibrary.fsi:1603.1, due to different method bounds @ FortressLibrary.fsi:1609:3-49), (TraitDecl Array3 at FortressLibrary.fsi:1718.1, due to different method bounds @ FortressLibrary.fsi:1732:5-1733:1), (TraitDecl ActualReduction at FortressLibrary.fsi:1789.1, due to missing members of the trait/object in the component), (TraitDecl PossibleReductionPair at FortressLibrary.fsi:1805.1, due to different extends clauses), (TraitDecl SomeReductionPair at FortressLibrary.fsi:1814.1, due to different method outer @ FortressLibrary.fsi:1816:5-43), (TraitDecl ReductionPair at FortressLibrary.fsi:1821.1, due to different extends clauses, due to different extends clauses, different method outer @ FortressLibrary.fsi:1822:5-51), (TraitDecl AssociativeReduction at FortressLibrary.fsi:1827.1, due to different method simpleJoin @ FortressLibrary.fsi:1830:5-42), (TraitDecl BigOperator at FortressLibrary.fsi:1855.1, due to different method reduction @ FortressLibrary.fsi:1856:5-55), (ObjectDecl BigReduction at FortressLibrary.fsi:1861.1, due to missing members of the trait/object in the component), (ObjectDecl Comprehension at FortressLibrary.fsi:1867.1, due to missing members of the trait/object in the component), (TraitDecl FilterGenerator at FortressLibrary.fsi:2066.1, due to different method filter @ FortressLibrary.fsi:2071:5-67), (TraitDecl StandardMinMax at FortressLibrary.fsi:206.1, due to different method MINMAX @ FortressLibrary.fsi:208:5-45), (TraitDecl Range at FortressLibrary.fsi:2085.1, due to missing members of the trait/object in the component, different excludes clauses for traits), (TraitDecl CompactFullRange at FortressLibrary.fsi:2187.1, due to different method |_| @ FortressLibrary.fsi:2190:5-18), (TraitDecl String at FortressLibrary.fsi:2319.1, due to different extends clauses, missing members of the trait/object in the component, different excludes clauses for traits), (TraitDecl AdditiveGroup at FortressLibrary.fsi:255.1, due to different method + @ FortressLibrary.fsi:257:5-37), (TraitDecl MultiplicativeRing at FortressLibrary.fsi:267.1, due to different method one @ FortressLibrary.fsi:269:5-28), (TraitDecl RR64 at FortressLibrary.fsi:286.1, due to different method |\_/| @ FortressLibrary.fsi:364:5-23), (TraitDecl QQ at FortressLibrary.fsi:382.1, due to different method ^ @ FortressLibrary.fsi:417:5-30), (TraitDecl Integral at FortressLibrary.fsi:431.1, due to different method unsigned @ FortressLibrary.fsi:458:5-23), (TraitDecl Contains at FortressLibrary.fsi:616.1, due to different method IN @ FortressLibrary.fsi:618:5-621:66), (TraitDecl Generator at FortressLibrary.fsi:664.1, due to different method generate @ FortressLibrary.fsi:686:5-693:31), (TraitDecl Equality at FortressLibrary.fsi:73.1, due to different method = @ FortressLibrary.fsi:74:5-75:1), (TraitDecl Condition at FortressLibrary.fsi:833.1, due to different extends clauses, due to different extends clauses, different method indexValuePairs @ FortressLibrary.fsi:841:5-51), (TraitDecl AnyMaybe at FortressLibrary.fsi:879.1, due to missing members of the trait/object in the component), (TraitDecl Maybe at FortressLibrary.fsi:895.1, due to different extends clauses), (ObjectDecl Just at FortressLibrary.fsi:901.1, due to different method _[_] @ FortressLibrary.fsi:910:5-35), (ObjectDecl Nothing at FortressLibrary.fsi:925.1, due to different method _[_] @ FortressLibrary.fsi:934:5-38) }
wellformed	-	wellformed1+wellformed2	RangeInternals.fss:682	Ill-formed type: RangeInternals.ScalarRangeWithRight[\I\] The static argument I does not satisfy the corresponding bound Integral[\I\].
wellformed	-	wellformed1+wellformed2	RangeInternals.fss:682	Ill-formed type: RangeInternals.PartialScalarRange[\I\] The static argument I does not satisfy the corresponding bound Integral[\I\].
wellformed	-	wellformed1+wellformed2	RangeInternals.fss:698	Ill-formed type: RangeInternals.LeftScalarRange[\I\] The static argument I does not satisfy the corresponding bound Integral[\I\].
wellformed	-	wellformed1+wellformed2	RangeInternals.fss:699	Ill-formed type: RangeInternals.BoundedScalarRange[\I\] The static argument I does not satisfy the corresponding bound Integral[\I\].
wellformed	-	wellformed1+wellformed2	RangeInternals.fss:701	Ill-formed type: RangeInternals.RightScalarRange[\I\] The static argument I does not satisfy the corresponding bound Integral[\I\].
wellformed	-	wellformed1+wellformed2	RangeInternals.fss:707	Ill-formed type: RangeInternals.RightScalarRange[\I\] The static argument I does not satisfy the corresponding bound Integral[\I\].
wellformed	-	wellformed1+wellformed2	RangeInternals.fss:709	Ill-formed type: RangeInternals.ScalarRange[\I\] The static argument I does not satisfy the corresponding bound Integral[\I\].
wellformed	-	wellformed1+wellformed2	RangeInternals.fss:681	Ill-formed type: RangeInternals.RightScalarRange[\I\] The static argument I does not satisfy the corresponding bound Integral[\I\].
wellformed	-	wellformed1+wellformed2	RangeInternals.fss:711	Ill-formed type: RangeInternals.RightScalarRange[\I\] The static argument I does not satisfy the corresponding bound Integral[\I\].
wellformed	-	wellformed1+wellformed2	RangeInternals.fss:715	Ill-formed type: RangeInternals.BoundedScalarRange[\I\] The static argument I does not satisfy the corresponding bound Integral[\I\].
wellformed	-	wellformed1+wellformed2	RangeInternals.fss:716	Ill-formed type: RangeInternals.ScalarRangeWithRight[\I\] The static argument I does not satisfy the corresponding bound Integral[\I\].
wellformed	-	wellformed1+wellformed2	RangeInternals.fss:722	Ill-formed type: RangeInternals.RightScalarRange[\I\] The static argument I does not satisfy the corresponding bound Integral[\I\].
wellformed	-	wellformed1+wellformed2	RangeInternals.fss:723	Ill-formed type: RangeInternals.RightScalarRange[\I\] The static argument I does not satisfy the corresponding bound Integral[\I\].
wellformed	-	wellformed1+wellformed2	RangeInternals.fss:1418	Ill-formed type: RangeInternals.FullScalarRange[\I\] The static argument I does not satisfy the corresponding bound Integral[\I\].
wellformed	-	wellformed1+wellformed2	RangeInternals.fss:1422	Ill-formed type: RangeInternals.CompactFullParScalarRange[\I\] The static argument I does not satisfy the corresponding bound Integral[\I\].
wellformed	-	wellformed1+wellformed2	RangeInternals.fss:1425	Ill-formed type: RangeInternals.CompactFullRange2D[\I,J\] The static argument I does not satisfy the corresponding bound Integral[\I\].
wellformed	-	wellformed1+wellformed2	RangeInternals.fss:1425	Ill-formed type: RangeInternals.CompactFullRange2D[\I,J\] The static argument J does not satisfy the corresponding bound Integral[\J\].
wellformed	-	wellformed1+wellformed2	RangeInternals.fss:1428	Ill-formed type: RangeInternals.CompactFullRange3D[\I,J,K\] The static argument I does not satisfy the corresponding bound Integral[\I\].
wellformed	-	wellformed1+wellformed2	RangeInternals.fss:1428	Ill-formed type: RangeInternals.CompactFullRange3D[\I,J,K\] The static argument J does not satisfy the corresponding bound Integral[\J\].
wellformed	-	wellformed1+wellformed2	RangeInternals.fss:1428	Ill-formed type: RangeInternals.CompactFullRange3D[\I,J,K\] The static argument K does not satisfy the corresponding bound Integral[\K\].
wellformed	-	wellformed1+wellformed2	RangeInternals.fss:1433	Ill-formed type: RangeInternals.CompactFullParScalarRange[\I\] The static argument I does not satisfy the corresponding bound Integral[\I\].
wellformed	-	wellformed1+wellformed2	RangeInternals.fss:1435	Ill-formed type: RangeInternals.CompactFullRange2D[\I,J\] The static argument I does not satisfy the corresponding bound Integral[\I\].
wellformed	-	wellformed1+wellformed2	RangeInternals.fss:1435	Ill-formed type: RangeInternals.CompactFullRange2D[\I,J\] The static argument J does not satisfy the corresponding bound Integral[\J\].
wellformed	-	wellformed1+wellformed2	RangeInternals.fss:1438	Ill-formed type: RangeInternals.CompactFullRange3D[\I,J,K\] The static argument I does not satisfy the corresponding bound Integral[\I\].
wellformed	-	wellformed1+wellformed2	RangeInternals.fss:1438	Ill-formed type: RangeInternals.CompactFullRange3D[\I,J,K\] The static argument J does not satisfy the corresponding bound Integral[\J\].
wellformed	-	wellformed1+wellformed2	RangeInternals.fss:1438	Ill-formed type: RangeInternals.CompactFullRange3D[\I,J,K\] The static argument K does not satisfy the corresponding bound Integral[\K\].
wellformed	-	wellformed1+wellformed2	RangeInternals.fss:1483	Ill-formed type: RangeInternals.OpenScalarRange[\I\] The static argument I does not satisfy the corresponding bound Integral[\I\].
wellformed	-	wellformed1+wellformed2	RangeInternals.fss:1485	Ill-formed type: RangeInternals.OpenRange2D[\I,J\] The static argument I does not satisfy the corresponding bound Integral[\I\].
wellformed	-	wellformed1+wellformed2	RangeInternals.fss:1485	Ill-formed type: RangeInternals.OpenRange2D[\I,J\] The static argument J does not satisfy the corresponding bound Integral[\J\].
wellformed	-	wellformed1+wellformed2	RangeInternals.fss:1487	Ill-formed type: RangeInternals.OpenRange3D[\I,J,K\] The static argument I does not satisfy the corresponding bound Integral[\I\].
wellformed	-	wellformed1+wellformed2	RangeInternals.fss:1487	Ill-formed type: RangeInternals.OpenRange3D[\I,J,K\] The static argument J does not satisfy the corresponding bound Integral[\J\].
wellformed	-	wellformed1+wellformed2	RangeInternals.fss:1487	Ill-formed type: RangeInternals.OpenRange3D[\I,J,K\] The static argument K does not satisfy the corresponding bound Integral[\K\].
typecheck	-	typecheck	RangeInternals.fss:1487	Could not check call to function OpenRange3D - [\I, J, K\](I, J, K)->RangeInternals.OpenRange3D[\I,J,K\] is not applicable to an argument of type (IntLiteral, IntLiteral, IntLiteral).
typecheck	-	typecheck	RangeInternals.fss:1485	Could not check call to function OpenRange2D - [\I\](I, J)->RangeInternals.OpenRange2D[\I,J\] is not applicable to an argument of type (IntLiteral, IntLiteral).
typecheck	-	typecheck	RangeInternals.fss:1483	Could not check call to function OpenScalarRange - [\I\]I->RangeInternals.OpenScalarRange[\I\] is not applicable to an argument of type IntLiteral.
typecheck	-	typecheck	RangeInternals.fss:1480	Could not check call to function RightRange3D - [\I, J, K\](I, J, K, I, J, K)->RangeInternals.RightRange3D[\I,J,K\] is not applicable to an argument of type (I, J, K, IntLiteral, IntLiteral, IntLiteral).
typecheck	-	typecheck	RangeInternals.fss:1477	Could not check call to function RightRange2D - [\I, J\](I, J, I, J)->RangeInternals.RightRange2D[\I,J\] is not applicable to an argument of type (I, J, IntLiteral, IntLiteral).
typecheck	-	typecheck	RangeInternals.fss:1475	Could not check call to function RightScalarRange - [\I\](I, I)->RangeInternals.RightScalarRange[\I\] is not applicable to an argument of type (I, IntLiteral).
typecheck	-	typecheck	RangeInternals.fss:1472	Could not check call to function ExtentRange3D - [\I, J, K\](I, J, K, I, J, K)->RangeInternals.ExtentRange3D[\I,J,K\] is not applicable to an argument of type (I, J, K, IntLiteral, IntLiteral, IntLiteral).
typecheck	-	typecheck	RangeInternals.fss:1467	Could not check call to operator - - ((NN64 & {UnsignedLong}), NN64)->NN64 is not applicable to an argument of type (I, I). - ((RR64 & {Float, FloatLiteral, RR32}), RR64)->RR64 is not applicable to an argument of type (I, I). - ((ZZ32 & {Int, IntLiteral}), ZZ32)->ZZ32 is not applicable to an argument of type (I, I). - ((ZZ64 & {Long}), ZZ64)->ZZ64 is not applicable to an argument of type (I, I). - (AdditiveGroup[\T\], T)->T is not applicable to an argument of type (I, I). - (Integral[\I\], I)->I is not applicable to an argument of type (I, I). - (Matrix[\T,s0,s1\], Matrix[\T,s0,s1\])->Matrix[\T,s0,s1\] is not applicable to an argument of type (I, I). - (NN32, NN32)->NN32 is not applicable to an argument of type (I, I). - (QQ, QQ)->QQ is not applicable to an argument of type (I, I). - (Vector[\T,s0\], Vector[\T,s0\])->Vector[\T,s0\] is not applicable to an argument of type (I, I). - [\T extends Number, I\](Array[\T,I\], T)->Array[\T,I\] is not applicable to an argument of type (I, I). - [\T extends Number, I\](T, Array[\T,I\])->Array[\T,I\] is not applicable to an argument of type (I, I). - [\T extends Number, nat n, nat m\](Matrix[\T,n,m\], Matrix[\T,n,m\])->Matrix[\T,n,m\] is not applicable to an argument of type (I, I). - [\T extends Number, nat n, nat m\](Vector[\T,n\], Vector[\T,n\])->Vector[\T,n\] is not applicable to an argument of type (I, I).
typecheck	-	typecheck	RangeInternals.fss:1462	Could not check call to function ExtentRange2D - [\I, J\](I, J, I, J)->RangeInternals.ExtentRange2D[\I,J\] is not applicable to an argument of type (I, J, IntLiteral, IntLiteral).
typecheck	-	typecheck	RangeInternals.fss:1458	Could not check call to operator - - ((NN64 & {UnsignedLong}), NN64)->NN64 is not applicable to an argument of type (I, I). - ((RR64 & {Float, FloatLiteral, RR32}), RR64)->RR64 is not applicable to an argument of type (I, I). - ((ZZ32 & {Int, IntLiteral}), ZZ32)->ZZ32 is not applicable to an argument of type (I, I). - ((ZZ64 & {Long}), ZZ64)->ZZ64 is not applicable to an argument of type (I, I). - (AdditiveGroup[\T\], T)->T is not applicable to an argument of type (I, I). - (Integral[\I\], I)->I is not applicable to an argument of type (I, I). - (Matrix[\T,s0,s1\], Matrix[\T,s0,s1\])->Matrix[\T,s0,s1\] is not applicable to an argument of type (I, I). - (NN32, NN32)->NN32 is not applicable to an argument of type (I, I). - (QQ, QQ)->QQ is not applicable to an argument of type (I, I). - (Vector[\T,s0\], Vector[\T,s0\])->Vector[\T,s0\] is not applicable to an argument of type (I, I). - [\T extends Number, I\](Array[\T,I\], T)->Array[\T,I\] is not applicable to an argument of type (I, I). - [\T extends Number, I\](T, Array[\T,I\])->Array[\T,I\] is not applicable to an argument of type (I, I). - [\T extends Number, nat n, nat m\](Matrix[\T,n,m\], Matrix[\T,n,m\])->Matrix[\T,n,m\] is not applicable to an argument of type (I, I). - [\T extends Number, nat n, nat m\](Vector[\T,n\], Vector[\T,n\])->Vector[\T,n\] is not applicable to an argument of type (I, I).
typecheck	-	typecheck	RangeInternals.fss:1453	Could not check call to function ExtentScalarRange - [\I\](I, I)->RangeInternals.ExtentScalarRange[\I\] is not applicable to an argument of type (I, IntLiteral).
typecheck	-	typecheck	RangeInternals.fss:1450	Could not check call to operator - - ((NN64 & {UnsignedLong}), NN64)->NN64 is not applicable to an argument of type (I, I). - ((RR64 & {Float, FloatLiteral, RR32}), RR64)->RR64 is not applicable to an argument of type (I, I). - ((ZZ32 & {Int, IntLiteral}), ZZ32)->ZZ32 is not applicable to an argument of type (I, I). - ((ZZ64 & {Long}), ZZ64)->ZZ64 is not applicable to an argument of type (I, I). - (AdditiveGroup[\T\], T)->T is not applicable to an argument of type (I, I). - (Integral[\I\], I)->I is not applicable to an argument of type (I, I). - (Matrix[\T,s0,s1\], Matrix[\T,s0,s1\])->Matrix[\T,s0,s1\] is not applicable to an argument of type (I, I). - (NN32, NN32)->NN32 is not applicable to an argument of type (I, I). - (QQ, QQ)->QQ is not applicable to an argument of type (I, I). - (Vector[\T,s0\], Vector[\T,s0\])->Vector[\T,s0\] is not applicable to an argument of type (I, I). - [\T extends Number, I\](Array[\T,I\], T)->Array[\T,I\] is not applicable to an argument of type (I, I). - [\T extends Number, I\](T, Array[\T,I\])->Array[\T,I\] is not applicable to an argument of type (I, I). - [\T extends Number, nat n, nat m\](Matrix[\T,n,m\], Matrix[\T,n,m\])->Matrix[\T,n,m\] is not applicable to an argument of type (I, I). - [\T extends Number, nat n, nat m\](Vector[\T,n\], Vector[\T,n\])->Vector[\T,n\] is not applicable to an argument of type (I, I).
typecheck	-	typecheck	RangeInternals.fss:1446	Could not check call to function LeftRange3D - [\I, J, K\](I, J, K, I, J, K)->RangeInternals.LeftRange3D[\I,J,K\] is not applicable to an argument of type (I, J, K, IntLiteral, IntLiteral, IntLiteral).
typecheck	-	typecheck	RangeInternals.fss:1443	Could not check call to function LeftRange2D - [\I, J\](I, J, I, J)->RangeInternals.LeftRange2D[\I,J\] is not applicable to an argument of type (I, J, IntLiteral, IntLiteral).
typecheck	-	typecheck	RangeInternals.fss:1441	Could not check call to function LeftScalarRange - [\I\](I, I)->RangeInternals.LeftScalarRange[\I\] is not applicable to an argument of type (I, IntLiteral).
typecheck	-	typecheck	RangeInternals.fss:1429	Could not check call to operator + - ((NN64 & {UnsignedLong}), NN64)->NN64 is not applicable to an argument of type (K, K). - ((RR64 & {Float, FloatLiteral, RR32}), RR64)->RR64 is not applicable to an argument of type (K, K). - ((ZZ32 & {Int, IntLiteral}), ZZ32)->ZZ32 is not applicable to an argument of type (K, K). - ((ZZ64 & {Long}), ZZ64)->ZZ64 is not applicable to an argument of type (K, K). - (AdditiveGroup[\T\], T)->T is not applicable to an argument of type (K, K). - (Integral[\I\], I)->I is not applicable to an argument of type (K, K). - (Matrix[\T,s0,s1\], Matrix[\T,s0,s1\])->Matrix[\T,s0,s1\] is not applicable to an argument of type (K, K). - (NN32, NN32)->NN32 is not applicable to an argument of type (K, K). - (QQ, QQ)->QQ is not applicable to an argument of type (K, K). - (Vector[\T,s0\], Vector[\T,s0\])->Vector[\T,s0\] is not applicable to an argument of type (K, K). - [\T extends Number, I\](Array[\T,I\], T)->Array[\T,I\] is not applicable to an argument of type (K, K). - [\T extends Number, I\](T, Array[\T,I\])->Array[\T,I\] is not applicable to an argument of type (K, K). - [\T extends Number, nat n, nat m\](Matrix[\T,n,m\], Matrix[\T,n,m\])->Matrix[\T,n,m\] is not applicable to an argument of type (K, K). - [\T extends Number, nat n, nat m\](Vector[\T,n\], Vector[\T,n\])->Vector[\T,n\] is not applicable to an argument of type (K, K).
typecheck	-	typecheck	RangeInternals.fss:1429	Could not check call to operator + - ((NN64 & {UnsignedLong}), NN64)->NN64 is not applicable to an argument of type (J, J). - ((RR64 & {Float, FloatLiteral, RR32}), RR64)->RR64 is not applicable to an argument of type (J, J). - ((ZZ32 & {Int, IntLiteral}), ZZ32)->ZZ32 is not applicable to an argument of type (J, J). - ((ZZ64 & {Long}), ZZ64)->ZZ64 is not applicable to an argument of type (J, J). - (AdditiveGroup[\T\], T)->T is not applicable to an argument of type (J, J). - (Integral[\I\], I)->I is not applicable to an argument of type (J, J). - (Matrix[\T,s0,s1\], Matrix[\T,s0,s1\])->Matrix[\T,s0,s1\] is not applicable to an argument of type (J, J). - (NN32, NN32)->NN32 is not applicable to an argument of type (J, J). - (QQ, QQ)->QQ is not applicable to an argument of type (J, J). - (Vector[\T,s0\], Vector[\T,s0\])->Vector[\T,s0\] is not applicable to an argument of type (J, J). - [\T extends Number, I\](Array[\T,I\], T)->Array[\T,I\] is not applicable to an argument of type (J, J). - [\T extends Number, I\](T, Array[\T,I\])->Array[\T,I\] is not applicable to an argument of type (J, J). - [\T extends Number, nat n, nat m\](Matrix[\T,n,m\], Matrix[\T,n,m\])->Matrix[\T,n,m\] is not applicable to an argument of type (J, J). - [\T extends Number, nat n, nat m\](Vector[\T,n\], Vector[\T,n\])->Vector[\T,n\] is not applicable to an argument of type (J, J).
typecheck	-	typecheck	RangeInternals.fss:1429	Could not check call to operator + - ((NN64 & {UnsignedLong}), NN64)->NN64 is not applicable to an argument of type (I, I). - ((RR64 & {Float, FloatLiteral, RR32}), RR64)->RR64 is not applicable to an argument of type (I, I). - ((ZZ32 & {Int, IntLiteral}), ZZ32)->ZZ32 is not applicable to an argument of type (I, I). - ((ZZ64 & {Long}), ZZ64)->ZZ64 is not applicable to an argument of type (I, I). - (AdditiveGroup[\T\], T)->T is not applicable to an argument of type (I, I). - (Integral[\I\], I)->I is not applicable to an argument of type (I, I). - (Matrix[\T,s0,s1\], Matrix[\T,s0,s1\])->Matrix[\T,s0,s1\] is not applicable to an argument of type (I, I). - (NN32, NN32)->NN32 is not applicable to an argument of type (I, I). - (QQ, QQ)->QQ is not applicable to an argument of type (I, I). - (Vector[\T,s0\], Vector[\T,s0\])->Vector[\T,s0\] is not applicable to an argument of type (I, I). - [\T extends Number, I\](Array[\T,I\], T)->Array[\T,I\] is not applicable to an argument of type (I, I). - [\T extends Number, I\](T, Array[\T,I\])->Array[\T,I\] is not applicable to an argument of type (I, I). - [\T extends Number, nat n, nat m\](Matrix[\T,n,m\], Matrix[\T,n,m\])->Matrix[\T,n,m\] is not applicable to an argument of type (I, I). - [\T extends Number, nat n, nat m\](Vector[\T,n\], Vector[\T,n\])->Vector[\T,n\] is not applicable to an argument of type (I, I).
typecheck	-	typecheck	RangeInternals.fss:1426	Could not check call to operator + - ((NN64 & {UnsignedLong}), NN64)->NN64 is not applicable to an argument of type (J, J). - ((RR64 & {Float, FloatLiteral, RR32}), RR64)->RR64 is not applicable to an argument of type (J, J). - ((ZZ32 & {Int, IntLiteral}), ZZ32)->ZZ32 is not applicable to an argument of type (J, J). - ((ZZ64 & {Long}), ZZ64)->ZZ64 is not applicable to an argument of type (J, J). - (AdditiveGroup[\T\], T)->T is not applicable to an argument of type (J, J). - (Integral[\I\], I)->I is not applicable to an argument of type (J, J). - (Matrix[\T,s0,s1\], Matrix[\T,s0,s1\])->Matrix[\T,s0,s1\] is not applicable to an argument of type (J, J). - (NN32, NN32)->NN32 is not applicable to an argument of type (J, J). - (QQ, QQ)->QQ is not applicable to an argument of type (J, J). - (Vector[\T,s0\], Vector[\T,s0\])->Vector[\T,s0\] is not applicable to an argument of type (J, J). - [\T extends Number, I\](Array[\T,I\], T)->Array[\T,I\] is not applicable to an argument of type (J, J). - [\T extends Number, I\](T, Array[\T,I\])->Array[\T,I\] is not applicable to an argument of type (J, J). - [\T extends Number, nat n, nat m\](Matrix[\T,n,m\], Matrix[\T,n,m\])->Matrix[\T,n,m\] is not applicable to an argument of type (J, J). - [\T extends Number, nat n, nat m\](Vector[\T,n\], Vector[\T,n\])->Vector[\T,n\] is not applicable to an argument of type (J, J).
typecheck	-	typecheck	RangeInternals.fss:1426	Could not check call to operator + - ((NN64 & {UnsignedLong}), NN64)->NN64 is not applicable to an argument of type (I, I). - ((RR64 & {Float, FloatLiteral, RR32}), RR64)->RR64 is not applicable to an argument of type (I, I). - ((ZZ32 & {Int, IntLiteral}), ZZ32)->ZZ32 is not applicable to an argument of type (I, I). - ((ZZ64 & {Long}), ZZ64)->ZZ64 is not applicable to an argument of type (I, I). - (AdditiveGroup[\T\], T)->T is not applicable to an argument of type (I, I). - (Integral[\I\], I)->I is not applicable to an argument of type (I, I). - (Matrix[\T,s0,s1\], Matrix[\T,s0,s1\])->Matrix[\T,s0,s1\] is not applicable to an argument of type (I, I). - (NN32, NN32)->NN32 is not applicable to an argument of type (I, I). - (QQ, QQ)->QQ is not applicable to an argument of type (I, I). - (Vector[\T,s0\], Vector[\T,s0\])->Vector[\T,s0\] is not applicable to an argument of type (I, I). - [\T extends Number, I\](Array[\T,I\], T)->Array[\T,I\] is not applicable to an argument of type (I, I). - [\T extends Number, I\](T, Array[\T,I\])->Array[\T,I\] is not applicable to an argument of type (I, I). - [\T extends Number, nat n, nat m\](Matrix[\T,n,m\], Matrix[\T,n,m\])->Matrix[\T,n,m\] is not applicable to an argument of type (I, I). - [\T extends Number, nat n, nat m\](Vector[\T,n\], Vector[\T,n\])->Vector[\T,n\] is not applicable to an argument of type (I, I).
typecheck	-	typecheck	RangeInternals.fss:1423	Could not check call to operator + - ((NN64 & {UnsignedLong}), NN64)->NN64 is not applicable to an argument of type (I, I). - ((RR64 & {Float, FloatLiteral, RR32}), RR64)->RR64 is not applicable to an argument of type (I, I). - ((ZZ32 & {Int, IntLiteral}), ZZ32)->ZZ32 is not applicable to an argument of type (I, I). - ((ZZ64 & {Long}), ZZ64)->ZZ64 is not applicable to an argument of type (I, I). - (AdditiveGroup[\T\], T)->T is not applicable to an argument of type (I, I). - (Integral[\I\], I)->I is not applicable to an argument of type (I, I). - (Matrix[\T,s0,s1\], Matrix[\T,s0,s1\])->Matrix[\T,s0,s1\] is not applicable to an argument of type (I, I). - (NN32, NN32)->NN32 is not applicable to an argument of type (I, I). - (QQ, QQ)->QQ is not applicable to an argument of type (I, I). - (Vector[\T,s0\], Vector[\T,s0\])->Vector[\T,s0\] is not applicable to an argument of type (I, I). - [\T extends Number, I\](Array[\T,I\], T)->Array[\T,I\] is not applicable to an argument of type (I, I). - [\T extends Number, I\](T, Array[\T,I\])->Array[\T,I\] is not applicable to an argument of type (I, I). - [\T extends Number, nat n, nat m\](Matrix[\T,n,m\], Matrix[\T,n,m\])->Matrix[\T,n,m\] is not applicable to an argument of type (I, I). - [\T extends Number, nat n, nat m\](Vector[\T,n\], Vector[\T,n\])->Vector[\T,n\] is not applicable to an argument of type (I, I).
typecheck	-	typecheck	RangeInternals.fss:1418	Could not check call to function CompactFullParScalarRange - [\I\](I, I)->RangeInternals.CompactFullParScalarRange[\I\] is not applicable to an argument of type (IntLiteral, IntLiteral).
typecheck	-	typecheck	RangeInternals.fss:1412	Function body has type RangeInternals.Range3D[\I,J,K\], but declared return type is RangeInternals.FullRange3D[\I,J,K\].
typecheck	-	typecheck	RangeInternals.fss:1404	Function body has type RangeInternals.Range2D[\I,J\], but declared return type is RangeInternals.FullRange2D[\I,J\].
typecheck	-	typecheck	RangeInternals.fss:1396	Function body has type RangeInternals.ScalarRange[\I\], but declared return type is RangeInternals.FullScalarRange[\I\].
typecheck	-	typecheck	RangeInternals.fss:1391	Function body has type RangeInternals.FullRange3D[\I,J,K\], but declared return type is RangeInternals.StridedFullRange3D[\I,J,K\].
typecheck	-	typecheck	RangeInternals.fss:1389	Could not check method invocation RangeInternals.StridedFullRange3D[\I,J,K\].recombine - (RangeInternals.FullScalarRange[\I\], RangeInternals.FullScalarRange[\J\], RangeInternals.FullScalarRange[\K\])->RangeInternals.FullRange3D[\I,J,K\] is not applicable to an argument of type (Range[\I\], Range[\J\], Range[\K\]). - (RangeInternals.FullScalarRange[\I\], RangeInternals.FullScalarRange[\J\], RangeInternals.FullScalarRange[\K\])->RangeInternals.StridedFullRange3D[\I,J,K\] is not applicable to an argument of type (Range[\I\], Range[\J\], Range[\K\]).
typecheck	-	typecheck	RangeInternals.fss:1378	Could not check method invocation Generator[\(I, J, K)\].map - [\(I, J, K)\](I, J, K)->(I, J, K)->Generator[\(I, J, K)\] is not applicable to any type of the form _->_.
typecheck	-	typecheck	RangeInternals.fss:1372	Could not check call to function CompactFullRange3D - [\I, J, K\](I, J, K, I, J, K)->RangeInternals.CompactFullRange3D[\I,J,K\] is not applicable to an argument of type (IntLiteral, IntLiteral, IntLiteral, I, J, K).
typecheck	-	typecheck	RangeInternals.fss:1359	Could not check call to operator + - ((NN64 & {UnsignedLong}), NN64)->NN64 is not applicable to an argument of type (J, (I, J)). - ((RR64 & {Float, FloatLiteral, RR32}), RR64)->RR64 is not applicable to an argument of type (J, (I, J)). - ((ZZ32 & {Int, IntLiteral}), ZZ32)->ZZ32 is not applicable to an argument of type (J, (I, J)). - ((ZZ64 & {Long}), ZZ64)->ZZ64 is not applicable to an argument of type (J, (I, J)). - (AdditiveGroup[\T\], T)->T is not applicable to an argument of type (J, (I, J)). - (Integral[\I\], I)->I is not applicable to an argument of type (J, (I, J)). - (Matrix[\T,s0,s1\], Matrix[\T,s0,s1\])->Matrix[\T,s0,s1\] is not applicable to an argument of type (J, (I, J)). - (NN32, NN32)->NN32 is not applicable to an argument of type (J, (I, J)). - (QQ, QQ)->QQ is not applicable to an argument of type (J, (I, J)). - (Vector[\T,s0\], Vector[\T,s0\])->Vector[\T,s0\] is not applicable to an argument of type (J, (I, J)). - [\T extends Number, I\](Array[\T,I\], T)->Array[\T,I\] is not applicable to an argument of type (J, (I, J)). - [\T extends Number, I\](T, Array[\T,I\])->Array[\T,I\] is not applicable to an argument of type (J, (I, J)). - [\T extends Number, nat n, nat m\](Matrix[\T,n,m\], Matrix[\T,n,m\])->Matrix[\T,n,m\] is not applicable to an argument of type (J, (I, J)). - [\T extends Number, nat n, nat m\](Vector[\T,n\], Vector[\T,n\])->Vector[\T,n\] is not applicable to an argument of type (J, (I, J)).
typecheck	-	typecheck	RangeInternals.fss:1359	Could not check call to operator + - ((NN64 & {UnsignedLong}), NN64)->NN64 is not applicable to an argument of type (I, (I, J)). - ((RR64 & {Float, FloatLiteral, RR32}), RR64)->RR64 is not applicable to an argument of type (I, (I, J)). - ((ZZ32 & {Int, IntLiteral}), ZZ32)->ZZ32 is not applicable to an argument of type (I, (I, J)). - ((ZZ64 & {Long}), ZZ64)->ZZ64 is not applicable to an argument of type (I, (I, J)). - (AdditiveGroup[\T\], T)->T is not applicable to an argument of type (I, (I, J)). - (Integral[\I\], I)->I is not applicable to an argument of type (I, (I, J)). - (Matrix[\T,s0,s1\], Matrix[\T,s0,s1\])->Matrix[\T,s0,s1\] is not applicable to an argument of type (I, (I, J)). - (NN32, NN32)->NN32 is not applicable to an argument of type (I, (I, J)). - (QQ, QQ)->QQ is not applicable to an argument of type (I, (I, J)). - (Vector[\T,s0\], Vector[\T,s0\])->Vector[\T,s0\] is not applicable to an argument of type (I, (I, J)). - [\T extends Number, I\](Array[\T,I\], T)->Array[\T,I\] is not applicable to an argument of type (I, (I, J)). - [\T extends Number, I\](T, Array[\T,I\])->Array[\T,I\] is not applicable to an argument of type (I, (I, J)). - [\T extends Number, nat n, nat m\](Matrix[\T,n,m\], Matrix[\T,n,m\])->Matrix[\T,n,m\] is not applicable to an argument of type (I, (I, J)). - [\T extends Number, nat n, nat m\](Vector[\T,n\], Vector[\T,n\])->Vector[\T,n\] is not applicable to an argument of type (I, (I, J)).
typecheck	-	typecheck	RangeInternals.fss:1355	Could not check call to operator - - ((NN64 & {UnsignedLong}), NN64)->NN64 is not applicable to an argument of type (J, (I, J)). - ((RR64 & {Float, FloatLiteral, RR32}), RR64)->RR64 is not applicable to an argument of type (J, (I, J)). - ((ZZ32 & {Int, IntLiteral}), ZZ32)->ZZ32 is not applicable to an argument of type (J, (I, J)). - ((ZZ64 & {Long}), ZZ64)->ZZ64 is not applicable to an argument of type (J, (I, J)). - (AdditiveGroup[\T\], T)->T is not applicable to an argument of type (J, (I, J)). - (Integral[\I\], I)->I is not applicable to an argument of type (J, (I, J)). - (Matrix[\T,s0,s1\], Matrix[\T,s0,s1\])->Matrix[\T,s0,s1\] is not applicable to an argument of type (J, (I, J)). - (NN32, NN32)->NN32 is not applicable to an argument of type (J, (I, J)). - (QQ, QQ)->QQ is not applicable to an argument of type (J, (I, J)). - (Vector[\T,s0\], Vector[\T,s0\])->Vector[\T,s0\] is not applicable to an argument of type (J, (I, J)). - [\T extends Number, I\](Array[\T,I\], T)->Array[\T,I\] is not applicable to an argument of type (J, (I, J)). - [\T extends Number, I\](T, Array[\T,I\])->Array[\T,I\] is not applicable to an argument of type (J, (I, J)). - [\T extends Number, nat n, nat m\](Matrix[\T,n,m\], Matrix[\T,n,m\])->Matrix[\T,n,m\] is not applicable to an argument of type (J, (I, J)). - [\T extends Number, nat n, nat m\](Vector[\T,n\], Vector[\T,n\])->Vector[\T,n\] is not applicable to an argument of type (J, (I, J)).
typecheck	-	typecheck	RangeInternals.fss:1355	Could not check call to operator - - ((NN64 & {UnsignedLong}), NN64)->NN64 is not applicable to an argument of type (I, (I, J)). - ((RR64 & {Float, FloatLiteral, RR32}), RR64)->RR64 is not applicable to an argument of type (I, (I, J)). - ((ZZ32 & {Int, IntLiteral}), ZZ32)->ZZ32 is not applicable to an argument of type (I, (I, J)). - ((ZZ64 & {Long}), ZZ64)->ZZ64 is not applicable to an argument of type (I, (I, J)). - (AdditiveGroup[\T\], T)->T is not applicable to an argument of type (I, (I, J)). - (Integral[\I\], I)->I is not applicable to an argument of type (I, (I, J)). - (Matrix[\T,s0,s1\], Matrix[\T,s0,s1\])->Matrix[\T,s0,s1\] is not applicable to an argument of type (I, (I, J)). - (NN32, NN32)->NN32 is not applicable to an argument of type (I, (I, J)). - (QQ, QQ)->QQ is not applicable to an argument of type (I, (I, J)). - (Vector[\T,s0\], Vector[\T,s0\])->Vector[\T,s0\] is not applicable to an argument of type (I, (I, J)). - [\T extends Number, I\](Array[\T,I\], T)->Array[\T,I\] is not applicable to an argument of type (I, (I, J)). - [\T extends Number, I\](T, Array[\T,I\])->Array[\T,I\] is not applicable to an argument of type (I, (I, J)). - [\T extends Number, nat n, nat m\](Matrix[\T,n,m\], Matrix[\T,n,m\])->Matrix[\T,n,m\] is not applicable to an argument of type (I, (I, J)). - [\T extends Number, nat n, nat m\](Vector[\T,n\], Vector[\T,n\])->Vector[\T,n\] is not applicable to an argument of type (I, (I, J)).
typecheck	-	typecheck	RangeInternals.fss:1352	Function body has type RangeInternals.FullRange2D[\I,J\], but declared return type is RangeInternals.StridedFullRange2D[\I,J\].
typecheck	-	typecheck	RangeInternals.fss:1350	Could not check method invocation RangeInternals.StridedFullRange2D[\I,J\].recombine - (RangeInternals.FullScalarRange[\I\], RangeInternals.FullScalarRange[\J\])->RangeInternals.FullRange2D[\I,J\] is not applicable to an argument of type (Range[\I\], Range[\J\]). - (RangeInternals.FullScalarRange[\I\], RangeInternals.FullScalarRange[\J\])->RangeInternals.StridedFullRange2D[\I,J\] is not applicable to an argument of type (Range[\I\], Range[\J\]).
typecheck	-	typecheck	RangeInternals.fss:1341	Could not check method invocation Generator[\(I, J)\].map - [\(I, J)\](I, J)->(I, J)->Generator[\(I, J)\] is not applicable to any type of the form _->_.
typecheck	-	typecheck	RangeInternals.fss:1337	Could not check call to function CompactFullRange2D - [\I, J\](I, J, I, J)->RangeInternals.CompactFullRange2D[\I,J\] is not applicable to an argument of type (IntLiteral, IntLiteral, I, J).
typecheck	-	typecheck	RangeInternals.fss:1310	Filter expressions in generator clauses must have type Boolean, but OpExpr at RangeInternals.fss:1310.12 was not well typed.
typecheck	-	typecheck	RangeInternals.fss:1310	Could not check call to operator > - ((RR64 & {Float, FloatLiteral, RR32}), RR64)->Boolean is not applicable to an argument of type (I, IntLiteral). - ((ZZ64 & {Long}), ZZ64)->Boolean is not applicable to an argument of type (I, IntLiteral). - (IntLiteral, IntLiteral)->Boolean is not applicable to an argument of type (I, IntLiteral). - (QQ, QQ)->Boolean is not applicable to an argument of type (I, IntLiteral). - (StandardPartialOrder[\T\], T)->Boolean is not applicable to an argument of type (I, IntLiteral). - [\A, B, C\]((A, B, C), (A, B, C))->Boolean is not applicable to an argument of type (I, IntLiteral). - [\A, B\]((A, B), (A, B))->Boolean is not applicable to an argument of type (I, IntLiteral).
typecheck	-	typecheck	RangeInternals.fss:1294	Filter expressions in generator clauses must have type Boolean, but OpExpr at RangeInternals.fss:1294.12 was not well typed.
typecheck	-	typecheck	RangeInternals.fss:1294	Could not check call to operator > - ((RR64 & {Float, FloatLiteral, RR32}), RR64)->Boolean is not applicable to an argument of type (I, IntLiteral). - ((ZZ64 & {Long}), ZZ64)->Boolean is not applicable to an argument of type (I, IntLiteral). - (IntLiteral, IntLiteral)->Boolean is not applicable to an argument of type (I, IntLiteral). - (QQ, QQ)->Boolean is not applicable to an argument of type (I, IntLiteral). - (StandardPartialOrder[\T\], T)->Boolean is not applicable to an argument of type (I, IntLiteral). - [\A, B, C\]((A, B, C), (A, B, C))->Boolean is not applicable to an argument of type (I, IntLiteral). - [\A, B\]((A, B), (A, B))->Boolean is not applicable to an argument of type (I, IntLiteral).
typecheck	-	typecheck	RangeInternals.fss:1290	Could not check call to function StridedFullSeqScalarRange - [\I\](I, I, I)->RangeInternals.StridedFullSeqScalarRange[\I\] is not applicable to an argument of type (I, I).
typecheck	-	typecheck	RangeInternals.fss:1265	Could not check call to operator ? - ((NN64 & {UnsignedLong}), NN64)->NN64 is not applicable to an argument of type (I, IntLiteral). - ((ZZ32 & {Int, IntLiteral}), ZZ32)->ZZ32 is not applicable to an argument of type (I, IntLiteral). - ((ZZ64 & {Long}), ZZ64)->ZZ64 is not applicable to an argument of type (I, IntLiteral). - (Integral[\I\], I)->I is not applicable to an argument of type (I, IntLiteral). - (NN32, NN32)->NN32 is not applicable to an argument of type (I, IntLiteral).
typecheck	-	typecheck	RangeInternals.fss:1241	Could not check call to operator ? - ((NN64 & {UnsignedLong}), NN64)->NN64 is not applicable to an argument of type (I, IntLiteral). - ((ZZ32 & {Int, IntLiteral}), ZZ32)->ZZ32 is not applicable to an argument of type (I, IntLiteral). - ((ZZ64 & {Long}), ZZ64)->ZZ64 is not applicable to an argument of type (I, IntLiteral). - (Integral[\I\], I)->I is not applicable to an argument of type (I, IntLiteral). - (NN32, NN32)->NN32 is not applicable to an argument of type (I, IntLiteral).
typecheck	-	typecheck	RangeInternals.fss:1232	Filter expressions in generator clauses must have type Boolean, but OpExpr at RangeInternals.fss:1232.12 was not well typed.
typecheck	-	typecheck	RangeInternals.fss:1232	Could not check call to operator > - ((RR64 & {Float, FloatLiteral, RR32}), RR64)->Boolean is not applicable to an argument of type (I, IntLiteral). - ((ZZ64 & {Long}), ZZ64)->Boolean is not applicable to an argument of type (I, IntLiteral). - (IntLiteral, IntLiteral)->Boolean is not applicable to an argument of type (I, IntLiteral). - (QQ, QQ)->Boolean is not applicable to an argument of type (I, IntLiteral). - (StandardPartialOrder[\T\], T)->Boolean is not applicable to an argument of type (I, IntLiteral). - [\A, B, C\]((A, B, C), (A, B, C))->Boolean is not applicable to an argument of type (I, IntLiteral). - [\A, B\]((A, B), (A, B))->Boolean is not applicable to an argument of type (I, IntLiteral).
typecheck	-	typecheck	RangeInternals.fss:1220	Could not check call to operator ? - ((NN64 & {UnsignedLong}), NN64)->NN64 is not applicable to an argument of type (I, IntLiteral). - ((ZZ32 & {Int, IntLiteral}), ZZ32)->ZZ32 is not applicable to an argument of type (I, IntLiteral). - ((ZZ64 & {Long}), ZZ64)->ZZ64 is not applicable to an argument of type (I, IntLiteral). - (Integral[\I\], I)->I is not applicable to an argument of type (I, IntLiteral). - (NN32, NN32)->NN32 is not applicable to an argument of type (I, IntLiteral).
typecheck	-	typecheck	RangeInternals.fss:1200	Could not check call to operator ? - ((NN64 & {UnsignedLong}), NN64)->NN64 is not applicable to an argument of type (I, IntLiteral). - ((ZZ32 & {Int, IntLiteral}), ZZ32)->ZZ32 is not applicable to an argument of type (I, IntLiteral). - ((ZZ64 & {Long}), ZZ64)->ZZ64 is not applicable to an argument of type (I, IntLiteral). - (Integral[\I\], I)->I is not applicable to an argument of type (I, IntLiteral). - (NN32, NN32)->NN32 is not applicable to an argument of type (I, IntLiteral).
typecheck	-	typecheck	RangeInternals.fss:1191	Filter expressions in generator clauses must have type Boolean, but OpExpr at RangeInternals.fss:1191.12 was not well typed.
typecheck	-	typecheck	RangeInternals.fss:1191	Could not check call to operator > - ((RR64 & {Float, FloatLiteral, RR32}), RR64)->Boolean is not applicable to an argument of type (I, IntLiteral). - ((ZZ64 & {Long}), ZZ64)->Boolean is not applicable to an argument of type (I, IntLiteral). - (IntLiteral, IntLiteral)->Boolean is not applicable to an argument of type (I, IntLiteral). - (QQ, QQ)->Boolean is not applicable to an argument of type (I, IntLiteral). - (StandardPartialOrder[\T\], T)->Boolean is not applicable to an argument of type (I, IntLiteral). - [\A, B, C\]((A, B, C), (A, B, C))->Boolean is not applicable to an argument of type (I, IntLiteral). - [\A, B\]((A, B), (A, B))->Boolean is not applicable to an argument of type (I, IntLiteral).
typecheck	-	typecheck	RangeInternals.fss:1180	Filter expressions in generator clauses must have type Boolean, but OpExpr at RangeInternals.fss:1180.12 was not well typed.
typecheck	-	typecheck	RangeInternals.fss:1180	Could not check call to operator < - ((NN64 & {UnsignedLong}), NN64)->Boolean is not applicable to an argument of type (I, IntLiteral). - ((RR64 & {Float, FloatLiteral, RR32}), RR64)->Boolean is not applicable to an argument of type (I, IntLiteral). - ((ZZ32 & {Int, IntLiteral}), ZZ32)->Boolean is not applicable to an argument of type (I, IntLiteral). - ((ZZ64 & {Long}), ZZ64)->Boolean is not applicable to an argument of type (I, IntLiteral). - (Char, Char)->Boolean is not applicable to an argument of type (I, IntLiteral). - (EqualTo, LessThan)->Boolean is not applicable to an argument of type (I, IntLiteral). - (EqualTo, TotalComparison)->Boolean is not applicable to an argument of type (I, IntLiteral). - (GreaterThan, TotalComparison)->Boolean is not applicable to an argument of type (I, IntLiteral). - (IntLiteral, IntLiteral)->Boolean is not applicable to an argument of type (I, IntLiteral). - (LessThan, LessThan)->Boolean is not applicable to an argument of type (I, IntLiteral). - (LessThan, TotalComparison)->Boolean is not applicable to an argument of type (I, IntLiteral). - (NN32, NN32)->Boolean is not applicable to an argument of type (I, IntLiteral). - (QQ, QQ)->Boolean is not applicable to an argument of type (I, IntLiteral). - (StandardPartialOrder[\T\], T)->Boolean is not applicable to an argument of type (I, IntLiteral). - (Unordered, Comparison)->Boolean is not applicable to an argument of type (I, IntLiteral). - [\A, B, C\]((A, B, C), (A, B, C))->Boolean is not applicable to an argument of type (I, IntLiteral). - [\A, B\]((A, B), (A, B))->Boolean is not applicable to an argument of type (I, IntLiteral).
typecheck	-	typecheck	RangeInternals.fss:1176	Filter expressions in generator clauses must have type Boolean, but OpExpr at RangeInternals.fss:1176.13 was not well typed.
typecheck	-	typecheck	RangeInternals.fss:1176	Could not check call to operator > - ((RR64 & {Float, FloatLiteral, RR32}), RR64)->Boolean is not applicable to an argument of type (I, IntLiteral). - ((ZZ64 & {Long}), ZZ64)->Boolean is not applicable to an argument of type (I, IntLiteral). - (IntLiteral, IntLiteral)->Boolean is not applicable to an argument of type (I, IntLiteral). - (QQ, QQ)->Boolean is not applicable to an argument of type (I, IntLiteral). - (StandardPartialOrder[\T\], T)->Boolean is not applicable to an argument of type (I, IntLiteral). - [\A, B, C\]((A, B, C), (A, B, C))->Boolean is not applicable to an argument of type (I, IntLiteral). - [\A, B\]((A, B), (A, B))->Boolean is not applicable to an argument of type (I, IntLiteral).
typecheck	-	typecheck	RangeInternals.fss:1168	Could not check method invocation RangeInternals.StridedFullScalarRange[\I\].map - [\I\]I->I->Generator[\I\] is not applicable to an argument of type I->(I, I). - [\I\]I->I->Indexed[\I,I\] is not applicable to an argument of type I->(I, I).
typecheck	-	typecheck	RangeInternals.fss:1168	Function body has type I, but declared return type is (I, I).
typecheck	-	typecheck	RangeInternals.fss:1163	Filter expressions in generator clauses must have type Boolean, but OpExpr at RangeInternals.fss:1163.12 was not well typed.
typecheck	-	typecheck	RangeInternals.fss:1163	Could not check call to operator > - ((RR64 & {Float, FloatLiteral, RR32}), RR64)->Boolean is not applicable to an argument of type (I, IntLiteral). - ((ZZ64 & {Long}), ZZ64)->Boolean is not applicable to an argument of type (I, IntLiteral). - (IntLiteral, IntLiteral)->Boolean is not applicable to an argument of type (I, IntLiteral). - (QQ, QQ)->Boolean is not applicable to an argument of type (I, IntLiteral). - (StandardPartialOrder[\T\], T)->Boolean is not applicable to an argument of type (I, IntLiteral). - [\A, B, C\]((A, B, C), (A, B, C))->Boolean is not applicable to an argument of type (I, IntLiteral). - [\A, B\]((A, B), (A, B))->Boolean is not applicable to an argument of type (I, IntLiteral).
typecheck	-	typecheck	RangeInternals.fss:1158	Could not check call to operator + - ((NN64 & {UnsignedLong}), NN64)->NN64 is not applicable to an argument of type (I, IntLiteral). - ((RR64 & {Float, FloatLiteral, RR32}), RR64)->RR64 is not applicable to an argument of type (I, IntLiteral). - ((ZZ32 & {Int, IntLiteral}), ZZ32)->ZZ32 is not applicable to an argument of type (I, IntLiteral). - ((ZZ64 & {Long}), ZZ64)->ZZ64 is not applicable to an argument of type (I, IntLiteral). - (AdditiveGroup[\T\], T)->T is not applicable to an argument of type (I, IntLiteral). - (Integral[\I\], I)->I is not applicable to an argument of type (I, IntLiteral). - (Matrix[\T,s0,s1\], Matrix[\T,s0,s1\])->Matrix[\T,s0,s1\] is not applicable to an argument of type (I, IntLiteral). - (NN32, NN32)->NN32 is not applicable to an argument of type (I, IntLiteral). - (QQ, QQ)->QQ is not applicable to an argument of type (I, IntLiteral). - (Vector[\T,s0\], Vector[\T,s0\])->Vector[\T,s0\] is not applicable to an argument of type (I, IntLiteral). - [\T extends Number, I\](Array[\T,I\], T)->Array[\T,I\] is not applicable to an argument of type (I, IntLiteral). - [\T extends Number, I\](T, Array[\T,I\])->Array[\T,I\] is not applicable to an argument of type (I, IntLiteral). - [\T extends Number, nat n, nat m\](Matrix[\T,n,m\], Matrix[\T,n,m\])->Matrix[\T,n,m\] is not applicable to an argument of type (I, IntLiteral). - [\T extends Number, nat n, nat m\](Vector[\T,n\], Vector[\T,n\])->Vector[\T,n\] is not applicable to an argument of type (I, IntLiteral).
typecheck	-	typecheck	RangeInternals.fss:1134	Function body has type (IntLiteral, IntLiteral, IntLiteral), but declared return type is (I, J, K).
typecheck	-	typecheck	RangeInternals.fss:1133	Could not check method invocation Generator[\(I, J, K)\].map - [\(I, J, K)\](I, J, K)->(I, J, K)->Generator[\(I, J, K)\] is not applicable to any type of the form _->_.
typecheck	-	typecheck	RangeInternals.fss:1129	Could not check call to function CompactFullRange3D - [\I, J, K\](I, J, K, I, J, K)->RangeInternals.CompactFullRange3D[\I,J,K\] is not applicable to an argument of type (IntLiteral, IntLiteral, I, J).
typecheck	-	typecheck	RangeInternals.fss:1101	Function body has type (IntLiteral, IntLiteral), but declared return type is (I, J).
typecheck	-	typecheck	RangeInternals.fss:1100	Could not check method invocation Generator[\(I, J)\].map - [\(I, J)\](I, J)->(I, J)->Generator[\(I, J)\] is not applicable to any type of the form _->_.
typecheck	-	typecheck	RangeInternals.fss:1096	Could not check call to function CompactFullRange2D - [\I, J\](I, J, I, J)->RangeInternals.CompactFullRange2D[\I,J\] is not applicable to an argument of type (IntLiteral, IntLiteral, I, J).
typecheck	-	typecheck	RangeInternals.fss:1081	Could not check call to operator + - ((NN64 & {UnsignedLong}), NN64)->NN64 is not applicable to an argument of type (I, IntLiteral). - ((RR64 & {Float, FloatLiteral, RR32}), RR64)->RR64 is not applicable to an argument of type (I, IntLiteral). - ((ZZ32 & {Int, IntLiteral}), ZZ32)->ZZ32 is not applicable to an argument of type (I, IntLiteral). - ((ZZ64 & {Long}), ZZ64)->ZZ64 is not applicable to an argument of type (I, IntLiteral). - (AdditiveGroup[\T\], T)->T is not applicable to an argument of type (I, IntLiteral). - (Integral[\I\], I)->I is not applicable to an argument of type (I, IntLiteral). - (Matrix[\T,s0,s1\], Matrix[\T,s0,s1\])->Matrix[\T,s0,s1\] is not applicable to an argument of type (I, IntLiteral). - (NN32, NN32)->NN32 is not applicable to an argument of type (I, IntLiteral). - (QQ, QQ)->QQ is not applicable to an argument of type (I, IntLiteral). - (Vector[\T,s0\], Vector[\T,s0\])->Vector[\T,s0\] is not applicable to an argument of type (I, IntLiteral). - [\T extends Number, I\](Array[\T,I\], T)->Array[\T,I\] is not applicable to an argument of type (I, IntLiteral). - [\T extends Number, I\](T, Array[\T,I\])->Array[\T,I\] is not applicable to an argument of type (I, IntLiteral). - [\T extends Number, nat n, nat m\](Matrix[\T,n,m\], Matrix[\T,n,m\])->Matrix[\T,n,m\] is not applicable to an argument of type (I, IntLiteral). - [\T extends Number, nat n, nat m\](Vector[\T,n\], Vector[\T,n\])->Vector[\T,n\] is not applicable to an argument of type (I, IntLiteral).
typecheck	-	typecheck	RangeInternals.fss:1073	Could not check call to operator + - ((NN64 & {UnsignedLong}), NN64)->NN64 is not applicable to an argument of type (I, IntLiteral). - ((RR64 & {Float, FloatLiteral, RR32}), RR64)->RR64 is not applicable to an argument of type (I, IntLiteral). - ((ZZ32 & {Int, IntLiteral}), ZZ32)->ZZ32 is not applicable to an argument of type (I, IntLiteral). - ((ZZ64 & {Long}), ZZ64)->ZZ64 is not applicable to an argument of type (I, IntLiteral). - (AdditiveGroup[\T\], T)->T is not applicable to an argument of type (I, IntLiteral). - (Integral[\I\], I)->I is not applicable to an argument of type (I, IntLiteral). - (Matrix[\T,s0,s1\], Matrix[\T,s0,s1\])->Matrix[\T,s0,s1\] is not applicable to an argument of type (I, IntLiteral). - (NN32, NN32)->NN32 is not applicable to an argument of type (I, IntLiteral). - (QQ, QQ)->QQ is not applicable to an argument of type (I, IntLiteral). - (Vector[\T,s0\], Vector[\T,s0\])->Vector[\T,s0\] is not applicable to an argument of type (I, IntLiteral). - [\T extends Number, I\](Array[\T,I\], T)->Array[\T,I\] is not applicable to an argument of type (I, IntLiteral). - [\T extends Number, I\](T, Array[\T,I\])->Array[\T,I\] is not applicable to an argument of type (I, IntLiteral). - [\T extends Number, nat n, nat m\](Matrix[\T,n,m\], Matrix[\T,n,m\])->Matrix[\T,n,m\] is not applicable to an argument of type (I, IntLiteral). - [\T extends Number, nat n, nat m\](Vector[\T,n\], Vector[\T,n\])->Vector[\T,n\] is not applicable to an argument of type (I, IntLiteral).
typecheck	-	typecheck	RangeInternals.fss:1045	Could not check call to operator ? - ((NN64 & {UnsignedLong}), NN64)->NN64 is not applicable to an argument of type (I, IntLiteral). - ((ZZ32 & {Int, IntLiteral}), ZZ32)->ZZ32 is not applicable to an argument of type (I, IntLiteral). - ((ZZ64 & {Long}), ZZ64)->ZZ64 is not applicable to an argument of type (I, IntLiteral). - (Integral[\I\], I)->I is not applicable to an argument of type (I, IntLiteral). - (NN32, NN32)->NN32 is not applicable to an argument of type (I, IntLiteral).
typecheck	-	typecheck	RangeInternals.fss:1030	Could not check call to operator ? - ((NN64 & {UnsignedLong}), NN64)->NN64 is not applicable to an argument of type (I, IntLiteral). - ((ZZ32 & {Int, IntLiteral}), ZZ32)->ZZ32 is not applicable to an argument of type (I, IntLiteral). - ((ZZ64 & {Long}), ZZ64)->ZZ64 is not applicable to an argument of type (I, IntLiteral). - (Integral[\I\], I)->I is not applicable to an argument of type (I, IntLiteral). - (NN32, NN32)->NN32 is not applicable to an argument of type (I, IntLiteral).
typecheck	-	typecheck	RangeInternals.fss:1010	Could not check call to operator : - [\I extends AnyIntegral, J extends AnyIntegral, K extends AnyIntegral\]((I, J, K), (I, J, K))->CompactFullRange[\(I, J, K)\] is not applicable to an argument of type (I, I). - [\I extends AnyIntegral, J extends AnyIntegral\]((I, J), (I, J))->CompactFullRange[\(I, J)\] is not applicable to an argument of type (I, I). - [\I extends AnyIntegral\](I, I)->CompactFullRange[\I\] is not applicable to an argument of type (I, I). - [\I\](Range[\I\], I)->Range[\I\] is not applicable to an argument of type (I, I).
typecheck	-	typecheck	RangeInternals.fss:1008	Could not check call to operator : - [\I extends AnyIntegral, J extends AnyIntegral, K extends AnyIntegral\]((I, J, K), (I, J, K))->CompactFullRange[\(I, J, K)\] is not applicable to an argument of type (I, I). - [\I extends AnyIntegral, J extends AnyIntegral\]((I, J), (I, J))->CompactFullRange[\(I, J)\] is not applicable to an argument of type (I, I). - [\I extends AnyIntegral\](I, I)->CompactFullRange[\I\] is not applicable to an argument of type (I, I). - [\I\](Range[\I\], I)->Range[\I\] is not applicable to an argument of type (I, I).
typecheck	-	typecheck	RangeInternals.fss:999	Could not check method invocation RangeInternals.CompactFullScalarRange[\I\].map - [\I\]I->I->Generator[\I\] is not applicable to an argument of type I->(I, I). - [\I\]I->I->Indexed[\I,I\] is not applicable to an argument of type I->(I, I).
typecheck	-	typecheck	RangeInternals.fss:999	Function body has type I, but declared return type is (I, I).
typecheck	-	typecheck	RangeInternals.fss:989	Could not check call to operator + - ((NN64 & {UnsignedLong}), NN64)->NN64 is not applicable to an argument of type (I, IntLiteral). - ((RR64 & {Float, FloatLiteral, RR32}), RR64)->RR64 is not applicable to an argument of type (I, IntLiteral). - ((ZZ32 & {Int, IntLiteral}), ZZ32)->ZZ32 is not applicable to an argument of type (I, IntLiteral). - ((ZZ64 & {Long}), ZZ64)->ZZ64 is not applicable to an argument of type (I, IntLiteral). - (AdditiveGroup[\T\], T)->T is not applicable to an argument of type (I, IntLiteral). - (Integral[\I\], I)->I is not applicable to an argument of type (I, IntLiteral). - (Matrix[\T,s0,s1\], Matrix[\T,s0,s1\])->Matrix[\T,s0,s1\] is not applicable to an argument of type (I, IntLiteral). - (NN32, NN32)->NN32 is not applicable to an argument of type (I, IntLiteral). - (QQ, QQ)->QQ is not applicable to an argument of type (I, IntLiteral). - (Vector[\T,s0\], Vector[\T,s0\])->Vector[\T,s0\] is not applicable to an argument of type (I, IntLiteral). - [\T extends Number, I\](Array[\T,I\], T)->Array[\T,I\] is not applicable to an argument of type (I, IntLiteral). - [\T extends Number, I\](T, Array[\T,I\])->Array[\T,I\] is not applicable to an argument of type (I, IntLiteral). - [\T extends Number, nat n, nat m\](Matrix[\T,n,m\], Matrix[\T,n,m\])->Matrix[\T,n,m\] is not applicable to an argument of type (I, IntLiteral). - [\T extends Number, nat n, nat m\](Vector[\T,n\], Vector[\T,n\])->Vector[\T,n\] is not applicable to an argument of type (I, IntLiteral).
typecheck	-	typecheck	RangeInternals.fss:985	Function body has type IntLiteral, but declared return type is I.
typecheck	-	typecheck	RangeInternals.fss:964	Could not check call to function fullRange3D - [\I, J, K\](I, J, K, I, J, K, I, J, K)->RangeInternals.FullRange3D[\I,J,K\] is not applicable to an argument of type (I, J, K, I, J, K).
typecheck	-	typecheck	RangeInternals.fss:952	(I, J, K) has no getter called get
typecheck	-	typecheck	RangeInternals.fss:946	Function body has type Generator[\(I, J, K)\], but declared return type is Generator[\(I, J)\].
typecheck	-	typecheck	RangeInternals.fss:941	Could not check call to function Just - [\(I, J, K)\](I, J, K)->Just[\(I, J, K)\] is not applicable to an argument of type (ZZ32, ZZ32, ZZ32).
typecheck	-	typecheck	RangeInternals.fss:917	Could not check call to function fullRange2D - [\I, J\](I, J, I, J, I, J)->RangeInternals.FullRange2D[\I,J\] is not applicable to an argument of type (I, J, I, J).
typecheck	-	typecheck	RangeInternals.fss:906	(I, J) has no getter called get
typecheck	-	typecheck	RangeInternals.fss:899	Could not check call to function Just - [\(I, J)\](I, J)->Just[\(I, J)\] is not applicable to an argument of type (ZZ32, ZZ32).
typecheck	-	typecheck	RangeInternals.fss:870	Function body has type RangeInternals.BoundedScalarRange[\I\], but declared return type is RangeInternals.FullScalarRange[\I\].
typecheck	-	typecheck	RangeInternals.fss:857	Could not check call to operator + - ((NN64 & {UnsignedLong}), NN64)->NN64 is not applicable to an argument of type (I, IntLiteral). - ((RR64 & {Float, FloatLiteral, RR32}), RR64)->RR64 is not applicable to an argument of type (I, IntLiteral). - ((ZZ32 & {Int, IntLiteral}), ZZ32)->ZZ32 is not applicable to an argument of type (I, IntLiteral). - ((ZZ64 & {Long}), ZZ64)->ZZ64 is not applicable to an argument of type (I, IntLiteral). - (AdditiveGroup[\T\], T)->T is not applicable to an argument of type (I, IntLiteral). - (Integral[\I\], I)->I is not applicable to an argument of type (I, IntLiteral). - (Matrix[\T,s0,s1\], Matrix[\T,s0,s1\])->Matrix[\T,s0,s1\] is not applicable to an argument of type (I, IntLiteral). - (NN32, NN32)->NN32 is not applicable to an argument of type (I, IntLiteral). - (QQ, QQ)->QQ is not applicable to an argument of type (I, IntLiteral). - (Vector[\T,s0\], Vector[\T,s0\])->Vector[\T,s0\] is not applicable to an argument of type (I, IntLiteral). - [\T extends Number, I\](Array[\T,I\], T)->Array[\T,I\] is not applicable to an argument of type (I, IntLiteral). - [\T extends Number, I\](T, Array[\T,I\])->Array[\T,I\] is not applicable to an argument of type (I, IntLiteral). - [\T extends Number, nat n, nat m\](Matrix[\T,n,m\], Matrix[\T,n,m\])->Matrix[\T,n,m\] is not applicable to an argument of type (I, IntLiteral). - [\T extends Number, nat n, nat m\](Vector[\T,n\], Vector[\T,n\])->Vector[\T,n\] is not applicable to an argument of type (I, IntLiteral).
typecheck	-	typecheck	RangeInternals.fss:847	Could not check call to operator - - ((NN64 & {UnsignedLong}), NN64)->NN64 is not applicable to an argument of type (I, IntLiteral). - ((RR64 & {Float, FloatLiteral, RR32}), RR64)->RR64 is not applicable to an argument of type (I, IntLiteral). - ((ZZ32 & {Int, IntLiteral}), ZZ32)->ZZ32 is not applicable to an argument of type (I, IntLiteral). - ((ZZ64 & {Long}), ZZ64)->ZZ64 is not applicable to an argument of type (I, IntLiteral). - (AdditiveGroup[\T\], T)->T is not applicable to an argument of type (I, IntLiteral). - (Integral[\I\], I)->I is not applicable to an argument of type (I, IntLiteral). - (Matrix[\T,s0,s1\], Matrix[\T,s0,s1\])->Matrix[\T,s0,s1\] is not applicable to an argument of type (I, IntLiteral). - (NN32, NN32)->NN32 is not applicable to an argument of type (I, IntLiteral). - (QQ, QQ)->QQ is not applicable to an argument of type (I, IntLiteral). - (Vector[\T,s0\], Vector[\T,s0\])->Vector[\T,s0\] is not applicable to an argument of type (I, IntLiteral). - [\T extends Number, I\](Array[\T,I\], T)->Array[\T,I\] is not applicable to an argument of type (I, IntLiteral). - [\T extends Number, I\](T, Array[\T,I\])->Array[\T,I\] is not applicable to an argument of type (I, IntLiteral). - [\T extends Number, nat n, nat m\](Matrix[\T,n,m\], Matrix[\T,n,m\])->Matrix[\T,n,m\] is not applicable to an argument of type (I, IntLiteral). - [\T extends Number, nat n, nat m\](Vector[\T,n\], Vector[\T,n\])->Vector[\T,n\] is not applicable to an argument of type (I, IntLiteral).
typecheck	-	typecheck	RangeInternals.fss:844	Filter expressions in generator clauses must have type Boolean, but OpExpr at RangeInternals.fss:844.12 was not well typed.
typecheck	-	typecheck	RangeInternals.fss:844	Could not check call to operator >= - ((RR64 & {Float, FloatLiteral, RR32}), RR64)->Boolean is not applicable to an argument of type (I, IntLiteral). - ((TotalComparison & {LessThan, EqualTo, GreaterThan}), Comparison)->Boolean is not applicable to an argument of type (I, IntLiteral). - ((TotalComparison & {LessThan, EqualTo, GreaterThan}), Unordered)->Boolean is not applicable to an argument of type (I, IntLiteral). - ((ZZ64 & {Long}), ZZ64)->Boolean is not applicable to an argument of type (I, IntLiteral). - (IntLiteral, IntLiteral)->Boolean is not applicable to an argument of type (I, IntLiteral). - (QQ, QQ)->Boolean is not applicable to an argument of type (I, IntLiteral). - (StandardPartialOrder[\T\], T)->Boolean is not applicable to an argument of type (I, IntLiteral). - [\A, B, C\]((A, B, C), (A, B, C))->Boolean is not applicable to an argument of type (I, IntLiteral). - [\A, B\]((A, B), (A, B))->Boolean is not applicable to an argument of type (I, IntLiteral).
typecheck	-	typecheck	RangeInternals.fss:836	Filter expressions in generator clauses must have type Boolean, but OpExpr at RangeInternals.fss:836.13 was not well typed.
typecheck	-	typecheck	RangeInternals.fss:836	Could not check call to operator > - ((RR64 & {Float, FloatLiteral, RR32}), RR64)->Boolean is not applicable to an argument of type (I, IntLiteral). - ((ZZ64 & {Long}), ZZ64)->Boolean is not applicable to an argument of type (I, IntLiteral). - (IntLiteral, IntLiteral)->Boolean is not applicable to an argument of type (I, IntLiteral). - (QQ, QQ)->Boolean is not applicable to an argument of type (I, IntLiteral). - (StandardPartialOrder[\T\], T)->Boolean is not applicable to an argument of type (I, IntLiteral). - [\A, B, C\]((A, B, C), (A, B, C))->Boolean is not applicable to an argument of type (I, IntLiteral). - [\A, B\]((A, B), (A, B))->Boolean is not applicable to an argument of type (I, IntLiteral).
typecheck	-	typecheck	RangeInternals.fss:826	Filter expressions in generator clauses must have type Boolean, but OpExpr at RangeInternals.fss:826.12 was not well typed.
typecheck	-	typecheck	RangeInternals.fss:826	Could not check call to operator < - ((NN64 & {UnsignedLong}), NN64)->Boolean is not applicable to an argument of type (I, IntLiteral). - ((RR64 & {Float, FloatLiteral, RR32}), RR64)->Boolean is not applicable to an argument of type (I, IntLiteral). - ((ZZ32 & {Int, IntLiteral}), ZZ32)->Boolean is not applicable to an argument of type (I, IntLiteral). - ((ZZ64 & {Long}), ZZ64)->Boolean is not applicable to an argument of type (I, IntLiteral). - (Char, Char)->Boolean is not applicable to an argument of type (I, IntLiteral). - (EqualTo, LessThan)->Boolean is not applicable to an argument of type (I, IntLiteral). - (EqualTo, TotalComparison)->Boolean is not applicable to an argument of type (I, IntLiteral). - (GreaterThan, TotalComparison)->Boolean is not applicable to an argument of type (I, IntLiteral). - (IntLiteral, IntLiteral)->Boolean is not applicable to an argument of type (I, IntLiteral). - (LessThan, LessThan)->Boolean is not applicable to an argument of type (I, IntLiteral). - (LessThan, TotalComparison)->Boolean is not applicable to an argument of type (I, IntLiteral). - (NN32, NN32)->Boolean is not applicable to an argument of type (I, IntLiteral). - (QQ, QQ)->Boolean is not applicable to an argument of type (I, IntLiteral). - (StandardPartialOrder[\T\], T)->Boolean is not applicable to an argument of type (I, IntLiteral). - (Unordered, Comparison)->Boolean is not applicable to an argument of type (I, IntLiteral). - [\A, B, C\]((A, B, C), (A, B, C))->Boolean is not applicable to an argument of type (I, IntLiteral). - [\A, B\]((A, B), (A, B))->Boolean is not applicable to an argument of type (I, IntLiteral).
typecheck	-	typecheck	RangeInternals.fss:815	Could not check call to operator + - ((NN64 & {UnsignedLong}), NN64)->NN64 is not applicable to an argument of type (I, IntLiteral). - ((RR64 & {Float, FloatLiteral, RR32}), RR64)->RR64 is not applicable to an argument of type (I, IntLiteral). - ((ZZ32 & {Int, IntLiteral}), ZZ32)->ZZ32 is not applicable to an argument of type (I, IntLiteral). - ((ZZ64 & {Long}), ZZ64)->ZZ64 is not applicable to an argument of type (I, IntLiteral). - (AdditiveGroup[\T\], T)->T is not applicable to an argument of type (I, IntLiteral). - (Integral[\I\], I)->I is not applicable to an argument of type (I, IntLiteral). - (Matrix[\T,s0,s1\], Matrix[\T,s0,s1\])->Matrix[\T,s0,s1\] is not applicable to an argument of type (I, IntLiteral). - (NN32, NN32)->NN32 is not applicable to an argument of type (I, IntLiteral). - (QQ, QQ)->QQ is not applicable to an argument of type (I, IntLiteral). - (Vector[\T,s0\], Vector[\T,s0\])->Vector[\T,s0\] is not applicable to an argument of type (I, IntLiteral). - [\T extends Number, I\](Array[\T,I\], T)->Array[\T,I\] is not applicable to an argument of type (I, IntLiteral). - [\T extends Number, I\](T, Array[\T,I\])->Array[\T,I\] is not applicable to an argument of type (I, IntLiteral). - [\T extends Number, nat n, nat m\](Matrix[\T,n,m\], Matrix[\T,n,m\])->Matrix[\T,n,m\] is not applicable to an argument of type (I, IntLiteral). - [\T extends Number, nat n, nat m\](Vector[\T,n\], Vector[\T,n\])->Vector[\T,n\] is not applicable to an argument of type (I, IntLiteral).
typecheck	-	typecheck	RangeInternals.fss:812	Filter expressions in generator clauses must have type Boolean, but OpExpr at RangeInternals.fss:812.23 was not well typed.
typecheck	-	typecheck	RangeInternals.fss:812	Could not check call to operator < - ((NN64 & {UnsignedLong}), NN64)->Boolean is not applicable to an argument of type (I, IntLiteral). - ((RR64 & {Float, FloatLiteral, RR32}), RR64)->Boolean is not applicable to an argument of type (I, IntLiteral). - ((ZZ32 & {Int, IntLiteral}), ZZ32)->Boolean is not applicable to an argument of type (I, IntLiteral). - ((ZZ64 & {Long}), ZZ64)->Boolean is not applicable to an argument of type (I, IntLiteral). - (Char, Char)->Boolean is not applicable to an argument of type (I, IntLiteral). - (EqualTo, LessThan)->Boolean is not applicable to an argument of type (I, IntLiteral). - (EqualTo, TotalComparison)->Boolean is not applicable to an argument of type (I, IntLiteral). - (GreaterThan, TotalComparison)->Boolean is not applicable to an argument of type (I, IntLiteral). - (IntLiteral, IntLiteral)->Boolean is not applicable to an argument of type (I, IntLiteral). - (LessThan, LessThan)->Boolean is not applicable to an argument of type (I, IntLiteral). - (LessThan, TotalComparison)->Boolean is not applicable to an argument of type (I, IntLiteral). - (NN32, NN32)->Boolean is not applicable to an argument of type (I, IntLiteral). - (QQ, QQ)->Boolean is not applicable to an argument of type (I, IntLiteral). - (StandardPartialOrder[\T\], T)->Boolean is not applicable to an argument of type (I, IntLiteral). - (Unordered, Comparison)->Boolean is not applicable to an argument of type (I, IntLiteral). - [\A, B, C\]((A, B, C), (A, B, C))->Boolean is not applicable to an argument of type (I, IntLiteral). - [\A, B\]((A, B), (A, B))->Boolean is not applicable to an argument of type (I, IntLiteral).
typecheck	-	typecheck	RangeInternals.fss:809	Could not check call to operator + - ((NN64 & {UnsignedLong}), NN64)->NN64 is not applicable to an argument of type (I, IntLiteral). - ((RR64 & {Float, FloatLiteral, RR32}), RR64)->RR64 is not applicable to an argument of type (I, IntLiteral). - ((ZZ32 & {Int, IntLiteral}), ZZ32)->ZZ32 is not applicable to an argument of type (I, IntLiteral). - ((ZZ64 & {Long}), ZZ64)->ZZ64 is not applicable to an argument of type (I, IntLiteral). - (AdditiveGroup[\T\], T)->T is not applicable to an argument of type (I, IntLiteral). - (Integral[\I\], I)->I is not applicable to an argument of type (I, IntLiteral). - (Matrix[\T,s0,s1\], Matrix[\T,s0,s1\])->Matrix[\T,s0,s1\] is not applicable to an argument of type (I, IntLiteral). - (NN32, NN32)->NN32 is not applicable to an argument of type (I, IntLiteral). - (QQ, QQ)->QQ is not applicable to an argument of type (I, IntLiteral). - (Vector[\T,s0\], Vector[\T,s0\])->Vector[\T,s0\] is not applicable to an argument of type (I, IntLiteral). - [\T extends Number, I\](Array[\T,I\], T)->Array[\T,I\] is not applicable to an argument of type (I, IntLiteral). - [\T extends Number, I\](T, Array[\T,I\])->Array[\T,I\] is not applicable to an argument of type (I, IntLiteral). - [\T extends Number, nat n, nat m\](Matrix[\T,n,m\], Matrix[\T,n,m\])->Matrix[\T,n,m\] is not applicable to an argument of type (I, IntLiteral). - [\T extends Number, nat n, nat m\](Vector[\T,n\], Vector[\T,n\])->Vector[\T,n\] is not applicable to an argument of type (I, IntLiteral).
typecheck	-	typecheck	RangeInternals.fss:806	Filter expressions in generator clauses must have type Boolean, but OpExpr at RangeInternals.fss:806.23 was not well typed.
typecheck	-	typecheck	RangeInternals.fss:806	Could not check call to operator < - ((NN64 & {UnsignedLong}), NN64)->Boolean is not applicable to an argument of type (I, IntLiteral). - ((RR64 & {Float, FloatLiteral, RR32}), RR64)->Boolean is not applicable to an argument of type (I, IntLiteral). - ((ZZ32 & {Int, IntLiteral}), ZZ32)->Boolean is not applicable to an argument of type (I, IntLiteral). - ((ZZ64 & {Long}), ZZ64)->Boolean is not applicable to an argument of type (I, IntLiteral). - (Char, Char)->Boolean is not applicable to an argument of type (I, IntLiteral). - (EqualTo, LessThan)->Boolean is not applicable to an argument of type (I, IntLiteral). - (EqualTo, TotalComparison)->Boolean is not applicable to an argument of type (I, IntLiteral). - (GreaterThan, TotalComparison)->Boolean is not applicable to an argument of type (I, IntLiteral). - (IntLiteral, IntLiteral)->Boolean is not applicable to an argument of type (I, IntLiteral). - (LessThan, LessThan)->Boolean is not applicable to an argument of type (I, IntLiteral). - (LessThan, TotalComparison)->Boolean is not applicable to an argument of type (I, IntLiteral). - (NN32, NN32)->Boolean is not applicable to an argument of type (I, IntLiteral). - (QQ, QQ)->Boolean is not applicable to an argument of type (I, IntLiteral). - (StandardPartialOrder[\T\], T)->Boolean is not applicable to an argument of type (I, IntLiteral). - (Unordered, Comparison)->Boolean is not applicable to an argument of type (I, IntLiteral). - [\A, B, C\]((A, B, C), (A, B, C))->Boolean is not applicable to an argument of type (I, IntLiteral). - [\A, B\]((A, B), (A, B))->Boolean is not applicable to an argument of type (I, IntLiteral).
typecheck	-	typecheck	RangeInternals.fss:805	Filter expressions in generator clauses must have type Boolean, but OpExpr at RangeInternals.fss:805.16 was not well typed.
typecheck	-	typecheck	RangeInternals.fss:805	Could not check call to operator > - ((RR64 & {Float, FloatLiteral, RR32}), RR64)->Boolean is not applicable to an argument of type (I, IntLiteral). - ((ZZ64 & {Long}), ZZ64)->Boolean is not applicable to an argument of type (I, IntLiteral). - (IntLiteral, IntLiteral)->Boolean is not applicable to an argument of type (I, IntLiteral). - (QQ, QQ)->Boolean is not applicable to an argument of type (I, IntLiteral). - (StandardPartialOrder[\T\], T)->Boolean is not applicable to an argument of type (I, IntLiteral). - [\A, B, C\]((A, B, C), (A, B, C))->Boolean is not applicable to an argument of type (I, IntLiteral). - [\A, B\]((A, B), (A, B))->Boolean is not applicable to an argument of type (I, IntLiteral).
typecheck	-	typecheck	RangeInternals.fss:803	Right-hand side has type IntLiteral, but declared type is I.
typecheck	-	typecheck	RangeInternals.fss:795	Could not check call to function CompactFullParScalarRange - [\I\](I, I)->RangeInternals.CompactFullParScalarRange[\I\] is not applicable to an argument of type (IntLiteral, ZZ32).
typecheck	-	typecheck	RangeInternals.fss:794	Could not check call to function Just - [\I\]I->Just[\I\] is not applicable to an argument of type ZZ32.
typecheck	-	typecheck	RangeInternals.fss:787	Could not check call to operator + - ((NN64 & {UnsignedLong}), NN64)->NN64 is not applicable to an argument of type (K, (I, J, K)). - ((RR64 & {Float, FloatLiteral, RR32}), RR64)->RR64 is not applicable to an argument of type (K, (I, J, K)). - ((ZZ32 & {Int, IntLiteral}), ZZ32)->ZZ32 is not applicable to an argument of type (K, (I, J, K)). - ((ZZ64 & {Long}), ZZ64)->ZZ64 is not applicable to an argument of type (K, (I, J, K)). - (AdditiveGroup[\T\], T)->T is not applicable to an argument of type (K, (I, J, K)). - (Integral[\I\], I)->I is not applicable to an argument of type (K, (I, J, K)). - (Matrix[\T,s0,s1\], Matrix[\T,s0,s1\])->Matrix[\T,s0,s1\] is not applicable to an argument of type (K, (I, J, K)). - (NN32, NN32)->NN32 is not applicable to an argument of type (K, (I, J, K)). - (QQ, QQ)->QQ is not applicable to an argument of type (K, (I, J, K)). - (Vector[\T,s0\], Vector[\T,s0\])->Vector[\T,s0\] is not applicable to an argument of type (K, (I, J, K)). - [\T extends Number, I\](Array[\T,I\], T)->Array[\T,I\] is not applicable to an argument of type (K, (I, J, K)). - [\T extends Number, I\](T, Array[\T,I\])->Array[\T,I\] is not applicable to an argument of type (K, (I, J, K)). - [\T extends Number, nat n, nat m\](Matrix[\T,n,m\], Matrix[\T,n,m\])->Matrix[\T,n,m\] is not applicable to an argument of type (K, (I, J, K)). - [\T extends Number, nat n, nat m\](Vector[\T,n\], Vector[\T,n\])->Vector[\T,n\] is not applicable to an argument of type (K, (I, J, K)).
typecheck	-	typecheck	RangeInternals.fss:783	Could not check call to operator - - ((NN64 & {UnsignedLong}), NN64)->NN64 is not applicable to an argument of type (K, (I, J, K)). - ((RR64 & {Float, FloatLiteral, RR32}), RR64)->RR64 is not applicable to an argument of type (K, (I, J, K)). - ((ZZ32 & {Int, IntLiteral}), ZZ32)->ZZ32 is not applicable to an argument of type (K, (I, J, K)). - ((ZZ64 & {Long}), ZZ64)->ZZ64 is not applicable to an argument of type (K, (I, J, K)). - (AdditiveGroup[\T\], T)->T is not applicable to an argument of type (K, (I, J, K)). - (Integral[\I\], I)->I is not applicable to an argument of type (K, (I, J, K)). - (Matrix[\T,s0,s1\], Matrix[\T,s0,s1\])->Matrix[\T,s0,s1\] is not applicable to an argument of type (K, (I, J, K)). - (NN32, NN32)->NN32 is not applicable to an argument of type (K, (I, J, K)). - (QQ, QQ)->QQ is not applicable to an argument of type (K, (I, J, K)). - (Vector[\T,s0\], Vector[\T,s0\])->Vector[\T,s0\] is not applicable to an argument of type (K, (I, J, K)). - [\T extends Number, I\](Array[\T,I\], T)->Array[\T,I\] is not applicable to an argument of type (K, (I, J, K)). - [\T extends Number, I\](T, Array[\T,I\])->Array[\T,I\] is not applicable to an argument of type (K, (I, J, K)). - [\T extends Number, nat n, nat m\](Matrix[\T,n,m\], Matrix[\T,n,m\])->Matrix[\T,n,m\] is not applicable to an argument of type (K, (I, J, K)). - [\T extends Number, nat n, nat m\](Vector[\T,n\], Vector[\T,n\])->Vector[\T,n\] is not applicable to an argument of type (K, (I, J, K)).
typecheck	-	typecheck	RangeInternals.fss:778	Could not check method invocation RangeInternals.RightRange3D[\I,J,K\].recombine - (RangeInternals.RightScalarRange[\I\], RangeInternals.RightScalarRange[\J\], RangeInternals.RightScalarRange[\K\])->RangeInternals.RightRange3D[\I,J,K\] is not applicable to an argument of type (RangeInternals.BoundedScalarRange[\I\], RangeInternals.BoundedScalarRange[\J\], RangeInternals.BoundedScalarRange[\K\]). - (RangeInternals.RightScalarRange[\I\], RangeInternals.RightScalarRange[\J\], RangeInternals.RightScalarRange[\K\])->RangeInternals.RightRange3D[\I,J,K\] is not applicable to an argument of type (RangeInternals.BoundedScalarRange[\I\], RangeInternals.BoundedScalarRange[\J\], RangeInternals.BoundedScalarRange[\K\]).
typecheck	-	typecheck	RangeInternals.fss:776	Could not check call to function LeftRange3D - [\ZZ32, ZZ32\](ZZ32, ZZ32, K, ZZ32, ZZ32, K)->RangeInternals.LeftRange3D[\ZZ32,ZZ32,K\] is not applicable to an argument of type (I, J, K, I, J, K).
typecheck	-	typecheck	RangeInternals.fss:748	Could not check method invocation RangeInternals.RightRange2D[\I,J\].recombine - (RangeInternals.RightScalarRange[\I\], RangeInternals.RightScalarRange[\J\])->RangeInternals.RightRange2D[\I,J\] is not applicable to an argument of type (RangeInternals.BoundedScalarRange[\I\], RangeInternals.BoundedScalarRange[\J\]). - (RangeInternals.RightScalarRange[\I\], RangeInternals.RightScalarRange[\J\])->RangeInternals.RightRange2D[\I,J\] is not applicable to an argument of type (RangeInternals.BoundedScalarRange[\I\], RangeInternals.BoundedScalarRange[\J\]).
typecheck	-	typecheck	RangeInternals.fss:746	Could not check call to function LeftRange2D - [\ZZ32, ZZ32\](ZZ32, ZZ32, ZZ32, ZZ32)->RangeInternals.LeftRange2D[\ZZ32,ZZ32\] is not applicable to an argument of type (I, J, I, J).
typecheck	-	typecheck	RangeInternals.fss:727	Function body has type RangeInternals.ScalarRange[\I\], but declared return type is RangeInternals.RightScalarRange[\I\].
typecheck	-	typecheck	RangeInternals.fss:723	Could not check call to operator + - ((NN64 & {UnsignedLong}), NN64)->NN64 is not applicable to an argument of type (I, I). - ((RR64 & {Float, FloatLiteral, RR32}), RR64)->RR64 is not applicable to an argument of type (I, I). - ((ZZ32 & {Int, IntLiteral}), ZZ32)->ZZ32 is not applicable to an argument of type (I, I). - ((ZZ64 & {Long}), ZZ64)->ZZ64 is not applicable to an argument of type (I, I). - (AdditiveGroup[\T\], T)->T is not applicable to an argument of type (I, I). - (Integral[\I\], I)->I is not applicable to an argument of type (I, I). - (Matrix[\T,s0,s1\], Matrix[\T,s0,s1\])->Matrix[\T,s0,s1\] is not applicable to an argument of type (I, I). - (NN32, NN32)->NN32 is not applicable to an argument of type (I, I). - (QQ, QQ)->QQ is not applicable to an argument of type (I, I). - (Vector[\T,s0\], Vector[\T,s0\])->Vector[\T,s0\] is not applicable to an argument of type (I, I). - [\T extends Number, I\](Array[\T,I\], T)->Array[\T,I\] is not applicable to an argument of type (I, I). - [\T extends Number, I\](T, Array[\T,I\])->Array[\T,I\] is not applicable to an argument of type (I, I). - [\T extends Number, nat n, nat m\](Matrix[\T,n,m\], Matrix[\T,n,m\])->Matrix[\T,n,m\] is not applicable to an argument of type (I, I). - [\T extends Number, nat n, nat m\](Vector[\T,n\], Vector[\T,n\])->Vector[\T,n\] is not applicable to an argument of type (I, I).
typecheck	-	typecheck	RangeInternals.fss:722	Could not check call to operator - - ((NN64 & {UnsignedLong}), NN64)->NN64 is not applicable to an argument of type (I, I). - ((RR64 & {Float, FloatLiteral, RR32}), RR64)->RR64 is not applicable to an argument of type (I, I). - ((ZZ32 & {Int, IntLiteral}), ZZ32)->ZZ32 is not applicable to an argument of type (I, I). - ((ZZ64 & {Long}), ZZ64)->ZZ64 is not applicable to an argument of type (I, I). - (AdditiveGroup[\T\], T)->T is not applicable to an argument of type (I, I). - (Integral[\I\], I)->I is not applicable to an argument of type (I, I). - (Matrix[\T,s0,s1\], Matrix[\T,s0,s1\])->Matrix[\T,s0,s1\] is not applicable to an argument of type (I, I). - (NN32, NN32)->NN32 is not applicable to an argument of type (I, I). - (QQ, QQ)->QQ is not applicable to an argument of type (I, I). - (Vector[\T,s0\], Vector[\T,s0\])->Vector[\T,s0\] is not applicable to an argument of type (I, I). - [\T extends Number, I\](Array[\T,I\], T)->Array[\T,I\] is not applicable to an argument of type (I, I). - [\T extends Number, I\](T, Array[\T,I\])->Array[\T,I\] is not applicable to an argument of type (I, I). - [\T extends Number, nat n, nat m\](Matrix[\T,n,m\], Matrix[\T,n,m\])->Matrix[\T,n,m\] is not applicable to an argument of type (I, I). - [\T extends Number, nat n, nat m\](Vector[\T,n\], Vector[\T,n\])->Vector[\T,n\] is not applicable to an argument of type (I, I).
typecheck	-	typecheck	RangeInternals.fss:720	Could not check call to function rightScalarRangeInter - [\I extends Integral[\I\]\](I, I, I)->RangeInternals.RightScalarRange[\I\] is not applicable to an argument of type (I, I, I).
typecheck	-	typecheck	RangeInternals.fss:714	Could not check call to operator - - ((NN64 & {UnsignedLong}), NN64)->NN64 is not applicable to an argument of type (I, I). - ((RR64 & {Float, FloatLiteral, RR32}), RR64)->RR64 is not applicable to an argument of type (I, I). - ((ZZ32 & {Int, IntLiteral}), ZZ32)->ZZ32 is not applicable to an argument of type (I, I). - ((ZZ64 & {Long}), ZZ64)->ZZ64 is not applicable to an argument of type (I, I). - (AdditiveGroup[\T\], T)->T is not applicable to an argument of type (I, I). - (Integral[\I\], I)->I is not applicable to an argument of type (I, I). - (Matrix[\T,s0,s1\], Matrix[\T,s0,s1\])->Matrix[\T,s0,s1\] is not applicable to an argument of type (I, I). - (NN32, NN32)->NN32 is not applicable to an argument of type (I, I). - (QQ, QQ)->QQ is not applicable to an argument of type (I, I). - (Vector[\T,s0\], Vector[\T,s0\])->Vector[\T,s0\] is not applicable to an argument of type (I, I). - [\T extends Number, I\](Array[\T,I\], T)->Array[\T,I\] is not applicable to an argument of type (I, I). - [\T extends Number, I\](T, Array[\T,I\])->Array[\T,I\] is not applicable to an argument of type (I, I). - [\T extends Number, nat n, nat m\](Matrix[\T,n,m\], Matrix[\T,n,m\])->Matrix[\T,n,m\] is not applicable to an argument of type (I, I). - [\T extends Number, nat n, nat m\](Vector[\T,n\], Vector[\T,n\])->Vector[\T,n\] is not applicable to an argument of type (I, I).
typecheck	-	typecheck	RangeInternals.fss:713	Could not check call to operator - - ((NN64 & {UnsignedLong}), NN64)->NN64 is not applicable to an argument of type (I, I). - ((RR64 & {Float, FloatLiteral, RR32}), RR64)->RR64 is not applicable to an argument of type (I, I). - ((ZZ32 & {Int, IntLiteral}), ZZ32)->ZZ32 is not applicable to an argument of type (I, I). - ((ZZ64 & {Long}), ZZ64)->ZZ64 is not applicable to an argument of type (I, I). - (AdditiveGroup[\T\], T)->T is not applicable to an argument of type (I, I). - (Integral[\I\], I)->I is not applicable to an argument of type (I, I). - (Matrix[\T,s0,s1\], Matrix[\T,s0,s1\])->Matrix[\T,s0,s1\] is not applicable to an argument of type (I, I). - (NN32, NN32)->NN32 is not applicable to an argument of type (I, I). - (QQ, QQ)->QQ is not applicable to an argument of type (I, I). - (Vector[\T,s0\], Vector[\T,s0\])->Vector[\T,s0\] is not applicable to an argument of type (I, I). - [\T extends Number, I\](Array[\T,I\], T)->Array[\T,I\] is not applicable to an argument of type (I, I). - [\T extends Number, I\](T, Array[\T,I\])->Array[\T,I\] is not applicable to an argument of type (I, I). - [\T extends Number, nat n, nat m\](Matrix[\T,n,m\], Matrix[\T,n,m\])->Matrix[\T,n,m\] is not applicable to an argument of type (I, I). - [\T extends Number, nat n, nat m\](Vector[\T,n\], Vector[\T,n\])->Vector[\T,n\] is not applicable to an argument of type (I, I).
typecheck	-	typecheck	RangeInternals.fss:713	Could not check call to operator <= - ((RR64 & {Float, FloatLiteral, RR32}), RR64)->Boolean is not applicable to an argument of type (I, I). - ((ZZ64 & {Long}), ZZ64)->Boolean is not applicable to an argument of type (I, I). - (IntLiteral, IntLiteral)->Boolean is not applicable to an argument of type (I, I). - (QQ, QQ)->Boolean is not applicable to an argument of type (I, I). - (StandardPartialOrder[\T\], T)->Boolean is not applicable to an argument of type (I, I). - [\A, B, C\]((A, B, C), (A, B, C))->Boolean is not applicable to an argument of type (I, I). - [\A, B\]((A, B), (A, B))->Boolean is not applicable to an argument of type (I, I).
typecheck	-	typecheck	RangeInternals.fss:713	Filter expressions in generator clauses must have type Boolean, but OpExpr at RangeInternals.fss:713.13 was not well typed.
typecheck	-	typecheck	RangeInternals.fss:713	Could not check call to operator > - ((RR64 & {Float, FloatLiteral, RR32}), RR64)->Boolean is not applicable to an argument of type (I, IntLiteral). - ((ZZ64 & {Long}), ZZ64)->Boolean is not applicable to an argument of type (I, IntLiteral). - (IntLiteral, IntLiteral)->Boolean is not applicable to an argument of type (I, IntLiteral). - (QQ, QQ)->Boolean is not applicable to an argument of type (I, IntLiteral). - (StandardPartialOrder[\T\], T)->Boolean is not applicable to an argument of type (I, IntLiteral). - [\A, B, C\]((A, B, C), (A, B, C))->Boolean is not applicable to an argument of type (I, IntLiteral). - [\A, B\]((A, B), (A, B))->Boolean is not applicable to an argument of type (I, IntLiteral).
typecheck	-	typecheck	RangeInternals.fss:710	Could not check call to operator |_| - (NN64 & {UnsignedLong})->NN64 is not applicable to an argument of type I. - (RR64 & {Float, FloatLiteral, RR32})->RR64 is not applicable to an argument of type I. - (ReadableArray1[\T,b0,s0\] & {ImmutableArray1[\T,b0,s0\], Array1[\T,b0,s0\]})->ZZ32 is not applicable to an argument of type I. - (ZZ32 & {Int, IntLiteral})->ZZ32 is not applicable to an argument of type I. - (ZZ64 & {Long})->ZZ64 is not applicable to an argument of type I. - Array2[\T,b0,s0,b1,s1\]->ZZ32 is not applicable to an argument of type I. - Array3[\T,b0,s0,b1,s1,b2,s2\]->ZZ32 is not applicable to an argument of type I. - Char->ZZ32 is not applicable to an argument of type I. - CompactFullRange[\I\]->I is not applicable to an argument of type I. - Condition[\E\]->ZZ32 is not applicable to an argument of type I. - DefaultZip[\E,F\]->ZZ32 is not applicable to an argument of type I. - DelegatedIndexed[\E,I\]->ZZ32 is not applicable to an argument of type I. - Indexed[\E,I\]->ZZ32 is not applicable to an argument of type I. - Just[\T\]->ZZ32 is not applicable to an argument of type I. - NN32->NN32 is not applicable to an argument of type I. - NotUnique[\T\]->ZZ32 is not applicable to an argument of type I. - Nothing[\T\]->ZZ32 is not applicable to an argument of type I. - QQ->QQ is not applicable to an argument of type I. - RangeInternals.FullRange2D[\I,J\]->ZZ32 is not applicable to an argument of type I. - RangeInternals.FullRange3D[\I,J,K\]->ZZ32 is not applicable to an argument of type I. - String->ZZ32 is not applicable to an argument of type I.
typecheck	-	typecheck	RangeInternals.fss:708	Could not check call to operator juxtaposition - ((NN64 & {UnsignedLong}), NN64)->NN64 is not applicable to an argument of type (I, I). - ((RR64 & {Float, FloatLiteral, RR32}), RR64)->RR64 is not applicable to an argument of type (I, I). - ((ZZ32 & {Int, IntLiteral}), ZZ32)->ZZ32 is not applicable to an argument of type (I, I). - ((ZZ64 & {Long}), ZZ64)->ZZ64 is not applicable to an argument of type (I, I). - (Any, String)->String is not applicable to an argument of type (I, I). - (Integral[\I\], I)->I is not applicable to an argument of type (I, I). - (MultiplicativeRing[\T\], T)->T is not applicable to an argument of type (I, I). - (NN32, NN32)->NN32 is not applicable to an argument of type (I, I). - (QQ, QQ)->QQ is not applicable to an argument of type (I, I). - (String, Any)->String is not applicable to an argument of type (I, I). - (String, String)->String is not applicable to an argument of type (I, I). - [\T extends Number, nat n, nat m, nat p\](Matrix[\T,n,m\], Matrix[\T,m,p\])->Matrix[\T,n,p\] is not applicable to an argument of type (I, I). - [\T extends Number, nat n, nat m, nat p\](Matrix[\T,n,m\], T)->Matrix[\T,n,m\] is not applicable to an argument of type (I, I). - [\T extends Number, nat n, nat m, nat p\](Matrix[\T,n,m\], Vector[\T,m\])->Vector[\T,n\] is not applicable to an argument of type (I, I). - [\T extends Number, nat n, nat m, nat p\](T, Matrix[\T,n,m\])->Matrix[\T,n,m\] is not applicable to an argument of type (I, I). - [\T extends Number, nat n, nat m, nat p\](T, Vector[\T,n\])->Vector[\T,n\] is not applicable to an argument of type (I, I). - [\T extends Number, nat n, nat m, nat p\](Vector[\T,n\], Matrix[\T,n,m\])->Vector[\T,m\] is not applicable to an argument of type (I, I). - [\T extends Number, nat n, nat m, nat p\](Vector[\T,n\], T)->Vector[\T,n\] is not applicable to an argument of type (I, I). - [\T extends Number, nat n, nat m, nat p\](Vector[\T,n\], Vector[\T,n\])->T is not applicable to an argument of type (I, I).
typecheck	-	typecheck	RangeInternals.fss:703	Could not check call to operator - - (NN64 & {UnsignedLong})->NN64 is not applicable to an argument of type I. - (RR64 & {Float, FloatLiteral, RR32})->RR64 is not applicable to an argument of type I. - (ZZ32 & {Int, IntLiteral})->ZZ32 is not applicable to an argument of type I. - (ZZ64 & {Long})->ZZ64 is not applicable to an argument of type I. - AdditiveGroup[\T\]->T is not applicable to an argument of type I. - Integral[\I\]->I is not applicable to an argument of type I. - Matrix[\T,s0,s1\]->Matrix[\T,s0,s1\] is not applicable to an argument of type I. - NN32->NN32 is not applicable to an argument of type I. - QQ->QQ is not applicable to an argument of type I. - Vector[\T,s0\]->Vector[\T,s0\] is not applicable to an argument of type I. - [\T extends Number, nat n, nat m\]Matrix[\T,n,m\]->Matrix[\T,n,m\] is not applicable to an argument of type I. - [\T extends Number, nat n, nat m\]Vector[\T,n\]->Vector[\T,n\] is not applicable to an argument of type I.
typecheck	-	typecheck	RangeInternals.fss:702	Filter expressions in generator clauses must have type Boolean, but OpExpr at RangeInternals.fss:702.12 was not well typed.
typecheck	-	typecheck	RangeInternals.fss:702	Could not check call to operator < - ((NN64 & {UnsignedLong}), NN64)->Boolean is not applicable to an argument of type (I, IntLiteral). - ((RR64 & {Float, FloatLiteral, RR32}), RR64)->Boolean is not applicable to an argument of type (I, IntLiteral). - ((ZZ32 & {Int, IntLiteral}), ZZ32)->Boolean is not applicable to an argument of type (I, IntLiteral). - ((ZZ64 & {Long}), ZZ64)->Boolean is not applicable to an argument of type (I, IntLiteral). - (Char, Char)->Boolean is not applicable to an argument of type (I, IntLiteral). - (EqualTo, LessThan)->Boolean is not applicable to an argument of type (I, IntLiteral). - (EqualTo, TotalComparison)->Boolean is not applicable to an argument of type (I, IntLiteral). - (GreaterThan, TotalComparison)->Boolean is not applicable to an argument of type (I, IntLiteral). - (IntLiteral, IntLiteral)->Boolean is not applicable to an argument of type (I, IntLiteral). - (LessThan, LessThan)->Boolean is not applicable to an argument of type (I, IntLiteral). - (LessThan, TotalComparison)->Boolean is not applicable to an argument of type (I, IntLiteral). - (NN32, NN32)->Boolean is not applicable to an argument of type (I, IntLiteral). - (QQ, QQ)->Boolean is not applicable to an argument of type (I, IntLiteral). - (StandardPartialOrder[\T\], T)->Boolean is not applicable to an argument of type (I, IntLiteral). - (Unordered, Comparison)->Boolean is not applicable to an argument of type (I, IntLiteral). - [\A, B, C\]((A, B, C), (A, B, C))->Boolean is not applicable to an argument of type (I, IntLiteral). - [\A, B\]((A, B), (A, B))->Boolean is not applicable to an argument of type (I, IntLiteral).
typecheck	-	typecheck	RangeInternals.fss:700	Filter expressions in generator clauses must have type Boolean, but OpExpr at RangeInternals.fss:700.12 was not well typed.
typecheck	-	typecheck	RangeInternals.fss:700	Could not check call to operator < - ((NN64 & {UnsignedLong}), NN64)->Boolean is not applicable to an argument of type (I, IntLiteral). - ((RR64 & {Float, FloatLiteral, RR32}), RR64)->Boolean is not applicable to an argument of type (I, IntLiteral). - ((ZZ32 & {Int, IntLiteral}), ZZ32)->Boolean is not applicable to an argument of type (I, IntLiteral). - ((ZZ64 & {Long}), ZZ64)->Boolean is not applicable to an argument of type (I, IntLiteral). - (Char, Char)->Boolean is not applicable to an argument of type (I, IntLiteral). - (EqualTo, LessThan)->Boolean is not applicable to an argument of type (I, IntLiteral). - (EqualTo, TotalComparison)->Boolean is not applicable to an argument of type (I, IntLiteral). - (GreaterThan, TotalComparison)->Boolean is not applicable to an argument of type (I, IntLiteral). - (IntLiteral, IntLiteral)->Boolean is not applicable to an argument of type (I, IntLiteral). - (LessThan, LessThan)->Boolean is not applicable to an argument of type (I, IntLiteral). - (LessThan, TotalComparison)->Boolean is not applicable to an argument of type (I, IntLiteral). - (NN32, NN32)->Boolean is not applicable to an argument of type (I, IntLiteral). - (QQ, QQ)->Boolean is not applicable to an argument of type (I, IntLiteral). - (StandardPartialOrder[\T\], T)->Boolean is not applicable to an argument of type (I, IntLiteral). - (Unordered, Comparison)->Boolean is not applicable to an argument of type (I, IntLiteral). - [\A, B, C\]((A, B, C), (A, B, C))->Boolean is not applicable to an argument of type (I, IntLiteral). - [\A, B\]((A, B), (A, B))->Boolean is not applicable to an argument of type (I, IntLiteral).
typecheck	-	typecheck	RangeInternals.fss:698	Could not check call to operator - - (NN64 & {UnsignedLong})->NN64 is not applicable to an argument of type I. - (RR64 & {Float, FloatLiteral, RR32})->RR64 is not applicable to an argument of type I. - (ZZ32 & {Int, IntLiteral})->ZZ32 is not applicable to an argument of type I. - (ZZ64 & {Long})->ZZ64 is not applicable to an argument of type I. - AdditiveGroup[\T\]->T is not applicable to an argument of type I. - Integral[\I\]->I is not applicable to an argument of type I. - Matrix[\T,s0,s1\]->Matrix[\T,s0,s1\] is not applicable to an argument of type I. - NN32->NN32 is not applicable to an argument of type I. - QQ->QQ is not applicable to an argument of type I. - Vector[\T,s0\]->Vector[\T,s0\] is not applicable to an argument of type I. - [\T extends Number, nat n, nat m\]Matrix[\T,n,m\]->Matrix[\T,n,m\] is not applicable to an argument of type I. - [\T extends Number, nat n, nat m\]Vector[\T,n\]->Vector[\T,n\] is not applicable to an argument of type I.
typecheck	-	typecheck	RangeInternals.fss:693	Could not check call to operator + - ((NN64 & {UnsignedLong}), NN64)->NN64 is not applicable to an argument of type (I, IntLiteral). - ((RR64 & {Float, FloatLiteral, RR32}), RR64)->RR64 is not applicable to an argument of type (I, IntLiteral). - ((ZZ32 & {Int, IntLiteral}), ZZ32)->ZZ32 is not applicable to an argument of type (I, IntLiteral). - ((ZZ64 & {Long}), ZZ64)->ZZ64 is not applicable to an argument of type (I, IntLiteral). - (AdditiveGroup[\T\], T)->T is not applicable to an argument of type (I, IntLiteral). - (Integral[\I\], I)->I is not applicable to an argument of type (I, IntLiteral). - (Matrix[\T,s0,s1\], Matrix[\T,s0,s1\])->Matrix[\T,s0,s1\] is not applicable to an argument of type (I, IntLiteral). - (NN32, NN32)->NN32 is not applicable to an argument of type (I, IntLiteral). - (QQ, QQ)->QQ is not applicable to an argument of type (I, IntLiteral). - (Vector[\T,s0\], Vector[\T,s0\])->Vector[\T,s0\] is not applicable to an argument of type (I, IntLiteral). - [\T extends Number, I\](Array[\T,I\], T)->Array[\T,I\] is not applicable to an argument of type (I, IntLiteral). - [\T extends Number, I\](T, Array[\T,I\])->Array[\T,I\] is not applicable to an argument of type (I, IntLiteral). - [\T extends Number, nat n, nat m\](Matrix[\T,n,m\], Matrix[\T,n,m\])->Matrix[\T,n,m\] is not applicable to an argument of type (I, IntLiteral). - [\T extends Number, nat n, nat m\](Vector[\T,n\], Vector[\T,n\])->Vector[\T,n\] is not applicable to an argument of type (I, IntLiteral).
typecheck	-	typecheck	RangeInternals.fss:692	Could not check call to operator - - ((NN64 & {UnsignedLong}), NN64)->NN64 is not applicable to an argument of type (I, I). - ((RR64 & {Float, FloatLiteral, RR32}), RR64)->RR64 is not applicable to an argument of type (I, I). - ((ZZ32 & {Int, IntLiteral}), ZZ32)->ZZ32 is not applicable to an argument of type (I, I). - ((ZZ64 & {Long}), ZZ64)->ZZ64 is not applicable to an argument of type (I, I). - (AdditiveGroup[\T\], T)->T is not applicable to an argument of type (I, I). - (Integral[\I\], I)->I is not applicable to an argument of type (I, I). - (Matrix[\T,s0,s1\], Matrix[\T,s0,s1\])->Matrix[\T,s0,s1\] is not applicable to an argument of type (I, I). - (NN32, NN32)->NN32 is not applicable to an argument of type (I, I). - (QQ, QQ)->QQ is not applicable to an argument of type (I, I). - (Vector[\T,s0\], Vector[\T,s0\])->Vector[\T,s0\] is not applicable to an argument of type (I, I). - [\T extends Number, I\](Array[\T,I\], T)->Array[\T,I\] is not applicable to an argument of type (I, I). - [\T extends Number, I\](T, Array[\T,I\])->Array[\T,I\] is not applicable to an argument of type (I, I). - [\T extends Number, nat n, nat m\](Matrix[\T,n,m\], Matrix[\T,n,m\])->Matrix[\T,n,m\] is not applicable to an argument of type (I, I). - [\T extends Number, nat n, nat m\](Vector[\T,n\], Vector[\T,n\])->Vector[\T,n\] is not applicable to an argument of type (I, I).
typecheck	-	typecheck	RangeInternals.fss:690	Filter expressions in generator clauses must have type Boolean, but OpExpr at RangeInternals.fss:690.15 was not well typed.
typecheck	-	typecheck	RangeInternals.fss:690	Could not check call to operator < - ((NN64 & {UnsignedLong}), NN64)->Boolean is not applicable to an argument of type (I, IntLiteral). - ((RR64 & {Float, FloatLiteral, RR32}), RR64)->Boolean is not applicable to an argument of type (I, IntLiteral). - ((ZZ32 & {Int, IntLiteral}), ZZ32)->Boolean is not applicable to an argument of type (I, IntLiteral). - ((ZZ64 & {Long}), ZZ64)->Boolean is not applicable to an argument of type (I, IntLiteral). - (Char, Char)->Boolean is not applicable to an argument of type (I, IntLiteral). - (EqualTo, LessThan)->Boolean is not applicable to an argument of type (I, IntLiteral). - (EqualTo, TotalComparison)->Boolean is not applicable to an argument of type (I, IntLiteral). - (GreaterThan, TotalComparison)->Boolean is not applicable to an argument of type (I, IntLiteral). - (IntLiteral, IntLiteral)->Boolean is not applicable to an argument of type (I, IntLiteral). - (LessThan, LessThan)->Boolean is not applicable to an argument of type (I, IntLiteral). - (LessThan, TotalComparison)->Boolean is not applicable to an argument of type (I, IntLiteral). - (NN32, NN32)->Boolean is not applicable to an argument of type (I, IntLiteral). - (QQ, QQ)->Boolean is not applicable to an argument of type (I, IntLiteral). - (StandardPartialOrder[\T\], T)->Boolean is not applicable to an argument of type (I, IntLiteral). - (Unordered, Comparison)->Boolean is not applicable to an argument of type (I, IntLiteral). - [\A, B, C\]((A, B, C), (A, B, C))->Boolean is not applicable to an argument of type (I, IntLiteral). - [\A, B\]((A, B), (A, B))->Boolean is not applicable to an argument of type (I, IntLiteral).
typecheck	-	typecheck	RangeInternals.fss:688	Right-hand side has type IntLiteral, but declared type is I.
typecheck	-	typecheck	RangeInternals.fss:674	Could not check call to function __cond - [\E, R\](Condition[\E\], E->R, ()->R)->R is not applicable to an argument of type (Maybe[\I\], I->(I, I), ()->I). - [\E\](Condition[\E\], E->())->() is not applicable to any type of the form (Maybe[\I\], _->_, ()->I).
typecheck	-	typecheck	RangeInternals.fss:667	Could not check call to operator + - ((NN64 & {UnsignedLong}), NN64)->NN64 is not applicable to an argument of type (K, (I, J, K)). - ((RR64 & {Float, FloatLiteral, RR32}), RR64)->RR64 is not applicable to an argument of type (K, (I, J, K)). - ((ZZ32 & {Int, IntLiteral}), ZZ32)->ZZ32 is not applicable to an argument of type (K, (I, J, K)). - ((ZZ64 & {Long}), ZZ64)->ZZ64 is not applicable to an argument of type (K, (I, J, K)). - (AdditiveGroup[\T\], T)->T is not applicable to an argument of type (K, (I, J, K)). - (Integral[\I\], I)->I is not applicable to an argument of type (K, (I, J, K)). - (Matrix[\T,s0,s1\], Matrix[\T,s0,s1\])->Matrix[\T,s0,s1\] is not applicable to an argument of type (K, (I, J, K)). - (NN32, NN32)->NN32 is not applicable to an argument of type (K, (I, J, K)). - (QQ, QQ)->QQ is not applicable to an argument of type (K, (I, J, K)). - (Vector[\T,s0\], Vector[\T,s0\])->Vector[\T,s0\] is not applicable to an argument of type (K, (I, J, K)). - [\T extends Number, I\](Array[\T,I\], T)->Array[\T,I\] is not applicable to an argument of type (K, (I, J, K)). - [\T extends Number, I\](T, Array[\T,I\])->Array[\T,I\] is not applicable to an argument of type (K, (I, J, K)). - [\T extends Number, nat n, nat m\](Matrix[\T,n,m\], Matrix[\T,n,m\])->Matrix[\T,n,m\] is not applicable to an argument of type (K, (I, J, K)). - [\T extends Number, nat n, nat m\](Vector[\T,n\], Vector[\T,n\])->Vector[\T,n\] is not applicable to an argument of type (K, (I, J, K)).
typecheck	-	typecheck	RangeInternals.fss:663	Could not check call to operator - - ((NN64 & {UnsignedLong}), NN64)->NN64 is not applicable to an argument of type (K, (I, J, K)). - ((RR64 & {Float, FloatLiteral, RR32}), RR64)->RR64 is not applicable to an argument of type (K, (I, J, K)). - ((ZZ32 & {Int, IntLiteral}), ZZ32)->ZZ32 is not applicable to an argument of type (K, (I, J, K)). - ((ZZ64 & {Long}), ZZ64)->ZZ64 is not applicable to an argument of type (K, (I, J, K)). - (AdditiveGroup[\T\], T)->T is not applicable to an argument of type (K, (I, J, K)). - (Integral[\I\], I)->I is not applicable to an argument of type (K, (I, J, K)). - (Matrix[\T,s0,s1\], Matrix[\T,s0,s1\])->Matrix[\T,s0,s1\] is not applicable to an argument of type (K, (I, J, K)). - (NN32, NN32)->NN32 is not applicable to an argument of type (K, (I, J, K)). - (QQ, QQ)->QQ is not applicable to an argument of type (K, (I, J, K)). - (Vector[\T,s0\], Vector[\T,s0\])->Vector[\T,s0\] is not applicable to an argument of type (K, (I, J, K)). - [\T extends Number, I\](Array[\T,I\], T)->Array[\T,I\] is not applicable to an argument of type (K, (I, J, K)). - [\T extends Number, I\](T, Array[\T,I\])->Array[\T,I\] is not applicable to an argument of type (K, (I, J, K)). - [\T extends Number, nat n, nat m\](Matrix[\T,n,m\], Matrix[\T,n,m\])->Matrix[\T,n,m\] is not applicable to an argument of type (K, (I, J, K)). - [\T extends Number, nat n, nat m\](Vector[\T,n\], Vector[\T,n\])->Vector[\T,n\] is not applicable to an argument of type (K, (I, J, K)).
typecheck	-	typecheck	RangeInternals.fss:658	Could not check method invocation RangeInternals.LeftRange3D[\I,J,K\].recombine - (RangeInternals.LeftScalarRange[\I\], RangeInternals.LeftScalarRange[\J\], RangeInternals.LeftScalarRange[\K\])->RangeInternals.LeftRange3D[\I,J,K\] is not applicable to an argument of type (RangeInternals.BoundedScalarRange[\I\], RangeInternals.BoundedScalarRange[\J\], RangeInternals.BoundedScalarRange[\K\]). - (RangeInternals.LeftScalarRange[\I\], RangeInternals.LeftScalarRange[\J\], RangeInternals.LeftScalarRange[\K\])->RangeInternals.LeftRange3D[\I,J,K\] is not applicable to an argument of type (RangeInternals.BoundedScalarRange[\I\], RangeInternals.BoundedScalarRange[\J\], RangeInternals.BoundedScalarRange[\K\]).
typecheck	-	typecheck	RangeInternals.fss:656	Could not check call to function RightRange3D - [\ZZ32, ZZ32\](ZZ32, ZZ32, K, ZZ32, ZZ32, K)->RangeInternals.RightRange3D[\ZZ32,ZZ32,K\] is not applicable to an argument of type (I, J, K, I, J, K).
typecheck	-	typecheck	RangeInternals.fss:628	Could not check method invocation RangeInternals.LeftRange2D[\I,J\].recombine - (RangeInternals.LeftScalarRange[\I\], RangeInternals.LeftScalarRange[\J\])->RangeInternals.LeftRange2D[\I,J\] is not applicable to an argument of type (RangeInternals.BoundedScalarRange[\I\], RangeInternals.BoundedScalarRange[\J\]). - (RangeInternals.LeftScalarRange[\I\], RangeInternals.LeftScalarRange[\J\])->RangeInternals.LeftRange2D[\I,J\] is not applicable to an argument of type (RangeInternals.BoundedScalarRange[\I\], RangeInternals.BoundedScalarRange[\J\]).
typecheck	-	typecheck	RangeInternals.fss:626	Could not check call to function RightRange2D - [\ZZ32, ZZ32\](ZZ32, ZZ32, ZZ32, ZZ32)->RangeInternals.RightRange2D[\ZZ32,ZZ32\] is not applicable to an argument of type (I, J, I, J).
typecheck	-	typecheck	RangeInternals.fss:607	Function body has type RangeInternals.ScalarRange[\I\], but declared return type is RangeInternals.LeftScalarRange[\I\].
typecheck	-	typecheck	RangeInternals.fss:595	Filter expressions in generator clauses must have type Boolean, but OpExpr at RangeInternals.fss:595.13 was not well typed.
typecheck	-	typecheck	RangeInternals.fss:595	Could not check call to operator > - ((RR64 & {Float, FloatLiteral, RR32}), RR64)->Boolean is not applicable to an argument of type (I, IntLiteral). - ((ZZ64 & {Long}), ZZ64)->Boolean is not applicable to an argument of type (I, IntLiteral). - (IntLiteral, IntLiteral)->Boolean is not applicable to an argument of type (I, IntLiteral). - (QQ, QQ)->Boolean is not applicable to an argument of type (I, IntLiteral). - (StandardPartialOrder[\T\], T)->Boolean is not applicable to an argument of type (I, IntLiteral). - [\A, B, C\]((A, B, C), (A, B, C))->Boolean is not applicable to an argument of type (I, IntLiteral). - [\A, B\]((A, B), (A, B))->Boolean is not applicable to an argument of type (I, IntLiteral).
typecheck	-	typecheck	RangeInternals.fss:592	Could not check call to operator |_| - (NN64 & {UnsignedLong})->NN64 is not applicable to an argument of type I. - (RR64 & {Float, FloatLiteral, RR32})->RR64 is not applicable to an argument of type I. - (ReadableArray1[\T,b0,s0\] & {ImmutableArray1[\T,b0,s0\], Array1[\T,b0,s0\]})->ZZ32 is not applicable to an argument of type I. - (ZZ32 & {Int, IntLiteral})->ZZ32 is not applicable to an argument of type I. - (ZZ64 & {Long})->ZZ64 is not applicable to an argument of type I. - Array2[\T,b0,s0,b1,s1\]->ZZ32 is not applicable to an argument of type I. - Array3[\T,b0,s0,b1,s1,b2,s2\]->ZZ32 is not applicable to an argument of type I. - Char->ZZ32 is not applicable to an argument of type I. - CompactFullRange[\I\]->I is not applicable to an argument of type I. - Condition[\E\]->ZZ32 is not applicable to an argument of type I. - DefaultZip[\E,F\]->ZZ32 is not applicable to an argument of type I. - DelegatedIndexed[\E,I\]->ZZ32 is not applicable to an argument of type I. - Indexed[\E,I\]->ZZ32 is not applicable to an argument of type I. - Just[\T\]->ZZ32 is not applicable to an argument of type I. - NN32->NN32 is not applicable to an argument of type I. - NotUnique[\T\]->ZZ32 is not applicable to an argument of type I. - Nothing[\T\]->ZZ32 is not applicable to an argument of type I. - QQ->QQ is not applicable to an argument of type I. - RangeInternals.FullRange2D[\I,J\]->ZZ32 is not applicable to an argument of type I. - RangeInternals.FullRange3D[\I,J,K\]->ZZ32 is not applicable to an argument of type I. - String->ZZ32 is not applicable to an argument of type I.
typecheck	-	typecheck	RangeInternals.fss:584	Filter expressions in generator clauses must have type Boolean, but OpExpr at RangeInternals.fss:584.12 was not well typed.
typecheck	-	typecheck	RangeInternals.fss:584	Could not check call to operator < - ((NN64 & {UnsignedLong}), NN64)->Boolean is not applicable to an argument of type (I, IntLiteral). - ((RR64 & {Float, FloatLiteral, RR32}), RR64)->Boolean is not applicable to an argument of type (I, IntLiteral). - ((ZZ32 & {Int, IntLiteral}), ZZ32)->Boolean is not applicable to an argument of type (I, IntLiteral). - ((ZZ64 & {Long}), ZZ64)->Boolean is not applicable to an argument of type (I, IntLiteral). - (Char, Char)->Boolean is not applicable to an argument of type (I, IntLiteral). - (EqualTo, LessThan)->Boolean is not applicable to an argument of type (I, IntLiteral). - (EqualTo, TotalComparison)->Boolean is not applicable to an argument of type (I, IntLiteral). - (GreaterThan, TotalComparison)->Boolean is not applicable to an argument of type (I, IntLiteral). - (IntLiteral, IntLiteral)->Boolean is not applicable to an argument of type (I, IntLiteral). - (LessThan, LessThan)->Boolean is not applicable to an argument of type (I, IntLiteral). - (LessThan, TotalComparison)->Boolean is not applicable to an argument of type (I, IntLiteral). - (NN32, NN32)->Boolean is not applicable to an argument of type (I, IntLiteral). - (QQ, QQ)->Boolean is not applicable to an argument of type (I, IntLiteral). - (StandardPartialOrder[\T\], T)->Boolean is not applicable to an argument of type (I, IntLiteral). - (Unordered, Comparison)->Boolean is not applicable to an argument of type (I, IntLiteral). - [\A, B, C\]((A, B, C), (A, B, C))->Boolean is not applicable to an argument of type (I, IntLiteral). - [\A, B\]((A, B), (A, B))->Boolean is not applicable to an argument of type (I, IntLiteral).
typecheck	-	typecheck	RangeInternals.fss:582	Filter expressions in generator clauses must have type Boolean, but OpExpr at RangeInternals.fss:582.12 was not well typed.
typecheck	-	typecheck	RangeInternals.fss:582	Could not check call to operator < - ((NN64 & {UnsignedLong}), NN64)->Boolean is not applicable to an argument of type (I, IntLiteral). - ((RR64 & {Float, FloatLiteral, RR32}), RR64)->Boolean is not applicable to an argument of type (I, IntLiteral). - ((ZZ32 & {Int, IntLiteral}), ZZ32)->Boolean is not applicable to an argument of type (I, IntLiteral). - ((ZZ64 & {Long}), ZZ64)->Boolean is not applicable to an argument of type (I, IntLiteral). - (Char, Char)->Boolean is not applicable to an argument of type (I, IntLiteral). - (EqualTo, LessThan)->Boolean is not applicable to an argument of type (I, IntLiteral). - (EqualTo, TotalComparison)->Boolean is not applicable to an argument of type (I, IntLiteral). - (GreaterThan, TotalComparison)->Boolean is not applicable to an argument of type (I, IntLiteral). - (IntLiteral, IntLiteral)->Boolean is not applicable to an argument of type (I, IntLiteral). - (LessThan, LessThan)->Boolean is not applicable to an argument of type (I, IntLiteral). - (LessThan, TotalComparison)->Boolean is not applicable to an argument of type (I, IntLiteral). - (NN32, NN32)->Boolean is not applicable to an argument of type (I, IntLiteral). - (QQ, QQ)->Boolean is not applicable to an argument of type (I, IntLiteral). - (StandardPartialOrder[\T\], T)->Boolean is not applicable to an argument of type (I, IntLiteral). - (Unordered, Comparison)->Boolean is not applicable to an argument of type (I, IntLiteral). - [\A, B, C\]((A, B, C), (A, B, C))->Boolean is not applicable to an argument of type (I, IntLiteral). - [\A, B\]((A, B), (A, B))->Boolean is not applicable to an argument of type (I, IntLiteral).
typecheck	-	typecheck	RangeInternals.fss:575	Could not check call to operator + - ((NN64 & {UnsignedLong}), NN64)->NN64 is not applicable to an argument of type (I, IntLiteral). - ((RR64 & {Float, FloatLiteral, RR32}), RR64)->RR64 is not applicable to an argument of type (I, IntLiteral). - ((ZZ32 & {Int, IntLiteral}), ZZ32)->ZZ32 is not applicable to an argument of type (I, IntLiteral). - ((ZZ64 & {Long}), ZZ64)->ZZ64 is not applicable to an argument of type (I, IntLiteral). - (AdditiveGroup[\T\], T)->T is not applicable to an argument of type (I, IntLiteral). - (Integral[\I\], I)->I is not applicable to an argument of type (I, IntLiteral). - (Matrix[\T,s0,s1\], Matrix[\T,s0,s1\])->Matrix[\T,s0,s1\] is not applicable to an argument of type (I, IntLiteral). - (NN32, NN32)->NN32 is not applicable to an argument of type (I, IntLiteral). - (QQ, QQ)->QQ is not applicable to an argument of type (I, IntLiteral). - (Vector[\T,s0\], Vector[\T,s0\])->Vector[\T,s0\] is not applicable to an argument of type (I, IntLiteral). - [\T extends Number, I\](Array[\T,I\], T)->Array[\T,I\] is not applicable to an argument of type (I, IntLiteral). - [\T extends Number, I\](T, Array[\T,I\])->Array[\T,I\] is not applicable to an argument of type (I, IntLiteral). - [\T extends Number, nat n, nat m\](Matrix[\T,n,m\], Matrix[\T,n,m\])->Matrix[\T,n,m\] is not applicable to an argument of type (I, IntLiteral). - [\T extends Number, nat n, nat m\](Vector[\T,n\], Vector[\T,n\])->Vector[\T,n\] is not applicable to an argument of type (I, IntLiteral).
typecheck	-	typecheck	RangeInternals.fss:572	Filter expressions in generator clauses must have type Boolean, but OpExpr at RangeInternals.fss:572.15 was not well typed.
typecheck	-	typecheck	RangeInternals.fss:572	Could not check call to operator < - ((NN64 & {UnsignedLong}), NN64)->Boolean is not applicable to an argument of type (I, IntLiteral). - ((RR64 & {Float, FloatLiteral, RR32}), RR64)->Boolean is not applicable to an argument of type (I, IntLiteral). - ((ZZ32 & {Int, IntLiteral}), ZZ32)->Boolean is not applicable to an argument of type (I, IntLiteral). - ((ZZ64 & {Long}), ZZ64)->Boolean is not applicable to an argument of type (I, IntLiteral). - (Char, Char)->Boolean is not applicable to an argument of type (I, IntLiteral). - (EqualTo, LessThan)->Boolean is not applicable to an argument of type (I, IntLiteral). - (EqualTo, TotalComparison)->Boolean is not applicable to an argument of type (I, IntLiteral). - (GreaterThan, TotalComparison)->Boolean is not applicable to an argument of type (I, IntLiteral). - (IntLiteral, IntLiteral)->Boolean is not applicable to an argument of type (I, IntLiteral). - (LessThan, LessThan)->Boolean is not applicable to an argument of type (I, IntLiteral). - (LessThan, TotalComparison)->Boolean is not applicable to an argument of type (I, IntLiteral). - (NN32, NN32)->Boolean is not applicable to an argument of type (I, IntLiteral). - (QQ, QQ)->Boolean is not applicable to an argument of type (I, IntLiteral). - (StandardPartialOrder[\T\], T)->Boolean is not applicable to an argument of type (I, IntLiteral). - (Unordered, Comparison)->Boolean is not applicable to an argument of type (I, IntLiteral). - [\A, B, C\]((A, B, C), (A, B, C))->Boolean is not applicable to an argument of type (I, IntLiteral). - [\A, B\]((A, B), (A, B))->Boolean is not applicable to an argument of type (I, IntLiteral).
typecheck	-	typecheck	RangeInternals.fss:570	Right-hand side has type IntLiteral, but declared type is I.
typecheck	-	typecheck	RangeInternals.fss:556	Could not check call to function __cond - [\E, R\](Condition[\E\], E->R, ()->R)->R is not applicable to an argument of type (Maybe[\I\], I->(I, I), ()->I). - [\E\](Condition[\E\], E->())->() is not applicable to any type of the form (Maybe[\I\], _->_, ()->I).
typecheck	-	typecheck	RangeInternals.fss:533	No such method Range[\I\].intersectWithExtent.
typecheck	-	typecheck	RangeInternals.fss:531	Filter expressions in generator clauses must have type Boolean, but OpExpr at RangeInternals.fss:531.16 was not well typed.
typecheck	-	typecheck	RangeInternals.fss:531	Could not check call to operator < - ((NN64 & {UnsignedLong}), NN64)->Boolean is not applicable to an argument of type (I, IntLiteral). - ((RR64 & {Float, FloatLiteral, RR32}), RR64)->Boolean is not applicable to an argument of type (I, IntLiteral). - ((ZZ32 & {Int, IntLiteral}), ZZ32)->Boolean is not applicable to an argument of type (I, IntLiteral). - ((ZZ64 & {Long}), ZZ64)->Boolean is not applicable to an argument of type (I, IntLiteral). - (Char, Char)->Boolean is not applicable to an argument of type (I, IntLiteral). - (EqualTo, LessThan)->Boolean is not applicable to an argument of type (I, IntLiteral). - (EqualTo, TotalComparison)->Boolean is not applicable to an argument of type (I, IntLiteral). - (GreaterThan, TotalComparison)->Boolean is not applicable to an argument of type (I, IntLiteral). - (IntLiteral, IntLiteral)->Boolean is not applicable to an argument of type (I, IntLiteral). - (LessThan, LessThan)->Boolean is not applicable to an argument of type (I, IntLiteral). - (LessThan, TotalComparison)->Boolean is not applicable to an argument of type (I, IntLiteral). - (NN32, NN32)->Boolean is not applicable to an argument of type (I, IntLiteral). - (QQ, QQ)->Boolean is not applicable to an argument of type (I, IntLiteral). - (StandardPartialOrder[\T\], T)->Boolean is not applicable to an argument of type (I, IntLiteral). - (Unordered, Comparison)->Boolean is not applicable to an argument of type (I, IntLiteral). - [\A, B, C\]((A, B, C), (A, B, C))->Boolean is not applicable to an argument of type (I, IntLiteral). - [\A, B\]((A, B), (A, B))->Boolean is not applicable to an argument of type (I, IntLiteral).
typecheck	-	typecheck	RangeInternals.fss:529	Filter expressions in generator clauses must have type Boolean, but OpExpr at RangeInternals.fss:529.22 was not well typed.
typecheck	-	typecheck	RangeInternals.fss:529	Could not check call to operator < - ((NN64 & {UnsignedLong}), NN64)->Boolean is not applicable to an argument of type (I, IntLiteral). - ((RR64 & {Float, FloatLiteral, RR32}), RR64)->Boolean is not applicable to an argument of type (I, IntLiteral). - ((ZZ32 & {Int, IntLiteral}), ZZ32)->Boolean is not applicable to an argument of type (I, IntLiteral). - ((ZZ64 & {Long}), ZZ64)->Boolean is not applicable to an argument of type (I, IntLiteral). - (Char, Char)->Boolean is not applicable to an argument of type (I, IntLiteral). - (EqualTo, LessThan)->Boolean is not applicable to an argument of type (I, IntLiteral). - (EqualTo, TotalComparison)->Boolean is not applicable to an argument of type (I, IntLiteral). - (GreaterThan, TotalComparison)->Boolean is not applicable to an argument of type (I, IntLiteral). - (IntLiteral, IntLiteral)->Boolean is not applicable to an argument of type (I, IntLiteral). - (LessThan, LessThan)->Boolean is not applicable to an argument of type (I, IntLiteral). - (LessThan, TotalComparison)->Boolean is not applicable to an argument of type (I, IntLiteral). - (NN32, NN32)->Boolean is not applicable to an argument of type (I, IntLiteral). - (QQ, QQ)->Boolean is not applicable to an argument of type (I, IntLiteral). - (StandardPartialOrder[\T\], T)->Boolean is not applicable to an argument of type (I, IntLiteral). - (Unordered, Comparison)->Boolean is not applicable to an argument of type (I, IntLiteral). - [\A, B, C\]((A, B, C), (A, B, C))->Boolean is not applicable to an argument of type (I, IntLiteral). - [\A, B\]((A, B), (A, B))->Boolean is not applicable to an argument of type (I, IntLiteral).
typecheck	-	typecheck	RangeInternals.fss:512	Function body has type OR(RangeInternals.FullScalarRange[\I\],BoundedRange[\I\],RangeInternals.BoundedScalarRange[\I\]), but declared return type is RangeInternals.BoundedScalarRange[\I\].
typecheck	-	typecheck	RangeInternals.fss:517	No such method Range[\I\].forwardIntersection.
typecheck	-	typecheck	RangeInternals.fss:516	Filter expressions in generator clauses must have type Boolean, but OpExpr at RangeInternals.fss:516.28 was not well typed.
typecheck	-	typecheck	RangeInternals.fss:516	Could not check call to operator < - ((NN64 & {UnsignedLong}), NN64)->Boolean is not applicable to an argument of type (I, IntLiteral). - ((RR64 & {Float, FloatLiteral, RR32}), RR64)->Boolean is not applicable to an argument of type (I, IntLiteral). - ((ZZ32 & {Int, IntLiteral}), ZZ32)->Boolean is not applicable to an argument of type (I, IntLiteral). - ((ZZ64 & {Long}), ZZ64)->Boolean is not applicable to an argument of type (I, IntLiteral). - (Char, Char)->Boolean is not applicable to an argument of type (I, IntLiteral). - (EqualTo, LessThan)->Boolean is not applicable to an argument of type (I, IntLiteral). - (EqualTo, TotalComparison)->Boolean is not applicable to an argument of type (I, IntLiteral). - (GreaterThan, TotalComparison)->Boolean is not applicable to an argument of type (I, IntLiteral). - (IntLiteral, IntLiteral)->Boolean is not applicable to an argument of type (I, IntLiteral). - (LessThan, LessThan)->Boolean is not applicable to an argument of type (I, IntLiteral). - (LessThan, TotalComparison)->Boolean is not applicable to an argument of type (I, IntLiteral). - (NN32, NN32)->Boolean is not applicable to an argument of type (I, IntLiteral). - (QQ, QQ)->Boolean is not applicable to an argument of type (I, IntLiteral). - (StandardPartialOrder[\T\], T)->Boolean is not applicable to an argument of type (I, IntLiteral). - (Unordered, Comparison)->Boolean is not applicable to an argument of type (I, IntLiteral). - [\A, B, C\]((A, B, C), (A, B, C))->Boolean is not applicable to an argument of type (I, IntLiteral). - [\A, B\]((A, B), (A, B))->Boolean is not applicable to an argument of type (I, IntLiteral).
typecheck	-	typecheck	RangeInternals.fss:515	Filter expressions in generator clauses must have type Boolean, but OpExpr at RangeInternals.fss:515.28 was not well typed.
typecheck	-	typecheck	RangeInternals.fss:515	Could not check call to operator < - ((NN64 & {UnsignedLong}), NN64)->Boolean is not applicable to an argument of type (I, IntLiteral). - ((RR64 & {Float, FloatLiteral, RR32}), RR64)->Boolean is not applicable to an argument of type (I, IntLiteral). - ((ZZ32 & {Int, IntLiteral}), ZZ32)->Boolean is not applicable to an argument of type (I, IntLiteral). - ((ZZ64 & {Long}), ZZ64)->Boolean is not applicable to an argument of type (I, IntLiteral). - (Char, Char)->Boolean is not applicable to an argument of type (I, IntLiteral). - (EqualTo, LessThan)->Boolean is not applicable to an argument of type (I, IntLiteral). - (EqualTo, TotalComparison)->Boolean is not applicable to an argument of type (I, IntLiteral). - (GreaterThan, TotalComparison)->Boolean is not applicable to an argument of type (I, IntLiteral). - (IntLiteral, IntLiteral)->Boolean is not applicable to an argument of type (I, IntLiteral). - (LessThan, LessThan)->Boolean is not applicable to an argument of type (I, IntLiteral). - (LessThan, TotalComparison)->Boolean is not applicable to an argument of type (I, IntLiteral). - (NN32, NN32)->Boolean is not applicable to an argument of type (I, IntLiteral). - (QQ, QQ)->Boolean is not applicable to an argument of type (I, IntLiteral). - (StandardPartialOrder[\T\], T)->Boolean is not applicable to an argument of type (I, IntLiteral). - (Unordered, Comparison)->Boolean is not applicable to an argument of type (I, IntLiteral). - [\A, B, C\]((A, B, C), (A, B, C))->Boolean is not applicable to an argument of type (I, IntLiteral). - [\A, B\]((A, B), (A, B))->Boolean is not applicable to an argument of type (I, IntLiteral).
typecheck	-	typecheck	RangeInternals.fss:514	Filter expressions in generator clauses must have type Boolean, but OpExpr at RangeInternals.fss:514.20 was not well typed.
typecheck	-	typecheck	RangeInternals.fss:514	Could not check call to operator < - ((NN64 & {UnsignedLong}), NN64)->Boolean is not applicable to an argument of type (I, IntLiteral). - ((RR64 & {Float, FloatLiteral, RR32}), RR64)->Boolean is not applicable to an argument of type (I, IntLiteral). - ((ZZ32 & {Int, IntLiteral}), ZZ32)->Boolean is not applicable to an argument of type (I, IntLiteral). - ((ZZ64 & {Long}), ZZ64)->Boolean is not applicable to an argument of type (I, IntLiteral). - (Char, Char)->Boolean is not applicable to an argument of type (I, IntLiteral). - (EqualTo, LessThan)->Boolean is not applicable to an argument of type (I, IntLiteral). - (EqualTo, TotalComparison)->Boolean is not applicable to an argument of type (I, IntLiteral). - (GreaterThan, TotalComparison)->Boolean is not applicable to an argument of type (I, IntLiteral). - (IntLiteral, IntLiteral)->Boolean is not applicable to an argument of type (I, IntLiteral). - (LessThan, LessThan)->Boolean is not applicable to an argument of type (I, IntLiteral). - (LessThan, TotalComparison)->Boolean is not applicable to an argument of type (I, IntLiteral). - (NN32, NN32)->Boolean is not applicable to an argument of type (I, IntLiteral). - (QQ, QQ)->Boolean is not applicable to an argument of type (I, IntLiteral). - (StandardPartialOrder[\T\], T)->Boolean is not applicable to an argument of type (I, IntLiteral). - (Unordered, Comparison)->Boolean is not applicable to an argument of type (I, IntLiteral). - [\A, B, C\]((A, B, C), (A, B, C))->Boolean is not applicable to an argument of type (I, IntLiteral). - [\A, B\]((A, B), (A, B))->Boolean is not applicable to an argument of type (I, IntLiteral).
typecheck	-	typecheck	RangeInternals.fss:500	Could not check call to function ExtentRange3D - [\ZZ32, ZZ32\](ZZ32, ZZ32, K, ZZ32, ZZ32, K)->RangeInternals.ExtentRange3D[\ZZ32,ZZ32,K\] is not applicable to an argument of type (I, J, K, I, J, K).
typecheck	-	typecheck	RangeInternals.fss:495	Could not check call to operator |_| - (NN64 & {UnsignedLong})->NN64 is not applicable to an argument of type K. - (RR64 & {Float, FloatLiteral, RR32})->RR64 is not applicable to an argument of type K. - (ReadableArray1[\T,b0,s0\] & {ImmutableArray1[\T,b0,s0\], Array1[\T,b0,s0\]})->ZZ32 is not applicable to an argument of type K. - (ZZ32 & {Int, IntLiteral})->ZZ32 is not applicable to an argument of type K. - (ZZ64 & {Long})->ZZ64 is not applicable to an argument of type K. - Array2[\T,b0,s0,b1,s1\]->ZZ32 is not applicable to an argument of type K. - Array3[\T,b0,s0,b1,s1,b2,s2\]->ZZ32 is not applicable to an argument of type K. - Char->ZZ32 is not applicable to an argument of type K. - CompactFullRange[\I\]->I is not applicable to an argument of type K. - Condition[\E\]->ZZ32 is not applicable to an argument of type K. - DefaultZip[\E,F\]->ZZ32 is not applicable to an argument of type K. - DelegatedIndexed[\E,I\]->ZZ32 is not applicable to an argument of type K. - Indexed[\E,I\]->ZZ32 is not applicable to an argument of type K. - Just[\T\]->ZZ32 is not applicable to an argument of type K. - NN32->NN32 is not applicable to an argument of type K. - NotUnique[\T\]->ZZ32 is not applicable to an argument of type K. - Nothing[\T\]->ZZ32 is not applicable to an argument of type K. - QQ->QQ is not applicable to an argument of type K. - RangeInternals.FullRange2D[\I,J\]->ZZ32 is not applicable to an argument of type K. - RangeInternals.FullRange3D[\I,J,K\]->ZZ32 is not applicable to an argument of type K. - String->ZZ32 is not applicable to an argument of type K.
typecheck	-	typecheck	RangeInternals.fss:495	Could not check call to operator |_| - (NN64 & {UnsignedLong})->NN64 is not applicable to an argument of type J. - (RR64 & {Float, FloatLiteral, RR32})->RR64 is not applicable to an argument of type J. - (ReadableArray1[\T,b0,s0\] & {ImmutableArray1[\T,b0,s0\], Array1[\T,b0,s0\]})->ZZ32 is not applicable to an argument of type J. - (ZZ32 & {Int, IntLiteral})->ZZ32 is not applicable to an argument of type J. - (ZZ64 & {Long})->ZZ64 is not applicable to an argument of type J. - Array2[\T,b0,s0,b1,s1\]->ZZ32 is not applicable to an argument of type J. - Array3[\T,b0,s0,b1,s1,b2,s2\]->ZZ32 is not applicable to an argument of type J. - Char->ZZ32 is not applicable to an argument of type J. - CompactFullRange[\I\]->I is not applicable to an argument of type J. - Condition[\E\]->ZZ32 is not applicable to an argument of type J. - DefaultZip[\E,F\]->ZZ32 is not applicable to an argument of type J. - DelegatedIndexed[\E,I\]->ZZ32 is not applicable to an argument of type J. - Indexed[\E,I\]->ZZ32 is not applicable to an argument of type J. - Just[\T\]->ZZ32 is not applicable to an argument of type J. - NN32->NN32 is not applicable to an argument of type J. - NotUnique[\T\]->ZZ32 is not applicable to an argument of type J. - Nothing[\T\]->ZZ32 is not applicable to an argument of type J. - QQ->QQ is not applicable to an argument of type J. - RangeInternals.FullRange2D[\I,J\]->ZZ32 is not applicable to an argument of type J. - RangeInternals.FullRange3D[\I,J,K\]->ZZ32 is not applicable to an argument of type J. - String->ZZ32 is not applicable to an argument of type J.
typecheck	-	typecheck	RangeInternals.fss:495	Could not check call to operator |_| - (NN64 & {UnsignedLong})->NN64 is not applicable to an argument of type I. - (RR64 & {Float, FloatLiteral, RR32})->RR64 is not applicable to an argument of type I. - (ReadableArray1[\T,b0,s0\] & {ImmutableArray1[\T,b0,s0\], Array1[\T,b0,s0\]})->ZZ32 is not applicable to an argument of type I. - (ZZ32 & {Int, IntLiteral})->ZZ32 is not applicable to an argument of type I. - (ZZ64 & {Long})->ZZ64 is not applicable to an argument of type I. - Array2[\T,b0,s0,b1,s1\]->ZZ32 is not applicable to an argument of type I. - Array3[\T,b0,s0,b1,s1,b2,s2\]->ZZ32 is not applicable to an argument of type I. - Char->ZZ32 is not applicable to an argument of type I. - CompactFullRange[\I\]->I is not applicable to an argument of type I. - Condition[\E\]->ZZ32 is not applicable to an argument of type I. - DefaultZip[\E,F\]->ZZ32 is not applicable to an argument of type I. - DelegatedIndexed[\E,I\]->ZZ32 is not applicable to an argument of type I. - Indexed[\E,I\]->ZZ32 is not applicable to an argument of type I. - Just[\T\]->ZZ32 is not applicable to an argument of type I. - NN32->NN32 is not applicable to an argument of type I. - NotUnique[\T\]->ZZ32 is not applicable to an argument of type I. - Nothing[\T\]->ZZ32 is not applicable to an argument of type I. - QQ->QQ is not applicable to an argument of type I. - RangeInternals.FullRange2D[\I,J\]->ZZ32 is not applicable to an argument of type I. - RangeInternals.FullRange3D[\I,J,K\]->ZZ32 is not applicable to an argument of type I. - String->ZZ32 is not applicable to an argument of type I.
typecheck	-	typecheck	RangeInternals.fss:476	Could not check call to function ExtentRange2D - [\ZZ32, ZZ32\](ZZ32, ZZ32, ZZ32, ZZ32)->RangeInternals.ExtentRange2D[\ZZ32,ZZ32\] is not applicable to an argument of type (I, J, I, J).
typecheck	-	typecheck	RangeInternals.fss:471	Could not check call to operator |_| - (NN64 & {UnsignedLong})->NN64 is not applicable to an argument of type J. - (RR64 & {Float, FloatLiteral, RR32})->RR64 is not applicable to an argument of type J. - (ReadableArray1[\T,b0,s0\] & {ImmutableArray1[\T,b0,s0\], Array1[\T,b0,s0\]})->ZZ32 is not applicable to an argument of type J. - (ZZ32 & {Int, IntLiteral})->ZZ32 is not applicable to an argument of type J. - (ZZ64 & {Long})->ZZ64 is not applicable to an argument of type J. - Array2[\T,b0,s0,b1,s1\]->ZZ32 is not applicable to an argument of type J. - Array3[\T,b0,s0,b1,s1,b2,s2\]->ZZ32 is not applicable to an argument of type J. - Char->ZZ32 is not applicable to an argument of type J. - CompactFullRange[\I\]->I is not applicable to an argument of type J. - Condition[\E\]->ZZ32 is not applicable to an argument of type J. - DefaultZip[\E,F\]->ZZ32 is not applicable to an argument of type J. - DelegatedIndexed[\E,I\]->ZZ32 is not applicable to an argument of type J. - Indexed[\E,I\]->ZZ32 is not applicable to an argument of type J. - Just[\T\]->ZZ32 is not applicable to an argument of type J. - NN32->NN32 is not applicable to an argument of type J. - NotUnique[\T\]->ZZ32 is not applicable to an argument of type J. - Nothing[\T\]->ZZ32 is not applicable to an argument of type J. - QQ->QQ is not applicable to an argument of type J. - RangeInternals.FullRange2D[\I,J\]->ZZ32 is not applicable to an argument of type J. - RangeInternals.FullRange3D[\I,J,K\]->ZZ32 is not applicable to an argument of type J. - String->ZZ32 is not applicable to an argument of type J.
typecheck	-	typecheck	RangeInternals.fss:471	Could not check call to operator |_| - (NN64 & {UnsignedLong})->NN64 is not applicable to an argument of type I. - (RR64 & {Float, FloatLiteral, RR32})->RR64 is not applicable to an argument of type I. - (ReadableArray1[\T,b0,s0\] & {ImmutableArray1[\T,b0,s0\], Array1[\T,b0,s0\]})->ZZ32 is not applicable to an argument of type I. - (ZZ32 & {Int, IntLiteral})->ZZ32 is not applicable to an argument of type I. - (ZZ64 & {Long})->ZZ64 is not applicable to an argument of type I. - Array2[\T,b0,s0,b1,s1\]->ZZ32 is not applicable to an argument of type I. - Array3[\T,b0,s0,b1,s1,b2,s2\]->ZZ32 is not applicable to an argument of type I. - Char->ZZ32 is not applicable to an argument of type I. - CompactFullRange[\I\]->I is not applicable to an argument of type I. - Condition[\E\]->ZZ32 is not applicable to an argument of type I. - DefaultZip[\E,F\]->ZZ32 is not applicable to an argument of type I. - DelegatedIndexed[\E,I\]->ZZ32 is not applicable to an argument of type I. - Indexed[\E,I\]->ZZ32 is not applicable to an argument of type I. - Just[\T\]->ZZ32 is not applicable to an argument of type I. - NN32->NN32 is not applicable to an argument of type I. - NotUnique[\T\]->ZZ32 is not applicable to an argument of type I. - Nothing[\T\]->ZZ32 is not applicable to an argument of type I. - QQ->QQ is not applicable to an argument of type I. - RangeInternals.FullRange2D[\I,J\]->ZZ32 is not applicable to an argument of type I. - RangeInternals.FullRange3D[\I,J,K\]->ZZ32 is not applicable to an argument of type I. - String->ZZ32 is not applicable to an argument of type I.
typecheck	-	typecheck	RangeInternals.fss:459	Function body has type RangeInternals.ScalarRange[\I\], but declared return type is RangeInternals.ScalarRangeWithExtent[\I\].
typecheck	-	typecheck	RangeInternals.fss:449	Could not check call to operator - - (NN64 & {UnsignedLong})->NN64 is not applicable to an argument of type (I, I). - (RR64 & {Float, FloatLiteral, RR32})->RR64 is not applicable to an argument of type (I, I). - (ZZ32 & {Int, IntLiteral})->ZZ32 is not applicable to an argument of type (I, I). - (ZZ64 & {Long})->ZZ64 is not applicable to an argument of type (I, I). - AdditiveGroup[\T\]->T is not applicable to an argument of type (I, I). - Integral[\I\]->I is not applicable to an argument of type (I, I). - Matrix[\T,s0,s1\]->Matrix[\T,s0,s1\] is not applicable to an argument of type (I, I). - NN32->NN32 is not applicable to an argument of type (I, I). - QQ->QQ is not applicable to an argument of type (I, I). - Vector[\T,s0\]->Vector[\T,s0\] is not applicable to an argument of type (I, I). - [\T extends Number, nat n, nat m\]Matrix[\T,n,m\]->Matrix[\T,n,m\] is not applicable to an argument of type (I, I). - [\T extends Number, nat n, nat m\]Vector[\T,n\]->Vector[\T,n\] is not applicable to an argument of type (I, I).
typecheck	-	typecheck	RangeInternals.fss:447	Could not check call to function extentScalarRange - [\I\](I, I)->RangeInternals.ScalarRangeWithExtent[\I\] is not applicable to an argument of type ((I, I), I).
typecheck	-	typecheck	RangeInternals.fss:443	Filter expressions in generator clauses must have type Boolean, but OpExpr at RangeInternals.fss:443.17 was not well typed.
typecheck	-	typecheck	RangeInternals.fss:443	Could not check call to operator > - ((RR64 & {Float, FloatLiteral, RR32}), RR64)->Boolean is not applicable to an argument of type (I, IntLiteral). - ((ZZ64 & {Long}), ZZ64)->Boolean is not applicable to an argument of type (I, IntLiteral). - (IntLiteral, IntLiteral)->Boolean is not applicable to an argument of type (I, IntLiteral). - (QQ, QQ)->Boolean is not applicable to an argument of type (I, IntLiteral). - (StandardPartialOrder[\T\], T)->Boolean is not applicable to an argument of type (I, IntLiteral). - [\A, B, C\]((A, B, C), (A, B, C))->Boolean is not applicable to an argument of type (I, IntLiteral). - [\A, B\]((A, B), (A, B))->Boolean is not applicable to an argument of type (I, IntLiteral).
typecheck	-	typecheck	RangeInternals.fss:443	Could not check call to operator < - ((NN64 & {UnsignedLong}), NN64)->Boolean is not applicable to an argument of type (I, IntLiteral). - ((RR64 & {Float, FloatLiteral, RR32}), RR64)->Boolean is not applicable to an argument of type (I, IntLiteral). - ((ZZ32 & {Int, IntLiteral}), ZZ32)->Boolean is not applicable to an argument of type (I, IntLiteral). - ((ZZ64 & {Long}), ZZ64)->Boolean is not applicable to an argument of type (I, IntLiteral). - (Char, Char)->Boolean is not applicable to an argument of type (I, IntLiteral). - (EqualTo, LessThan)->Boolean is not applicable to an argument of type (I, IntLiteral). - (EqualTo, TotalComparison)->Boolean is not applicable to an argument of type (I, IntLiteral). - (GreaterThan, TotalComparison)->Boolean is not applicable to an argument of type (I, IntLiteral). - (IntLiteral, IntLiteral)->Boolean is not applicable to an argument of type (I, IntLiteral). - (LessThan, LessThan)->Boolean is not applicable to an argument of type (I, IntLiteral). - (LessThan, TotalComparison)->Boolean is not applicable to an argument of type (I, IntLiteral). - (NN32, NN32)->Boolean is not applicable to an argument of type (I, IntLiteral). - (QQ, QQ)->Boolean is not applicable to an argument of type (I, IntLiteral). - (StandardPartialOrder[\T\], T)->Boolean is not applicable to an argument of type (I, IntLiteral). - (Unordered, Comparison)->Boolean is not applicable to an argument of type (I, IntLiteral). - [\A, B, C\]((A, B, C), (A, B, C))->Boolean is not applicable to an argument of type (I, IntLiteral). - [\A, B\]((A, B), (A, B))->Boolean is not applicable to an argument of type (I, IntLiteral).
typecheck	-	typecheck	RangeInternals.fss:439	No such method Range[\I\].intersectWithExtent.
typecheck	-	typecheck	RangeInternals.fss:436	Could not check call to function ExtentScalarRange - [\I\](I, I)->RangeInternals.ExtentScalarRange[\I\] is not applicable to an argument of type ((I, I), I).
typecheck	-	typecheck	RangeInternals.fss:434	Could not check call to function ExtentScalarRange - [\I\](I, I)->RangeInternals.ExtentScalarRange[\I\] is not applicable to an argument of type ((I, I), I).
typecheck	-	typecheck	RangeInternals.fss:433	Filter expressions in generator clauses must have type Boolean, but OpExpr at RangeInternals.fss:433.14 was not well typed.
typecheck	-	typecheck	RangeInternals.fss:433	Could not check call to operator < - ((NN64 & {UnsignedLong}), NN64)->Boolean is not applicable to an argument of type (I, IntLiteral). - ((RR64 & {Float, FloatLiteral, RR32}), RR64)->Boolean is not applicable to an argument of type (I, IntLiteral). - ((ZZ32 & {Int, IntLiteral}), ZZ32)->Boolean is not applicable to an argument of type (I, IntLiteral). - ((ZZ64 & {Long}), ZZ64)->Boolean is not applicable to an argument of type (I, IntLiteral). - (Char, Char)->Boolean is not applicable to an argument of type (I, IntLiteral). - (EqualTo, LessThan)->Boolean is not applicable to an argument of type (I, IntLiteral). - (EqualTo, TotalComparison)->Boolean is not applicable to an argument of type (I, IntLiteral). - (GreaterThan, TotalComparison)->Boolean is not applicable to an argument of type (I, IntLiteral). - (IntLiteral, IntLiteral)->Boolean is not applicable to an argument of type (I, IntLiteral). - (LessThan, LessThan)->Boolean is not applicable to an argument of type (I, IntLiteral). - (LessThan, TotalComparison)->Boolean is not applicable to an argument of type (I, IntLiteral). - (NN32, NN32)->Boolean is not applicable to an argument of type (I, IntLiteral). - (QQ, QQ)->Boolean is not applicable to an argument of type (I, IntLiteral). - (StandardPartialOrder[\T\], T)->Boolean is not applicable to an argument of type (I, IntLiteral). - (Unordered, Comparison)->Boolean is not applicable to an argument of type (I, IntLiteral). - [\A, B, C\]((A, B, C), (A, B, C))->Boolean is not applicable to an argument of type (I, IntLiteral). - [\A, B\]((A, B), (A, B))->Boolean is not applicable to an argument of type (I, IntLiteral).
typecheck	-	typecheck	RangeInternals.fss:432	Could not check call to operator |_| - (NN64 & {UnsignedLong})->NN64 is not applicable to an argument of type I. - (RR64 & {Float, FloatLiteral, RR32})->RR64 is not applicable to an argument of type I. - (ReadableArray1[\T,b0,s0\] & {ImmutableArray1[\T,b0,s0\], Array1[\T,b0,s0\]})->ZZ32 is not applicable to an argument of type I. - (ZZ32 & {Int, IntLiteral})->ZZ32 is not applicable to an argument of type I. - (ZZ64 & {Long})->ZZ64 is not applicable to an argument of type I. - Array2[\T,b0,s0,b1,s1\]->ZZ32 is not applicable to an argument of type I. - Array3[\T,b0,s0,b1,s1,b2,s2\]->ZZ32 is not applicable to an argument of type I. - Char->ZZ32 is not applicable to an argument of type I. - CompactFullRange[\I\]->I is not applicable to an argument of type I. - Condition[\E\]->ZZ32 is not applicable to an argument of type I. - DefaultZip[\E,F\]->ZZ32 is not applicable to an argument of type I. - DelegatedIndexed[\E,I\]->ZZ32 is not applicable to an argument of type I. - Indexed[\E,I\]->ZZ32 is not applicable to an argument of type I. - Just[\T\]->ZZ32 is not applicable to an argument of type I. - NN32->NN32 is not applicable to an argument of type I. - NotUnique[\T\]->ZZ32 is not applicable to an argument of type I. - Nothing[\T\]->ZZ32 is not applicable to an argument of type I. - QQ->QQ is not applicable to an argument of type I. - RangeInternals.FullRange2D[\I,J\]->ZZ32 is not applicable to an argument of type I. - RangeInternals.FullRange3D[\I,J,K\]->ZZ32 is not applicable to an argument of type I. - String->ZZ32 is not applicable to an argument of type I.
typecheck	-	typecheck	RangeInternals.fss:431	Filter expressions in generator clauses must have type Boolean, but OpExpr at RangeInternals.fss:431.14 was not well typed.
typecheck	-	typecheck	RangeInternals.fss:431	Could not check call to operator < - ((NN64 & {UnsignedLong}), NN64)->Boolean is not applicable to an argument of type (I, IntLiteral). - ((RR64 & {Float, FloatLiteral, RR32}), RR64)->Boolean is not applicable to an argument of type (I, IntLiteral). - ((ZZ32 & {Int, IntLiteral}), ZZ32)->Boolean is not applicable to an argument of type (I, IntLiteral). - ((ZZ64 & {Long}), ZZ64)->Boolean is not applicable to an argument of type (I, IntLiteral). - (Char, Char)->Boolean is not applicable to an argument of type (I, IntLiteral). - (EqualTo, LessThan)->Boolean is not applicable to an argument of type (I, IntLiteral). - (EqualTo, TotalComparison)->Boolean is not applicable to an argument of type (I, IntLiteral). - (GreaterThan, TotalComparison)->Boolean is not applicable to an argument of type (I, IntLiteral). - (IntLiteral, IntLiteral)->Boolean is not applicable to an argument of type (I, IntLiteral). - (LessThan, LessThan)->Boolean is not applicable to an argument of type (I, IntLiteral). - (LessThan, TotalComparison)->Boolean is not applicable to an argument of type (I, IntLiteral). - (NN32, NN32)->Boolean is not applicable to an argument of type (I, IntLiteral). - (QQ, QQ)->Boolean is not applicable to an argument of type (I, IntLiteral). - (StandardPartialOrder[\T\], T)->Boolean is not applicable to an argument of type (I, IntLiteral). - (Unordered, Comparison)->Boolean is not applicable to an argument of type (I, IntLiteral). - [\A, B, C\]((A, B, C), (A, B, C))->Boolean is not applicable to an argument of type (I, IntLiteral). - [\A, B\]((A, B), (A, B))->Boolean is not applicable to an argument of type (I, IntLiteral).
typecheck	-	typecheck	RangeInternals.fss:423	Could not check call to operator - - ((NN64 & {UnsignedLong}), NN64)->NN64 is not applicable to an argument of type (I, IntLiteral). - ((RR64 & {Float, FloatLiteral, RR32}), RR64)->RR64 is not applicable to an argument of type (I, IntLiteral). - ((ZZ32 & {Int, IntLiteral}), ZZ32)->ZZ32 is not applicable to an argument of type (I, IntLiteral). - ((ZZ64 & {Long}), ZZ64)->ZZ64 is not applicable to an argument of type (I, IntLiteral). - (AdditiveGroup[\T\], T)->T is not applicable to an argument of type (I, IntLiteral). - (Integral[\I\], I)->I is not applicable to an argument of type (I, IntLiteral). - (Matrix[\T,s0,s1\], Matrix[\T,s0,s1\])->Matrix[\T,s0,s1\] is not applicable to an argument of type (I, IntLiteral). - (NN32, NN32)->NN32 is not applicable to an argument of type (I, IntLiteral). - (QQ, QQ)->QQ is not applicable to an argument of type (I, IntLiteral). - (Vector[\T,s0\], Vector[\T,s0\])->Vector[\T,s0\] is not applicable to an argument of type (I, IntLiteral). - [\T extends Number, I\](Array[\T,I\], T)->Array[\T,I\] is not applicable to an argument of type (I, IntLiteral). - [\T extends Number, I\](T, Array[\T,I\])->Array[\T,I\] is not applicable to an argument of type (I, IntLiteral). - [\T extends Number, nat n, nat m\](Matrix[\T,n,m\], Matrix[\T,n,m\])->Matrix[\T,n,m\] is not applicable to an argument of type (I, IntLiteral). - [\T extends Number, nat n, nat m\](Vector[\T,n\], Vector[\T,n\])->Vector[\T,n\] is not applicable to an argument of type (I, IntLiteral).
typecheck	-	typecheck	RangeInternals.fss:423	Could not check call to operator + - ((NN64 & {UnsignedLong}), NN64)->NN64 is not applicable to an argument of type (I, IntLiteral). - ((RR64 & {Float, FloatLiteral, RR32}), RR64)->RR64 is not applicable to an argument of type (I, IntLiteral). - ((ZZ32 & {Int, IntLiteral}), ZZ32)->ZZ32 is not applicable to an argument of type (I, IntLiteral). - ((ZZ64 & {Long}), ZZ64)->ZZ64 is not applicable to an argument of type (I, IntLiteral). - (AdditiveGroup[\T\], T)->T is not applicable to an argument of type (I, IntLiteral). - (Integral[\I\], I)->I is not applicable to an argument of type (I, IntLiteral). - (Matrix[\T,s0,s1\], Matrix[\T,s0,s1\])->Matrix[\T,s0,s1\] is not applicable to an argument of type (I, IntLiteral). - (NN32, NN32)->NN32 is not applicable to an argument of type (I, IntLiteral). - (QQ, QQ)->QQ is not applicable to an argument of type (I, IntLiteral). - (Vector[\T,s0\], Vector[\T,s0\])->Vector[\T,s0\] is not applicable to an argument of type (I, IntLiteral). - [\T extends Number, I\](Array[\T,I\], T)->Array[\T,I\] is not applicable to an argument of type (I, IntLiteral). - [\T extends Number, I\](T, Array[\T,I\])->Array[\T,I\] is not applicable to an argument of type (I, IntLiteral). - [\T extends Number, nat n, nat m\](Matrix[\T,n,m\], Matrix[\T,n,m\])->Matrix[\T,n,m\] is not applicable to an argument of type (I, IntLiteral). - [\T extends Number, nat n, nat m\](Vector[\T,n\], Vector[\T,n\])->Vector[\T,n\] is not applicable to an argument of type (I, IntLiteral).
typecheck	-	typecheck	RangeInternals.fss:423	Filter expressions in generator clauses must have type Boolean, but OpExpr at RangeInternals.fss:423.22 was not well typed.
typecheck	-	typecheck	RangeInternals.fss:423	Could not check call to operator < - ((NN64 & {UnsignedLong}), NN64)->Boolean is not applicable to an argument of type (I, IntLiteral). - ((RR64 & {Float, FloatLiteral, RR32}), RR64)->Boolean is not applicable to an argument of type (I, IntLiteral). - ((ZZ32 & {Int, IntLiteral}), ZZ32)->Boolean is not applicable to an argument of type (I, IntLiteral). - ((ZZ64 & {Long}), ZZ64)->Boolean is not applicable to an argument of type (I, IntLiteral). - (Char, Char)->Boolean is not applicable to an argument of type (I, IntLiteral). - (EqualTo, LessThan)->Boolean is not applicable to an argument of type (I, IntLiteral). - (EqualTo, TotalComparison)->Boolean is not applicable to an argument of type (I, IntLiteral). - (GreaterThan, TotalComparison)->Boolean is not applicable to an argument of type (I, IntLiteral). - (IntLiteral, IntLiteral)->Boolean is not applicable to an argument of type (I, IntLiteral). - (LessThan, LessThan)->Boolean is not applicable to an argument of type (I, IntLiteral). - (LessThan, TotalComparison)->Boolean is not applicable to an argument of type (I, IntLiteral). - (NN32, NN32)->Boolean is not applicable to an argument of type (I, IntLiteral). - (QQ, QQ)->Boolean is not applicable to an argument of type (I, IntLiteral). - (StandardPartialOrder[\T\], T)->Boolean is not applicable to an argument of type (I, IntLiteral). - (Unordered, Comparison)->Boolean is not applicable to an argument of type (I, IntLiteral). - [\A, B, C\]((A, B, C), (A, B, C))->Boolean is not applicable to an argument of type (I, IntLiteral). - [\A, B\]((A, B), (A, B))->Boolean is not applicable to an argument of type (I, IntLiteral).
typecheck	-	typecheck	RangeInternals.fss:421	Could not check call to operator + - ((NN64 & {UnsignedLong}), NN64)->NN64 is not applicable to an argument of type (I, IntLiteral). - ((RR64 & {Float, FloatLiteral, RR32}), RR64)->RR64 is not applicable to an argument of type (I, IntLiteral). - ((ZZ32 & {Int, IntLiteral}), ZZ32)->ZZ32 is not applicable to an argument of type (I, IntLiteral). - ((ZZ64 & {Long}), ZZ64)->ZZ64 is not applicable to an argument of type (I, IntLiteral). - (AdditiveGroup[\T\], T)->T is not applicable to an argument of type (I, IntLiteral). - (Integral[\I\], I)->I is not applicable to an argument of type (I, IntLiteral). - (Matrix[\T,s0,s1\], Matrix[\T,s0,s1\])->Matrix[\T,s0,s1\] is not applicable to an argument of type (I, IntLiteral). - (NN32, NN32)->NN32 is not applicable to an argument of type (I, IntLiteral). - (QQ, QQ)->QQ is not applicable to an argument of type (I, IntLiteral). - (Vector[\T,s0\], Vector[\T,s0\])->Vector[\T,s0\] is not applicable to an argument of type (I, IntLiteral). - [\T extends Number, I\](Array[\T,I\], T)->Array[\T,I\] is not applicable to an argument of type (I, IntLiteral). - [\T extends Number, I\](T, Array[\T,I\])->Array[\T,I\] is not applicable to an argument of type (I, IntLiteral). - [\T extends Number, nat n, nat m\](Matrix[\T,n,m\], Matrix[\T,n,m\])->Matrix[\T,n,m\] is not applicable to an argument of type (I, IntLiteral). - [\T extends Number, nat n, nat m\](Vector[\T,n\], Vector[\T,n\])->Vector[\T,n\] is not applicable to an argument of type (I, IntLiteral).
typecheck	-	typecheck	RangeInternals.fss:421	Could not check call to operator - - ((NN64 & {UnsignedLong}), NN64)->NN64 is not applicable to an argument of type (I, IntLiteral). - ((RR64 & {Float, FloatLiteral, RR32}), RR64)->RR64 is not applicable to an argument of type (I, IntLiteral). - ((ZZ32 & {Int, IntLiteral}), ZZ32)->ZZ32 is not applicable to an argument of type (I, IntLiteral). - ((ZZ64 & {Long}), ZZ64)->ZZ64 is not applicable to an argument of type (I, IntLiteral). - (AdditiveGroup[\T\], T)->T is not applicable to an argument of type (I, IntLiteral). - (Integral[\I\], I)->I is not applicable to an argument of type (I, IntLiteral). - (Matrix[\T,s0,s1\], Matrix[\T,s0,s1\])->Matrix[\T,s0,s1\] is not applicable to an argument of type (I, IntLiteral). - (NN32, NN32)->NN32 is not applicable to an argument of type (I, IntLiteral). - (QQ, QQ)->QQ is not applicable to an argument of type (I, IntLiteral). - (Vector[\T,s0\], Vector[\T,s0\])->Vector[\T,s0\] is not applicable to an argument of type (I, IntLiteral). - [\T extends Number, I\](Array[\T,I\], T)->Array[\T,I\] is not applicable to an argument of type (I, IntLiteral). - [\T extends Number, I\](T, Array[\T,I\])->Array[\T,I\] is not applicable to an argument of type (I, IntLiteral). - [\T extends Number, nat n, nat m\](Matrix[\T,n,m\], Matrix[\T,n,m\])->Matrix[\T,n,m\] is not applicable to an argument of type (I, IntLiteral). - [\T extends Number, nat n, nat m\](Vector[\T,n\], Vector[\T,n\])->Vector[\T,n\] is not applicable to an argument of type (I, IntLiteral).
typecheck	-	typecheck	RangeInternals.fss:421	Filter expressions in generator clauses must have type Boolean, but OpExpr at RangeInternals.fss:421.22 was not well typed.
typecheck	-	typecheck	RangeInternals.fss:421	Could not check call to operator > - ((RR64 & {Float, FloatLiteral, RR32}), RR64)->Boolean is not applicable to an argument of type (I, IntLiteral). - ((ZZ64 & {Long}), ZZ64)->Boolean is not applicable to an argument of type (I, IntLiteral). - (IntLiteral, IntLiteral)->Boolean is not applicable to an argument of type (I, IntLiteral). - (QQ, QQ)->Boolean is not applicable to an argument of type (I, IntLiteral). - (StandardPartialOrder[\T\], T)->Boolean is not applicable to an argument of type (I, IntLiteral). - [\A, B, C\]((A, B, C), (A, B, C))->Boolean is not applicable to an argument of type (I, IntLiteral). - [\A, B\]((A, B), (A, B))->Boolean is not applicable to an argument of type (I, IntLiteral).
typecheck	-	typecheck	RangeInternals.fss:420	Filter expressions in generator clauses must have type Boolean, but OpExpr at RangeInternals.fss:420.18 was not well typed.
typecheck	-	typecheck	RangeInternals.fss:420	Could not check call to operator > - ((RR64 & {Float, FloatLiteral, RR32}), RR64)->Boolean is not applicable to an argument of type (I, IntLiteral). - ((ZZ64 & {Long}), ZZ64)->Boolean is not applicable to an argument of type (I, IntLiteral). - (IntLiteral, IntLiteral)->Boolean is not applicable to an argument of type (I, IntLiteral). - (QQ, QQ)->Boolean is not applicable to an argument of type (I, IntLiteral). - (StandardPartialOrder[\T\], T)->Boolean is not applicable to an argument of type (I, IntLiteral). - [\A, B, C\]((A, B, C), (A, B, C))->Boolean is not applicable to an argument of type (I, IntLiteral). - [\A, B\]((A, B), (A, B))->Boolean is not applicable to an argument of type (I, IntLiteral).
typecheck	-	typecheck	RangeInternals.fss:413	Filter expressions in generator clauses must have type Boolean, but OpExpr at RangeInternals.fss:413.12 was not well typed.
typecheck	-	typecheck	RangeInternals.fss:413	Could not check call to operator < - ((NN64 & {UnsignedLong}), NN64)->Boolean is not applicable to an argument of type (I, IntLiteral). - ((RR64 & {Float, FloatLiteral, RR32}), RR64)->Boolean is not applicable to an argument of type (I, IntLiteral). - ((ZZ32 & {Int, IntLiteral}), ZZ32)->Boolean is not applicable to an argument of type (I, IntLiteral). - ((ZZ64 & {Long}), ZZ64)->Boolean is not applicable to an argument of type (I, IntLiteral). - (Char, Char)->Boolean is not applicable to an argument of type (I, IntLiteral). - (EqualTo, LessThan)->Boolean is not applicable to an argument of type (I, IntLiteral). - (EqualTo, TotalComparison)->Boolean is not applicable to an argument of type (I, IntLiteral). - (GreaterThan, TotalComparison)->Boolean is not applicable to an argument of type (I, IntLiteral). - (IntLiteral, IntLiteral)->Boolean is not applicable to an argument of type (I, IntLiteral). - (LessThan, LessThan)->Boolean is not applicable to an argument of type (I, IntLiteral). - (LessThan, TotalComparison)->Boolean is not applicable to an argument of type (I, IntLiteral). - (NN32, NN32)->Boolean is not applicable to an argument of type (I, IntLiteral). - (QQ, QQ)->Boolean is not applicable to an argument of type (I, IntLiteral). - (StandardPartialOrder[\T\], T)->Boolean is not applicable to an argument of type (I, IntLiteral). - (Unordered, Comparison)->Boolean is not applicable to an argument of type (I, IntLiteral). - [\A, B, C\]((A, B, C), (A, B, C))->Boolean is not applicable to an argument of type (I, IntLiteral). - [\A, B\]((A, B), (A, B))->Boolean is not applicable to an argument of type (I, IntLiteral).
typecheck	-	typecheck	RangeInternals.fss:411	Filter expressions in generator clauses must have type Boolean, but OpExpr at RangeInternals.fss:411.12 was not well typed.
typecheck	-	typecheck	RangeInternals.fss:411	Could not check call to operator < - ((NN64 & {UnsignedLong}), NN64)->Boolean is not applicable to an argument of type (I, IntLiteral). - ((RR64 & {Float, FloatLiteral, RR32}), RR64)->Boolean is not applicable to an argument of type (I, IntLiteral). - ((ZZ32 & {Int, IntLiteral}), ZZ32)->Boolean is not applicable to an argument of type (I, IntLiteral). - ((ZZ64 & {Long}), ZZ64)->Boolean is not applicable to an argument of type (I, IntLiteral). - (Char, Char)->Boolean is not applicable to an argument of type (I, IntLiteral). - (EqualTo, LessThan)->Boolean is not applicable to an argument of type (I, IntLiteral). - (EqualTo, TotalComparison)->Boolean is not applicable to an argument of type (I, IntLiteral). - (GreaterThan, TotalComparison)->Boolean is not applicable to an argument of type (I, IntLiteral). - (IntLiteral, IntLiteral)->Boolean is not applicable to an argument of type (I, IntLiteral). - (LessThan, LessThan)->Boolean is not applicable to an argument of type (I, IntLiteral). - (LessThan, TotalComparison)->Boolean is not applicable to an argument of type (I, IntLiteral). - (NN32, NN32)->Boolean is not applicable to an argument of type (I, IntLiteral). - (QQ, QQ)->Boolean is not applicable to an argument of type (I, IntLiteral). - (StandardPartialOrder[\T\], T)->Boolean is not applicable to an argument of type (I, IntLiteral). - (Unordered, Comparison)->Boolean is not applicable to an argument of type (I, IntLiteral). - [\A, B, C\]((A, B, C), (A, B, C))->Boolean is not applicable to an argument of type (I, IntLiteral). - [\A, B\]((A, B), (A, B))->Boolean is not applicable to an argument of type (I, IntLiteral).
typecheck	-	typecheck	RangeInternals.fss:407	Could not check call to operator + - ((NN64 & {UnsignedLong}), NN64)->NN64 is not applicable to an argument of type (I, IntLiteral). - ((RR64 & {Float, FloatLiteral, RR32}), RR64)->RR64 is not applicable to an argument of type (I, IntLiteral). - ((ZZ32 & {Int, IntLiteral}), ZZ32)->ZZ32 is not applicable to an argument of type (I, IntLiteral). - ((ZZ64 & {Long}), ZZ64)->ZZ64 is not applicable to an argument of type (I, IntLiteral). - (AdditiveGroup[\T\], T)->T is not applicable to an argument of type (I, IntLiteral). - (Integral[\I\], I)->I is not applicable to an argument of type (I, IntLiteral). - (Matrix[\T,s0,s1\], Matrix[\T,s0,s1\])->Matrix[\T,s0,s1\] is not applicable to an argument of type (I, IntLiteral). - (NN32, NN32)->NN32 is not applicable to an argument of type (I, IntLiteral). - (QQ, QQ)->QQ is not applicable to an argument of type (I, IntLiteral). - (Vector[\T,s0\], Vector[\T,s0\])->Vector[\T,s0\] is not applicable to an argument of type (I, IntLiteral). - [\T extends Number, I\](Array[\T,I\], T)->Array[\T,I\] is not applicable to an argument of type (I, IntLiteral). - [\T extends Number, I\](T, Array[\T,I\])->Array[\T,I\] is not applicable to an argument of type (I, IntLiteral). - [\T extends Number, nat n, nat m\](Matrix[\T,n,m\], Matrix[\T,n,m\])->Matrix[\T,n,m\] is not applicable to an argument of type (I, IntLiteral). - [\T extends Number, nat n, nat m\](Vector[\T,n\], Vector[\T,n\])->Vector[\T,n\] is not applicable to an argument of type (I, IntLiteral).
typecheck	-	typecheck	RangeInternals.fss:405	Could not check call to operator - - ((NN64 & {UnsignedLong}), NN64)->NN64 is not applicable to an argument of type (I, IntLiteral). - ((RR64 & {Float, FloatLiteral, RR32}), RR64)->RR64 is not applicable to an argument of type (I, IntLiteral). - ((ZZ32 & {Int, IntLiteral}), ZZ32)->ZZ32 is not applicable to an argument of type (I, IntLiteral). - ((ZZ64 & {Long}), ZZ64)->ZZ64 is not applicable to an argument of type (I, IntLiteral). - (AdditiveGroup[\T\], T)->T is not applicable to an argument of type (I, IntLiteral). - (Integral[\I\], I)->I is not applicable to an argument of type (I, IntLiteral). - (Matrix[\T,s0,s1\], Matrix[\T,s0,s1\])->Matrix[\T,s0,s1\] is not applicable to an argument of type (I, IntLiteral). - (NN32, NN32)->NN32 is not applicable to an argument of type (I, IntLiteral). - (QQ, QQ)->QQ is not applicable to an argument of type (I, IntLiteral). - (Vector[\T,s0\], Vector[\T,s0\])->Vector[\T,s0\] is not applicable to an argument of type (I, IntLiteral). - [\T extends Number, I\](Array[\T,I\], T)->Array[\T,I\] is not applicable to an argument of type (I, IntLiteral). - [\T extends Number, I\](T, Array[\T,I\])->Array[\T,I\] is not applicable to an argument of type (I, IntLiteral). - [\T extends Number, nat n, nat m\](Matrix[\T,n,m\], Matrix[\T,n,m\])->Matrix[\T,n,m\] is not applicable to an argument of type (I, IntLiteral). - [\T extends Number, nat n, nat m\](Vector[\T,n\], Vector[\T,n\])->Vector[\T,n\] is not applicable to an argument of type (I, IntLiteral).
typecheck	-	typecheck	RangeInternals.fss:404	Filter expressions in generator clauses must have type Boolean, but OpExpr at RangeInternals.fss:404.12 was not well typed.
typecheck	-	typecheck	RangeInternals.fss:404	Could not check call to operator > - ((RR64 & {Float, FloatLiteral, RR32}), RR64)->Boolean is not applicable to an argument of type (I, IntLiteral). - ((ZZ64 & {Long}), ZZ64)->Boolean is not applicable to an argument of type (I, IntLiteral). - (IntLiteral, IntLiteral)->Boolean is not applicable to an argument of type (I, IntLiteral). - (QQ, QQ)->Boolean is not applicable to an argument of type (I, IntLiteral). - (StandardPartialOrder[\T\], T)->Boolean is not applicable to an argument of type (I, IntLiteral). - [\A, B, C\]((A, B, C), (A, B, C))->Boolean is not applicable to an argument of type (I, IntLiteral). - [\A, B\]((A, B), (A, B))->Boolean is not applicable to an argument of type (I, IntLiteral).
typecheck	-	typecheck	RangeInternals.fss:395	Could not check call to operator - - ((NN64 & {UnsignedLong}), NN64)->NN64 is not applicable to an argument of type (I, IntLiteral). - ((RR64 & {Float, FloatLiteral, RR32}), RR64)->RR64 is not applicable to an argument of type (I, IntLiteral). - ((ZZ32 & {Int, IntLiteral}), ZZ32)->ZZ32 is not applicable to an argument of type (I, IntLiteral). - ((ZZ64 & {Long}), ZZ64)->ZZ64 is not applicable to an argument of type (I, IntLiteral). - (AdditiveGroup[\T\], T)->T is not applicable to an argument of type (I, IntLiteral). - (Integral[\I\], I)->I is not applicable to an argument of type (I, IntLiteral). - (Matrix[\T,s0,s1\], Matrix[\T,s0,s1\])->Matrix[\T,s0,s1\] is not applicable to an argument of type (I, IntLiteral). - (NN32, NN32)->NN32 is not applicable to an argument of type (I, IntLiteral). - (QQ, QQ)->QQ is not applicable to an argument of type (I, IntLiteral). - (Vector[\T,s0\], Vector[\T,s0\])->Vector[\T,s0\] is not applicable to an argument of type (I, IntLiteral). - [\T extends Number, I\](Array[\T,I\], T)->Array[\T,I\] is not applicable to an argument of type (I, IntLiteral). - [\T extends Number, I\](T, Array[\T,I\])->Array[\T,I\] is not applicable to an argument of type (I, IntLiteral). - [\T extends Number, nat n, nat m\](Matrix[\T,n,m\], Matrix[\T,n,m\])->Matrix[\T,n,m\] is not applicable to an argument of type (I, IntLiteral). - [\T extends Number, nat n, nat m\](Vector[\T,n\], Vector[\T,n\])->Vector[\T,n\] is not applicable to an argument of type (I, IntLiteral).
typecheck	-	typecheck	RangeInternals.fss:390	Could not check call to operator - - ((NN64 & {UnsignedLong}), NN64)->NN64 is not applicable to an argument of type (I, IntLiteral). - ((RR64 & {Float, FloatLiteral, RR32}), RR64)->RR64 is not applicable to an argument of type (I, IntLiteral). - ((ZZ32 & {Int, IntLiteral}), ZZ32)->ZZ32 is not applicable to an argument of type (I, IntLiteral). - ((ZZ64 & {Long}), ZZ64)->ZZ64 is not applicable to an argument of type (I, IntLiteral). - (AdditiveGroup[\T\], T)->T is not applicable to an argument of type (I, IntLiteral). - (Integral[\I\], I)->I is not applicable to an argument of type (I, IntLiteral). - (Matrix[\T,s0,s1\], Matrix[\T,s0,s1\])->Matrix[\T,s0,s1\] is not applicable to an argument of type (I, IntLiteral). - (NN32, NN32)->NN32 is not applicable to an argument of type (I, IntLiteral). - (QQ, QQ)->QQ is not applicable to an argument of type (I, IntLiteral). - (Vector[\T,s0\], Vector[\T,s0\])->Vector[\T,s0\] is not applicable to an argument of type (I, IntLiteral). - [\T extends Number, I\](Array[\T,I\], T)->Array[\T,I\] is not applicable to an argument of type (I, IntLiteral). - [\T extends Number, I\](T, Array[\T,I\])->Array[\T,I\] is not applicable to an argument of type (I, IntLiteral). - [\T extends Number, nat n, nat m\](Matrix[\T,n,m\], Matrix[\T,n,m\])->Matrix[\T,n,m\] is not applicable to an argument of type (I, IntLiteral). - [\T extends Number, nat n, nat m\](Vector[\T,n\], Vector[\T,n\])->Vector[\T,n\] is not applicable to an argument of type (I, IntLiteral).
typecheck	-	typecheck	RangeInternals.fss:389	Filter expressions in generator clauses must have type Boolean, but OpExpr at RangeInternals.fss:389.20 was not well typed.
typecheck	-	typecheck	RangeInternals.fss:389	Could not check call to operator > - ((RR64 & {Float, FloatLiteral, RR32}), RR64)->Boolean is not applicable to an argument of type (I, IntLiteral). - ((ZZ64 & {Long}), ZZ64)->Boolean is not applicable to an argument of type (I, IntLiteral). - (IntLiteral, IntLiteral)->Boolean is not applicable to an argument of type (I, IntLiteral). - (QQ, QQ)->Boolean is not applicable to an argument of type (I, IntLiteral). - (StandardPartialOrder[\T\], T)->Boolean is not applicable to an argument of type (I, IntLiteral). - [\A, B, C\]((A, B, C), (A, B, C))->Boolean is not applicable to an argument of type (I, IntLiteral). - [\A, B\]((A, B), (A, B))->Boolean is not applicable to an argument of type (I, IntLiteral).
typecheck	-	typecheck	RangeInternals.fss:387	Filter expressions in generator clauses must have type Boolean, but OpExpr at RangeInternals.fss:387.22 was not well typed.
typecheck	-	typecheck	RangeInternals.fss:387	Could not check call to operator > - ((RR64 & {Float, FloatLiteral, RR32}), RR64)->Boolean is not applicable to an argument of type (I, IntLiteral). - ((ZZ64 & {Long}), ZZ64)->Boolean is not applicable to an argument of type (I, IntLiteral). - (IntLiteral, IntLiteral)->Boolean is not applicable to an argument of type (I, IntLiteral). - (QQ, QQ)->Boolean is not applicable to an argument of type (I, IntLiteral). - (StandardPartialOrder[\T\], T)->Boolean is not applicable to an argument of type (I, IntLiteral). - [\A, B, C\]((A, B, C), (A, B, C))->Boolean is not applicable to an argument of type (I, IntLiteral). - [\A, B\]((A, B), (A, B))->Boolean is not applicable to an argument of type (I, IntLiteral).
typecheck	-	typecheck	RangeInternals.fss:386	Filter expressions in generator clauses must have type Boolean, but OpExpr at RangeInternals.fss:386.21 was not well typed.
typecheck	-	typecheck	RangeInternals.fss:386	Could not check call to operator > - ((RR64 & {Float, FloatLiteral, RR32}), RR64)->Boolean is not applicable to an argument of type (I, IntLiteral). - ((ZZ64 & {Long}), ZZ64)->Boolean is not applicable to an argument of type (I, IntLiteral). - (IntLiteral, IntLiteral)->Boolean is not applicable to an argument of type (I, IntLiteral). - (QQ, QQ)->Boolean is not applicable to an argument of type (I, IntLiteral). - (StandardPartialOrder[\T\], T)->Boolean is not applicable to an argument of type (I, IntLiteral). - [\A, B, C\]((A, B, C), (A, B, C))->Boolean is not applicable to an argument of type (I, IntLiteral). - [\A, B\]((A, B), (A, B))->Boolean is not applicable to an argument of type (I, IntLiteral).
typecheck	-	typecheck	RangeInternals.fss:381	Could not check call to operator > - ((RR64 & {Float, FloatLiteral, RR32}), RR64)->Boolean is not applicable to an argument of type (I, IntLiteral). - ((ZZ64 & {Long}), ZZ64)->Boolean is not applicable to an argument of type (I, IntLiteral). - (IntLiteral, IntLiteral)->Boolean is not applicable to an argument of type (I, IntLiteral). - (QQ, QQ)->Boolean is not applicable to an argument of type (I, IntLiteral). - (StandardPartialOrder[\T\], T)->Boolean is not applicable to an argument of type (I, IntLiteral). - [\A, B, C\]((A, B, C), (A, B, C))->Boolean is not applicable to an argument of type (I, IntLiteral). - [\A, B\]((A, B), (A, B))->Boolean is not applicable to an argument of type (I, IntLiteral).
typecheck	-	typecheck	RangeInternals.fss:380	Could not check call to operator |_| - (NN64 & {UnsignedLong})->NN64 is not applicable to an argument of type I. - (RR64 & {Float, FloatLiteral, RR32})->RR64 is not applicable to an argument of type I. - (ReadableArray1[\T,b0,s0\] & {ImmutableArray1[\T,b0,s0\], Array1[\T,b0,s0\]})->ZZ32 is not applicable to an argument of type I. - (ZZ32 & {Int, IntLiteral})->ZZ32 is not applicable to an argument of type I. - (ZZ64 & {Long})->ZZ64 is not applicable to an argument of type I. - Array2[\T,b0,s0,b1,s1\]->ZZ32 is not applicable to an argument of type I. - Array3[\T,b0,s0,b1,s1,b2,s2\]->ZZ32 is not applicable to an argument of type I. - Char->ZZ32 is not applicable to an argument of type I. - CompactFullRange[\I\]->I is not applicable to an argument of type I. - Condition[\E\]->ZZ32 is not applicable to an argument of type I. - DefaultZip[\E,F\]->ZZ32 is not applicable to an argument of type I. - DelegatedIndexed[\E,I\]->ZZ32 is not applicable to an argument of type I. - Indexed[\E,I\]->ZZ32 is not applicable to an argument of type I. - Just[\T\]->ZZ32 is not applicable to an argument of type I. - NN32->NN32 is not applicable to an argument of type I. - NotUnique[\T\]->ZZ32 is not applicable to an argument of type I. - Nothing[\T\]->ZZ32 is not applicable to an argument of type I. - QQ->QQ is not applicable to an argument of type I. - RangeInternals.FullRange2D[\I,J\]->ZZ32 is not applicable to an argument of type I. - RangeInternals.FullRange3D[\I,J,K\]->ZZ32 is not applicable to an argument of type I. - String->ZZ32 is not applicable to an argument of type I.
typecheck	-	typecheck	RangeInternals.fss:368	Could not check call to function OpenScalarRange - [\I\]I->RangeInternals.OpenScalarRange[\I\] is not applicable to an argument of type IntLiteral.
typecheck	-	typecheck	RangeInternals.fss:363	Could not check call to operator |_| - (NN64 & {UnsignedLong})->NN64 is not applicable to an argument of type K. - (RR64 & {Float, FloatLiteral, RR32})->RR64 is not applicable to an argument of type K. - (ReadableArray1[\T,b0,s0\] & {ImmutableArray1[\T,b0,s0\], Array1[\T,b0,s0\]})->ZZ32 is not applicable to an argument of type K. - (ZZ32 & {Int, IntLiteral})->ZZ32 is not applicable to an argument of type K. - (ZZ64 & {Long})->ZZ64 is not applicable to an argument of type K. - Array2[\T,b0,s0,b1,s1\]->ZZ32 is not applicable to an argument of type K. - Array3[\T,b0,s0,b1,s1,b2,s2\]->ZZ32 is not applicable to an argument of type K. - Char->ZZ32 is not applicable to an argument of type K. - CompactFullRange[\I\]->I is not applicable to an argument of type K. - Condition[\E\]->ZZ32 is not applicable to an argument of type K. - DefaultZip[\E,F\]->ZZ32 is not applicable to an argument of type K. - DelegatedIndexed[\E,I\]->ZZ32 is not applicable to an argument of type K. - Indexed[\E,I\]->ZZ32 is not applicable to an argument of type K. - Just[\T\]->ZZ32 is not applicable to an argument of type K. - NN32->NN32 is not applicable to an argument of type K. - NotUnique[\T\]->ZZ32 is not applicable to an argument of type K. - Nothing[\T\]->ZZ32 is not applicable to an argument of type K. - QQ->QQ is not applicable to an argument of type K. - RangeInternals.FullRange2D[\I,J\]->ZZ32 is not applicable to an argument of type K. - RangeInternals.FullRange3D[\I,J,K\]->ZZ32 is not applicable to an argument of type K. - String->ZZ32 is not applicable to an argument of type K.
typecheck	-	typecheck	RangeInternals.fss:363	Could not check call to operator |_| - (NN64 & {UnsignedLong})->NN64 is not applicable to an argument of type J. - (RR64 & {Float, FloatLiteral, RR32})->RR64 is not applicable to an argument of type J. - (ReadableArray1[\T,b0,s0\] & {ImmutableArray1[\T,b0,s0\], Array1[\T,b0,s0\]})->ZZ32 is not applicable to an argument of type J. - (ZZ32 & {Int, IntLiteral})->ZZ32 is not applicable to an argument of type J. - (ZZ64 & {Long})->ZZ64 is not applicable to an argument of type J. - Array2[\T,b0,s0,b1,s1\]->ZZ32 is not applicable to an argument of type J. - Array3[\T,b0,s0,b1,s1,b2,s2\]->ZZ32 is not applicable to an argument of type J. - Char->ZZ32 is not applicable to an argument of type J. - CompactFullRange[\I\]->I is not applicable to an argument of type J. - Condition[\E\]->ZZ32 is not applicable to an argument of type J. - DefaultZip[\E,F\]->ZZ32 is not applicable to an argument of type J. - DelegatedIndexed[\E,I\]->ZZ32 is not applicable to an argument of type J. - Indexed[\E,I\]->ZZ32 is not applicable to an argument of type J. - Just[\T\]->ZZ32 is not applicable to an argument of type J. - NN32->NN32 is not applicable to an argument of type J. - NotUnique[\T\]->ZZ32 is not applicable to an argument of type J. - Nothing[\T\]->ZZ32 is not applicable to an argument of type J. - QQ->QQ is not applicable to an argument of type J. - RangeInternals.FullRange2D[\I,J\]->ZZ32 is not applicable to an argument of type J. - RangeInternals.FullRange3D[\I,J,K\]->ZZ32 is not applicable to an argument of type J. - String->ZZ32 is not applicable to an argument of type J.
typecheck	-	typecheck	RangeInternals.fss:363	Could not check call to operator |_| - (NN64 & {UnsignedLong})->NN64 is not applicable to an argument of type I. - (RR64 & {Float, FloatLiteral, RR32})->RR64 is not applicable to an argument of type I. - (ReadableArray1[\T,b0,s0\] & {ImmutableArray1[\T,b0,s0\], Array1[\T,b0,s0\]})->ZZ32 is not applicable to an argument of type I. - (ZZ32 & {Int, IntLiteral})->ZZ32 is not applicable to an argument of type I. - (ZZ64 & {Long})->ZZ64 is not applicable to an argument of type I. - Array2[\T,b0,s0,b1,s1\]->ZZ32 is not applicable to an argument of type I. - Array3[\T,b0,s0,b1,s1,b2,s2\]->ZZ32 is not applicable to an argument of type I. - Char->ZZ32 is not applicable to an argument of type I. - CompactFullRange[\I\]->I is not applicable to an argument of type I. - Condition[\E\]->ZZ32 is not applicable to an argument of type I. - DefaultZip[\E,F\]->ZZ32 is not applicable to an argument of type I. - DelegatedIndexed[\E,I\]->ZZ32 is not applicable to an argument of type I. - Indexed[\E,I\]->ZZ32 is not applicable to an argument of type I. - Just[\T\]->ZZ32 is not applicable to an argument of type I. - NN32->NN32 is not applicable to an argument of type I. - NotUnique[\T\]->ZZ32 is not applicable to an argument of type I. - Nothing[\T\]->ZZ32 is not applicable to an argument of type I. - QQ->QQ is not applicable to an argument of type I. - RangeInternals.FullRange2D[\I,J\]->ZZ32 is not applicable to an argument of type I. - RangeInternals.FullRange3D[\I,J,K\]->ZZ32 is not applicable to an argument of type I. - String->ZZ32 is not applicable to an argument of type I.
typecheck	-	typecheck	RangeInternals.fss:362	Could not check call to function OpenRange3D - [\ZZ32, ZZ32\](ZZ32, ZZ32, K)->RangeInternals.OpenRange3D[\ZZ32,ZZ32,K\] is not applicable to an argument of type (I, J, K).
typecheck	-	typecheck	RangeInternals.fss:344	Could not check call to operator |_| - (NN64 & {UnsignedLong})->NN64 is not applicable to an argument of type J. - (RR64 & {Float, FloatLiteral, RR32})->RR64 is not applicable to an argument of type J. - (ReadableArray1[\T,b0,s0\] & {ImmutableArray1[\T,b0,s0\], Array1[\T,b0,s0\]})->ZZ32 is not applicable to an argument of type J. - (ZZ32 & {Int, IntLiteral})->ZZ32 is not applicable to an argument of type J. - (ZZ64 & {Long})->ZZ64 is not applicable to an argument of type J. - Array2[\T,b0,s0,b1,s1\]->ZZ32 is not applicable to an argument of type J. - Array3[\T,b0,s0,b1,s1,b2,s2\]->ZZ32 is not applicable to an argument of type J. - Char->ZZ32 is not applicable to an argument of type J. - CompactFullRange[\I\]->I is not applicable to an argument of type J. - Condition[\E\]->ZZ32 is not applicable to an argument of type J. - DefaultZip[\E,F\]->ZZ32 is not applicable to an argument of type J. - DelegatedIndexed[\E,I\]->ZZ32 is not applicable to an argument of type J. - Indexed[\E,I\]->ZZ32 is not applicable to an argument of type J. - Just[\T\]->ZZ32 is not applicable to an argument of type J. - NN32->NN32 is not applicable to an argument of type J. - NotUnique[\T\]->ZZ32 is not applicable to an argument of type J. - Nothing[\T\]->ZZ32 is not applicable to an argument of type J. - QQ->QQ is not applicable to an argument of type J. - RangeInternals.FullRange2D[\I,J\]->ZZ32 is not applicable to an argument of type J. - RangeInternals.FullRange3D[\I,J,K\]->ZZ32 is not applicable to an argument of type J. - String->ZZ32 is not applicable to an argument of type J.
typecheck	-	typecheck	RangeInternals.fss:344	Could not check call to operator |_| - (NN64 & {UnsignedLong})->NN64 is not applicable to an argument of type I. - (RR64 & {Float, FloatLiteral, RR32})->RR64 is not applicable to an argument of type I. - (ReadableArray1[\T,b0,s0\] & {ImmutableArray1[\T,b0,s0\], Array1[\T,b0,s0\]})->ZZ32 is not applicable to an argument of type I. - (ZZ32 & {Int, IntLiteral})->ZZ32 is not applicable to an argument of type I. - (ZZ64 & {Long})->ZZ64 is not applicable to an argument of type I. - Array2[\T,b0,s0,b1,s1\]->ZZ32 is not applicable to an argument of type I. - Array3[\T,b0,s0,b1,s1,b2,s2\]->ZZ32 is not applicable to an argument of type I. - Char->ZZ32 is not applicable to an argument of type I. - CompactFullRange[\I\]->I is not applicable to an argument of type I. - Condition[\E\]->ZZ32 is not applicable to an argument of type I. - DefaultZip[\E,F\]->ZZ32 is not applicable to an argument of type I. - DelegatedIndexed[\E,I\]->ZZ32 is not applicable to an argument of type I. - Indexed[\E,I\]->ZZ32 is not applicable to an argument of type I. - Just[\T\]->ZZ32 is not applicable to an argument of type I. - NN32->NN32 is not applicable to an argument of type I. - NotUnique[\T\]->ZZ32 is not applicable to an argument of type I. - Nothing[\T\]->ZZ32 is not applicable to an argument of type I. - QQ->QQ is not applicable to an argument of type I. - RangeInternals.FullRange2D[\I,J\]->ZZ32 is not applicable to an argument of type I. - RangeInternals.FullRange3D[\I,J,K\]->ZZ32 is not applicable to an argument of type I. - String->ZZ32 is not applicable to an argument of type I.
typecheck	-	typecheck	RangeInternals.fss:343	Could not check call to function OpenRange2D - [\ZZ32, ZZ32\](ZZ32, ZZ32)->RangeInternals.OpenRange2D[\ZZ32,ZZ32\] is not applicable to an argument of type (I, J).
typecheck	-	typecheck	RangeInternals.fss:323	Function body has type Range[\I\], but declared return type is RangeInternals.ScalarRange[\I\].
typecheck	-	typecheck	RangeInternals.fss:319	Filter expressions in generator clauses must have type Boolean, but OpExpr at RangeInternals.fss:319.12 was not well typed.
typecheck	-	typecheck	RangeInternals.fss:319	Could not check call to operator < - ((NN64 & {UnsignedLong}), NN64)->Boolean is not applicable to an argument of type (I, IntLiteral). - ((RR64 & {Float, FloatLiteral, RR32}), RR64)->Boolean is not applicable to an argument of type (I, IntLiteral). - ((ZZ32 & {Int, IntLiteral}), ZZ32)->Boolean is not applicable to an argument of type (I, IntLiteral). - ((ZZ64 & {Long}), ZZ64)->Boolean is not applicable to an argument of type (I, IntLiteral). - (Char, Char)->Boolean is not applicable to an argument of type (I, IntLiteral). - (EqualTo, LessThan)->Boolean is not applicable to an argument of type (I, IntLiteral). - (EqualTo, TotalComparison)->Boolean is not applicable to an argument of type (I, IntLiteral). - (GreaterThan, TotalComparison)->Boolean is not applicable to an argument of type (I, IntLiteral). - (IntLiteral, IntLiteral)->Boolean is not applicable to an argument of type (I, IntLiteral). - (LessThan, LessThan)->Boolean is not applicable to an argument of type (I, IntLiteral). - (LessThan, TotalComparison)->Boolean is not applicable to an argument of type (I, IntLiteral). - (NN32, NN32)->Boolean is not applicable to an argument of type (I, IntLiteral). - (QQ, QQ)->Boolean is not applicable to an argument of type (I, IntLiteral). - (StandardPartialOrder[\T\], T)->Boolean is not applicable to an argument of type (I, IntLiteral). - (Unordered, Comparison)->Boolean is not applicable to an argument of type (I, IntLiteral). - [\A, B, C\]((A, B, C), (A, B, C))->Boolean is not applicable to an argument of type (I, IntLiteral). - [\A, B\]((A, B), (A, B))->Boolean is not applicable to an argument of type (I, IntLiteral).
typecheck	-	typecheck	RangeInternals.fss:317	Could not check call to operator |_| - (NN64 & {UnsignedLong})->NN64 is not applicable to an argument of type I. - (RR64 & {Float, FloatLiteral, RR32})->RR64 is not applicable to an argument of type I. - (ReadableArray1[\T,b0,s0\] & {ImmutableArray1[\T,b0,s0\], Array1[\T,b0,s0\]})->ZZ32 is not applicable to an argument of type I. - (ZZ32 & {Int, IntLiteral})->ZZ32 is not applicable to an argument of type I. - (ZZ64 & {Long})->ZZ64 is not applicable to an argument of type I. - Array2[\T,b0,s0,b1,s1\]->ZZ32 is not applicable to an argument of type I. - Array3[\T,b0,s0,b1,s1,b2,s2\]->ZZ32 is not applicable to an argument of type I. - Char->ZZ32 is not applicable to an argument of type I. - CompactFullRange[\I\]->I is not applicable to an argument of type I. - Condition[\E\]->ZZ32 is not applicable to an argument of type I. - DefaultZip[\E,F\]->ZZ32 is not applicable to an argument of type I. - DelegatedIndexed[\E,I\]->ZZ32 is not applicable to an argument of type I. - Indexed[\E,I\]->ZZ32 is not applicable to an argument of type I. - Just[\T\]->ZZ32 is not applicable to an argument of type I. - NN32->NN32 is not applicable to an argument of type I. - NotUnique[\T\]->ZZ32 is not applicable to an argument of type I. - Nothing[\T\]->ZZ32 is not applicable to an argument of type I. - QQ->QQ is not applicable to an argument of type I. - RangeInternals.FullRange2D[\I,J\]->ZZ32 is not applicable to an argument of type I. - RangeInternals.FullRange3D[\I,J,K\]->ZZ32 is not applicable to an argument of type I. - String->ZZ32 is not applicable to an argument of type I.
typecheck	-	typecheck	RangeInternals.fss:309	Filter expressions in generator clauses must have type Boolean, but OpExpr at RangeInternals.fss:309.12 was not well typed.
typecheck	-	typecheck	RangeInternals.fss:309	Could not check call to operator > - ((RR64 & {Float, FloatLiteral, RR32}), RR64)->Boolean is not applicable to an argument of type (I, IntLiteral). - ((ZZ64 & {Long}), ZZ64)->Boolean is not applicable to an argument of type (I, IntLiteral). - (IntLiteral, IntLiteral)->Boolean is not applicable to an argument of type (I, IntLiteral). - (QQ, QQ)->Boolean is not applicable to an argument of type (I, IntLiteral). - (StandardPartialOrder[\T\], T)->Boolean is not applicable to an argument of type (I, IntLiteral). - [\A, B, C\]((A, B, C), (A, B, C))->Boolean is not applicable to an argument of type (I, IntLiteral). - [\A, B\]((A, B), (A, B))->Boolean is not applicable to an argument of type (I, IntLiteral).
typecheck	-	typecheck	RangeInternals.fss:295	Could not check method invocation RangeInternals.ActualRange3D[\I,J,K,T,Scalar1,Scalar2,Scalar3\].recombine - (Scalar1, Scalar2, Scalar3)->T is not applicable to an argument of type (Range[\I\], Range[\J\], Range[\K\]).
typecheck	-	typecheck	RangeInternals.fss:291	Could not check method invocation RangeInternals.ActualRange3D[\I,J,K,T,Scalar1,Scalar2,Scalar3\].recombine - (Scalar1, Scalar2, Scalar3)->T is not applicable to an argument of type (Range[\I\], Range[\J\], Range[\K\]).
typecheck	-	typecheck	RangeInternals.fss:258	No such method RangeInternals.ScalarRange[\I\].indexOf.
typecheck	-	typecheck	RangeInternals.fss:249	Could not check call to function combine3D - [\I extends Integral[\I\], J extends Integral[\J\], K extends Integral[\K\]\](RangeInternals.CompactFullScalarRange[\I\], RangeInternals.CompactFullScalarRange[\J\], RangeInternals.CompactFullScalarRange[\K\])->RangeInternals.CompactFullRange3D[\I,J,K\] is not applicable to an argument of type (Range[\I\], Range[\J\], Range[\K\]). - [\I extends Integral[\I\], J extends Integral[\J\], K extends Integral[\K\]\](RangeInternals.ExtentScalarRange[\I\], RangeInternals.ExtentScalarRange[\J\], RangeInternals.ExtentScalarRange[\K\])->RangeInternals.ExtentRange3D[\I,J,K\] is not applicable to an argument of type (Range[\I\], Range[\J\], Range[\K\]). - [\I extends Integral[\I\], J extends Integral[\J\], K extends Integral[\K\]\](RangeInternals.FullScalarRange[\I\], RangeInternals.FullScalarRange[\J\], RangeInternals.FullScalarRange[\K\])->RangeInternals.FullRange3D[\I,J,K\] is not applicable to an argument of type (Range[\I\], Range[\J\], Range[\K\]). - [\I extends Integral[\I\], J extends Integral[\J\], K extends Integral[\K\]\](RangeInternals.LeftScalarRange[\I\], RangeInternals.LeftScalarRange[\J\], RangeInternals.LeftScalarRange[\K\])->RangeInternals.LeftRange3D[\I,J,K\] is not applicable to an argument of type (Range[\I\], Range[\J\], Range[\K\]). - [\I extends Integral[\I\], J extends Integral[\J\], K extends Integral[\K\]\](RangeInternals.OpenScalarRange[\I\], RangeInternals.OpenScalarRange[\J\], RangeInternals.OpenScalarRange[\K\])->RangeInternals.OpenRange3D[\I,J,K\] is not applicable to an argument of type (Range[\I\], Range[\J\], Range[\K\]). - [\I extends Integral[\I\], J extends Integral[\J\], K extends Integral[\K\]\](RangeInternals.RightScalarRange[\I\], RangeInternals.RightScalarRange[\J\], RangeInternals.RightScalarRange[\K\])->RangeInternals.RightRange3D[\I,J,K\] is not applicable to an argument of type (Range[\I\], Range[\J\], Range[\K\]). - [\I extends Integral[\I\], J extends Integral[\J\], K extends Integral[\K\]\](RangeInternals.ScalarRange[\I\], RangeInternals.ScalarRange[\J\], RangeInternals.ScalarRange[\K\])->RangeInternals.Range3D[\I,J,K\] is not applicable to an argument of type (Range[\I\], Range[\J\], Range[\K\]).
typecheck	-	typecheck	RangeInternals.fss:245	Could not check call to function combine3D - [\I extends Integral[\I\], J extends Integral[\J\], K extends Integral[\K\]\](RangeInternals.CompactFullScalarRange[\I\], RangeInternals.CompactFullScalarRange[\J\], RangeInternals.CompactFullScalarRange[\K\])->RangeInternals.CompactFullRange3D[\I,J,K\] is not applicable to an argument of type (RangeWithRight[\I\], RangeWithRight[\J\], RangeWithRight[\K\]). - [\I extends Integral[\I\], J extends Integral[\J\], K extends Integral[\K\]\](RangeInternals.ExtentScalarRange[\I\], RangeInternals.ExtentScalarRange[\J\], RangeInternals.ExtentScalarRange[\K\])->RangeInternals.ExtentRange3D[\I,J,K\] is not applicable to an argument of type (RangeWithRight[\I\], RangeWithRight[\J\], RangeWithRight[\K\]). - [\I extends Integral[\I\], J extends Integral[\J\], K extends Integral[\K\]\](RangeInternals.FullScalarRange[\I\], RangeInternals.FullScalarRange[\J\], RangeInternals.FullScalarRange[\K\])->RangeInternals.FullRange3D[\I,J,K\] is not applicable to an argument of type (RangeWithRight[\I\], RangeWithRight[\J\], RangeWithRight[\K\]). - [\I extends Integral[\I\], J extends Integral[\J\], K extends Integral[\K\]\](RangeInternals.LeftScalarRange[\I\], RangeInternals.LeftScalarRange[\J\], RangeInternals.LeftScalarRange[\K\])->RangeInternals.LeftRange3D[\I,J,K\] is not applicable to an argument of type (RangeWithRight[\I\], RangeWithRight[\J\], RangeWithRight[\K\]). - [\I extends Integral[\I\], J extends Integral[\J\], K extends Integral[\K\]\](RangeInternals.OpenScalarRange[\I\], RangeInternals.OpenScalarRange[\J\], RangeInternals.OpenScalarRange[\K\])->RangeInternals.OpenRange3D[\I,J,K\] is not applicable to an argument of type (RangeWithRight[\I\], RangeWithRight[\J\], RangeWithRight[\K\]). - [\I extends Integral[\I\], J extends Integral[\J\], K extends Integral[\K\]\](RangeInternals.RightScalarRange[\I\], RangeInternals.RightScalarRange[\J\], RangeInternals.RightScalarRange[\K\])->RangeInternals.RightRange3D[\I,J,K\] is not applicable to an argument of type (RangeWithRight[\I\], RangeWithRight[\J\], RangeWithRight[\K\]). - [\I extends Integral[\I\], J extends Integral[\J\], K extends Integral[\K\]\](RangeInternals.ScalarRange[\I\], RangeInternals.ScalarRange[\J\], RangeInternals.ScalarRange[\K\])->RangeInternals.Range3D[\I,J,K\] is not applicable to an argument of type (RangeWithRight[\I\], RangeWithRight[\J\], RangeWithRight[\K\]).
typecheck	-	typecheck	RangeInternals.fss:243	Could not check call to function combine3D - [\I extends Integral[\I\], J extends Integral[\J\], K extends Integral[\K\]\](RangeInternals.CompactFullScalarRange[\I\], RangeInternals.CompactFullScalarRange[\J\], RangeInternals.CompactFullScalarRange[\K\])->RangeInternals.CompactFullRange3D[\I,J,K\] is not applicable to an argument of type (RangeInternals.ScalarRangeWithLeft[\I\], RangeInternals.ScalarRangeWithLeft[\J\], RangeInternals.ScalarRangeWithLeft[\K\]). - [\I extends Integral[\I\], J extends Integral[\J\], K extends Integral[\K\]\](RangeInternals.ExtentScalarRange[\I\], RangeInternals.ExtentScalarRange[\J\], RangeInternals.ExtentScalarRange[\K\])->RangeInternals.ExtentRange3D[\I,J,K\] is not applicable to an argument of type (RangeInternals.ScalarRangeWithLeft[\I\], RangeInternals.ScalarRangeWithLeft[\J\], RangeInternals.ScalarRangeWithLeft[\K\]). - [\I extends Integral[\I\], J extends Integral[\J\], K extends Integral[\K\]\](RangeInternals.FullScalarRange[\I\], RangeInternals.FullScalarRange[\J\], RangeInternals.FullScalarRange[\K\])->RangeInternals.FullRange3D[\I,J,K\] is not applicable to an argument of type (RangeInternals.ScalarRangeWithLeft[\I\], RangeInternals.ScalarRangeWithLeft[\J\], RangeInternals.ScalarRangeWithLeft[\K\]). - [\I extends Integral[\I\], J extends Integral[\J\], K extends Integral[\K\]\](RangeInternals.LeftScalarRange[\I\], RangeInternals.LeftScalarRange[\J\], RangeInternals.LeftScalarRange[\K\])->RangeInternals.LeftRange3D[\I,J,K\] is not applicable to an argument of type (RangeInternals.ScalarRangeWithLeft[\I\], RangeInternals.ScalarRangeWithLeft[\J\], RangeInternals.ScalarRangeWithLeft[\K\]). - [\I extends Integral[\I\], J extends Integral[\J\], K extends Integral[\K\]\](RangeInternals.OpenScalarRange[\I\], RangeInternals.OpenScalarRange[\J\], RangeInternals.OpenScalarRange[\K\])->RangeInternals.OpenRange3D[\I,J,K\] is not applicable to an argument of type (RangeInternals.ScalarRangeWithLeft[\I\], RangeInternals.ScalarRangeWithLeft[\J\], RangeInternals.ScalarRangeWithLeft[\K\]). - [\I extends Integral[\I\], J extends Integral[\J\], K extends Integral[\K\]\](RangeInternals.RightScalarRange[\I\], RangeInternals.RightScalarRange[\J\], RangeInternals.RightScalarRange[\K\])->RangeInternals.RightRange3D[\I,J,K\] is not applicable to an argument of type (RangeInternals.ScalarRangeWithLeft[\I\], RangeInternals.ScalarRangeWithLeft[\J\], RangeInternals.ScalarRangeWithLeft[\K\]). - [\I extends Integral[\I\], J extends Integral[\J\], K extends Integral[\K\]\](RangeInternals.ScalarRange[\I\], RangeInternals.ScalarRange[\J\], RangeInternals.ScalarRange[\K\])->RangeInternals.Range3D[\I,J,K\] is not applicable to an argument of type (RangeInternals.ScalarRangeWithLeft[\I\], RangeInternals.ScalarRangeWithLeft[\J\], RangeInternals.ScalarRangeWithLeft[\K\]).
typecheck	-	typecheck	RangeInternals.fss:241	Could not check call to function combine3D - [\I extends Integral[\I\], J extends Integral[\J\], K extends Integral[\K\]\](RangeInternals.CompactFullScalarRange[\I\], RangeInternals.CompactFullScalarRange[\J\], RangeInternals.CompactFullScalarRange[\K\])->RangeInternals.CompactFullRange3D[\I,J,K\] is not applicable to an argument of type (Range[\I\], Range[\J\], Range[\K\]). - [\I extends Integral[\I\], J extends Integral[\J\], K extends Integral[\K\]\](RangeInternals.ExtentScalarRange[\I\], RangeInternals.ExtentScalarRange[\J\], RangeInternals.ExtentScalarRange[\K\])->RangeInternals.ExtentRange3D[\I,J,K\] is not applicable to an argument of type (Range[\I\], Range[\J\], Range[\K\]). - [\I extends Integral[\I\], J extends Integral[\J\], K extends Integral[\K\]\](RangeInternals.FullScalarRange[\I\], RangeInternals.FullScalarRange[\J\], RangeInternals.FullScalarRange[\K\])->RangeInternals.FullRange3D[\I,J,K\] is not applicable to an argument of type (Range[\I\], Range[\J\], Range[\K\]). - [\I extends Integral[\I\], J extends Integral[\J\], K extends Integral[\K\]\](RangeInternals.LeftScalarRange[\I\], RangeInternals.LeftScalarRange[\J\], RangeInternals.LeftScalarRange[\K\])->RangeInternals.LeftRange3D[\I,J,K\] is not applicable to an argument of type (Range[\I\], Range[\J\], Range[\K\]). - [\I extends Integral[\I\], J extends Integral[\J\], K extends Integral[\K\]\](RangeInternals.OpenScalarRange[\I\], RangeInternals.OpenScalarRange[\J\], RangeInternals.OpenScalarRange[\K\])->RangeInternals.OpenRange3D[\I,J,K\] is not applicable to an argument of type (Range[\I\], Range[\J\], Range[\K\]). - [\I extends Integral[\I\], J extends Integral[\J\], K extends Integral[\K\]\](RangeInternals.RightScalarRange[\I\], RangeInternals.RightScalarRange[\J\], RangeInternals.RightScalarRange[\K\])->RangeInternals.RightRange3D[\I,J,K\] is not applicable to an argument of type (Range[\I\], Range[\J\], Range[\K\]). - [\I extends Integral[\I\], J extends Integral[\J\], K extends Integral[\K\]\](RangeInternals.ScalarRange[\I\], RangeInternals.ScalarRange[\J\], RangeInternals.ScalarRange[\K\])->RangeInternals.Range3D[\I,J,K\] is not applicable to an argument of type (Range[\I\], Range[\J\], Range[\K\]).
typecheck	-	typecheck	RangeInternals.fss:222	Could not check method invocation RangeInternals.ActualRange2D[\I,J,T,Scalar1,Scalar2\].recombine - (Scalar1, Scalar2)->T is not applicable to an argument of type (Range[\I\], Range[\J\]).
typecheck	-	typecheck	RangeInternals.fss:220	Could not check method invocation RangeInternals.ActualRange2D[\I,J,T,Scalar1,Scalar2\].recombine - (Scalar1, Scalar2)->T is not applicable to an argument of type (Range[\I\], Range[\J\]).
typecheck	-	typecheck	RangeInternals.fss:194	No such method RangeInternals.ScalarRange[\I\].indexOf.
typecheck	-	typecheck	RangeInternals.fss:186	Could not check call to function combine2D - [\I extends Integral[\I\], J extends Integral[\J\]\](RangeInternals.CompactFullScalarRange[\I\], RangeInternals.CompactFullScalarRange[\J\])->RangeInternals.CompactFullRange2D[\I,J\] is not applicable to an argument of type (Range[\I\], Range[\J\]). - [\I extends Integral[\I\], J extends Integral[\J\]\](RangeInternals.ExtentScalarRange[\I\], RangeInternals.ExtentScalarRange[\J\])->RangeInternals.ExtentRange2D[\I,J\] is not applicable to an argument of type (Range[\I\], Range[\J\]). - [\I extends Integral[\I\], J extends Integral[\J\]\](RangeInternals.FullScalarRange[\I\], RangeInternals.FullScalarRange[\J\])->RangeInternals.FullRange2D[\I,J\] is not applicable to an argument of type (Range[\I\], Range[\J\]). - [\I extends Integral[\I\], J extends Integral[\J\]\](RangeInternals.LeftScalarRange[\I\], RangeInternals.LeftScalarRange[\J\])->RangeInternals.LeftRange2D[\I,J\] is not applicable to an argument of type (Range[\I\], Range[\J\]). - [\I extends Integral[\I\], J extends Integral[\J\]\](RangeInternals.OpenScalarRange[\I\], RangeInternals.OpenScalarRange[\J\])->RangeInternals.OpenRange2D[\I,J\] is not applicable to an argument of type (Range[\I\], Range[\J\]). - [\I extends Integral[\I\], J extends Integral[\J\]\](RangeInternals.RightScalarRange[\I\], RangeInternals.RightScalarRange[\J\])->RangeInternals.RightRange2D[\I,J\] is not applicable to an argument of type (Range[\I\], Range[\J\]). - [\I extends Integral[\I\], J extends Integral[\J\]\](RangeInternals.ScalarRange[\I\], RangeInternals.ScalarRange[\J\])->RangeInternals.Range2D[\I,J\] is not applicable to an argument of type (Range[\I\], Range[\J\]).
typecheck	-	typecheck	RangeInternals.fss:182	Could not check call to function combine2D - [\I extends Integral[\I\], J extends Integral[\J\]\](RangeInternals.CompactFullScalarRange[\I\], RangeInternals.CompactFullScalarRange[\J\])->RangeInternals.CompactFullRange2D[\I,J\] is not applicable to an argument of type (RangeWithRight[\I\], RangeWithRight[\J\]). - [\I extends Integral[\I\], J extends Integral[\J\]\](RangeInternals.ExtentScalarRange[\I\], RangeInternals.ExtentScalarRange[\J\])->RangeInternals.ExtentRange2D[\I,J\] is not applicable to an argument of type (RangeWithRight[\I\], RangeWithRight[\J\]). - [\I extends Integral[\I\], J extends Integral[\J\]\](RangeInternals.FullScalarRange[\I\], RangeInternals.FullScalarRange[\J\])->RangeInternals.FullRange2D[\I,J\] is not applicable to an argument of type (RangeWithRight[\I\], RangeWithRight[\J\]). - [\I extends Integral[\I\], J extends Integral[\J\]\](RangeInternals.LeftScalarRange[\I\], RangeInternals.LeftScalarRange[\J\])->RangeInternals.LeftRange2D[\I,J\] is not applicable to an argument of type (RangeWithRight[\I\], RangeWithRight[\J\]). - [\I extends Integral[\I\], J extends Integral[\J\]\](RangeInternals.OpenScalarRange[\I\], RangeInternals.OpenScalarRange[\J\])->RangeInternals.OpenRange2D[\I,J\] is not applicable to an argument of type (RangeWithRight[\I\], RangeWithRight[\J\]). - [\I extends Integral[\I\], J extends Integral[\J\]\](RangeInternals.RightScalarRange[\I\], RangeInternals.RightScalarRange[\J\])->RangeInternals.RightRange2D[\I,J\] is not applicable to an argument of type (RangeWithRight[\I\], RangeWithRight[\J\]). - [\I extends Integral[\I\], J extends Integral[\J\]\](RangeInternals.ScalarRange[\I\], RangeInternals.ScalarRange[\J\])->RangeInternals.Range2D[\I,J\] is not applicable to an argument of type (RangeWithRight[\I\], RangeWithRight[\J\]).
typecheck	-	typecheck	RangeInternals.fss:180	Could not check call to function combine2D - [\I extends Integral[\I\], J extends Integral[\J\]\](RangeInternals.CompactFullScalarRange[\I\], RangeInternals.CompactFullScalarRange[\J\])->RangeInternals.CompactFullRange2D[\I,J\] is not applicable to an argument of type (RangeInternals.ScalarRangeWithLeft[\I\], RangeInternals.ScalarRangeWithLeft[\J\]). - [\I extends Integral[\I\], J extends Integral[\J\]\](RangeInternals.ExtentScalarRange[\I\], RangeInternals.ExtentScalarRange[\J\])->RangeInternals.ExtentRange2D[\I,J\] is not applicable to an argument of type (RangeInternals.ScalarRangeWithLeft[\I\], RangeInternals.ScalarRangeWithLeft[\J\]). - [\I extends Integral[\I\], J extends Integral[\J\]\](RangeInternals.FullScalarRange[\I\], RangeInternals.FullScalarRange[\J\])->RangeInternals.FullRange2D[\I,J\] is not applicable to an argument of type (RangeInternals.ScalarRangeWithLeft[\I\], RangeInternals.ScalarRangeWithLeft[\J\]). - [\I extends Integral[\I\], J extends Integral[\J\]\](RangeInternals.LeftScalarRange[\I\], RangeInternals.LeftScalarRange[\J\])->RangeInternals.LeftRange2D[\I,J\] is not applicable to an argument of type (RangeInternals.ScalarRangeWithLeft[\I\], RangeInternals.ScalarRangeWithLeft[\J\]). - [\I extends Integral[\I\], J extends Integral[\J\]\](RangeInternals.OpenScalarRange[\I\], RangeInternals.OpenScalarRange[\J\])->RangeInternals.OpenRange2D[\I,J\] is not applicable to an argument of type (RangeInternals.ScalarRangeWithLeft[\I\], RangeInternals.ScalarRangeWithLeft[\J\]). - [\I extends Integral[\I\], J extends Integral[\J\]\](RangeInternals.RightScalarRange[\I\], RangeInternals.RightScalarRange[\J\])->RangeInternals.RightRange2D[\I,J\] is not applicable to an argument of type (RangeInternals.ScalarRangeWithLeft[\I\], RangeInternals.ScalarRangeWithLeft[\J\]). - [\I extends Integral[\I\], J extends Integral[\J\]\](RangeInternals.ScalarRange[\I\], RangeInternals.ScalarRange[\J\])->RangeInternals.Range2D[\I,J\] is not applicable to an argument of type (RangeInternals.ScalarRangeWithLeft[\I\], RangeInternals.ScalarRangeWithLeft[\J\]).
typecheck	-	typecheck	RangeInternals.fss:178	Could not check call to function combine2D - [\I extends Integral[\I\], J extends Integral[\J\]\](RangeInternals.CompactFullScalarRange[\I\], RangeInternals.CompactFullScalarRange[\J\])->RangeInternals.CompactFullRange2D[\I,J\] is not applicable to an argument of type (Range[\I\], Range[\J\]). - [\I extends Integral[\I\], J extends Integral[\J\]\](RangeInternals.ExtentScalarRange[\I\], RangeInternals.ExtentScalarRange[\J\])->RangeInternals.ExtentRange2D[\I,J\] is not applicable to an argument of type (Range[\I\], Range[\J\]). - [\I extends Integral[\I\], J extends Integral[\J\]\](RangeInternals.FullScalarRange[\I\], RangeInternals.FullScalarRange[\J\])->RangeInternals.FullRange2D[\I,J\] is not applicable to an argument of type (Range[\I\], Range[\J\]). - [\I extends Integral[\I\], J extends Integral[\J\]\](RangeInternals.LeftScalarRange[\I\], RangeInternals.LeftScalarRange[\J\])->RangeInternals.LeftRange2D[\I,J\] is not applicable to an argument of type (Range[\I\], Range[\J\]). - [\I extends Integral[\I\], J extends Integral[\J\]\](RangeInternals.OpenScalarRange[\I\], RangeInternals.OpenScalarRange[\J\])->RangeInternals.OpenRange2D[\I,J\] is not applicable to an argument of type (Range[\I\], Range[\J\]). - [\I extends Integral[\I\], J extends Integral[\J\]\](RangeInternals.RightScalarRange[\I\], RangeInternals.RightScalarRange[\J\])->RangeInternals.RightRange2D[\I,J\] is not applicable to an argument of type (Range[\I\], Range[\J\]). - [\I extends Integral[\I\], J extends Integral[\J\]\](RangeInternals.ScalarRange[\I\], RangeInternals.ScalarRange[\J\])->RangeInternals.Range2D[\I,J\] is not applicable to an argument of type (Range[\I\], Range[\J\]).
typecheck	-	typecheck	RangeInternals.fss:156	Could not check call to function fail - Could not infer static argument T without context.
typecheck	-	typecheck	RangeInternals.fss:157	Could not check method invocation Maybe[\I\].loop - I->()->(): RangeInternals.fss:157:29-45: Could not check method invocation Maybe[\I\].loop - I->()->(): RangeInternals.fss:159:17-68: Could not check call to function fail - Could not infer static argument T without context. RangeInternals.fss:157:29-45: Possibly because r: I after argument inference - I->()->(): RangeInternals.fss:159:17-68: Could not check call to function fail - Could not infer static argument T without context. RangeInternals.fss:157:29-45: Possibly because r: I after argument inference RangeInternals.fss:157:13-28: Possibly because l: I after argument inference - I->()->(): RangeInternals.fss:157:29-45: Could not check method invocation Maybe[\I\].loop - I->()->(): RangeInternals.fss:159:17-68: Could not check call to function fail - Could not infer static argument T without context. RangeInternals.fss:157:29-45: Possibly because r: I after argument inference - I->()->(): RangeInternals.fss:159:17-68: Could not check call to function fail - Could not infer static argument T without context. RangeInternals.fss:157:29-45: Possibly because r: I after argument inference RangeInternals.fss:157:13-28: Possibly because l: I after argument inference
typecheck	-	typecheck	RangeInternals.fss:149	Could not check call to function leftScalarRange - [\I\](I, I)->RangeInternals.LeftScalarRange[\I\] is not applicable to an argument of type (I, IntLiteral).
typecheck	-	typecheck	RangeInternals.fss:148	Filter expressions in generator clauses must have type Boolean, but OpExpr at RangeInternals.fss:148.18 was not well typed.
typecheck	-	typecheck	RangeInternals.fss:148	Could not check call to operator > - ((RR64 & {Float, FloatLiteral, RR32}), RR64)->Boolean is not applicable to an argument of type (I, IntLiteral). - ((ZZ64 & {Long}), ZZ64)->Boolean is not applicable to an argument of type (I, IntLiteral). - (IntLiteral, IntLiteral)->Boolean is not applicable to an argument of type (I, IntLiteral). - (QQ, QQ)->Boolean is not applicable to an argument of type (I, IntLiteral). - (StandardPartialOrder[\T\], T)->Boolean is not applicable to an argument of type (I, IntLiteral). - [\A, B, C\]((A, B, C), (A, B, C))->Boolean is not applicable to an argument of type (I, IntLiteral). - [\A, B\]((A, B), (A, B))->Boolean is not applicable to an argument of type (I, IntLiteral).
typecheck	-	typecheck	RangeInternals.fss:131	Could not check method invocation Maybe[\I\].loop - I->()->(): RangeInternals.fss:131:25-43: Could not check method invocation Maybe[\I\].loop - I->()->(): RangeInternals.fss:131:42-49: Could not check call to operator > - ((RR64 & {Float, FloatLiteral, RR32}), RR64)->Boolean is not applicable to an argument of type (I, I). - ((ZZ64 & {Long}), ZZ64)->Boolean is not applicable to an argument of type (I, I). - (IntLiteral, IntLiteral)->Boolean is not applicable to an argument of type (I, I). - (QQ, QQ)->Boolean is not applicable to an argument of type (I, I). - (StandardPartialOrder[\T\], T)->Boolean is not applicable to an argument of type (I, I). - [\A, B, C\]((A, B, C), (A, B, C))->Boolean is not applicable to an argument of type (I, I). - [\A, B\]((A, B), (A, B))->Boolean is not applicable to an argument of type (I, I). RangeInternals.fss:131:25-43: Possibly because ofl: I after argument inference - I->()->(): RangeInternals.fss:131:42-49: Could not check call to operator > - ((RR64 & {Float, FloatLiteral, RR32}), RR64)->Boolean is not applicable to an argument of type (I, I). - ((ZZ64 & {Long}), ZZ64)->Boolean is not applicable to an argument of type (I, I). - (IntLiteral, IntLiteral)->Boolean is not applicable to an argument of type (I, I). - (QQ, QQ)->Boolean is not applicable to an argument of type (I, I). - (StandardPartialOrder[\T\], T)->Boolean is not applicable to an argument of type (I, I). - [\A, B, C\]((A, B, C), (A, B, C))->Boolean is not applicable to an argument of type (I, I). - [\A, B\]((A, B), (A, B))->Boolean is not applicable to an argument of type (I, I). RangeInternals.fss:131:25-43: Possibly because ofl: I after argument inference RangeInternals.fss:131:9-26: Possibly because tfl: I after argument inference - I->()->(): RangeInternals.fss:131:25-43: Could not check method invocation Maybe[\I\].loop - I->()->(): RangeInternals.fss:131:42-49: Could not check call to operator > - ((RR64 & {Float, FloatLiteral, RR32}), RR64)->Boolean is not applicable to an argument of type (I, I). - ((ZZ64 & {Long}), ZZ64)->Boolean is not applicable to an argument of type (I, I). - (IntLiteral, IntLiteral)->Boolean is not applicable to an argument of type (I, I). - (QQ, QQ)->Boolean is not applicable to an argument of type (I, I). - (StandardPartialOrder[\T\], T)->Boolean is not applicable to an argument of type (I, I). - [\A, B, C\]((A, B, C), (A, B, C))->Boolean is not applicable to an argument of type (I, I). - [\A, B\]((A, B), (A, B))->Boolean is not applicable to an argument of type (I, I). RangeInternals.fss:131:25-43: Possibly because ofl: I after argument inference - I->()->(): RangeInternals.fss:131:42-49: Could not check call to operator > - ((RR64 & {Float, FloatLiteral, RR32}), RR64)->Boolean is not applicable to an argument of type (I, I). - ((ZZ64 & {Long}), ZZ64)->Boolean is not applicable to an argument of type (I, I). - (IntLiteral, IntLiteral)->Boolean is not applicable to an argument of type (I, I). - (QQ, QQ)->Boolean is not applicable to an argument of type (I, I). - (StandardPartialOrder[\T\], T)->Boolean is not applicable to an argument of type (I, I). - [\A, B, C\]((A, B, C), (A, B, C))->Boolean is not applicable to an argument of type (I, I). - [\A, B\]((A, B), (A, B))->Boolean is not applicable to an argument of type (I, I). RangeInternals.fss:131:25-43: Possibly because ofl: I after argument inference RangeInternals.fss:131:9-26: Possibly because tfl: I after argument inference
typecheck	-	typecheck	RangeInternals.fss:135	Could not check method invocation Maybe[\I\].loop - I->()->(): RangeInternals.fss:135:26-45: Could not check method invocation Maybe[\I\].loop - I->()->(): RangeInternals.fss:135:44-51: Could not check call to operator < - ((NN64 & {UnsignedLong}), NN64)->Boolean is not applicable to an argument of type (I, I). - ((RR64 & {Float, FloatLiteral, RR32}), RR64)->Boolean is not applicable to an argument of type (I, I). - ((ZZ32 & {Int, IntLiteral}), ZZ32)->Boolean is not applicable to an argument of type (I, I). - ((ZZ64 & {Long}), ZZ64)->Boolean is not applicable to an argument of type (I, I). - (Char, Char)->Boolean is not applicable to an argument of type (I, I). - (EqualTo, LessThan)->Boolean is not applicable to an argument of type (I, I). - (EqualTo, TotalComparison)->Boolean is not applicable to an argument of type (I, I). - (GreaterThan, TotalComparison)->Boolean is not applicable to an argument of type (I, I). - (IntLiteral, IntLiteral)->Boolean is not applicable to an argument of type (I, I). - (LessThan, LessThan)->Boolean is not applicable to an argument of type (I, I). - (LessThan, TotalComparison)->Boolean is not applicable to an argument of type (I, I). - (NN32, NN32)->Boolean is not applicable to an argument of type (I, I). - (QQ, QQ)->Boolean is not applicable to an argument of type (I, I). - (StandardPartialOrder[\T\], T)->Boolean is not applicable to an argument of type (I, I). - (Unordered, Comparison)->Boolean is not applicable to an argument of type (I, I). - [\A, B, C\]((A, B, C), (A, B, C))->Boolean is not applicable to an argument of type (I, I). - [\A, B\]((A, B), (A, B))->Boolean is not applicable to an argument of type (I, I). RangeInternals.fss:135:26-45: Possibly because ofr: I after argument inference - I->()->(): RangeInternals.fss:135:44-51: Could not check call to operator < - ((NN64 & {UnsignedLong}), NN64)->Boolean is not applicable to an argument of type (I, I). - ((RR64 & {Float, FloatLiteral, RR32}), RR64)->Boolean is not applicable to an argument of type (I, I). - ((ZZ32 & {Int, IntLiteral}), ZZ32)->Boolean is not applicable to an argument of type (I, I). - ((ZZ64 & {Long}), ZZ64)->Boolean is not applicable to an argument of type (I, I). - (Char, Char)->Boolean is not applicable to an argument of type (I, I). - (EqualTo, LessThan)->Boolean is not applicable to an argument of type (I, I). - (EqualTo, TotalComparison)->Boolean is not applicable to an argument of type (I, I). - (GreaterThan, TotalComparison)->Boolean is not applicable to an argument of type (I, I). - (IntLiteral, IntLiteral)->Boolean is not applicable to an argument of type (I, I). - (LessThan, LessThan)->Boolean is not applicable to an argument of type (I, I). - (LessThan, TotalComparison)->Boolean is not applicable to an argument of type (I, I). - (NN32, NN32)->Boolean is not applicable to an argument of type (I, I). - (QQ, QQ)->Boolean is not applicable to an argument of type (I, I). - (StandardPartialOrder[\T\], T)->Boolean is not applicable to an argument of type (I, I). - (Unordered, Comparison)->Boolean is not applicable to an argument of type (I, I). - [\A, B, C\]((A, B, C), (A, B, C))->Boolean is not applicable to an argument of type (I, I). - [\A, B\]((A, B), (A, B))->Boolean is not applicable to an argument of type (I, I). RangeInternals.fss:135:26-45: Possibly because ofr: I after argument inference RangeInternals.fss:135:9-27: Possibly because tfr: I after argument inference - I->()->(): RangeInternals.fss:135:26-45: Could not check method invocation Maybe[\I\].loop - I->()->(): RangeInternals.fss:135:44-51: Could not check call to operator < - ((NN64 & {UnsignedLong}), NN64)->Boolean is not applicable to an argument of type (I, I). - ((RR64 & {Float, FloatLiteral, RR32}), RR64)->Boolean is not applicable to an argument of type (I, I). - ((ZZ32 & {Int, IntLiteral}), ZZ32)->Boolean is not applicable to an argument of type (I, I). - ((ZZ64 & {Long}), ZZ64)->Boolean is not applicable to an argument of type (I, I). - (Char, Char)->Boolean is not applicable to an argument of type (I, I). - (EqualTo, LessThan)->Boolean is not applicable to an argument of type (I, I). - (EqualTo, TotalComparison)->Boolean is not applicable to an argument of type (I, I). - (GreaterThan, TotalComparison)->Boolean is not applicable to an argument of type (I, I). - (IntLiteral, IntLiteral)->Boolean is not applicable to an argument of type (I, I). - (LessThan, LessThan)->Boolean is not applicable to an argument of type (I, I). - (LessThan, TotalComparison)->Boolean is not applicable to an argument of type (I, I). - (NN32, NN32)->Boolean is not applicable to an argument of type (I, I). - (QQ, QQ)->Boolean is not applicable to an argument of type (I, I). - (StandardPartialOrder[\T\], T)->Boolean is not applicable to an argument of type (I, I). - (Unordered, Comparison)->Boolean is not applicable to an argument of type (I, I). - [\A, B, C\]((A, B, C), (A, B, C))->Boolean is not applicable to an argument of type (I, I). - [\A, B\]((A, B), (A, B))->Boolean is not applicable to an argument of type (I, I). RangeInternals.fss:135:26-45: Possibly because ofr: I after argument inference - I->()->(): RangeInternals.fss:135:44-51: Could not check call to operator < - ((NN64 & {UnsignedLong}), NN64)->Boolean is not applicable to an argument of type (I, I). - ((RR64 & {Float, FloatLiteral, RR32}), RR64)->Boolean is not applicable to an argument of type (I, I). - ((ZZ32 & {Int, IntLiteral}), ZZ32)->Boolean is not applicable to an argument of type (I, I). - ((ZZ64 & {Long}), ZZ64)->Boolean is not applicable to an argument of type (I, I). - (Char, Char)->Boolean is not applicable to an argument of type (I, I). - (EqualTo, LessThan)->Boolean is not applicable to an argument of type (I, I). - (EqualTo, TotalComparison)->Boolean is not applicable to an argument of type (I, I). - (GreaterThan, TotalComparison)->Boolean is not applicable to an argument of type (I, I). - (IntLiteral, IntLiteral)->Boolean is not applicable to an argument of type (I, I). - (LessThan, LessThan)->Boolean is not applicable to an argument of type (I, I). - (LessThan, TotalComparison)->Boolean is not applicable to an argument of type (I, I). - (NN32, NN32)->Boolean is not applicable to an argument of type (I, I). - (QQ, QQ)->Boolean is not applicable to an argument of type (I, I). - (StandardPartialOrder[\T\], T)->Boolean is not applicable to an argument of type (I, I). - (Unordered, Comparison)->Boolean is not applicable to an argument of type (I, I). - [\A, B, C\]((A, B, C), (A, B, C))->Boolean is not applicable to an argument of type (I, I). - [\A, B\]((A, B), (A, B))->Boolean is not applicable to an argument of type (I, I). RangeInternals.fss:135:26-45: Possibly because ofr: I after argument inference RangeInternals.fss:135:9-27: Possibly because tfr: I after argument inference
typecheck	-	typecheck	RangeInternals.fss:122	Could not check call to operator SYMMETRIC_PARTIAL - ((Comparison & {Unordered, TotalComparison}), Comparison)->Comparison is not applicable to an argument of type (Comparison, ()->Comparison). - (EqualTo, Comparison)->Comparison is not applicable to an argument of type (Comparison, ()->Comparison). - (GreaterThan, EqualTo)->GreaterThan is not applicable to an argument of type (Comparison, ()->Comparison). - (GreaterThan, GreaterThan)->GreaterThan is not applicable to an argument of type (Comparison, ()->Comparison). - (LessThan, EqualTo)->LessThan is not applicable to an argument of type (Comparison, ()->Comparison). - (LessThan, LessThan)->LessThan is not applicable to an argument of type (Comparison, ()->Comparison).
typecheck	-	typecheck	RangeInternals.fss:107	Could not check call to operator SYMMETRIC_PARTIAL - ((Comparison & {Unordered, TotalComparison}), Comparison)->Comparison is not applicable to an argument of type (Comparison, ()->Comparison). - (EqualTo, Comparison)->Comparison is not applicable to an argument of type (Comparison, ()->Comparison). - (GreaterThan, EqualTo)->GreaterThan is not applicable to an argument of type (Comparison, ()->Comparison). - (GreaterThan, GreaterThan)->GreaterThan is not applicable to an argument of type (Comparison, ()->Comparison). - (LessThan, EqualTo)->LessThan is not applicable to an argument of type (Comparison, ()->Comparison). - (LessThan, LessThan)->LessThan is not applicable to an argument of type (Comparison, ()->Comparison).
typecheck	-	typecheck	RangeInternals.fss:89	Filter expressions in generator clauses must have type Boolean, but OpExpr at RangeInternals.fss:89.11 was not well typed.
typecheck	-	typecheck	RangeInternals.fss:89	Could not check call to operator < - ((NN64 & {UnsignedLong}), NN64)->Boolean is not applicable to an argument of type (I, IntLiteral). - ((RR64 & {Float, FloatLiteral, RR32}), RR64)->Boolean is not applicable to an argument of type (I, IntLiteral). - ((ZZ32 & {Int, IntLiteral}), ZZ32)->Boolean is not applicable to an argument of type (I, IntLiteral). - ((ZZ64 & {Long}), ZZ64)->Boolean is not applicable to an argument of type (I, IntLiteral). - (Char, Char)->Boolean is not applicable to an argument of type (I, IntLiteral). - (EqualTo, LessThan)->Boolean is not applicable to an argument of type (I, IntLiteral). - (EqualTo, TotalComparison)->Boolean is not applicable to an argument of type (I, IntLiteral). - (GreaterThan, TotalComparison)->Boolean is not applicable to an argument of type (I, IntLiteral). - (IntLiteral, IntLiteral)->Boolean is not applicable to an argument of type (I, IntLiteral). - (LessThan, LessThan)->Boolean is not applicable to an argument of type (I, IntLiteral). - (LessThan, TotalComparison)->Boolean is not applicable to an argument of type (I, IntLiteral). - (NN32, NN32)->Boolean is not applicable to an argument of type (I, IntLiteral). - (QQ, QQ)->Boolean is not applicable to an argument of type (I, IntLiteral). - (StandardPartialOrder[\T\], T)->Boolean is not applicable to an argument of type (I, IntLiteral). - (Unordered, Comparison)->Boolean is not applicable to an argument of type (I, IntLiteral). - [\A, B, C\]((A, B, C), (A, B, C))->Boolean is not applicable to an argument of type (I, IntLiteral). - [\A, B\]((A, B), (A, B))->Boolean is not applicable to an argument of type (I, IntLiteral).
typecheck	-	typecheck	RangeInternals.fss:89	Could not check call to operator > - ((RR64 & {Float, FloatLiteral, RR32}), RR64)->Boolean is not applicable to an argument of type (I, IntLiteral). - ((ZZ64 & {Long}), ZZ64)->Boolean is not applicable to an argument of type (I, IntLiteral). - (IntLiteral, IntLiteral)->Boolean is not applicable to an argument of type (I, IntLiteral). - (QQ, QQ)->Boolean is not applicable to an argument of type (I, IntLiteral). - (StandardPartialOrder[\T\], T)->Boolean is not applicable to an argument of type (I, IntLiteral). - [\A, B, C\]((A, B, C), (A, B, C))->Boolean is not applicable to an argument of type (I, IntLiteral). - [\A, B\]((A, B), (A, B))->Boolean is not applicable to an argument of type (I, IntLiteral).
typecheck	-	typecheck	RangeInternals.fss:43	Could not check call to operator - - ((NN64 & {UnsignedLong}), NN64)->NN64 is not applicable to an argument of type (I, IntLiteral). - ((RR64 & {Float, FloatLiteral, RR32}), RR64)->RR64 is not applicable to an argument of type (I, IntLiteral). - ((ZZ32 & {Int, IntLiteral}), ZZ32)->ZZ32 is not applicable to an argument of type (I, IntLiteral). - ((ZZ64 & {Long}), ZZ64)->ZZ64 is not applicable to an argument of type (I, IntLiteral). - (AdditiveGroup[\T\], T)->T is not applicable to an argument of type (I, IntLiteral). - (Integral[\I\], I)->I is not applicable to an argument of type (I, IntLiteral). - (Matrix[\T,s0,s1\], Matrix[\T,s0,s1\])->Matrix[\T,s0,s1\] is not applicable to an argument of type (I, IntLiteral). - (NN32, NN32)->NN32 is not applicable to an argument of type (I, IntLiteral). - (QQ, QQ)->QQ is not applicable to an argument of type (I, IntLiteral). - (Vector[\T,s0\], Vector[\T,s0\])->Vector[\T,s0\] is not applicable to an argument of type (I, IntLiteral). - [\T extends Number, I\](Array[\T,I\], T)->Array[\T,I\] is not applicable to an argument of type (I, IntLiteral). - [\T extends Number, I\](T, Array[\T,I\])->Array[\T,I\] is not applicable to an argument of type (I, IntLiteral). - [\T extends Number, nat n, nat m\](Matrix[\T,n,m\], Matrix[\T,n,m\])->Matrix[\T,n,m\] is not applicable to an argument of type (I, IntLiteral). - [\T extends Number, nat n, nat m\](Vector[\T,n\], Vector[\T,n\])->Vector[\T,n\] is not applicable to an argument of type (I, IntLiteral).
typecheck	-	typecheck	RangeInternals.fss:39	Could not check call to operator - - ((NN64 & {UnsignedLong}), NN64)->NN64 is not applicable to an argument of type (I, IntLiteral). - ((RR64 & {Float, FloatLiteral, RR32}), RR64)->RR64 is not applicable to an argument of type (I, IntLiteral). - ((ZZ32 & {Int, IntLiteral}), ZZ32)->ZZ32 is not applicable to an argument of type (I, IntLiteral). - ((ZZ64 & {Long}), ZZ64)->ZZ64 is not applicable to an argument of type (I, IntLiteral). - (AdditiveGroup[\T\], T)->T is not applicable to an argument of type (I, IntLiteral). - (Integral[\I\], I)->I is not applicable to an argument of type (I, IntLiteral). - (Matrix[\T,s0,s1\], Matrix[\T,s0,s1\])->Matrix[\T,s0,s1\] is not applicable to an argument of type (I, IntLiteral). - (NN32, NN32)->NN32 is not applicable to an argument of type (I, IntLiteral). - (QQ, QQ)->QQ is not applicable to an argument of type (I, IntLiteral). - (Vector[\T,s0\], Vector[\T,s0\])->Vector[\T,s0\] is not applicable to an argument of type (I, IntLiteral). - [\T extends Number, I\](Array[\T,I\], T)->Array[\T,I\] is not applicable to an argument of type (I, IntLiteral). - [\T extends Number, I\](T, Array[\T,I\])->Array[\T,I\] is not applicable to an argument of type (I, IntLiteral). - [\T extends Number, nat n, nat m\](Matrix[\T,n,m\], Matrix[\T,n,m\])->Matrix[\T,n,m\] is not applicable to an argument of type (I, IntLiteral). - [\T extends Number, nat n, nat m\](Vector[\T,n\], Vector[\T,n\])->Vector[\T,n\] is not applicable to an argument of type (I, IntLiteral).
wellformed	-	wellformed2	RangeInternals.fss:681	Ill-formed type: RangeInternals.LeftScalarRange[\I\] The static argument I does not satisfy the corresponding bound Integral[\I\].
wellformed	-	wellformed2	RangeInternals.fss:1013	Ill-formed type: RangeInternals.CompactFullParScalarRange[\I\] The static argument I does not satisfy the corresponding bound Integral[\I\].
wellformed	-	wellformed2	RangeInternals.fss:1090	Ill-formed type: RangeInternals.CompactFullRange2D[\I,J\] The static argument I does not satisfy the corresponding bound Integral[\I\].
wellformed	-	wellformed2	RangeInternals.fss:1090	Ill-formed type: RangeInternals.CompactFullRange2D[\I,J\] The static argument J does not satisfy the corresponding bound Integral[\J\].
wellformed	-	wellformed2	RangeInternals.fss:1123	Ill-formed type: RangeInternals.CompactFullRange3D[\I,J,K\] The static argument I does not satisfy the corresponding bound Integral[\I\].
wellformed	-	wellformed2	RangeInternals.fss:1123	Ill-formed type: RangeInternals.CompactFullRange3D[\I,J,K\] The static argument J does not satisfy the corresponding bound Integral[\J\].
wellformed	-	wellformed2	RangeInternals.fss:1123	Ill-formed type: RangeInternals.CompactFullRange3D[\I,J,K\] The static argument K does not satisfy the corresponding bound Integral[\K\].
wellformed	-	wellformed2	RangeInternals.fss:305	Ill-formed type: RangeInternals.OpenScalarRange[\I\] The static argument I does not satisfy the corresponding bound Integral[\I\].
wellformed	-	wellformed2	RangeInternals.fss:336	Ill-formed type: RangeInternals.OpenRange2D[\I,J\] The static argument I does not satisfy the corresponding bound Integral[\I\].
wellformed	-	wellformed2	RangeInternals.fss:336	Ill-formed type: RangeInternals.OpenRange2D[\I,J\] The static argument J does not satisfy the corresponding bound Integral[\J\].
wellformed	-	wellformed2	RangeInternals.fss:353	Ill-formed type: RangeInternals.OpenRange3D[\I,J,K\] The static argument I does not satisfy the corresponding bound Integral[\I\].
wellformed	-	wellformed2	RangeInternals.fss:353	Ill-formed type: RangeInternals.OpenRange3D[\I,J,K\] The static argument J does not satisfy the corresponding bound Integral[\J\].
wellformed	-	wellformed2	RangeInternals.fss:353	Ill-formed type: RangeInternals.OpenRange3D[\I,J,K\] The static argument K does not satisfy the corresponding bound Integral[\K\].
overloading	CAP|sentence	overloading	RangeInternals.fss:151,RangeInternals.fss:183	Invalid overloading of CAP in component RangeInternals: [\I extends Integral[\I\], J extends Integral[\J\]\](RangeInternals.Range2D[\I,J\], Range[\(I, J)\])->Range[\(I, J)\] @ RangeInternals.fss:183:5-184:57 and [\I extends Integral[\I\]\](RangeInternals.ScalarRange[\I\], Range[\I\])->Range[\I\] @ RangeInternals.fss:151:5-152:66
overloading	CAP|sentence	overloading	RangeInternals.fss:183,RangeInternals.fss:248	Invalid overloading of CAP in component RangeInternals: [\I extends Integral[\I\], J extends Integral[\J\], K extends Integral[\K\]\](RangeInternals.Range3D[\I,J,K\], RangeInternals.Range3D[\I,J,K\])->Range[\(I, J, K)\] @ RangeInternals.fss:248:5-251:56 and [\I extends Integral[\I\], J extends Integral[\J\]\](RangeInternals.Range2D[\I,J\], Range[\(I, J)\])->Range[\(I, J)\] @ RangeInternals.fss:183:5-184:57
overloading	CAP|sentence	overloading	RangeInternals.fss:183,RangeInternals.fss:246	Invalid overloading of CAP in component RangeInternals: [\I extends Integral[\I\], J extends Integral[\J\], K extends Integral[\K\]\](RangeInternals.Range3D[\I,J,K\], Range[\(I, J, K)\])->Range[\(I, J, K)\] @ RangeInternals.fss:246:5-247:59 and [\I extends Integral[\I\], J extends Integral[\J\]\](RangeInternals.Range2D[\I,J\], Range[\(I, J)\])->Range[\(I, J)\] @ RangeInternals.fss:183:5-184:57
overloading	CAP|sentence	overloading	RangeInternals.fss:183,RangeInternals.fss:511	Invalid overloading of CAP in component RangeInternals: [\I extends Integral[\I\], J extends Integral[\J\]\](RangeInternals.Range2D[\I,J\], Range[\(I, J)\])->Range[\(I, J)\] @ RangeInternals.fss:183:5-184:57 and [\I extends Integral[\I\]\](RangeInternals.BoundedScalarRange[\I\], RangeInternals.ScalarRange[\I\])->RangeInternals.BoundedScalarRange[\I\] @ RangeInternals.fss:511:5-523:10
overloading	CAP|sentence	overloading	RangeInternals.fss:151,RangeInternals.fss:248	Invalid overloading of CAP in component RangeInternals: [\I extends Integral[\I\], J extends Integral[\J\], K extends Integral[\K\]\](RangeInternals.Range3D[\I,J,K\], RangeInternals.Range3D[\I,J,K\])->Range[\(I, J, K)\] @ RangeInternals.fss:248:5-251:56 and [\I extends Integral[\I\]\](RangeInternals.ScalarRange[\I\], Range[\I\])->Range[\I\] @ RangeInternals.fss:151:5-152:66
overloading	CAP|sentence	overloading	RangeInternals.fss:151,RangeInternals.fss:185	Invalid overloading of CAP in component RangeInternals: [\I extends Integral[\I\], J extends Integral[\J\]\](RangeInternals.Range2D[\I,J\], RangeInternals.Range2D[\I,J\])->Range[\(I, J)\] @ RangeInternals.fss:185:5-187:56 and [\I extends Integral[\I\]\](RangeInternals.ScalarRange[\I\], Range[\I\])->Range[\I\] @ RangeInternals.fss:151:5-152:66
overloading	CAP|sentence	overloading	RangeInternals.fss:151,RangeInternals.fss:246	Invalid overloading of CAP in component RangeInternals: [\I extends Integral[\I\], J extends Integral[\J\], K extends Integral[\K\]\](RangeInternals.Range3D[\I,J,K\], Range[\(I, J, K)\])->Range[\(I, J, K)\] @ RangeInternals.fss:246:5-247:59 and [\I extends Integral[\I\]\](RangeInternals.ScalarRange[\I\], Range[\I\])->Range[\I\] @ RangeInternals.fss:151:5-152:66
overloading	CAP|sentence	overloading	RangeInternals.fss:185,RangeInternals.fss:248	Invalid overloading of CAP in component RangeInternals: [\I extends Integral[\I\], J extends Integral[\J\], K extends Integral[\K\]\](RangeInternals.Range3D[\I,J,K\], RangeInternals.Range3D[\I,J,K\])->Range[\(I, J, K)\] @ RangeInternals.fss:248:5-251:56 and [\I extends Integral[\I\], J extends Integral[\J\]\](RangeInternals.Range2D[\I,J\], RangeInternals.Range2D[\I,J\])->Range[\(I, J)\] @ RangeInternals.fss:185:5-187:56
overloading	CAP|sentence	overloading	RangeInternals.fss:248,RangeInternals.fss:511	Invalid overloading of CAP in component RangeInternals: [\I extends Integral[\I\], J extends Integral[\J\], K extends Integral[\K\]\](RangeInternals.Range3D[\I,J,K\], RangeInternals.Range3D[\I,J,K\])->Range[\(I, J, K)\] @ RangeInternals.fss:248:5-251:56 and [\I extends Integral[\I\]\](RangeInternals.BoundedScalarRange[\I\], RangeInternals.ScalarRange[\I\])->RangeInternals.BoundedScalarRange[\I\] @ RangeInternals.fss:511:5-523:10
overloading	CAP|sentence	overloading	RangeInternals.fss:185,RangeInternals.fss:246	Invalid overloading of CAP in component RangeInternals: [\I extends Integral[\I\], J extends Integral[\J\], K extends Integral[\K\]\](RangeInternals.Range3D[\I,J,K\], Range[\(I, J, K)\])->Range[\(I, J, K)\] @ RangeInternals.fss:246:5-247:59 and [\I extends Integral[\I\], J extends Integral[\J\]\](RangeInternals.Range2D[\I,J\], RangeInternals.Range2D[\I,J\])->Range[\(I, J)\] @ RangeInternals.fss:185:5-187:56
overloading	CAP|sentence	overloading	RangeInternals.fss:185,RangeInternals.fss:511	Invalid overloading of CAP in component RangeInternals: [\I extends Integral[\I\], J extends Integral[\J\]\](RangeInternals.Range2D[\I,J\], RangeInternals.Range2D[\I,J\])->Range[\(I, J)\] @ RangeInternals.fss:185:5-187:56 and [\I extends Integral[\I\]\](RangeInternals.BoundedScalarRange[\I\], RangeInternals.ScalarRange[\I\])->RangeInternals.BoundedScalarRange[\I\] @ RangeInternals.fss:511:5-523:10
overloading	CAP|sentence	overloading	RangeInternals.fss:246,RangeInternals.fss:511	Invalid overloading of CAP in component RangeInternals: [\I extends Integral[\I\], J extends Integral[\J\], K extends Integral[\K\]\](RangeInternals.Range3D[\I,J,K\], Range[\(I, J, K)\])->Range[\(I, J, K)\] @ RangeInternals.fss:246:5-247:59 and [\I extends Integral[\I\]\](RangeInternals.BoundedScalarRange[\I\], RangeInternals.ScalarRange[\I\])->RangeInternals.BoundedScalarRange[\I\] @ RangeInternals.fss:511:5-523:10
overloading	openRangeHelper|sentence	overloading	RangeInternals.fss:1484,RangeInternals.fss:1486	Invalid overloading of openRangeHelper in component RangeInternals: [\I extends AnyIntegral, J extends AnyIntegral, K extends AnyIntegral\]()->(I, J, K)->RangeInternals.OpenRange3D[\I,J,K\] @ RangeInternals.fss:1486:1-1487:85 and [\I extends AnyIntegral, J extends AnyIntegral\]()->(I, J)->RangeInternals.OpenRange2D[\I,J\] @ RangeInternals.fss:1484:1-1485:46
overloading	openRangeHelper|sentence	overloading	RangeInternals.fss:1482,RangeInternals.fss:1486	Invalid overloading of openRangeHelper in component RangeInternals: [\I extends AnyIntegral, J extends AnyIntegral, K extends AnyIntegral\]()->(I, J, K)->RangeInternals.OpenRange3D[\I,J,K\] @ RangeInternals.fss:1486:1-1487:85 and [\I extends AnyIntegral\]()->I->RangeInternals.OpenScalarRange[\I\] @ RangeInternals.fss:1482:1-1483:50
overloading	openRangeHelper|sentence	overloading	RangeInternals.fss:1482,RangeInternals.fss:1484	Invalid overloading of openRangeHelper in component RangeInternals: [\I extends AnyIntegral, J extends AnyIntegral\]()->(I, J)->RangeInternals.OpenRange2D[\I,J\] @ RangeInternals.fss:1484:1-1485:46 and [\I extends AnyIntegral\]()->I->RangeInternals.OpenScalarRange[\I\] @ RangeInternals.fss:1482:1-1483:50
overloading	IN|same-sparams	overloading	RangeInternals.fss:1006,RangeInternals.fss:1173	Invalid overloading of IN in component RangeInternals: [\I extends Integral[\I\]\](I, RangeInternals.CompactFullScalarRange[\I\])->Boolean @ RangeInternals.fss:1006:5-62 and [\I extends Integral[\I\]\](I, RangeInternals.StridedFullScalarRange[\I\])->Boolean @ RangeInternals.fss:1173:5-1177:8
abstract-method	CAP	overloading	RangeInternals.fss:353	The inherited abstract method CAP(self:Range[\I\],other:Range[\I\]):Range[\I\] from the trait Range[\(I, J, K)\] has no concrete implementation in the object OpenRange3D in component RangeInternals.
abstract-method	CAP	overloading	RangeInternals.fss:377	The inherited abstract method CAP(self:Range[\I\],other:Range[\I\]):Range[\I\] from the trait Range[\I\] has no concrete implementation in the object ExtentScalarRange in component RangeInternals.
abstract-method	CAP	overloading	RangeInternals.fss:305	The inherited abstract method CAP(self:Range[\I\],other:Range[\I\]):Range[\I\] from the trait Range[\I\] has no concrete implementation in the object OpenScalarRange in component RangeInternals.
abstract-method	IN	overloading	RangeInternals.fss:563	The inherited abstract method IN(elt:T,self:Contains[\T\]):Boolean from the trait Contains[\I\] has no concrete implementation in the object LeftScalarRange in component RangeInternals.
abstract-method	IN	overloading	RangeInternals.fss:563	The inherited abstract method IN(n:I,self:Range[\I\]):Boolean from the trait Range[\I\] has no concrete implementation in the object LeftScalarRange in component RangeInternals.
abstract-method	IN	overloading	RangeInternals.fss:765	The inherited abstract method IN(elt:T,self:Contains[\T\]):Boolean from the trait Contains[\(I, J, K)\] has no concrete implementation in the object RightRange3D in component RangeInternals.
abstract-method	IN	overloading	RangeInternals.fss:765	The inherited abstract method IN(n:I,self:Range[\I\]):Boolean from the trait Range[\(I, J, K)\] has no concrete implementation in the object RightRange3D in component RangeInternals.
abstract-method	IN	overloading	RangeInternals.fss:616	The inherited abstract method IN(elt:T,self:Contains[\T\]):Boolean from the trait Contains[\(I, J)\] has no concrete implementation in the object LeftRange2D in component RangeInternals.
abstract-method	IN	overloading	RangeInternals.fss:616	The inherited abstract method IN(n:I,self:Range[\I\]):Boolean from the trait Range[\(I, J)\] has no concrete implementation in the object LeftRange2D in component RangeInternals.
abstract-method	CAP	overloading	RangeInternals.fss:465	The inherited abstract method CAP(self:Range[\I\],other:Range[\I\]):Range[\I\] from the trait Range[\(I, J)\] has no concrete implementation in the object ExtentRange2D in component RangeInternals.
abstract-method	|_|	overloading	RangeInternals.fss:1183	The inherited abstract method |_|(self:Indexed[\E,I\]):ZZ32 from the trait Indexed[\I,I\] has no concrete implementation in the object StridedFullParScalarRange in component RangeInternals.
abstract-method	CAP	overloading	RangeInternals.fss:336	The inherited abstract method CAP(self:Range[\I\],other:Range[\I\]):Range[\I\] from the trait Range[\(I, J)\] has no concrete implementation in the object OpenRange2D in component RangeInternals.
abstract-method	IN	overloading	RangeInternals.fss:736	The inherited abstract method IN(n:I,self:Range[\I\]):Boolean from the trait Range[\(I, J)\] has no concrete implementation in the object RightRange2D in component RangeInternals.
abstract-method	IN	overloading	RangeInternals.fss:736	The inherited abstract method IN(elt:T,self:Contains[\T\]):Boolean from the trait Contains[\(I, J)\] has no concrete implementation in the object RightRange2D in component RangeInternals.
abstract-method	IN	overloading	RangeInternals.fss:645	The inherited abstract method IN(n:I,self:Range[\I\]):Boolean from the trait Range[\(I, J, K)\] has no concrete implementation in the object LeftRange3D in component RangeInternals.
abstract-method	IN	overloading	RangeInternals.fss:645	The inherited abstract method IN(elt:T,self:Contains[\T\]):Boolean from the trait Contains[\(I, J, K)\] has no concrete implementation in the object LeftRange3D in component RangeInternals.
abstract-method	|_|	overloading	RangeInternals.fss:1284	The inherited abstract method |_|(self:Indexed[\E,I\]):ZZ32 from the trait Indexed[\I,I\] has no concrete implementation in the object StridedFullSeqScalarRange in component RangeInternals.
abstract-method	CAP	overloading	RangeInternals.fss:489	The inherited abstract method CAP(self:Range[\I\],other:Range[\I\]):Range[\I\] from the trait Range[\(I, J, K)\] has no concrete implementation in the object ExtentRange3D in component RangeInternals.
return-type	atMost	overloading	FortressLibrary.fsi:2149,RangeInternals.fss:591	For atMost, the return type of (RangeInternals.LeftScalarRange[\I\], I)->RangeInternals.ScalarRange[\I\] @ RangeInternals.fss:591:5-592:57 should be a subtype of the return type of (BoundedRange[\I\], I)->FullRange[\I\] @ FortressLibrary.fsi:2149:5-32
return-type	every	overloading	FortressLibrary.fsi:2148,RangeInternals.fss:583	For every, the return type of (RangeInternals.LeftScalarRange[\I\], I)->RangeInternals.ScalarRange[\I\] @ RangeInternals.fss:583:5-588:10 should be a subtype of the return type of (BoundedRange[\I\], I)->BoundedRange[\I\] @ FortressLibrary.fsi:2148:5-34
return-type	atMost	overloading	FortressLibrary.fsi:2149,RangeInternals.fss:709	For atMost, the return type of (RangeInternals.RightScalarRange[\I\], I)->RangeInternals.ScalarRange[\I\] @ RangeInternals.fss:709:5-710:57 should be a subtype of the return type of (BoundedRange[\I\], I)->FullRange[\I\] @ FortressLibrary.fsi:2149:5-32
export	-	export	RangeInternals.fss:12	Component RangeInternals exports API RangeInternals but does not define all declarations in RangeInternals. Missing declarations: {emptyScalarRange[\I extends Integral[\I\]\]():RangeInternals.FullScalarRange[\I\] at RangeInternals.fsi:578:1-68, sized1Range[\I extends Integral[\I\]\](_:I,lo:I,ex:I):RangeInternals.CompactFullParScalarRange[\I\] at RangeInternals.fsi:580:1-91, sized2Range[\I extends Integral[\I\],J extends Integral[\J\]\](_:I,_:J,l1:I,l2:J,ex1:I,ex2:J):RangeInternals.CompactFullRange2D[\I,J\] at RangeInternals.fsi:582:1-134, sized3Range[\I extends Integral[\I\],J extends Integral[\J\],K extends Integral[\K\]\](_:I,_:J,_:K,l1:I,l2:J,l3:K,ex1:I,ex2:J,ex3:K):RangeInternals.CompactFullRange3D[\I,J,K\] at RangeInternals.fsi:584:1-585:47, bounded1Range[\I extends Integral[\I\]\](_:I,lo:I,hi:I):RangeInternals.CompactFullParScalarRange[\I\] at RangeInternals.fsi:587:1-93, bounded2Range[\I extends Integral[\I\],J extends Integral[\J\]\](_:I,_:J,l1:I,l2:J,hi1:I,hi2:J):RangeInternals.CompactFullRange2D[\I,J\] at RangeInternals.fsi:589:1-136, bounded3Range[\I extends Integral[\I\],J extends Integral[\J\],K extends Integral[\K\]\](_:I,_:J,_:K,l1:I,l2:J,l3:K,hi1:I,hi2:J,hi3:K):RangeInternals.CompactFullRange3D[\I,J,K\] at RangeInternals.fsi:591:1-592:47, openRangeHelper[\I extends Integral[\I\]\](_:()->I):RangeInternals.OpenScalarRange[\I\] at RangeInternals.fsi:612:1-75, openRangeHelper[\I extends Integral[\I\],J extends Integral[\J\]\](_:()->(I, J)):RangeInternals.OpenRange2D[\I,J\] at RangeInternals.fsi:614:1-104, openRangeHelper[\I extends Integral[\I\],J extends Integral[\J\],K extends Integral[\K\]\](_:()->(I, J, K)):RangeInternals.OpenRange3D[\I,J,K\] at RangeInternals.fsi:616:1-135}
export	-	export	RangeInternals.fss:12	The following declarations in API RangeInternals are not matched by the declarations in component RangeInternals. Unmatched declarations: { (ObjectDecl RightScalarRange at RangeInternals.fsi:309.1, due to different static parameters) }
typecheck	-	typecheck	FortressBuiltin.fss:562	Could not check method invocation Generator[\G\].map - [\((), G)\]((), G)->((), G)->Generator[\((), G)\] is not applicable to an argument of type G->((), G).
typecheck	-	typecheck	FortressBuiltin.fss:472	Function body has type ZZ, but declared return type is IntLiteral.
typecheck	-	typecheck	FortressBuiltin.fss:471	Function body has type ZZ, but declared return type is IntLiteral.
typecheck	-	typecheck	FortressBuiltin.fss:461	Function body has type NN64, but declared return type is UnsignedLong.
typecheck	-	typecheck	FortressBuiltin.fss:460	Function body has type NN64, but declared return type is UnsignedLong.
typecheck	-	typecheck	FortressBuiltin.fss:357	Function body has type RR64, but declared return type is RR32.
typecheck	-	typecheck	FortressBuiltin.fss:347	Function body has type RR64, but declared return type is RR32.
typecheck	-	typecheck	FortressBuiltin.fss:327	Could not check call to operator ^ - ((NN64 & {UnsignedLong}), AnyIntegral)->RR64 is not applicable to an argument of type (RR32, AND((Number & {RR64, QQ, AnyIntegral})->RR64,NN32->Float,Float->Float,BigNum->Float,FloatLiteral->Float,IntLiteral->Float,Long->Float,RR32->Float,UnsignedLong->Float,Int->Float)). - ((RR64 & {Float, FloatLiteral, RR32}), RR64)->RR64 is not applicable to an argument of type (RR32, AND((Number & {RR64, QQ, AnyIntegral})->RR64,NN32->Float,Float->Float,BigNum->Float,FloatLiteral->Float,IntLiteral->Float,Long->Float,RR32->Float,UnsignedLong->Float,Int->Float)). - (Float, AnyIntegral)->RR64 is not applicable to an argument of type (RR32, AND((Number & {RR64, QQ, AnyIntegral})->RR64,NN32->Float,Float->Float,BigNum->Float,FloatLiteral->Float,IntLiteral->Float,Long->Float,RR32->Float,UnsignedLong->Float,Int->Float)). - (Float, Float)->RR64 is not applicable to an argument of type (RR32, AND((Number & {RR64, QQ, AnyIntegral})->RR64,NN32->Float,Float->Float,BigNum->Float,FloatLiteral->Float,IntLiteral->Float,Long->Float,RR32->Float,UnsignedLong->Float,Int->Float)). - (Float, Number)->RR64 is not applicable to an argument of type (RR32, AND((Number & {RR64, QQ, AnyIntegral})->RR64,NN32->Float,Float->Float,BigNum->Float,FloatLiteral->Float,IntLiteral->Float,Long->Float,RR32->Float,UnsignedLong->Float,Int->Float)). - (Float, RR32)->RR64 is not applicable to an argument of type (RR32, AND((Number & {RR64, QQ, AnyIntegral})->RR64,NN32->Float,Float->Float,BigNum->Float,FloatLiteral->Float,IntLiteral->Float,Long->Float,RR32->Float,UnsignedLong->Float,Int->Float)). - (Integral[\I\], AnyIntegral)->RR64 is not applicable to an argument of type (RR32, AND((Number & {RR64, QQ, AnyIntegral})->RR64,NN32->Float,Float->Float,BigNum->Float,FloatLiteral->Float,IntLiteral->Float,Long->Float,RR32->Float,UnsignedLong->Float,Int->Float)). - (MultiplicativeRing[\T\], ZZ64)->T is not applicable to an argument of type (RR32, AND((Number & {RR64, QQ, AnyIntegral})->RR64,NN32->Float,Float->Float,BigNum->Float,FloatLiteral->Float,IntLiteral->Float,Long->Float,RR32->Float,UnsignedLong->Float,Int->Float)). - (NN32, AnyIntegral)->RR64 is not applicable to an argument of type (RR32, AND((Number & {RR64, QQ, AnyIntegral})->RR64,NN32->Float,Float->Float,BigNum->Float,FloatLiteral->Float,IntLiteral->Float,Long->Float,RR32->Float,UnsignedLong->Float,Int->Float)). - (QQ, ZZ64)->QQ is not applicable to an argument of type (RR32, AND((Number & {RR64, QQ, AnyIntegral})->RR64,NN32->Float,Float->Float,BigNum->Float,FloatLiteral->Float,IntLiteral->Float,Long->Float,RR32->Float,UnsignedLong->Float,Int->Float)). - (RR32, Float)->RR64 is not applicable to an argument of type (RR32, AND((Number & {RR64, QQ, AnyIntegral})->RR64,NN32->Float,Float->Float,BigNum->Float,FloatLiteral->Float,IntLiteral->Float,Long->Float,RR32->Float,UnsignedLong->Float,Int->Float)). - (RR32, Number)->RR64 is not applicable to an argument of type (RR32, AND((Number & {RR64, QQ, AnyIntegral})->RR64,NN32->Float,Float->Float,BigNum->Float,FloatLiteral->Float,IntLiteral->Float,Long->Float,RR32->Float,UnsignedLong->Float,Int->Float)). - (RR32, RR32)->RR32 is not applicable to an argument of type (RR32, AND((Number & {RR64, QQ, AnyIntegral})->RR64,NN32->Float,Float->Float,BigNum->Float,FloatLiteral->Float,IntLiteral->Float,Long->Float,RR32->Float,UnsignedLong->Float,Int->Float)). - (RR32, ZZ64)->RR32 is not applicable to an argument of type (RR32, AND((Number & {RR64, QQ, AnyIntegral})->RR64,NN32->Float,Float->Float,BigNum->Float,FloatLiteral->Float,IntLiteral->Float,Long->Float,RR32->Float,UnsignedLong->Float,Int->Float)). - (String, ZZ32)->String is not applicable to an argument of type (RR32, AND((Number & {RR64, QQ, AnyIntegral})->RR64,NN32->Float,Float->Float,BigNum->Float,FloatLiteral->Float,IntLiteral->Float,Long->Float,RR32->Float,UnsignedLong->Float,Int->Float)).
typecheck	-	typecheck	FortressBuiltin.fss:35	Could not check call to function fail - Could not infer static argument T without context.
export	-	export	FortressBuiltin.fss:12	The following declarations in API FortressBuiltin are not matched by the declarations in component FortressBuiltin. Unmatched declarations: { (ObjectDecl BigNum at FortressBuiltin.fsi:149.1, due to different modifiers), (ObjectDecl Thread at FortressBuiltin.fsi:213.1, due to different method val @ FortressBuiltin.fsi:214:5-18) }
overloading	fill|fill-same	overloading	FortressLibrary.fsi:1380,FortressLibrary.fsi:1432	Invalid overloading of fill in trait PrimImmutableRR64Array: (ImmutableArray[\RR64,ZZ32\], RR64)->ImmutableArray[\RR64,ZZ32\] @ FortressLibrary.fsi:1380:5-44 and (StandardImmutableArrayType[\ImmutableArray1[\RR64,0,s0\],RR64,ZZ32\], RR64)->ImmutableArray1[\RR64,0,s0\] @ FortressLibrary.fsi:1432:5-15
overloading	fill|fill-same	overloading	FortressLibrary.fsi:1379,FortressLibrary.fsi:1431	Invalid overloading of fill in trait PrimImmutableRR64Array: (ImmutableArray[\RR64,ZZ32\], ZZ32->RR64)->ImmutableArray[\RR64,ZZ32\] @ FortressLibrary.fsi:1379:5-47 and (StandardImmutableArrayType[\ImmutableArray1[\RR64,0,s0\],RR64,ZZ32\], ZZ32->RR64)->ImmutableArray1[\RR64,0,s0\] @ FortressLibrary.fsi:1431:5-18
typecheck	-	typecheck	List.fss:458	Could not check call to function fail - Could not infer static argument T without context.
typecheck	-	typecheck	List.fss:393	No such method List.List[\T\].fill.
typecheck	-	typecheck	List.fss:379	No such method List.List[\T\].fill.
typecheck	-	typecheck	List.fss:368	Filter expressions in generator clauses must have type Boolean, but OpExpr at List.fss:368.14 was not well typed.
typecheck	-	typecheck	List.fss:368	List.List[\E\] has no getter called canExtendLeft
typecheck	-	typecheck	List.fss:368	List.List[\E\] has no getter called leftSpace
typecheck	-	typecheck	List.fss:332	Could not check call to function primitiveImmutableArray - [\E\]ZZ32->ImmutableArray[\E,ZZ32\] is not applicable to an argument of type (ZZ32, ZZ32).
typecheck	-	typecheck	List.fss:320	Could not check call to operator - - ((NN64 & {UnsignedLong}), NN64)->NN64 is not applicable to an argument of type ((ZZ32, ZZ32), ZZ32). - ((RR64 & {Float, FloatLiteral, RR32}), RR64)->RR64 is not applicable to an argument of type ((ZZ32, ZZ32), ZZ32). - ((ZZ32 & {Int, IntLiteral}), ZZ32)->ZZ32 is not applicable to an argument of type ((ZZ32, ZZ32), ZZ32). - ((ZZ64 & {Long}), ZZ64)->ZZ64 is not applicable to an argument of type ((ZZ32, ZZ32), ZZ32). - (AdditiveGroup[\T\], T)->T is not applicable to an argument of type ((ZZ32, ZZ32), ZZ32). - (Integral[\I\], I)->I is not applicable to an argument of type ((ZZ32, ZZ32), ZZ32). - (Matrix[\T,s0,s1\], Matrix[\T,s0,s1\])->Matrix[\T,s0,s1\] is not applicable to an argument of type ((ZZ32, ZZ32), ZZ32). - (NN32, NN32)->NN32 is not applicable to an argument of type ((ZZ32, ZZ32), ZZ32). - (QQ, QQ)->QQ is not applicable to an argument of type ((ZZ32, ZZ32), ZZ32). - (Vector[\T,s0\], Vector[\T,s0\])->Vector[\T,s0\] is not applicable to an argument of type ((ZZ32, ZZ32), ZZ32). - [\T extends Number, I\](Array[\T,I\], T)->Array[\T,I\] is not applicable to an argument of type ((ZZ32, ZZ32), ZZ32). - [\T extends Number, I\](T, Array[\T,I\])->Array[\T,I\] is not applicable to an argument of type ((ZZ32, ZZ32), ZZ32). - [\T extends Number, nat n, nat m\](Matrix[\T,n,m\], Matrix[\T,n,m\])->Matrix[\T,n,m\] is not applicable to an argument of type ((ZZ32, ZZ32), ZZ32). - [\T extends Number, nat n, nat m\](Vector[\T,n\], Vector[\T,n\])->Vector[\T,n\] is not applicable to an argument of type ((ZZ32, ZZ32), ZZ32).
typecheck	-	typecheck	List.fss:293	An 'if' clause without corresponding 'else' has type Boolean instead of type ().
typecheck	-	typecheck	List.fss:285	An 'if' clause without corresponding 'else' has type Boolean instead of type ().
typecheck	-	typecheck	List.fss:276	Could not check call to operator # - [\I extends AnyIntegral, J extends AnyIntegral, K extends AnyIntegral\]((I, J, K), (I, J, K))->CompactFullRange[\(I, J, K)\] is not applicable to an argument of type (IntLiteral, ZZ32). - [\I extends AnyIntegral, J extends AnyIntegral\]((I, J), (I, J))->CompactFullRange[\(I, J)\] is not applicable to an argument of type (IntLiteral, ZZ32). - [\I extends AnyIntegral\](I, I)->CompactFullRange[\I\] is not applicable to an argument of type (IntLiteral, ZZ32). - [\I\](PartialRange[\I\], I)->Range[\I\] is not applicable to an argument of type (IntLiteral, ZZ32).
typecheck	-	typecheck	List.fss:178	No such method CovariantCollection.AnyCovColl.toImmutableArray. List.fss:178:35-86: Possibly because cc: CovariantCollection.AnyCovColl after argument inference
typecheck	-	typecheck	List.fss:176	Could not check call to function list - [\E\]Generator[\E\]->List.List[\E\] is not applicable to an argument of type E. - [\E\]ImmutableArray[\E,ZZ32\]->List.List[\E\] is not applicable to an argument of type E. - [\E\]Indexed[\E,ZZ32\]->List.List[\E\] is not applicable to an argument of type E. - [\E\]List.List[\E\]->List.List[\E\] is not applicable to an argument of type E.
typecheck	-	typecheck	List.fss:150	Could not check call to operator BIG <|_BIG |> - Could not infer static argument T without context. - [\T\]Generator[\T\]->List.List[\T\] is not applicable to an argument of type ().
typecheck	-	typecheck	List.fss:120	Function body has type Condition[\E\], but declared return type is Maybe[\E\].
typecheck	-	typecheck	List.fss:119	Function body has type Condition[\E\], but declared return type is Maybe[\E\].
typecheck	-	typecheck	List.fss:106	Function body has type List.AnyList, but declared return type is List.List[\T\].
typecheck	-	typecheck	List.fss:103	Function body has type List.List[\F\], but declared return type is List.List[\T\].
typecheck	-	typecheck	List.fss:94	Function body has type OR(List.List[\T\],List.List[\E\],List.List[\F\]), but declared return type is List.List[\T\].
typecheck	-	typecheck	List.fss:90	Could not check call to function addR - [\T, E extends T, F extends T\](List.List[\F\], E)->List.List[\T\] is not applicable to an argument of type (List.AnyList, Any).
typecheck	-	typecheck	List.fss:89	Could not check call to function addL - [\T, E extends T, F extends T\](E, List.List[\F\])->List.List[\T\] is not applicable to an argument of type (Any, List.AnyList).
typecheck	-	typecheck	List.fss:88	Could not check call to function app - [\T, E extends T, F extends T\](List.List[\E\], List.List[\F\])->List.List[\T\] is not applicable to an argument of type (List.AnyList, List.AnyList).
typecheck	-	typecheck	List.fss:75	Function body has type OR((ZZ32, ZZ32),ZZ32), but declared return type is ZZ32.
typecheck	-	typecheck	List.fss:72	Function body has type (ZZ32, ZZ32), but declared return type is ZZ32.
export	-	export	List.fss:12	Component List exports API List but does not define all declarations in List. Missing declarations: {concat[\E\](x:List.List[\List.List[\E\]\]):List.List[\E\] at List.fsi:119:1-120:1}
export	-	export	List.fss:12	The following declarations in API List are not matched by the declarations in component List. Unmatched declarations: { (ObjectDecl Concat at List.fsi:130.1, due to different modifiers), (TraitDecl AnyList at List.fsi:55.1, due to different excludes clauses for traits), (TraitDecl List at List.fsi:67.1, due to different excludes clauses for traits) }
typecheck	-	typecheck	String.fss:528	Could not check method invocation String.StringStats.collectStatsFor - FlatString.FlatString->() is not applicable to an argument of type String. - String.CatString->() is not applicable to an argument of type String. - String.EmptyString->() is not applicable to an argument of type String. - String.SubString->() is not applicable to an argument of type String.
typecheck	-	typecheck	String.fss:520	Could not assign an expression of type (ZZ32, ZZ32) to variable minFlat of type ZZ32.
typecheck	-	typecheck	String.fss:521	Could not assign an expression of type (ZZ32, ZZ32) to variable maxFlat of type ZZ32.
typecheck	-	typecheck	String.fss:514	Could not check method invocation String.StringStats.collectStatsFor - FlatString.FlatString->() is not applicable to an argument of type String. - String.CatString->() is not applicable to an argument of type String. - String.EmptyString->() is not applicable to an argument of type String. - String.SubString->() is not applicable to an argument of type String.
typecheck	-	typecheck	String.fss:513	Could not check method invocation String.StringStats.collectStatsFor - FlatString.FlatString->() is not applicable to an argument of type String. - String.CatString->() is not applicable to an argument of type String. - String.EmptyString->() is not applicable to an argument of type String. - String.SubString->() is not applicable to an argument of type String.
typecheck	-	typecheck	String.fss:508	Function body has type RR64, but declared return type is RR32.
typecheck	-	typecheck	String.fss:486	Could not check call to function seq - DelegatedIndexed[\E,I\]->SequentialGenerator[\E\] is not applicable to an argument of type Range[\ZZ32\]. - FilterGenerator[\E\]->SequentialGenerator[\E\] is not applicable to an argument of type Range[\ZZ32\]. - Generator[\E\]->SequentialGenerator[\E\] is not applicable to an argument of type Range[\ZZ32\]. - ReadableArray[\E,I\]->SequentialGenerator[\E\] is not applicable to an argument of type Range[\ZZ32\]. - SequentialGenerator[\E\]->SequentialGenerator[\E\] is not applicable to an argument of type Range[\ZZ32\].
typecheck	-	typecheck	String.fss:480	Filter expressions in generator clauses must have type Boolean, but pieces.nonEmpty was not well typed.
typecheck	-	typecheck	String.fss:480	Generator[\(ZZ32, String)\] has no getter called nonEmpty
typecheck	-	typecheck	String.fss:474	Range[\ZZ32\] has no getter called lower
typecheck	-	typecheck	String.fss:471	Range[\ZZ32\] has no getter called lower
typecheck	-	typecheck	String.fss:467	No such method String.get.
typecheck	-	typecheck	String.fss:450	Range[\ZZ32\] has no getter called lower
typecheck	-	typecheck	String.fss:441	Could not check call to function fail - Could not infer static argument T without context.
typecheck	-	typecheck	String.fss:440	Could not check call to function fail - Could not infer static argument T without context.
typecheck	-	typecheck	String.fss:430	Could not check call to function deny - (Any, Any, (Any...))->() is not applicable to an argument of type (Boolean, Boolean, String, String, Range[\ZZ32\], String, CompactFullRange[\ZZ32\]). - (Boolean, String)->() is not applicable to an argument of type (Boolean, Boolean, String, String, Range[\ZZ32\], String, CompactFullRange[\ZZ32\]). - Boolean->() is not applicable to an argument of type (Boolean, Boolean, String, String, Range[\ZZ32\], String, CompactFullRange[\ZZ32\]).
typecheck	-	typecheck	String.fss:431	Could not check call to function assert - (Any, Any, (Any...))->() is not applicable to an argument of type (Boolean, Boolean, String, String, Range[\ZZ32\], String, CompactFullRange[\ZZ32\]). - (Boolean, String)->() is not applicable to an argument of type (Boolean, Boolean, String, String, Range[\ZZ32\], String, CompactFullRange[\ZZ32\]). - Boolean->() is not applicable to an argument of type (Boolean, Boolean, String, String, Range[\ZZ32\], String, CompactFullRange[\ZZ32\]).
typecheck	-	typecheck	String.fss:424	Range[\ZZ32\] has no getter called lower
typecheck	-	typecheck	String.fss:416	BoundedRange[\ZZ32\] has no getter called nonEmpty String.fss:414:20-39: Possibly because (start, str): (ZZ32, String) after argument inference String.fss:414:13-417:20: Possibly because (reduction?43, unit?44): (Reduction[\Boolean\], Boolean->Boolean) after argument inference
typecheck	-	typecheck	String.fss:413	Filter expressions in generator clauses must have type Boolean, but pieces.nonEmpty was not well typed.
typecheck	-	typecheck	String.fss:413	Generator[\(ZZ32, String)\] has no getter called nonEmpty
typecheck	-	typecheck	String.fss:402	Range[\ZZ32\] has no getter called lower String.fss:401:29-53: Possibly because (start, str): (ZZ32, String) after argument inference String.fss:401:17-404:20: Possibly because (reduction?41, unit?42): (Reduction[\TotalComparison\], TotalComparison->TotalComparison) after argument inference
typecheck	-	typecheck	String.fss:399	Filter expressions in generator clauses must have type Boolean, but otherPieces.nonEmpty was not well typed.
typecheck	-	typecheck	String.fss:399	Generator[\(ZZ32, String)\] has no getter called nonEmpty
typecheck	-	typecheck	String.fss:395	Range[\ZZ32\] has no getter called lower String.fss:392:25-44: Possibly because (start, str): (ZZ32, String) after argument inference String.fss:392:13-396:16: Possibly because (reduction?39, unit?40): (Reduction[\TotalComparison\], TotalComparison->TotalComparison) after argument inference
typecheck	-	typecheck	String.fss:391	Filter expressions in generator clauses must have type Boolean, but pieces.nonEmpty was not well typed.
typecheck	-	typecheck	String.fss:391	Generator[\(ZZ32, String)\] has no getter called nonEmpty
typecheck	-	typecheck	String.fss:378	Range[\ZZ32\] has no getter called lower String.fss:377:29-53: Possibly because (start, str): (ZZ32, String) after argument inference String.fss:377:17-380:20: Possibly because (reduction?37, unit?38): (Reduction[\TotalComparison\], TotalComparison->TotalComparison) after argument inference
typecheck	-	typecheck	String.fss:375	Filter expressions in generator clauses must have type Boolean, but otherPieces.nonEmpty was not well typed.
typecheck	-	typecheck	String.fss:375	Generator[\(ZZ32, String)\] has no getter called nonEmpty
typecheck	-	typecheck	String.fss:371	Range[\ZZ32\] has no getter called lower String.fss:368:25-44: Possibly because (start, str): (ZZ32, String) after argument inference String.fss:368:13-372:16: Possibly because (reduction?35, unit?36): (Reduction[\TotalComparison\], TotalComparison->TotalComparison) after argument inference
typecheck	-	typecheck	String.fss:367	Filter expressions in generator clauses must have type Boolean, but pieces.nonEmpty was not well typed.
typecheck	-	typecheck	String.fss:367	Generator[\(ZZ32, String)\] has no getter called nonEmpty
typecheck	-	typecheck	String.fss:360	String has no getter called balanced
typecheck	-	typecheck	String.fss:354	No such method String.asDebugStringIndented.
typecheck	-	typecheck	String.fss:339	Range[\ZZ32\] has no getter called size
typecheck	-	typecheck	String.fss:296	No such method Range[\ZZ32\]._[_].
typecheck	-	typecheck	String.fss:293	Could not check call to function IndexOutOfBounds - [\I\](Range[\I\], I)->IndexOutOfBounds[\I\] is not applicable to an argument of type String.
typecheck	-	typecheck	String.fss:256	String.SubString has no getter called balanced
typecheck	-	typecheck	String.fss:244	Could not check method invocation BalancingForest.add - FlatString.FlatString->() is not applicable to an argument of type String. - String.CatString->() is not applicable to an argument of type String. - String.EmptyString->() is not applicable to an argument of type String. - String.SubString->() is not applicable to an argument of type String.
typecheck	-	typecheck	String.fss:243	Could not check method invocation BalancingForest.add - FlatString.FlatString->() is not applicable to an argument of type String. - String.CatString->() is not applicable to an argument of type String. - String.EmptyString->() is not applicable to an argument of type String. - String.SubString->() is not applicable to an argument of type String.
typecheck	-	typecheck	String.fss:196	Generator[\ZZ32\] has no getter called flip
typecheck	-	typecheck	String.fss:165	Could not check method invocation BalancingForest.add - FlatString.FlatString->() is not applicable to an argument of type String. - String.CatString->() is not applicable to an argument of type String. - String.EmptyString->() is not applicable to an argument of type String. - String.SubString->() is not applicable to an argument of type String.
typecheck	-	typecheck	String.fss:166	Could not check method invocation BalancingForest.add - FlatString.FlatString->() is not applicable to an argument of type String. - String.CatString->() is not applicable to an argument of type String. - String.EmptyString->() is not applicable to an argument of type String. - String.SubString->() is not applicable to an argument of type String.
typecheck	-	typecheck	String.fss:156	Could not check call to operator <|_|> - [\(ZZ32, String)\]((ZZ32, String)...)->List.List[\(ZZ32, String)\] is not applicable to an argument of type ((IntLiteral, ()->Maybe[\Char\]), ((), ()->Maybe[\Char\])).
typecheck	-	typecheck	String.fss:156	Could not check call to operator |_| - (NN64 & {UnsignedLong})->NN64 is not applicable to an argument of type ()->Maybe[\Char\]. - (RR64 & {Float, FloatLiteral, RR32})->RR64 is not applicable to an argument of type ()->Maybe[\Char\]. - (ReadableArray1[\T,b0,s0\] & {ImmutableArray1[\T,b0,s0\], Array1[\T,b0,s0\]})->ZZ32 is not applicable to an argument of type ()->Maybe[\Char\]. - (ZZ32 & {Int, IntLiteral})->ZZ32 is not applicable to an argument of type ()->Maybe[\Char\]. - (ZZ64 & {Long})->ZZ64 is not applicable to an argument of type ()->Maybe[\Char\]. - Array2[\T,b0,s0,b1,s1\]->ZZ32 is not applicable to an argument of type ()->Maybe[\Char\]. - Array3[\T,b0,s0,b1,s1,b2,s2\]->ZZ32 is not applicable to an argument of type ()->Maybe[\Char\]. - Char->ZZ32 is not applicable to an argument of type ()->Maybe[\Char\]. - CompactFullRange[\I\]->I is not applicable to an argument of type ()->Maybe[\Char\]. - Condition[\E\]->ZZ32 is not applicable to an argument of type ()->Maybe[\Char\]. - DefaultZip[\E,F\]->ZZ32 is not applicable to an argument of type ()->Maybe[\Char\]. - DelegatedIndexed[\E,I\]->ZZ32 is not applicable to an argument of type ()->Maybe[\Char\]. - Indexed[\E,I\]->ZZ32 is not applicable to an argument of type ()->Maybe[\Char\]. - Just[\T\]->ZZ32 is not applicable to an argument of type ()->Maybe[\Char\]. - NN32->NN32 is not applicable to an argument of type ()->Maybe[\Char\]. - NotUnique[\T\]->ZZ32 is not applicable to an argument of type ()->Maybe[\Char\]. - Nothing[\T\]->ZZ32 is not applicable to an argument of type ()->Maybe[\Char\]. - QQ->QQ is not applicable to an argument of type ()->Maybe[\Char\]. - String->ZZ32 is not applicable to an argument of type ()->Maybe[\Char\]. - String.SubString->ZZ32 is not applicable to an argument of type ()->Maybe[\Char\].
typecheck	-	typecheck	String.fss:140	()->Maybe[\Char\] has no getter called bounds
typecheck	-	typecheck	String.fss:131	No such method ()->Maybe[\Char\].asDebugStringIndented.
typecheck	-	typecheck	String.fss:130	No such method ()->Maybe[\Char\].asDebugStringIndented.
typecheck	-	typecheck	String.fss:125	Could not check call to operator |_| - (NN64 & {UnsignedLong})->NN64 is not applicable to an argument of type ()->Maybe[\Char\]. - (RR64 & {Float, FloatLiteral, RR32})->RR64 is not applicable to an argument of type ()->Maybe[\Char\]. - (ReadableArray1[\T,b0,s0\] & {ImmutableArray1[\T,b0,s0\], Array1[\T,b0,s0\]})->ZZ32 is not applicable to an argument of type ()->Maybe[\Char\]. - (ZZ32 & {Int, IntLiteral})->ZZ32 is not applicable to an argument of type ()->Maybe[\Char\]. - (ZZ64 & {Long})->ZZ64 is not applicable to an argument of type ()->Maybe[\Char\]. - Array2[\T,b0,s0,b1,s1\]->ZZ32 is not applicable to an argument of type ()->Maybe[\Char\]. - Array3[\T,b0,s0,b1,s1,b2,s2\]->ZZ32 is not applicable to an argument of type ()->Maybe[\Char\]. - Char->ZZ32 is not applicable to an argument of type ()->Maybe[\Char\]. - CompactFullRange[\I\]->I is not applicable to an argument of type ()->Maybe[\Char\]. - Condition[\E\]->ZZ32 is not applicable to an argument of type ()->Maybe[\Char\]. - DefaultZip[\E,F\]->ZZ32 is not applicable to an argument of type ()->Maybe[\Char\]. - DelegatedIndexed[\E,I\]->ZZ32 is not applicable to an argument of type ()->Maybe[\Char\]. - Indexed[\E,I\]->ZZ32 is not applicable to an argument of type ()->Maybe[\Char\]. - Just[\T\]->ZZ32 is not applicable to an argument of type ()->Maybe[\Char\]. - NN32->NN32 is not applicable to an argument of type ()->Maybe[\Char\]. - NotUnique[\T\]->ZZ32 is not applicable to an argument of type ()->Maybe[\Char\]. - Nothing[\T\]->ZZ32 is not applicable to an argument of type ()->Maybe[\Char\]. - QQ->QQ is not applicable to an argument of type ()->Maybe[\Char\]. - String->ZZ32 is not applicable to an argument of type ()->Maybe[\Char\]. - String.SubString->ZZ32 is not applicable to an argument of type ()->Maybe[\Char\].
typecheck	-	typecheck	String.fss:124	()->Maybe[\Char\] has no getter called depth
typecheck	-	typecheck	String.fss:121	No such method ()->Maybe[\Char\].get.
typecheck	-	typecheck	String.fss:121	Filter expressions in generator clauses must have type Boolean, but OpExpr at String.fss:121.12 was not well typed.
typecheck	-	typecheck	String.fss:121	()->Maybe[\Char\] has no getter called indices
typecheck	-	typecheck	String.fss:115	Could not check call to operator |_| - (NN64 & {UnsignedLong})->NN64 is not applicable to an argument of type ()->Maybe[\Char\]. - (RR64 & {Float, FloatLiteral, RR32})->RR64 is not applicable to an argument of type ()->Maybe[\Char\]. - (ReadableArray1[\T,b0,s0\] & {ImmutableArray1[\T,b0,s0\], Array1[\T,b0,s0\]})->ZZ32 is not applicable to an argument of type ()->Maybe[\Char\]. - (ZZ32 & {Int, IntLiteral})->ZZ32 is not applicable to an argument of type ()->Maybe[\Char\]. - (ZZ64 & {Long})->ZZ64 is not applicable to an argument of type ()->Maybe[\Char\]. - Array2[\T,b0,s0,b1,s1\]->ZZ32 is not applicable to an argument of type ()->Maybe[\Char\]. - Array3[\T,b0,s0,b1,s1,b2,s2\]->ZZ32 is not applicable to an argument of type ()->Maybe[\Char\]. - Char->ZZ32 is not applicable to an argument of type ()->Maybe[\Char\]. - CompactFullRange[\I\]->I is not applicable to an argument of type ()->Maybe[\Char\]. - Condition[\E\]->ZZ32 is not applicable to an argument of type ()->Maybe[\Char\]. - DefaultZip[\E,F\]->ZZ32 is not applicable to an argument of type ()->Maybe[\Char\]. - DelegatedIndexed[\E,I\]->ZZ32 is not applicable to an argument of type ()->Maybe[\Char\]. - Indexed[\E,I\]->ZZ32 is not applicable to an argument of type ()->Maybe[\Char\]. - Just[\T\]->ZZ32 is not applicable to an argument of type ()->Maybe[\Char\]. - NN32->NN32 is not applicable to an argument of type ()->Maybe[\Char\]. - NotUnique[\T\]->ZZ32 is not applicable to an argument of type ()->Maybe[\Char\]. - Nothing[\T\]->ZZ32 is not applicable to an argument of type ()->Maybe[\Char\]. - QQ->QQ is not applicable to an argument of type ()->Maybe[\Char\]. - String->ZZ32 is not applicable to an argument of type ()->Maybe[\Char\]. - String.SubString->ZZ32 is not applicable to an argument of type ()->Maybe[\Char\].
typecheck	-	typecheck	String.fss:113	Could not check call to operator CASE_INSENSITIVE_CMP - (String, String)->TotalComparison is not applicable to an argument of type (()->Maybe[\Char\], String). - (String.CatString, String)->TotalComparison is not applicable to an argument of type (()->Maybe[\Char\], String). - (String.EmptyString, String)->TotalComparison is not applicable to an argument of type (()->Maybe[\Char\], String). - (String.SubString, String)->TotalComparison is not applicable to an argument of type (()->Maybe[\Char\], String).
typecheck	-	typecheck	String.fss:111	Filter expressions in generator clauses must have type Boolean, but OpExpr at String.fss:111.12 was not well typed.
typecheck	-	typecheck	String.fss:111	Could not check call to operator |_| - (NN64 & {UnsignedLong})->NN64 is not applicable to an argument of type ()->Maybe[\Char\]. - (RR64 & {Float, FloatLiteral, RR32})->RR64 is not applicable to an argument of type ()->Maybe[\Char\]. - (ReadableArray1[\T,b0,s0\] & {ImmutableArray1[\T,b0,s0\], Array1[\T,b0,s0\]})->ZZ32 is not applicable to an argument of type ()->Maybe[\Char\]. - (ZZ32 & {Int, IntLiteral})->ZZ32 is not applicable to an argument of type ()->Maybe[\Char\]. - (ZZ64 & {Long})->ZZ64 is not applicable to an argument of type ()->Maybe[\Char\]. - Array2[\T,b0,s0,b1,s1\]->ZZ32 is not applicable to an argument of type ()->Maybe[\Char\]. - Array3[\T,b0,s0,b1,s1,b2,s2\]->ZZ32 is not applicable to an argument of type ()->Maybe[\Char\]. - Char->ZZ32 is not applicable to an argument of type ()->Maybe[\Char\]. - CompactFullRange[\I\]->I is not applicable to an argument of type ()->Maybe[\Char\]. - Condition[\E\]->ZZ32 is not applicable to an argument of type ()->Maybe[\Char\]. - DefaultZip[\E,F\]->ZZ32 is not applicable to an argument of type ()->Maybe[\Char\]. - DelegatedIndexed[\E,I\]->ZZ32 is not applicable to an argument of type ()->Maybe[\Char\]. - Indexed[\E,I\]->ZZ32 is not applicable to an argument of type ()->Maybe[\Char\]. - Just[\T\]->ZZ32 is not applicable to an argument of type ()->Maybe[\Char\]. - NN32->NN32 is not applicable to an argument of type ()->Maybe[\Char\]. - NotUnique[\T\]->ZZ32 is not applicable to an argument of type ()->Maybe[\Char\]. - Nothing[\T\]->ZZ32 is not applicable to an argument of type ()->Maybe[\Char\]. - QQ->QQ is not applicable to an argument of type ()->Maybe[\Char\]. - String->ZZ32 is not applicable to an argument of type ()->Maybe[\Char\]. - String.SubString->ZZ32 is not applicable to an argument of type ()->Maybe[\Char\].
typecheck	-	typecheck	String.fss:99	Could not check call to operator |_| - (NN64 & {UnsignedLong})->NN64 is not applicable to an argument of type ()->Maybe[\Char\]. - (RR64 & {Float, FloatLiteral, RR32})->RR64 is not applicable to an argument of type ()->Maybe[\Char\]. - (ReadableArray1[\T,b0,s0\] & {ImmutableArray1[\T,b0,s0\], Array1[\T,b0,s0\]})->ZZ32 is not applicable to an argument of type ()->Maybe[\Char\]. - (ZZ32 & {Int, IntLiteral})->ZZ32 is not applicable to an argument of type ()->Maybe[\Char\]. - (ZZ64 & {Long})->ZZ64 is not applicable to an argument of type ()->Maybe[\Char\]. - Array2[\T,b0,s0,b1,s1\]->ZZ32 is not applicable to an argument of type ()->Maybe[\Char\]. - Array3[\T,b0,s0,b1,s1,b2,s2\]->ZZ32 is not applicable to an argument of type ()->Maybe[\Char\]. - Char->ZZ32 is not applicable to an argument of type ()->Maybe[\Char\]. - CompactFullRange[\I\]->I is not applicable to an argument of type ()->Maybe[\Char\]. - Condition[\E\]->ZZ32 is not applicable to an argument of type ()->Maybe[\Char\]. - DefaultZip[\E,F\]->ZZ32 is not applicable to an argument of type ()->Maybe[\Char\]. - DelegatedIndexed[\E,I\]->ZZ32 is not applicable to an argument of type ()->Maybe[\Char\]. - Indexed[\E,I\]->ZZ32 is not applicable to an argument of type ()->Maybe[\Char\]. - Just[\T\]->ZZ32 is not applicable to an argument of type ()->Maybe[\Char\]. - NN32->NN32 is not applicable to an argument of type ()->Maybe[\Char\]. - NotUnique[\T\]->ZZ32 is not applicable to an argument of type ()->Maybe[\Char\]. - Nothing[\T\]->ZZ32 is not applicable to an argument of type ()->Maybe[\Char\]. - QQ->QQ is not applicable to an argument of type ()->Maybe[\Char\]. - String->ZZ32 is not applicable to an argument of type ()->Maybe[\Char\]. - String.SubString->ZZ32 is not applicable to an argument of type ()->Maybe[\Char\].
typecheck	-	typecheck	String.fss:97	Could not check call to operator CMP - ((RR64 & {Float, FloatLiteral, RR32}), RR64)->Comparison is not applicable to an argument of type (()->Maybe[\Char\], String). - ((TotalComparison & {LessThan, EqualTo, GreaterThan}), Unordered)->Comparison is not applicable to an argument of type (()->Maybe[\Char\], String). - ((ZZ64 & {Long}), ZZ64)->TotalComparison is not applicable to an argument of type (()->Maybe[\Char\], String). - (EqualTo, TotalComparison)->TotalComparison is not applicable to an argument of type (()->Maybe[\Char\], String). - (GreaterThan, GreaterThan)->Comparison is not applicable to an argument of type (()->Maybe[\Char\], String). - (GreaterThan, TotalComparison)->TotalComparison is not applicable to an argument of type (()->Maybe[\Char\], String). - (IntLiteral, IntLiteral)->TotalComparison is not applicable to an argument of type (()->Maybe[\Char\], String). - (LessThan, LessThan)->Comparison is not applicable to an argument of type (()->Maybe[\Char\], String). - (LessThan, TotalComparison)->TotalComparison is not applicable to an argument of type (()->Maybe[\Char\], String). - (LexicographicOrder[\T,E\], T)->TotalComparison is not applicable to an argument of type (()->Maybe[\Char\], String). - (Range[\I\], Range[\I\])->Comparison is not applicable to an argument of type (()->Maybe[\Char\], String). - (StandardPartialOrder[\T\], T)->Comparison is not applicable to an argument of type (()->Maybe[\Char\], String). - (StandardTotalOrder[\T\], T)->TotalComparison is not applicable to an argument of type (()->Maybe[\Char\], String). - (String.CatString, String)->TotalComparison is not applicable to an argument of type (()->Maybe[\Char\], String). - (String.EmptyString, String)->TotalComparison is not applicable to an argument of type (()->Maybe[\Char\], String). - (String.SubString, String)->TotalComparison is not applicable to an argument of type (()->Maybe[\Char\], String). - [\A, B, C\]((A, B, C), (A, B, C))->Comparison is not applicable to an argument of type (()->Maybe[\Char\], String). - [\A, B\]((A, B), (A, B))->Comparison is not applicable to an argument of type (()->Maybe[\Char\], String).
typecheck	-	typecheck	String.fss:95	Filter expressions in generator clauses must have type Boolean, but OpExpr at String.fss:95.12 was not well typed.
typecheck	-	typecheck	String.fss:95	Could not check call to operator |_| - (NN64 & {UnsignedLong})->NN64 is not applicable to an argument of type ()->Maybe[\Char\]. - (RR64 & {Float, FloatLiteral, RR32})->RR64 is not applicable to an argument of type ()->Maybe[\Char\]. - (ReadableArray1[\T,b0,s0\] & {ImmutableArray1[\T,b0,s0\], Array1[\T,b0,s0\]})->ZZ32 is not applicable to an argument of type ()->Maybe[\Char\]. - (ZZ32 & {Int, IntLiteral})->ZZ32 is not applicable to an argument of type ()->Maybe[\Char\]. - (ZZ64 & {Long})->ZZ64 is not applicable to an argument of type ()->Maybe[\Char\]. - Array2[\T,b0,s0,b1,s1\]->ZZ32 is not applicable to an argument of type ()->Maybe[\Char\]. - Array3[\T,b0,s0,b1,s1,b2,s2\]->ZZ32 is not applicable to an argument of type ()->Maybe[\Char\]. - Char->ZZ32 is not applicable to an argument of type ()->Maybe[\Char\]. - CompactFullRange[\I\]->I is not applicable to an argument of type ()->Maybe[\Char\]. - Condition[\E\]->ZZ32 is not applicable to an argument of type ()->Maybe[\Char\]. - DefaultZip[\E,F\]->ZZ32 is not applicable to an argument of type ()->Maybe[\Char\]. - DelegatedIndexed[\E,I\]->ZZ32 is not applicable to an argument of type ()->Maybe[\Char\]. - Indexed[\E,I\]->ZZ32 is not applicable to an argument of type ()->Maybe[\Char\]. - Just[\T\]->ZZ32 is not applicable to an argument of type ()->Maybe[\Char\]. - NN32->NN32 is not applicable to an argument of type ()->Maybe[\Char\]. - NotUnique[\T\]->ZZ32 is not applicable to an argument of type ()->Maybe[\Char\]. - Nothing[\T\]->ZZ32 is not applicable to an argument of type ()->Maybe[\Char\]. - QQ->QQ is not applicable to an argument of type ()->Maybe[\Char\]. - String->ZZ32 is not applicable to an argument of type ()->Maybe[\Char\]. - String.SubString->ZZ32 is not applicable to an argument of type ()->Maybe[\Char\].
typecheck	-	typecheck	String.fss:89	Could not check call to operator IN - (Char, String.CatString)->Boolean is not applicable to an argument of type (Char, ()->Maybe[\Char\]). - (Char, String.EmptyString)->Boolean is not applicable to an argument of type (Char, ()->Maybe[\Char\]). - (Char, String.SubString)->Boolean is not applicable to an argument of type (Char, ()->Maybe[\Char\]). - (E, Condition[\E\])->Boolean is not applicable to an argument of type (Char, ()->Maybe[\Char\]). - (E, Generator[\E\])->Boolean is not applicable to an argument of type (Char, ()->Maybe[\Char\]). - (I, ExtentRange[\I\])->Boolean is not applicable to an argument of type (Char, ()->Maybe[\Char\]). - (I, OpenRange[\I\])->Boolean is not applicable to an argument of type (Char, ()->Maybe[\Char\]). - (I, Range[\I\])->Boolean is not applicable to an argument of type (Char, ()->Maybe[\Char\]). - (T, Contains[\T\])->Boolean is not applicable to an argument of type (Char, ()->Maybe[\Char\]). - (T, NotUnique[\T\])->Boolean is not applicable to an argument of type (Char, ()->Maybe[\Char\]).
typecheck	-	typecheck	String.fss:87	No such method ()->Maybe[\Char\].generate.
typecheck	-	typecheck	String.fss:83	()->Maybe[\Char\] has no getter called asExprString
typecheck	-	typecheck	String.fss:82	()->Maybe[\Char\] has no getter called asFlatString
typecheck	-	typecheck	String.fss:80	()->Maybe[\Char\] has no getter called generator
typecheck	-	typecheck	String.fss:79	Could not check call to operator # - [\I extends AnyIntegral, J extends AnyIntegral, K extends AnyIntegral\]((I, J, K), (I, J, K))->CompactFullRange[\(I, J, K)\] is not applicable to an argument of type (IntLiteral, ()->ZZ32). - [\I extends AnyIntegral, J extends AnyIntegral\]((I, J), (I, J))->CompactFullRange[\(I, J)\] is not applicable to an argument of type (IntLiteral, ()->ZZ32). - [\I extends AnyIntegral\](I, I)->CompactFullRange[\I\] is not applicable to an argument of type (IntLiteral, ()->ZZ32). - [\I\](PartialRange[\I\], I)->Range[\I\] is not applicable to an argument of type (IntLiteral, ()->ZZ32).
typecheck	-	typecheck	String.fss:77	Could not check call to operator + - ((NN64 & {UnsignedLong}), NN64)->NN64 is not applicable to an argument of type (IntLiteral, (ZZ32, ZZ32)). - ((RR64 & {Float, FloatLiteral, RR32}), RR64)->RR64 is not applicable to an argument of type (IntLiteral, (ZZ32, ZZ32)). - ((ZZ32 & {Int, IntLiteral}), ZZ32)->ZZ32 is not applicable to an argument of type (IntLiteral, (ZZ32, ZZ32)). - ((ZZ64 & {Long}), ZZ64)->ZZ64 is not applicable to an argument of type (IntLiteral, (ZZ32, ZZ32)). - (AdditiveGroup[\T\], T)->T is not applicable to an argument of type (IntLiteral, (ZZ32, ZZ32)). - (Integral[\I\], I)->I is not applicable to an argument of type (IntLiteral, (ZZ32, ZZ32)). - (Matrix[\T,s0,s1\], Matrix[\T,s0,s1\])->Matrix[\T,s0,s1\] is not applicable to an argument of type (IntLiteral, (ZZ32, ZZ32)). - (NN32, NN32)->NN32 is not applicable to an argument of type (IntLiteral, (ZZ32, ZZ32)). - (QQ, QQ)->QQ is not applicable to an argument of type (IntLiteral, (ZZ32, ZZ32)). - (Vector[\T,s0\], Vector[\T,s0\])->Vector[\T,s0\] is not applicable to an argument of type (IntLiteral, (ZZ32, ZZ32)). - [\T extends Number, I\](Array[\T,I\], T)->Array[\T,I\] is not applicable to an argument of type (IntLiteral, (ZZ32, ZZ32)). - [\T extends Number, I\](T, Array[\T,I\])->Array[\T,I\] is not applicable to an argument of type (IntLiteral, (ZZ32, ZZ32)). - [\T extends Number, nat n, nat m\](Matrix[\T,n,m\], Matrix[\T,n,m\])->Matrix[\T,n,m\] is not applicable to an argument of type (IntLiteral, (ZZ32, ZZ32)). - [\T extends Number, nat n, nat m\](Vector[\T,n\], Vector[\T,n\])->Vector[\T,n\] is not applicable to an argument of type (IntLiteral, (ZZ32, ZZ32)).
return-type	splitWithOffsets	overloading	FortressLibrary.fsi:2359,String.fss:317	For splitWithOffsets, the return type of String.EmptyString->Maybe[\Generator[\(ZZ32, String)\]\] @ String.fss:317:5-92 should be a subtype of the return type of String->Generator[\(ZZ32, String)\] @ FortressLibrary.fsi:2359:5-60
return-type	split	overloading	FortressLibrary.fsi:2360,String.fss:318	For split, the return type of String.EmptyString->Maybe[\Generator[\(ZZ32, String)\]\] @ String.fss:318:5-82 should be a subtype of the return type of String->Generator[\String\] @ FortressLibrary.fsi:2360:5-2362:48
export	-	export	String.fss:12	The following declarations in API String are not matched by the declarations in component String. Unmatched declarations: { (ObjectDecl CatString at String.fsi:16.3, due to different extends clauses), (ObjectDecl EmptyString at String.fsi:19.3, due to different extends clauses), (ObjectDecl SubString at String.fsi:22.3, due to different extends clauses, different parameters, different parameters for object constructors), (ObjectDecl StringStats at String.fsi:25.3, due to different method minFlat @ String.fsi:26:5-26) }
typecheck	-	typecheck	FlatString.fss:135	Could not check call to function flatConcat - (FlatString.FlatString, Char)->String is not applicable to an argument of type (FlatString.FlatString, String). - (FlatString.FlatString, FlatString.FlatString)->String is not applicable to an argument of type (FlatString.FlatString, String).
typecheck	-	typecheck	FlatString.fss:89	No such method FlatString.FlatString.size.
typecheck	-	typecheck	FlatString.fss:64	Range[\ZZ32\] has no getter called upper
typecheck	-	typecheck	FlatString.fss:64	Range[\ZZ32\] has no getter called lower
typecheck	-	typecheck	FlatString.fss:29	Non-last expression in a block has type FlatString.FlatString, but it must have () type.
return-type	splitWithOffsets	overloading	FlatString.fss:146,FortressLibrary.fsi:2359	For splitWithOffsets, the return type of FlatString.FlatString->Maybe[\Generator[\(ZZ32, String)\]\] @ FlatString.fss:146:5-92 should be a subtype of the return type of String->Generator[\(ZZ32, String)\] @ FortressLibrary.fsi:2359:5-60
return-type	split	overloading	FlatString.fss:147,FortressLibrary.fsi:2360	For split, the return type of FlatString.FlatString->Maybe[\Generator[\(ZZ32, String)\]\] @ FlatString.fss:147:5-82 should be a subtype of the return type of String->Generator[\String\] @ FortressLibrary.fsi:2360:5-2362:48
export	-	export	FlatString.fss:12	The following declarations in API FlatString are not matched by the declarations in component FlatString. Unmatched declarations: { (ObjectDecl FlatString at FlatString.fsi:16.3, due to different extends clauses, due to different extends clauses, different method || @ FlatString.fsi:20:5-38) }
typecheck	-	typecheck	Stream.fss:71	Could not check call to function writes - (Generator[\Any\], String)->() is not applicable to an argument of type (Any, String). - Generator[\Any\]->() is not applicable to an argument of type (Any, String).
typecheck	-	typecheck	Stream.fss:70	Could not check call to function writes - (Generator[\Any\], String)->() is not applicable to an argument of type (Any, String). - Generator[\Any\]->() is not applicable to an argument of type (Any, String).
export	-	export	Stream.fss:12	The following declarations in API Stream are not matched by the declarations in component Stream. Unmatched declarations: { (TraitDecl WriteStream at Stream.fsi:32.1, due to different method write @ Stream.fsi:39:5-40:4, due to different method write @ Stream.fsi:39:5-40:4, Asbtract method write @ Stream.fss:38:5-32 is not declared in the API) }
wellformed	-	wellformed1+wellformed2	NatReflect.fss:45	Ill-formed static argument: b+b Arithmetic on nat static arguments is not supported by the type checker; use a nat parameter or a literal.
wellformed	-	wellformed1+wellformed2	NatReflect.fss:47	Ill-formed static argument: r+b Arithmetic on nat static arguments is not supported by the type checker; use a nat parameter or a literal.
wellformed	-	wellformed1+wellformed2	NatReflect.fss:47	Ill-formed static argument: b+b Arithmetic on nat static arguments is not supported by the type checker; use a nat parameter or a literal.
export	-	export	NatReflect.fss:12	The following declarations in API NatReflect are not matched by the declarations in component NatReflect. Unmatched declarations: { (TraitDecl NatParam at NatReflect.fsi:22.1, due to different method toZZ @ NatReflect.fsi:24:3-25:1) }
export	-	export	Writer.fss:12	The following declarations in API Writer are not matched by the declarations in component Writer. Unmatched declarations: { (ObjectDecl BufferedWriter at Writer.fsi:22.1, due to different parameters, different parameters for object constructors) }
