########## cwd=/home/user/fortress
########## ./bin/fortress compile Library/FortressLibrary.fss
/home/user/fortress/Library/FlatString.fsi:19:20-22:
    Char is undefined.
/home/user/fortress/Library/FlatString.fsi:22:24-26:
    Char is undefined.
/home/user/fortress/Library/FortressLibrary.fsi:37:13-17:
    Type name may refer to: FortressLibrary.String, CompilerBuiltin.String
/home/user/fortress/Library/FortressLibrary.fsi:79:36-44:
    Type name may refer to: FortressLibrary.Comparison, CompilerBuiltin.Comparison
/home/user/fortress/Library/FortressLibrary.fsi:80:40-48:
    Type name may refer to: FortressLibrary.Comparison, CompilerBuiltin.Comparison
/home/user/fortress/Library/FortressLibrary.fsi:80:52-60:
    Type name may refer to: FortressLibrary.Comparison, CompilerBuiltin.Comparison
/home/user/fortress/Library/FortressLibrary.fsi:81:14-22:
    Type name may refer to: FortressLibrary.Comparison, CompilerBuiltin.Comparison
/home/user/fortress/Library/FortressLibrary.fsi:82:12-20:
    Type name may refer to: FortressLibrary.Comparison, CompilerBuiltin.Comparison
/home/user/fortress/Library/FortressLibrary.fsi:82:26-34:
    Type name may refer to: FortressLibrary.Comparison, CompilerBuiltin.Comparison
/home/user/fortress/Library/FortressLibrary.fsi:82:38-46:
    Type name may refer to: FortressLibrary.Comparison, CompilerBuiltin.Comparison
/home/user/fortress/Library/FortressLibrary.fsi:83:14-21:
    Type name may refer to: FortressLibrary.Unordered, CompilerBuiltin.Unordered
/home/user/fortress/Library/FortressLibrary.fsi:84:14-22:
    Type name may refer to: FortressLibrary.Comparison, CompilerBuiltin.Comparison
/home/user/fortress/Library/FortressLibrary.fsi:88:36-49:
    Type name may refer to: FortressLibrary.TotalComparison, CompilerBuiltin.TotalComparison
/home/user/fortress/Library/FortressLibrary.fsi:89:40-53:
    Type name may refer to: FortressLibrary.TotalComparison, CompilerBuiltin.TotalComparison
/home/user/fortress/Library/FortressLibrary.fsi:89:57-70:
    Type name may refer to: FortressLibrary.TotalComparison, CompilerBuiltin.TotalComparison
/home/user/fortress/Library/FortressLibrary.fsi:90:14-27:
    Type name may refer to: FortressLibrary.TotalComparison, CompilerBuiltin.TotalComparison
/home/user/fortress/Library/FortressLibrary.fsi:91:12-25:
    Type name may refer to: FortressLibrary.TotalComparison, CompilerBuiltin.TotalComparison
/home/user/fortress/Library/FortressLibrary.fsi:91:31-44:
    Type name may refer to: FortressLibrary.TotalComparison, CompilerBuiltin.TotalComparison
/home/user/fortress/Library/FortressLibrary.fsi:91:48-61:
    Type name may refer to: FortressLibrary.TotalComparison, CompilerBuiltin.TotalComparison
/home/user/fortress/Library/FortressLibrary.fsi:92:18-23:
    Type name may refer to: FortressLibrary.EqualTo, CompilerBuiltin.EqualTo
/home/user/fortress/Library/FortressLibrary.fsi:93:18-26:
    Type name may refer to: FortressLibrary.Comparison, CompilerBuiltin.Comparison
/home/user/fortress/Library/FortressLibrary.fsi:96:33-46:
    Type name may refer to: FortressLibrary.TotalComparison, CompilerBuiltin.TotalComparison
/home/user/fortress/Library/FortressLibrary.fsi:96:50-63:
    Type name may refer to: FortressLibrary.TotalComparison, CompilerBuiltin.TotalComparison
/home/user/fortress/Library/FortressLibrary.fsi:98:19-26:
    Type name may refer to: FortressLibrary.Generator, CompilerBuiltin.Generator
/home/user/fortress/Library/FortressLibrary.fsi:98:50-63:
    Type name may refer to: FortressLibrary.TotalComparison, CompilerBuiltin.TotalComparison
/home/user/fortress/Library/FortressLibrary.fsi:100:7-15:
    Type name may refer to: FortressLibrary.Comparison, CompilerBuiltin.Comparison
/home/user/fortress/Library/FortressLibrary.fsi:101:41-49:
    Type name may refer to: FortressLibrary.Comparison, CompilerBuiltin.Comparison
/home/user/fortress/Library/FortressLibrary.fsi:102:21-28:
    Type name may refer to: FortressLibrary.Unordered, CompilerBuiltin.Unordered
/home/user/fortress/Library/FortressLibrary.fsi:102:32-45:
    Type name may refer to: FortressLibrary.TotalComparison, CompilerBuiltin.TotalComparison
/home/user/fortress/Library/FortressLibrary.fsi:103:23-31:
    Type name may refer to: FortressLibrary.Comparison, CompilerBuiltin.Comparison
/home/user/fortress/Library/FortressLibrary.fsi:104:28-36:
    Type name may refer to: FortressLibrary.Comparison, CompilerBuiltin.Comparison
/home/user/fortress/Library/FortressLibrary.fsi:104:41-49:
    Type name may refer to: FortressLibrary.Comparison, CompilerBuiltin.Comparison
/home/user/fortress/Library/FortressLibrary.fsi:105:39-47:
    Type name may refer to: FortressLibrary.Comparison, CompilerBuiltin.Comparison
/home/user/fortress/Library/FortressLibrary.fsi:105:52-60:
    Type name may refer to: FortressLibrary.Comparison, CompilerBuiltin.Comparison
/home/user/fortress/Library/FortressLibrary.fsi:106:33-41:
    Type name may refer to: FortressLibrary.Comparison, CompilerBuiltin.Comparison
/home/user/fortress/Library/FortressLibrary.fsi:111:8-15:
    Type name may refer to: FortressLibrary.Unordered, CompilerBuiltin.Unordered
/home/user/fortress/Library/FortressLibrary.fsi:111:26-34:
    Type name may refer to: FortressLibrary.Comparison, CompilerBuiltin.Comparison
/home/user/fortress/Library/FortressLibrary.fsi:112:23-30:
    Type name may refer to: FortressLibrary.Unordered, CompilerBuiltin.Unordered
/home/user/fortress/Library/FortressLibrary.fsi:113:23-31:
    Type name may refer to: FortressLibrary.Comparison, CompilerBuiltin.Comparison
/home/user/fortress/Library/FortressLibrary.fsi:114:24-32:
    Type name may refer to: FortressLibrary.Comparison, CompilerBuiltin.Comparison
/home/user/fortress/Library/FortressLibrary.fsi:120:7-20:
    Type name may refer to: FortressLibrary.TotalComparison, CompilerBuiltin.TotalComparison
/home/user/fortress/Library/FortressLibrary.fsi:121:19-27:
    Type name may refer to: FortressLibrary.Comparison, CompilerBuiltin.Comparison
/home/user/fortress/Library/FortressLibrary.fsi:121:51-64:
    Type name may refer to: FortressLibrary.TotalComparison, CompilerBuiltin.TotalComparison
/home/user/fortress/Library/FortressLibrary.fsi:122:21-27:
    Type name may refer to: FortressLibrary.LessThan, CompilerBuiltin.LessThan
/home/user/fortress/Library/FortressLibrary.fsi:122:31-36:
    Type name may refer to: FortressLibrary.EqualTo, CompilerBuiltin.EqualTo
/home/user/fortress/Library/FortressLibrary.fsi:122:40-49:
    Type name may refer to: FortressLibrary.GreaterThan, CompilerBuiltin.GreaterThan
/home/user/fortress/Library/FortressLibrary.fsi:123:23-31:
    Type name may refer to: FortressLibrary.Comparison, CompilerBuiltin.Comparison
/home/user/fortress/Library/FortressLibrary.fsi:124:25-32:
    Type name may refer to: FortressLibrary.Unordered, CompilerBuiltin.Unordered
/home/user/fortress/Library/FortressLibrary.fsi:124:37-45:
    Type name may refer to: FortressLibrary.Comparison, CompilerBuiltin.Comparison
/home/user/fortress/Library/FortressLibrary.fsi:125:24-31:
    Type name may refer to: FortressLibrary.Unordered, CompilerBuiltin.Unordered
/home/user/fortress/Library/FortressLibrary.fsi:126:24-32:
    Type name may refer to: FortressLibrary.Comparison, CompilerBuiltin.Comparison
/home/user/fortress/Library/FortressLibrary.fsi:127:28-41:
    Type name may refer to: FortressLibrary.TotalComparison, CompilerBuiltin.TotalComparison
/home/user/fortress/Library/FortressLibrary.fsi:127:46-59:
    Type name may refer to: FortressLibrary.TotalComparison, CompilerBuiltin.TotalComparison
/home/user/fortress/Library/FortressLibrary.fsi:128:32-45:
    Type name may refer to: FortressLibrary.TotalComparison, CompilerBuiltin.TotalComparison
/home/user/fortress/Library/FortressLibrary.fsi:128:50-63:
    Type name may refer to: FortressLibrary.TotalComparison, CompilerBuiltin.TotalComparison
/home/user/fortress/Library/FortressLibrary.fsi:129:33-46:
    Type name may refer to: FortressLibrary.TotalComparison, CompilerBuiltin.TotalComparison
/home/user/fortress/Library/FortressLibrary.fsi:132:8-14:
    Type name may refer to: FortressLibrary.LessThan, CompilerBuiltin.LessThan
/home/user/fortress/Library/FortressLibrary.fsi:132:25-38:
    Type name may refer to: FortressLibrary.TotalComparison, CompilerBuiltin.TotalComparison
/home/user/fortress/Library/FortressLibrary.fsi:133:23-29:
    Type name may refer to: FortressLibrary.LessThan, CompilerBuiltin.LessThan
/home/user/fortress/Library/FortressLibrary.fsi:134:25-31:
    Type name may refer to: FortressLibrary.LessThan, CompilerBuiltin.LessThan
/home/user/fortress/Library/FortressLibrary.fsi:134:36-44:
    Type name may refer to: FortressLibrary.Comparison, CompilerBuiltin.Comparison
/home/user/fortress/Library/FortressLibrary.fsi:135:25-38:
    Type name may refer to: FortressLibrary.TotalComparison, CompilerBuiltin.TotalComparison
/home/user/fortress/Library/FortressLibrary.fsi:135:43-56:
    Type name may refer to: FortressLibrary.TotalComparison, CompilerBuiltin.TotalComparison
/home/user/fortress/Library/FortressLibrary.fsi:136:23-29:
    Type name may refer to: FortressLibrary.LessThan, CompilerBuiltin.LessThan
/home/user/fortress/Library/FortressLibrary.fsi:137:23-36:
    Type name may refer to: FortressLibrary.TotalComparison, CompilerBuiltin.TotalComparison
/home/user/fortress/Library/FortressLibrary.fsi:138:39-45:
    Type name may refer to: FortressLibrary.LessThan, CompilerBuiltin.LessThan
/home/user/fortress/Library/FortressLibrary.fsi:138:50-56:
    Type name may refer to: FortressLibrary.LessThan, CompilerBuiltin.LessThan
/home/user/fortress/Library/FortressLibrary.fsi:139:39-44:
    Type name may refer to: FortressLibrary.EqualTo, CompilerBuiltin.EqualTo
/home/user/fortress/Library/FortressLibrary.fsi:139:49-55:
    Type name may refer to: FortressLibrary.LessThan, CompilerBuiltin.LessThan
/home/user/fortress/Library/FortressLibrary.fsi:140:24-37:
    Type name may refer to: FortressLibrary.TotalComparison, CompilerBuiltin.TotalComparison
/home/user/fortress/Library/FortressLibrary.fsi:143:8-17:
    Type name may refer to: FortressLibrary.GreaterThan, CompilerBuiltin.GreaterThan
/home/user/fortress/Library/FortressLibrary.fsi:143:28-41:
    Type name may refer to: FortressLibrary.TotalComparison, CompilerBuiltin.TotalComparison
/home/user/fortress/Library/FortressLibrary.fsi:144:23-32:
    Type name may refer to: FortressLibrary.GreaterThan, CompilerBuiltin.GreaterThan
/home/user/fortress/Library/FortressLibrary.fsi:145:25-34:
    Type name may refer to: FortressLibrary.GreaterThan, CompilerBuiltin.GreaterThan
/home/user/fortress/Library/FortressLibrary.fsi:145:39-47:
    Type name may refer to: FortressLibrary.Comparison, CompilerBuiltin.Comparison
/home/user/fortress/Library/FortressLibrary.fsi:146:25-38:
    Type name may refer to: FortressLibrary.TotalComparison, CompilerBuiltin.TotalComparison
/home/user/fortress/Library/FortressLibrary.fsi:146:43-56:
    Type name may refer to: FortressLibrary.TotalComparison, CompilerBuiltin.TotalComparison
/home/user/fortress/Library/FortressLibrary.fsi:147:23-36:
    Type name may refer to: FortressLibrary.TotalComparison, CompilerBuiltin.TotalComparison
/home/user/fortress/Library/FortressLibrary.fsi:148:39-48:
    Type name may refer to: FortressLibrary.GreaterThan, CompilerBuiltin.GreaterThan
/home/user/fortress/Library/FortressLibrary.fsi:148:53-62:
    Type name may refer to: FortressLibrary.GreaterThan, CompilerBuiltin.GreaterThan
/home/user/fortress/Library/FortressLibrary.fsi:149:39-44:
    Type name may refer to: FortressLibrary.EqualTo, CompilerBuiltin.EqualTo
/home/user/fortress/Library/FortressLibrary.fsi:149:49-58:
    Type name may refer to: FortressLibrary.GreaterThan, CompilerBuiltin.GreaterThan
/home/user/fortress/Library/FortressLibrary.fsi:150:24-37:
    Type name may refer to: FortressLibrary.TotalComparison, CompilerBuiltin.TotalComparison
/home/user/fortress/Library/FortressLibrary.fsi:153:8-13:
    Type name may refer to: FortressLibrary.EqualTo, CompilerBuiltin.EqualTo
/home/user/fortress/Library/FortressLibrary.fsi:153:24-37:
    Type name may refer to: FortressLibrary.TotalComparison, CompilerBuiltin.TotalComparison
/home/user/fortress/Library/FortressLibrary.fsi:154:23-28:
    Type name may refer to: FortressLibrary.EqualTo, CompilerBuiltin.EqualTo
/home/user/fortress/Library/FortressLibrary.fsi:155:25-38:
    Type name may refer to: FortressLibrary.TotalComparison, CompilerBuiltin.TotalComparison
/home/user/fortress/Library/FortressLibrary.fsi:155:43-56:
    Type name may refer to: FortressLibrary.TotalComparison, CompilerBuiltin.TotalComparison
/home/user/fortress/Library/FortressLibrary.fsi:156:23-29:
    Type name may refer to: FortressLibrary.LessThan, CompilerBuiltin.LessThan
/home/user/fortress/Library/FortressLibrary.fsi:157:23-36:
    Type name may refer to: FortressLibrary.TotalComparison, CompilerBuiltin.TotalComparison
/home/user/fortress/Library/FortressLibrary.fsi:158:28-41:
    Type name may refer to: FortressLibrary.TotalComparison, CompilerBuiltin.TotalComparison
/home/user/fortress/Library/FortressLibrary.fsi:158:46-59:
    Type name may refer to: FortressLibrary.TotalComparison, CompilerBuiltin.TotalComparison
/home/user/fortress/Library/FortressLibrary.fsi:159:32-45:
    Type name may refer to: FortressLibrary.TotalComparison, CompilerBuiltin.TotalComparison
/home/user/fortress/Library/FortressLibrary.fsi:159:50-63:
    Type name may refer to: FortressLibrary.TotalComparison, CompilerBuiltin.TotalComparison
/home/user/fortress/Library/FortressLibrary.fsi:160:40-48:
    Type name may refer to: FortressLibrary.Comparison, CompilerBuiltin.Comparison
/home/user/fortress/Library/FortressLibrary.fsi:160:53-61:
    Type name may refer to: FortressLibrary.Comparison, CompilerBuiltin.Comparison
/home/user/fortress/Library/FortressLibrary.fsi:161:24-37:
    Type name may refer to: FortressLibrary.TotalComparison, CompilerBuiltin.TotalComparison
/home/user/fortress/Library/FortressLibrary.fsi:169:29-37:
    Type name may refer to: FortressLibrary.Comparison, CompilerBuiltin.Comparison
/home/user/fortress/Library/FortressLibrary.fsi:222:29-42:
    Type name may refer to: FortressLibrary.TotalComparison, CompilerBuiltin.TotalComparison
/home/user/fortress/Library/FortressLibrary.fsi:230:32-36:
    Type name may refer to: FortressLibrary.String, CompilerBuiltin.String
/home/user/fortress/Library/FortressLibrary.fsi:238:30-34:
    Type name may refer to: FortressLibrary.String, CompilerBuiltin.String
/home/user/fortress/Library/FortressLibrary.fsi:244:25-32:
    Type name may refer to: FortressLibrary.Exception, CompilerBuiltin.Exception
/home/user/fortress/Library/FortressLibrary.fsi:270:23-25:
    Type name may refer to: FortressLibrary.ZZ64, CompilerBuiltin.ZZ64
/home/user/fortress/Library/FortressLibrary.fsi:273:7-11:
    Type name may refer to: FortressLibrary.Number, CompilerBuiltin.Number
/home/user/fortress/Library/FortressLibrary.fsi:274:41-45:
    Type name may refer to: FortressLibrary.Number, CompilerBuiltin.Number
/home/user/fortress/Library/FortressLibrary.fsi:274:67-71:
    Type name may refer to: FortressLibrary.Number, CompilerBuiltin.Number
/home/user/fortress/Library/FortressLibrary.fsi:275:34-38:
    Type name may refer to: FortressLibrary.Number, CompilerBuiltin.Number
/home/user/fortress/Library/FortressLibrary.fsi:275:64-68:
    Type name may refer to: FortressLibrary.Number, CompilerBuiltin.Number
/home/user/fortress/Library/FortressLibrary.fsi:276:21-23:
    Type name may refer to: FortressLibrary.RR64, CompilerBuiltin.RR64
/home/user/fortress/Library/FortressLibrary.fsi:277:19-23:
    Type name may refer to: FortressLibrary.Number, CompilerBuiltin.Number
/home/user/fortress/Library/FortressLibrary.fsi:278:21-25:
    Type name may refer to: FortressLibrary.Number, CompilerBuiltin.Number
/home/user/fortress/Library/FortressLibrary.fsi:279:19-23:
    Type name may refer to: FortressLibrary.Number, CompilerBuiltin.Number
/home/user/fortress/Library/FortressLibrary.fsi:280:20-24:
    Type name may refer to: FortressLibrary.Number, CompilerBuiltin.Number
/home/user/fortress/Library/FortressLibrary.fsi:281:19-23:
    Type name may refer to: FortressLibrary.Number, CompilerBuiltin.Number
/home/user/fortress/Library/FortressLibrary.fsi:282:20-24:
    Type name may refer to: FortressLibrary.Number, CompilerBuiltin.Number
/home/user/fortress/Library/FortressLibrary.fsi:283:21-25:
    Type name may refer to: FortressLibrary.Number, CompilerBuiltin.Number
/home/user/fortress/Library/FortressLibrary.fsi:283:29-37:
    Type name may refer to: FortressLibrary.Comparison, CompilerBuiltin.Comparison
/home/user/fortress/Library/FortressLibrary.fsi:286:21-25:
    Type name may refer to: FortressLibrary.Number, CompilerBuiltin.Number
/home/user/fortress/Library/FortressLibrary.fsi:286:29-33:
    Type name may refer to: FortressLibrary.Number, CompilerBuiltin.Number
/home/user/fortress/Library/FortressLibrary.fsi:287:21-25:
    Type name may refer to: FortressLibrary.Number, CompilerBuiltin.Number
/home/user/fortress/Library/FortressLibrary.fsi:287:29-33:
    Type name may refer to: FortressLibrary.Number, CompilerBuiltin.Number
/home/user/fortress/Library/FortressLibrary.fsi:288:24-28:
    Type name may refer to: FortressLibrary.Number, CompilerBuiltin.Number
/home/user/fortress/Library/FortressLibrary.fsi:288:33-37:
    Type name may refer to: FortressLibrary.Number, CompilerBuiltin.Number
/home/user/fortress/Library/FortressLibrary.fsi:288:40-44:
    Type name may refer to: FortressLibrary.Number, CompilerBuiltin.Number
/home/user/fortress/Library/FortressLibrary.fsi:290:17-19:
    Type name may refer to: FortressLibrary.RR64, CompilerBuiltin.RR64
/home/user/fortress/Library/FortressLibrary.fsi:291:18-22:
    Type name may refer to: FortressLibrary.Number, CompilerBuiltin.Number
/home/user/fortress/Library/FortressLibrary.fsi:291:26-28:
    Type name may refer to: FortressLibrary.RR64, CompilerBuiltin.RR64
/home/user/fortress/Library/FortressLibrary.fsi:292:18-22:
    Type name may refer to: FortressLibrary.Number, CompilerBuiltin.Number
/home/user/fortress/Library/FortressLibrary.fsi:292:26-28:
    Type name may refer to: FortressLibrary.RR64, CompilerBuiltin.RR64
/home/user/fortress/Library/FortressLibrary.fsi:293:20-24:
    Type name may refer to: FortressLibrary.Number, CompilerBuiltin.Number
/home/user/fortress/Library/FortressLibrary.fsi:293:28-30:
    Type name may refer to: FortressLibrary.RR64, CompilerBuiltin.RR64
/home/user/fortress/Library/FortressLibrary.fsi:294:22-26:
    Type name may refer to: FortressLibrary.Number, CompilerBuiltin.Number
/home/user/fortress/Library/FortressLibrary.fsi:294:30-32:
    Type name may refer to: FortressLibrary.RR64, CompilerBuiltin.RR64
/home/user/fortress/Library/FortressLibrary.fsi:296:18-22:
    Type name may refer to: FortressLibrary.Number, CompilerBuiltin.Number
/home/user/fortress/Library/FortressLibrary.fsi:296:26-28:
    Type name may refer to: FortressLibrary.RR64, CompilerBuiltin.RR64
/home/user/fortress/Library/FortressLibrary.fsi:297:18-22:
    Type name may refer to: FortressLibrary.Number, CompilerBuiltin.Number
/home/user/fortress/Library/FortressLibrary.fsi:297:26-28:
    Type name may refer to: FortressLibrary.RR64, CompilerBuiltin.RR64
/home/user/fortress/Library/FortressLibrary.fsi:298:20-22:
    Type name may refer to: FortressLibrary.RR64, CompilerBuiltin.RR64
/home/user/fortress/Library/FortressLibrary.fsi:299:24-28:
    Type name may refer to: FortressLibrary.Number, CompilerBuiltin.Number
/home/user/fortress/Library/FortressLibrary.fsi:299:32-34:
    Type name may refer to: FortressLibrary.RR64, CompilerBuiltin.RR64
/home/user/fortress/Library/FortressLibrary.fsi:300:25-29:
    Type name may refer to: FortressLibrary.Number, CompilerBuiltin.Number
/home/user/fortress/Library/FortressLibrary.fsi:300:33-35:
    Type name may refer to: FortressLibrary.RR64, CompilerBuiltin.RR64
/home/user/fortress/Library/FortressLibrary.fsi:301:23-27:
    Type name may refer to: FortressLibrary.Number, CompilerBuiltin.Number
/home/user/fortress/Library/FortressLibrary.fsi:301:31-33:
    Type name may refer to: FortressLibrary.RR64, CompilerBuiltin.RR64
/home/user/fortress/Library/FortressLibrary.fsi:302:25-29:
    Type name may refer to: FortressLibrary.Number, CompilerBuiltin.Number
/home/user/fortress/Library/FortressLibrary.fsi:302:33-35:
    Type name may refer to: FortressLibrary.RR64, CompilerBuiltin.RR64
/home/user/fortress/Library/FortressLibrary.fsi:303:23-25:
    Type name may refer to: FortressLibrary.RR64, CompilerBuiltin.RR64
/home/user/fortress/Library/FortressLibrary.fsi:304:26-30:
    Type name may refer to: FortressLibrary.Number, CompilerBuiltin.Number
/home/user/fortress/Library/FortressLibrary.fsi:304:34-36:
    Type name may refer to: FortressLibrary.RR64, CompilerBuiltin.RR64
/home/user/fortress/Library/FortressLibrary.fsi:305:27-31:
    Type name may refer to: FortressLibrary.Number, CompilerBuiltin.Number
/home/user/fortress/Library/FortressLibrary.fsi:305:35-37:
    Type name may refer to: FortressLibrary.RR64, CompilerBuiltin.RR64
/home/user/fortress/Library/FortressLibrary.fsi:306:25-29:
    Type name may refer to: FortressLibrary.Number, CompilerBuiltin.Number
/home/user/fortress/Library/FortressLibrary.fsi:306:33-35:
    Type name may refer to: FortressLibrary.RR64, CompilerBuiltin.RR64
/home/user/fortress/Library/FortressLibrary.fsi:307:27-31:
    Type name may refer to: FortressLibrary.Number, CompilerBuiltin.Number
/home/user/fortress/Library/FortressLibrary.fsi:307:35-37:
    Type name may refer to: FortressLibrary.RR64, CompilerBuiltin.RR64
/home/user/fortress/Library/FortressLibrary.fsi:308:25-27:
    Type name may refer to: FortressLibrary.RR64, CompilerBuiltin.RR64
/home/user/fortress/Library/FortressLibrary.fsi:309:29-33:
    Type name may refer to: FortressLibrary.Number, CompilerBuiltin.Number
/home/user/fortress/Library/FortressLibrary.fsi:309:37-39:
    Type name may refer to: FortressLibrary.RR64, CompilerBuiltin.RR64
/home/user/fortress/Library/FortressLibrary.fsi:310:30-34:
    Type name may refer to: FortressLibrary.Number, CompilerBuiltin.Number
/home/user/fortress/Library/FortressLibrary.fsi:310:38-40:
    Type name may refer to: FortressLibrary.RR64, CompilerBuiltin.RR64
/home/user/fortress/Library/FortressLibrary.fsi:311:28-32:
    Type name may refer to: FortressLibrary.Number, CompilerBuiltin.Number
/home/user/fortress/Library/FortressLibrary.fsi:311:36-38:
    Type name may refer to: FortressLibrary.RR64, CompilerBuiltin.RR64
/home/user/fortress/Library/FortressLibrary.fsi:312:31-35:
    Type name may refer to: FortressLibrary.Number, CompilerBuiltin.Number
/home/user/fortress/Library/FortressLibrary.fsi:312:39-41:
    Type name may refer to: FortressLibrary.RR64, CompilerBuiltin.RR64
/home/user/fortress/Library/FortressLibrary.fsi:313:32-36:
    Type name may refer to: FortressLibrary.Number, CompilerBuiltin.Number
/home/user/fortress/Library/FortressLibrary.fsi:313:40-42:
    Type name may refer to: FortressLibrary.RR64, CompilerBuiltin.RR64
/home/user/fortress/Library/FortressLibrary.fsi:314:30-34:
    Type name may refer to: FortressLibrary.Number, CompilerBuiltin.Number
/home/user/fortress/Library/FortressLibrary.fsi:314:38-40:
    Type name may refer to: FortressLibrary.RR64, CompilerBuiltin.RR64
/home/user/fortress/Library/FortressLibrary.fsi:315:32-36:
    Type name may refer to: FortressLibrary.Number, CompilerBuiltin.Number
/home/user/fortress/Library/FortressLibrary.fsi:315:40-42:
    Type name may refer to: FortressLibrary.RR64, CompilerBuiltin.RR64
/home/user/fortress/Library/FortressLibrary.fsi:316:30-34:
    Type name may refer to: FortressLibrary.Number, CompilerBuiltin.Number
/home/user/fortress/Library/FortressLibrary.fsi:316:38-40:
    Type name may refer to: FortressLibrary.RR64, CompilerBuiltin.RR64
/home/user/fortress/Library/FortressLibrary.fsi:317:18-20:
    Type name may refer to: FortressLibrary.RR64, CompilerBuiltin.RR64
/home/user/fortress/Library/FortressLibrary.fsi:318:19-21:
    Type name may refer to: FortressLibrary.RR64, CompilerBuiltin.RR64
/home/user/fortress/Library/FortressLibrary.fsi:318:25-27:
    Type name may refer to: FortressLibrary.RR64, CompilerBuiltin.RR64
/home/user/fortress/Library/FortressLibrary.fsi:319:15-17:
    Type name may refer to: FortressLibrary.RR64, CompilerBuiltin.RR64
/home/user/fortress/Library/FortressLibrary.fsi:320:15-17:
    Type name may refer to: FortressLibrary.RR64, CompilerBuiltin.RR64
/home/user/fortress/Library/FortressLibrary.fsi:321:15-17:
    Type name may refer to: FortressLibrary.RR64, CompilerBuiltin.RR64
/home/user/fortress/Library/FortressLibrary.fsi:322:16-18:
    Type name may refer to: FortressLibrary.RR64, CompilerBuiltin.RR64
/home/user/fortress/Library/FortressLibrary.fsi:323:16-18:
    Type name may refer to: FortressLibrary.RR64, CompilerBuiltin.RR64
/home/user/fortress/Library/FortressLibrary.fsi:324:16-18:
    Type name may refer to: FortressLibrary.RR64, CompilerBuiltin.RR64
/home/user/fortress/Library/FortressLibrary.fsi:325:18-22:
    Type name may refer to: FortressLibrary.Number, CompilerBuiltin.Number
/home/user/fortress/Library/FortressLibrary.fsi:325:26-28:
    Type name may refer to: FortressLibrary.RR64, CompilerBuiltin.RR64
/home/user/fortress/Library/FortressLibrary.fsi:326:15-17:
    Type name may refer to: FortressLibrary.RR64, CompilerBuiltin.RR64
/home/user/fortress/Library/FortressLibrary.fsi:327:15-17:
    Type name may refer to: FortressLibrary.RR64, CompilerBuiltin.RR64
/home/user/fortress/Library/FortressLibrary.fsi:328:17-19:
    Type name may refer to: FortressLibrary.RR64, CompilerBuiltin.RR64
/home/user/fortress/Library/FortressLibrary.fsi:329:20-22:
    Type name may refer to: FortressLibrary.ZZ64, CompilerBuiltin.ZZ64
/home/user/fortress/Library/FortressLibrary.fsi:330:19-21:
    Type name may refer to: FortressLibrary.RR64, CompilerBuiltin.RR64
/home/user/fortress/Library/FortressLibrary.fsi:331:20-22:
    Type name may refer to: FortressLibrary.ZZ64, CompilerBuiltin.ZZ64
/home/user/fortress/Library/FortressLibrary.fsi:332:20-22:
    Type name may refer to: FortressLibrary.ZZ64, CompilerBuiltin.ZZ64
/home/user/fortress/Library/FortressLibrary.fsi:335:7-9:
    Type name may refer to: FortressLibrary.RR64, CompilerBuiltin.RR64
/home/user/fortress/Library/FortressLibrary.fsi:335:20-24:
    Type name may refer to: FortressLibrary.Number, CompilerBuiltin.Number
/home/user/fortress/Library/FortressLibrary.fsi:335:39-42:
    Float is undefined.
/home/user/fortress/Library/FortressLibrary.fsi:345:28-30:
    Type name may refer to: FortressLibrary.RR64, CompilerBuiltin.RR64
/home/user/fortress/Library/FortressLibrary.fsi:347:33-35:
    Type name may refer to: FortressLibrary.RR64, CompilerBuiltin.RR64
/home/user/fortress/Library/FortressLibrary.fsi:349:22-24:
    Type name may refer to: FortressLibrary.ZZ64, CompilerBuiltin.ZZ64
/home/user/fortress/Library/FortressLibrary.fsi:351:22-24:
    Type name may refer to: FortressLibrary.ZZ32, CompilerBuiltin.ZZ32
/home/user/fortress/Library/FortressLibrary.fsi:353:21-23:
    Type name may refer to: FortressLibrary.RR64, CompilerBuiltin.RR64
/home/user/fortress/Library/FortressLibrary.fsi:355:23-25:
    Type name may refer to: FortressLibrary.RR64, CompilerBuiltin.RR64
/home/user/fortress/Library/FortressLibrary.fsi:359:24-26:
    Type name may refer to: FortressLibrary.RR64, CompilerBuiltin.RR64
/home/user/fortress/Library/FortressLibrary.fsi:359:30-32:
    Type name may refer to: FortressLibrary.RR64, CompilerBuiltin.RR64
/home/user/fortress/Library/FortressLibrary.fsi:360:24-26:
    Type name may refer to: FortressLibrary.RR64, CompilerBuiltin.RR64
/home/user/fortress/Library/FortressLibrary.fsi:360:30-32:
    Type name may refer to: FortressLibrary.RR64, CompilerBuiltin.RR64
/home/user/fortress/Library/FortressLibrary.fsi:370:20-22:
    Type name may refer to: FortressLibrary.RR64, CompilerBuiltin.RR64
/home/user/fortress/Library/FortressLibrary.fsi:375:22:
    Type name may refer to: FortressLibrary.ZZ, CompilerBuiltin.ZZ
/home/user/fortress/Library/FortressLibrary.fsi:376:24:
    Type name may refer to: FortressLibrary.ZZ, CompilerBuiltin.ZZ
/home/user/fortress/Library/FortressLibrary.fsi:395:23-25:
    Type name may refer to: FortressLibrary.ZZ64, CompilerBuiltin.ZZ64
/home/user/fortress/Library/FortressLibrary.fsi:396:17:
    Type name may refer to: FortressLibrary.ZZ, CompilerBuiltin.ZZ
/home/user/fortress/Library/FortressLibrary.fsi:397:20:
    Type name may refer to: FortressLibrary.ZZ, CompilerBuiltin.ZZ
/home/user/fortress/Library/FortressLibrary.fsi:398:19:
    Type name may refer to: FortressLibrary.ZZ, CompilerBuiltin.ZZ
/home/user/fortress/Library/FortressLibrary.fsi:399:20:
    Type name may refer to: FortressLibrary.ZZ, CompilerBuiltin.ZZ
/home/user/fortress/Library/FortressLibrary.fsi:400:21:
    Type name may refer to: FortressLibrary.ZZ, CompilerBuiltin.ZZ
/home/user/fortress/Library/FortressLibrary.fsi:401:18:
    Type name may refer to: FortressLibrary.ZZ, CompilerBuiltin.ZZ
/home/user/fortress/Library/FortressLibrary.fsi:430:32-34:
    Type name may refer to: FortressLibrary.RR64, CompilerBuiltin.RR64
/home/user/fortress/Library/FortressLibrary.fsi:431:20-22:
    Type name may refer to: FortressLibrary.NN64, CompilerBuiltin.NN64
/home/user/fortress/Library/FortressLibrary.fsi:434:7-9:
    Type name may refer to: FortressLibrary.NN64, CompilerBuiltin.NN64
/home/user/fortress/Library/FortressLibrary.fsi:434:22:
    Type name may refer to: FortressLibrary.ZZ, CompilerBuiltin.ZZ
/home/user/fortress/Library/FortressLibrary.fsi:434:36-38:
    Type name may refer to: FortressLibrary.NN64, CompilerBuiltin.NN64
/home/user/fortress/Library/FortressLibrary.fsi:434:57-67:
    UnsignedLong is undefined.
/home/user/fortress/Library/FortressLibrary.fsi:435:18-20:
    Type name may refer to: FortressLibrary.NN64, CompilerBuiltin.NN64
/home/user/fortress/Library/FortressLibrary.fsi:436:19-21:
    Type name may refer to: FortressLibrary.NN64, CompilerBuiltin.NN64
/home/user/fortress/Library/FortressLibrary.fsi:437:19-21:
    Type name may refer to: FortressLibrary.NN64, CompilerBuiltin.NN64
/home/user/fortress/Library/FortressLibrary.fsi:438:17-19:
    Type name may refer to: FortressLibrary.NN64, CompilerBuiltin.NN64
/home/user/fortress/Library/FortressLibrary.fsi:439:18-20:
    Type name may refer to: FortressLibrary.NN64, CompilerBuiltin.NN64
/home/user/fortress/Library/FortressLibrary.fsi:439:24-26:
    Type name may refer to: FortressLibrary.NN64, CompilerBuiltin.NN64
/home/user/fortress/Library/FortressLibrary.fsi:440:18-20:
    Type name may refer to: FortressLibrary.NN64, CompilerBuiltin.NN64
/home/user/fortress/Library/FortressLibrary.fsi:440:24-26:
    Type name may refer to: FortressLibrary.NN64, CompilerBuiltin.NN64
/home/user/fortress/Library/FortressLibrary.fsi:441:20-22:
    Type name may refer to: FortressLibrary.NN64, CompilerBuiltin.NN64
/home/user/fortress/Library/FortressLibrary.fsi:441:26-28:
    Type name may refer to: FortressLibrary.NN64, CompilerBuiltin.NN64
/home/user/fortress/Library/FortressLibrary.fsi:442:22-24:
    Type name may refer to: FortressLibrary.NN64, CompilerBuiltin.NN64
/home/user/fortress/Library/FortressLibrary.fsi:442:28-30:
    Type name may refer to: FortressLibrary.NN64, CompilerBuiltin.NN64
/home/user/fortress/Library/FortressLibrary.fsi:443:30-32:
    Type name may refer to: FortressLibrary.NN64, CompilerBuiltin.NN64
/home/user/fortress/Library/FortressLibrary.fsi:443:36-38:
    Type name may refer to: FortressLibrary.NN64, CompilerBuiltin.NN64
/home/user/fortress/Library/FortressLibrary.fsi:444:20-22:
    Type name may refer to: FortressLibrary.NN64, CompilerBuiltin.NN64
/home/user/fortress/Library/FortressLibrary.fsi:444:26-28:
    Type name may refer to: FortressLibrary.NN64, CompilerBuiltin.NN64
/home/user/fortress/Library/FortressLibrary.fsi:445:20-22:
    Type name may refer to: FortressLibrary.NN64, CompilerBuiltin.NN64
/home/user/fortress/Library/FortressLibrary.fsi:445:26-28:
    Type name may refer to: FortressLibrary.NN64, CompilerBuiltin.NN64
/home/user/fortress/Library/FortressLibrary.fsi:446:20-22:
    Type name may refer to: FortressLibrary.NN64, CompilerBuiltin.NN64
/home/user/fortress/Library/FortressLibrary.fsi:446:26-28:
    Type name may refer to: FortressLibrary.NN64, CompilerBuiltin.NN64
/home/user/fortress/Library/FortressLibrary.fsi:447:20-22:
    Type name may refer to: FortressLibrary.NN64, CompilerBuiltin.NN64
/home/user/fortress/Library/FortressLibrary.fsi:447:26-28:
    Type name may refer to: FortressLibrary.NN64, CompilerBuiltin.NN64
/home/user/fortress/Library/FortressLibrary.fsi:448:20-22:
    Type name may refer to: FortressLibrary.NN64, CompilerBuiltin.NN64
/home/user/fortress/Library/FortressLibrary.fsi:448:26-28:
    Type name may refer to: FortressLibrary.NN64, CompilerBuiltin.NN64
/home/user/fortress/Library/FortressLibrary.fsi:449:23-25:
    Type name may refer to: FortressLibrary.NN64, CompilerBuiltin.NN64
/home/user/fortress/Library/FortressLibrary.fsi:449:29-31:
    Type name may refer to: FortressLibrary.NN64, CompilerBuiltin.NN64
/home/user/fortress/Library/FortressLibrary.fsi:450:23-25:
    Type name may refer to: FortressLibrary.NN64, CompilerBuiltin.NN64
/home/user/fortress/Library/FortressLibrary.fsi:450:29-31:
    Type name may refer to: FortressLibrary.NN64, CompilerBuiltin.NN64
/home/user/fortress/Library/FortressLibrary.fsi:451:22-24:
    Type name may refer to: FortressLibrary.NN64, CompilerBuiltin.NN64
/home/user/fortress/Library/FortressLibrary.fsi:451:28-30:
    Type name may refer to: FortressLibrary.NN64, CompilerBuiltin.NN64
/home/user/fortress/Library/FortressLibrary.fsi:452:23-25:
    Type name may refer to: FortressLibrary.NN64, CompilerBuiltin.NN64
/home/user/fortress/Library/FortressLibrary.fsi:452:29-31:
    Type name may refer to: FortressLibrary.NN64, CompilerBuiltin.NN64
/home/user/fortress/Library/FortressLibrary.fsi:453:36-38:
    Type name may refer to: FortressLibrary.NN64, CompilerBuiltin.NN64
/home/user/fortress/Library/FortressLibrary.fsi:454:36-38:
    Type name may refer to: FortressLibrary.NN64, CompilerBuiltin.NN64
/home/user/fortress/Library/FortressLibrary.fsi:455:22-24:
    Type name may refer to: FortressLibrary.NN64, CompilerBuiltin.NN64
/home/user/fortress/Library/FortressLibrary.fsi:456:32-34:
    Type name may refer to: FortressLibrary.RR64, CompilerBuiltin.RR64
/home/user/fortress/Library/FortressLibrary.fsi:458:18-20:
    Type name may refer to: FortressLibrary.NN64, CompilerBuiltin.NN64
/home/user/fortress/Library/FortressLibrary.fsi:461:7-9:
    Type name may refer to: FortressLibrary.ZZ32, CompilerBuiltin.ZZ32
/home/user/fortress/Library/FortressLibrary.fsi:461:22-24:
    Type name may refer to: FortressLibrary.ZZ64, CompilerBuiltin.ZZ64
/home/user/fortress/Library/FortressLibrary.fsi:461:38-40:
    Type name may refer to: FortressLibrary.ZZ32, CompilerBuiltin.ZZ32
/home/user/fortress/Library/FortressLibrary.fsi:461:59-60:
    Int is undefined.
/home/user/fortress/Library/FortressLibrary.fsi:462:20-22:
    Type name may refer to: FortressLibrary.ZZ32, CompilerBuiltin.ZZ32
/home/user/fortress/Library/FortressLibrary.fsi:463:19-21:
    Type name may refer to: FortressLibrary.ZZ32, CompilerBuiltin.ZZ32
/home/user/fortress/Library/FortressLibrary.fsi:464:23-25:
    Type name may refer to: FortressLibrary.ZZ32, CompilerBuiltin.ZZ32
/home/user/fortress/Library/FortressLibrary.fsi:465:23-25:
    Type name may refer to: FortressLibrary.ZZ32, CompilerBuiltin.ZZ32
/home/user/fortress/Library/FortressLibrary.fsi:469:18-20:
    Type name may refer to: FortressLibrary.ZZ32, CompilerBuiltin.ZZ32
/home/user/fortress/Library/FortressLibrary.fsi:470:19-21:
    Type name may refer to: FortressLibrary.ZZ32, CompilerBuiltin.ZZ32
/home/user/fortress/Library/FortressLibrary.fsi:471:19-21:
    Type name may refer to: FortressLibrary.ZZ32, CompilerBuiltin.ZZ32
/home/user/fortress/Library/FortressLibrary.fsi:473:17-19:
    Type name may refer to: FortressLibrary.ZZ32, CompilerBuiltin.ZZ32
/home/user/fortress/Library/FortressLibrary.fsi:474:18-20:
    Type name may refer to: FortressLibrary.ZZ32, CompilerBuiltin.ZZ32
/home/user/fortress/Library/FortressLibrary.fsi:474:24-26:
    Type name may refer to: FortressLibrary.ZZ32, CompilerBuiltin.ZZ32
/home/user/fortress/Library/FortressLibrary.fsi:475:18-20:
    Type name may refer to: FortressLibrary.ZZ32, CompilerBuiltin.ZZ32
/home/user/fortress/Library/FortressLibrary.fsi:475:24-26:
    Type name may refer to: FortressLibrary.ZZ32, CompilerBuiltin.ZZ32
/home/user/fortress/Library/FortressLibrary.fsi:476:20-22:
    Type name may refer to: FortressLibrary.ZZ32, CompilerBuiltin.ZZ32
/home/user/fortress/Library/FortressLibrary.fsi:476:26-28:
    Type name may refer to: FortressLibrary.ZZ32, CompilerBuiltin.ZZ32
/home/user/fortress/Library/FortressLibrary.fsi:477:30-32:
    Type name may refer to: FortressLibrary.ZZ32, CompilerBuiltin.ZZ32
/home/user/fortress/Library/FortressLibrary.fsi:477:36-38:
    Type name may refer to: FortressLibrary.ZZ32, CompilerBuiltin.ZZ32
/home/user/fortress/Library/FortressLibrary.fsi:478:20-22:
    Type name may refer to: FortressLibrary.ZZ32, CompilerBuiltin.ZZ32
/home/user/fortress/Library/FortressLibrary.fsi:478:26-28:
    Type name may refer to: FortressLibrary.ZZ32, CompilerBuiltin.ZZ32
/home/user/fortress/Library/FortressLibrary.fsi:479:20-22:
    Type name may refer to: FortressLibrary.ZZ32, CompilerBuiltin.ZZ32
/home/user/fortress/Library/FortressLibrary.fsi:479:26-28:
    Type name may refer to: FortressLibrary.ZZ32, CompilerBuiltin.ZZ32
/home/user/fortress/Library/FortressLibrary.fsi:480:20-22:
    Type name may refer to: FortressLibrary.ZZ32, CompilerBuiltin.ZZ32
/home/user/fortress/Library/FortressLibrary.fsi:480:26-28:
    Type name may refer to: FortressLibrary.ZZ32, CompilerBuiltin.ZZ32
/home/user/fortress/Library/FortressLibrary.fsi:481:20-22:
    Type name may refer to: FortressLibrary.ZZ32, CompilerBuiltin.ZZ32
/home/user/fortress/Library/FortressLibrary.fsi:481:26-28:
    Type name may refer to: FortressLibrary.ZZ32, CompilerBuiltin.ZZ32
/home/user/fortress/Library/FortressLibrary.fsi:482:20-22:
    Type name may refer to: FortressLibrary.ZZ32, CompilerBuiltin.ZZ32
/home/user/fortress/Library/FortressLibrary.fsi:482:26-28:
    Type name may refer to: FortressLibrary.ZZ32, CompilerBuiltin.ZZ32
/home/user/fortress/Library/FortressLibrary.fsi:483:23-25:
    Type name may refer to: FortressLibrary.ZZ32, CompilerBuiltin.ZZ32
/home/user/fortress/Library/FortressLibrary.fsi:483:29-31:
    Type name may refer to: FortressLibrary.ZZ32, CompilerBuiltin.ZZ32
/home/user/fortress/Library/FortressLibrary.fsi:484:23-25:
    Type name may refer to: FortressLibrary.ZZ32, CompilerBuiltin.ZZ32
/home/user/fortress/Library/FortressLibrary.fsi:484:29-31:
    Type name may refer to: FortressLibrary.ZZ32, CompilerBuiltin.ZZ32
/home/user/fortress/Library/FortressLibrary.fsi:485:22-24:
    Type name may refer to: FortressLibrary.ZZ32, CompilerBuiltin.ZZ32
/home/user/fortress/Library/FortressLibrary.fsi:485:28-30:
    Type name may refer to: FortressLibrary.ZZ32, CompilerBuiltin.ZZ32
/home/user/fortress/Library/FortressLibrary.fsi:486:23-25:
    Type name may refer to: FortressLibrary.ZZ32, CompilerBuiltin.ZZ32
/home/user/fortress/Library/FortressLibrary.fsi:486:29-31:
    Type name may refer to: FortressLibrary.ZZ32, CompilerBuiltin.ZZ32
/home/user/fortress/Library/FortressLibrary.fsi:487:23-25:
    Type name may refer to: FortressLibrary.ZZ64, CompilerBuiltin.ZZ64
/home/user/fortress/Library/FortressLibrary.fsi:487:29-31:
    Type name may refer to: FortressLibrary.ZZ32, CompilerBuiltin.ZZ32
/home/user/fortress/Library/FortressLibrary.fsi:488:23-25:
    Type name may refer to: FortressLibrary.ZZ64, CompilerBuiltin.ZZ64
/home/user/fortress/Library/FortressLibrary.fsi:488:29-31:
    Type name may refer to: FortressLibrary.ZZ32, CompilerBuiltin.ZZ32
/home/user/fortress/Library/FortressLibrary.fsi:489:22-24:
    Type name may refer to: FortressLibrary.ZZ32, CompilerBuiltin.ZZ32
/home/user/fortress/Library/FortressLibrary.fsi:490:17-19:
    Type name may refer to: FortressLibrary.ZZ64, CompilerBuiltin.ZZ64
/home/user/fortress/Library/FortressLibrary.fsi:491:22-24:
    Type name may refer to: FortressLibrary.ZZ32, CompilerBuiltin.ZZ32
/home/user/fortress/Library/FortressLibrary.fsi:495:7-9:
    Type name may refer to: FortressLibrary.ZZ64, CompilerBuiltin.ZZ64
/home/user/fortress/Library/FortressLibrary.fsi:495:22:
    Type name may refer to: FortressLibrary.ZZ, CompilerBuiltin.ZZ
/home/user/fortress/Library/FortressLibrary.fsi:495:36-38:
    Type name may refer to: FortressLibrary.ZZ64, CompilerBuiltin.ZZ64
/home/user/fortress/Library/FortressLibrary.fsi:495:57-59:
    Long is undefined.
/home/user/fortress/Library/FortressLibrary.fsi:495:63-65:
    Type name may refer to: FortressLibrary.ZZ32, CompilerBuiltin.ZZ32
/home/user/fortress/Library/FortressLibrary.fsi:496:20-22:
    Type name may refer to: FortressLibrary.ZZ64, CompilerBuiltin.ZZ64
/home/user/fortress/Library/FortressLibrary.fsi:497:19-21:
    Type name may refer to: FortressLibrary.ZZ64, CompilerBuiltin.ZZ64
/home/user/fortress/Library/FortressLibrary.fsi:498:23-25:
    Type name may refer to: FortressLibrary.ZZ64, CompilerBuiltin.ZZ64
/home/user/fortress/Library/FortressLibrary.fsi:499:23-25:
    Type name may refer to: FortressLibrary.ZZ64, CompilerBuiltin.ZZ64
/home/user/fortress/Library/FortressLibrary.fsi:502:18-20:
    Type name may refer to: FortressLibrary.ZZ64, CompilerBuiltin.ZZ64
/home/user/fortress/Library/FortressLibrary.fsi:504:19-21:
    Type name may refer to: FortressLibrary.ZZ64, CompilerBuiltin.ZZ64
/home/user/fortress/Library/FortressLibrary.fsi:505:19-21:
    Type name may refer to: FortressLibrary.ZZ64, CompilerBuiltin.ZZ64
/home/user/fortress/Library/FortressLibrary.fsi:506:19-21:
    Type name may refer to: FortressLibrary.ZZ64, CompilerBuiltin.ZZ64
/home/user/fortress/Library/FortressLibrary.fsi:507:20-22:
    Type name may refer to: FortressLibrary.ZZ64, CompilerBuiltin.ZZ64
/home/user/fortress/Library/FortressLibrary.fsi:508:20-22:
    Type name may refer to: FortressLibrary.ZZ64, CompilerBuiltin.ZZ64
/home/user/fortress/Library/FortressLibrary.fsi:509:21-23:
    Type name may refer to: FortressLibrary.ZZ64, CompilerBuiltin.ZZ64
/home/user/fortress/Library/FortressLibrary.fsi:509:28-41:
    Type name may refer to: FortressLibrary.TotalComparison, CompilerBuiltin.TotalComparison
/home/user/fortress/Library/FortressLibrary.fsi:511:17-19:
    Type name may refer to: FortressLibrary.ZZ64, CompilerBuiltin.ZZ64
/home/user/fortress/Library/FortressLibrary.fsi:512:18-20:
    Type name may refer to: FortressLibrary.ZZ64, CompilerBuiltin.ZZ64
/home/user/fortress/Library/FortressLibrary.fsi:512:24-26:
    Type name may refer to: FortressLibrary.ZZ64, CompilerBuiltin.ZZ64
/home/user/fortress/Library/FortressLibrary.fsi:513:18-20:
    Type name may refer to: FortressLibrary.ZZ64, CompilerBuiltin.ZZ64
/home/user/fortress/Library/FortressLibrary.fsi:513:24-26:
    Type name may refer to: FortressLibrary.ZZ64, CompilerBuiltin.ZZ64
/home/user/fortress/Library/FortressLibrary.fsi:514:20-22:
    Type name may refer to: FortressLibrary.ZZ64, CompilerBuiltin.ZZ64
/home/user/fortress/Library/FortressLibrary.fsi:514:26-28:
    Type name may refer to: FortressLibrary.ZZ64, CompilerBuiltin.ZZ64
/home/user/fortress/Library/FortressLibrary.fsi:515:22-24:
    Type name may refer to: FortressLibrary.ZZ64, CompilerBuiltin.ZZ64
/home/user/fortress/Library/FortressLibrary.fsi:515:28-30:
    Type name may refer to: FortressLibrary.ZZ64, CompilerBuiltin.ZZ64
/home/user/fortress/Library/FortressLibrary.fsi:516:30-32:
    Type name may refer to: FortressLibrary.ZZ64, CompilerBuiltin.ZZ64
/home/user/fortress/Library/FortressLibrary.fsi:516:36-38:
    Type name may refer to: FortressLibrary.ZZ64, CompilerBuiltin.ZZ64
/home/user/fortress/Library/FortressLibrary.fsi:517:20-22:
    Type name may refer to: FortressLibrary.ZZ64, CompilerBuiltin.ZZ64
/home/user/fortress/Library/FortressLibrary.fsi:517:26-28:
    Type name may refer to: FortressLibrary.ZZ64, CompilerBuiltin.ZZ64
/home/user/fortress/Library/FortressLibrary.fsi:518:20-22:
    Type name may refer to: FortressLibrary.ZZ64, CompilerBuiltin.ZZ64
/home/user/fortress/Library/FortressLibrary.fsi:518:26-28:
    Type name may refer to: FortressLibrary.ZZ64, CompilerBuiltin.ZZ64
/home/user/fortress/Library/FortressLibrary.fsi:519:20-22:
    Type name may refer to: FortressLibrary.ZZ64, CompilerBuiltin.ZZ64
/home/user/fortress/Library/FortressLibrary.fsi:519:26-28:
    Type name may refer to: FortressLibrary.ZZ64, CompilerBuiltin.ZZ64
/home/user/fortress/Library/FortressLibrary.fsi:520:20-22:
    Type name may refer to: FortressLibrary.ZZ64, CompilerBuiltin.ZZ64
/home/user/fortress/Library/FortressLibrary.fsi:520:26-28:
    Type name may refer to: FortressLibrary.ZZ64, CompilerBuiltin.ZZ64
/home/user/fortress/Library/FortressLibrary.fsi:521:20-22:
    Type name may refer to: FortressLibrary.ZZ64, CompilerBuiltin.ZZ64
/home/user/fortress/Library/FortressLibrary.fsi:521:26-28:
    Type name may refer to: FortressLibrary.ZZ64, CompilerBuiltin.ZZ64
/home/user/fortress/Library/FortressLibrary.fsi:522:23-25:
    Type name may refer to: FortressLibrary.ZZ64, CompilerBuiltin.ZZ64
/home/user/fortress/Library/FortressLibrary.fsi:522:29-31:
    Type name may refer to: FortressLibrary.ZZ64, CompilerBuiltin.ZZ64
/home/user/fortress/Library/FortressLibrary.fsi:523:23-25:
    Type name may refer to: FortressLibrary.ZZ64, CompilerBuiltin.ZZ64
/home/user/fortress/Library/FortressLibrary.fsi:523:29-31:
    Type name may refer to: FortressLibrary.ZZ64, CompilerBuiltin.ZZ64
/home/user/fortress/Library/FortressLibrary.fsi:524:22-24:
    Type name may refer to: FortressLibrary.ZZ64, CompilerBuiltin.ZZ64
/home/user/fortress/Library/FortressLibrary.fsi:524:28-30:
    Type name may refer to: FortressLibrary.ZZ64, CompilerBuiltin.ZZ64
/home/user/fortress/Library/FortressLibrary.fsi:525:23-25:
    Type name may refer to: FortressLibrary.ZZ64, CompilerBuiltin.ZZ64
/home/user/fortress/Library/FortressLibrary.fsi:525:29-31:
    Type name may refer to: FortressLibrary.ZZ64, CompilerBuiltin.ZZ64
/home/user/fortress/Library/FortressLibrary.fsi:526:23-25:
    Type name may refer to: FortressLibrary.ZZ64, CompilerBuiltin.ZZ64
/home/user/fortress/Library/FortressLibrary.fsi:526:29-31:
    Type name may refer to: FortressLibrary.ZZ64, CompilerBuiltin.ZZ64
/home/user/fortress/Library/FortressLibrary.fsi:527:23-25:
    Type name may refer to: FortressLibrary.ZZ64, CompilerBuiltin.ZZ64
/home/user/fortress/Library/FortressLibrary.fsi:527:29-31:
    Type name may refer to: FortressLibrary.ZZ64, CompilerBuiltin.ZZ64
/home/user/fortress/Library/FortressLibrary.fsi:528:22-24:
    Type name may refer to: FortressLibrary.ZZ64, CompilerBuiltin.ZZ64
/home/user/fortress/Library/FortressLibrary.fsi:529:18-20:
    Type name may refer to: FortressLibrary.ZZ32, CompilerBuiltin.ZZ32
/home/user/fortress/Library/FortressLibrary.fsi:530:15:
    Type name may refer to: FortressLibrary.ZZ, CompilerBuiltin.ZZ
/home/user/fortress/Library/FortressLibrary.fsi:533:7:
    Type name may refer to: FortressLibrary.ZZ, CompilerBuiltin.ZZ
/home/user/fortress/Library/FortressLibrary.fsi:533:30:
    Type name may refer to: FortressLibrary.ZZ, CompilerBuiltin.ZZ
/home/user/fortress/Library/FortressLibrary.fsi:533:49-53:
    BigNum is undefined.
/home/user/fortress/Library/FortressLibrary.fsi:533:57-59:
    Type name may refer to: FortressLibrary.ZZ64, CompilerBuiltin.ZZ64
/home/user/fortress/Library/FortressLibrary.fsi:533:63-65:
    Type name may refer to: FortressLibrary.NN64, CompilerBuiltin.NN64
/home/user/fortress/Library/FortressLibrary.fsi:534:22:
    Type name may refer to: FortressLibrary.ZZ, CompilerBuiltin.ZZ
/home/user/fortress/Library/FortressLibrary.fsi:535:22:
    Type name may refer to: FortressLibrary.ZZ, CompilerBuiltin.ZZ
/home/user/fortress/Library/FortressLibrary.fsi:536:19-21:
    Type name may refer to: FortressLibrary.ZZ32, CompilerBuiltin.ZZ32
/home/user/fortress/Library/FortressLibrary.fsi:537:18-20:
    Type name may refer to: FortressLibrary.ZZ64, CompilerBuiltin.ZZ64
/home/user/fortress/Library/FortressLibrary.fsi:598:7-14:
    Type name may refer to: FortressLibrary.Generator, CompilerBuiltin.Generator
/home/user/fortress/Library/FortressLibrary.fsi:599:20-24:
    Type name may refer to: FortressLibrary.Number, CompilerBuiltin.Number
/home/user/fortress/Library/FortressLibrary.fsi:603:23-30:
    Type name may refer to: FortressLibrary.Generator, CompilerBuiltin.Generator
/home/user/fortress/Library/FortressLibrary.fsi:620:31-38:
    Type name may refer to: FortressLibrary.Reduction, CompilerBuiltin.Reduction
/home/user/fortress/Library/FortressLibrary.fsi:628:24-31:
    Type name may refer to: FortressLibrary.Generator, CompilerBuiltin.Generator
/home/user/fortress/Library/FortressLibrary.fsi:631:16-33:
    Type name may refer to: FortressLibrary.SequentialGenerator, CompilerBuiltin.SequentialGenerator
/home/user/fortress/Library/FortressLibrary.fsi:643:23-30:
    Type name may refer to: FortressLibrary.Generator, CompilerBuiltin.Generator
/home/user/fortress/Library/FortressLibrary.fsi:643:40-47:
    Type name may refer to: FortressLibrary.Generator, CompilerBuiltin.Generator
/home/user/fortress/Library/FortressLibrary.fsi:648:20-27:
    Type name may refer to: FortressLibrary.Condition, CompilerBuiltin.Condition
/home/user/fortress/Library/FortressLibrary.fsi:648:38-45:
    Type name may refer to: FortressLibrary.Generator, CompilerBuiltin.Generator
/home/user/fortress/Library/FortressLibrary.fsi:677:19-26:
    Type name may refer to: FortressLibrary.Generator, CompilerBuiltin.Generator
/home/user/fortress/Library/FortressLibrary.fsi:677:36-43:
    Type name may refer to: FortressLibrary.Generator, CompilerBuiltin.Generator
/home/user/fortress/Library/FortressLibrary.fsi:688:15-22:
    Type name may refer to: FortressLibrary.Reduction, CompilerBuiltin.Reduction
/home/user/fortress/Library/FortressLibrary.fsi:701:21-28:
    Type name may refer to: FortressLibrary.Generator, CompilerBuiltin.Generator
/home/user/fortress/Library/FortressLibrary.fsi:701:40-47:
    Type name may refer to: FortressLibrary.Reduction, CompilerBuiltin.Reduction
/home/user/fortress/Library/FortressLibrary.fsi:703:17-24:
    Type name may refer to: FortressLibrary.Generator, CompilerBuiltin.Generator
/home/user/fortress/Library/FortressLibrary.fsi:703:38-45:
    Type name may refer to: FortressLibrary.Condition, CompilerBuiltin.Condition
/home/user/fortress/Library/FortressLibrary.fsi:703:56-63:
    Type name may refer to: FortressLibrary.Generator, CompilerBuiltin.Generator
/home/user/fortress/Library/FortressLibrary.fsi:705:58-65:
    Type name may refer to: FortressLibrary.Generator, CompilerBuiltin.Generator
/home/user/fortress/Library/FortressLibrary.fsi:707:69-76:
    Type name may refer to: FortressLibrary.Reduction, CompilerBuiltin.Reduction
/home/user/fortress/Library/FortressLibrary.fsi:738:53-60:
    Type name may refer to: FortressLibrary.Generator, CompilerBuiltin.Generator
/home/user/fortress/Library/FortressLibrary.fsi:741:20-27:
    Type name may refer to: FortressLibrary.Generator, CompilerBuiltin.Generator
/home/user/fortress/Library/FortressLibrary.fsi:751:17-24:
    Type name may refer to: FortressLibrary.Condition, CompilerBuiltin.Condition
/home/user/fortress/Library/FortressLibrary.fsi:752:15-22:
    Type name may refer to: FortressLibrary.Condition, CompilerBuiltin.Condition
/home/user/fortress/Library/FortressLibrary.fsi:755:20-27:
    Type name may refer to: FortressLibrary.Condition, CompilerBuiltin.Condition
/home/user/fortress/Library/FortressLibrary.fsi:757:7-24:
    Type name may refer to: FortressLibrary.SequentialGenerator, CompilerBuiltin.SequentialGenerator
/home/user/fortress/Library/FortressLibrary.fsi:757:42-49:
    Type name may refer to: FortressLibrary.Generator, CompilerBuiltin.Generator
/home/user/fortress/Library/FortressLibrary.fsi:758:16-33:
    Type name may refer to: FortressLibrary.SequentialGenerator, CompilerBuiltin.SequentialGenerator
/home/user/fortress/Library/FortressLibrary.fsi:759:24-41:
    Type name may refer to: FortressLibrary.SequentialGenerator, CompilerBuiltin.SequentialGenerator
/home/user/fortress/Library/FortressLibrary.fsi:760:23-30:
    Type name may refer to: FortressLibrary.Generator, CompilerBuiltin.Generator
/home/user/fortress/Library/FortressLibrary.fsi:760:40-47:
    Type name may refer to: FortressLibrary.Generator, CompilerBuiltin.Generator
/home/user/fortress/Library/FortressLibrary.fsi:761:18-25:
    Type name may refer to: FortressLibrary.Generator, CompilerBuiltin.Generator
/home/user/fortress/Library/FortressLibrary.fsi:761:35-42:
    Type name may refer to: FortressLibrary.Generator, CompilerBuiltin.Generator
/home/user/fortress/Library/FortressLibrary.fsi:767:7-14:
    Type name may refer to: FortressLibrary.Condition, CompilerBuiltin.Condition
/home/user/fortress/Library/FortressLibrary.fsi:767:30-47:
    Type name may refer to: FortressLibrary.SequentialGenerator, CompilerBuiltin.SequentialGenerator
/home/user/fortress/Library/FortressLibrary.fsi:771:20-22:
    Type name may refer to: FortressLibrary.ZZ32, CompilerBuiltin.ZZ32
/home/user/fortress/Library/FortressLibrary.fsi:772:28-34:
    Type name may refer to: FortressLibrary.NotFound, CompilerLibrary.NotFound
/home/user/fortress/Library/FortressLibrary.fsi:773:40-42:
    Type name may refer to: FortressLibrary.ZZ32, CompilerBuiltin.ZZ32
/home/user/fortress/Library/FortressLibrary.fsi:774:41-43:
    Type name may refer to: FortressLibrary.ZZ32, CompilerBuiltin.ZZ32
/home/user/fortress/Library/FortressLibrary.fsi:775:31-38:
    Type name may refer to: FortressLibrary.Generator, CompilerBuiltin.Generator
/home/user/fortress/Library/FortressLibrary.fsi:776:17-19:
    Type name may refer to: FortressLibrary.ZZ32, CompilerBuiltin.ZZ32
/home/user/fortress/Library/FortressLibrary.fsi:777:12-14:
    Type name may refer to: FortressLibrary.ZZ32, CompilerBuiltin.ZZ32
/home/user/fortress/Library/FortressLibrary.fsi:777:27-33:
    Type name may refer to: FortressLibrary.NotFound, CompilerLibrary.NotFound
/home/user/fortress/Library/FortressLibrary.fsi:785:21-28:
    Type name may refer to: FortressLibrary.Reduction, CompilerBuiltin.Reduction
/home/user/fortress/Library/FortressLibrary.fsi:786:24-31:
    Type name may refer to: FortressLibrary.Generator, CompilerBuiltin.Generator
/home/user/fortress/Library/FortressLibrary.fsi:787:20-22:
    Type name may refer to: FortressLibrary.ZZ32, CompilerBuiltin.ZZ32
/home/user/fortress/Library/FortressLibrary.fsi:787:33-40:
    Type name may refer to: FortressLibrary.Generator, CompilerBuiltin.Generator
/home/user/fortress/Library/FortressLibrary.fsi:788:23-30:
    Type name may refer to: FortressLibrary.Generator, CompilerBuiltin.Generator
/home/user/fortress/Library/FortressLibrary.fsi:788:40-47:
    Type name may refer to: FortressLibrary.Generator, CompilerBuiltin.Generator
/home/user/fortress/Library/FortressLibrary.fsi:789:19-26:
    Type name may refer to: FortressLibrary.Generator, CompilerBuiltin.Generator
/home/user/fortress/Library/FortressLibrary.fsi:789:36-43:
    Type name may refer to: FortressLibrary.Generator, CompilerBuiltin.Generator
/home/user/fortress/Library/FortressLibrary.fsi:792:15-22:
    Type name may refer to: FortressLibrary.Reduction, CompilerBuiltin.Reduction
/home/user/fortress/Library/FortressLibrary.fsi:798:24-31:
    Type name may refer to: FortressLibrary.Condition, CompilerBuiltin.Condition
/home/user/fortress/Library/FortressLibrary.fsi:798:47-54:
    Type name may refer to: FortressLibrary.Condition, CompilerBuiltin.Condition
/home/user/fortress/Library/FortressLibrary.fsi:798:68-75:
    Type name may refer to: FortressLibrary.Condition, CompilerBuiltin.Condition
/home/user/fortress/Library/FortressLibrary.fsi:801:23-30:
    Type name may refer to: FortressLibrary.Condition, CompilerBuiltin.Condition
/home/user/fortress/Library/FortressLibrary.fsi:801:46-53:
    Type name may refer to: FortressLibrary.Condition, CompilerBuiltin.Condition
/home/user/fortress/Library/FortressLibrary.fsi:801:67-74:
    Type name may refer to: FortressLibrary.Condition, CompilerBuiltin.Condition
/home/user/fortress/Library/FortressLibrary.fsi:803:19-26:
    Type name may refer to: FortressLibrary.Generator, CompilerBuiltin.Generator
/home/user/fortress/Library/FortressLibrary.fsi:803:35-52:
    Type name may refer to: FortressLibrary.SequentialGenerator, CompilerBuiltin.SequentialGenerator
/home/user/fortress/Library/FortressLibrary.fsi:813:79-83:
    Type name may refer to: FortressLibrary.Number, CompilerBuiltin.Number
/home/user/fortress/Library/FortressLibrary.fsi:830:29-36:
    Type name may refer to: FortressLibrary.Condition, CompilerBuiltin.Condition
/home/user/fortress/Library/FortressLibrary.fsi:836:20-22:
    Type name may refer to: FortressLibrary.ZZ32, CompilerBuiltin.ZZ32
/home/user/fortress/Library/FortressLibrary.fsi:839:18-20:
    Type name may refer to: FortressLibrary.ZZ32, CompilerBuiltin.ZZ32
/home/user/fortress/Library/FortressLibrary.fsi:842:21-28:
    Type name may refer to: FortressLibrary.Reduction, CompilerBuiltin.Reduction
/home/user/fortress/Library/FortressLibrary.fsi:843:11-13:
    Type name may refer to: FortressLibrary.ZZ32, CompilerBuiltin.ZZ32
/home/user/fortress/Library/FortressLibrary.fsi:844:11-14:
    Type name may refer to: FortressLibrary.Range, CompilerLibrary.Range
/home/user/fortress/Library/FortressLibrary.fsi:846:19-26:
    Type name may refer to: FortressLibrary.Generator, CompilerBuiltin.Generator
/home/user/fortress/Library/FortressLibrary.fsi:846:36-43:
    Type name may refer to: FortressLibrary.Generator, CompilerBuiltin.Generator
/home/user/fortress/Library/FortressLibrary.fsi:849:15-22:
    Type name may refer to: FortressLibrary.Reduction, CompilerBuiltin.Reduction
/home/user/fortress/Library/FortressLibrary.fsi:860:20-22:
    Type name may refer to: FortressLibrary.ZZ32, CompilerBuiltin.ZZ32
/home/user/fortress/Library/FortressLibrary.fsi:863:18-20:
    Type name may refer to: FortressLibrary.ZZ32, CompilerBuiltin.ZZ32
/home/user/fortress/Library/FortressLibrary.fsi:866:21-28:
    Type name may refer to: FortressLibrary.Reduction, CompilerBuiltin.Reduction
/home/user/fortress/Library/FortressLibrary.fsi:867:11-13:
    Type name may refer to: FortressLibrary.ZZ32, CompilerBuiltin.ZZ32
/home/user/fortress/Library/FortressLibrary.fsi:868:11-14:
    Type name may refer to: FortressLibrary.Range, CompilerLibrary.Range
/home/user/fortress/Library/FortressLibrary.fsi:870:19-26:
    Type name may refer to: FortressLibrary.Generator, CompilerBuiltin.Generator
/home/user/fortress/Library/FortressLibrary.fsi:870:36-43:
    Type name may refer to: FortressLibrary.Generator, CompilerBuiltin.Generator
/home/user/fortress/Library/FortressLibrary.fsi:874:15-22:
    Type name may refer to: FortressLibrary.Reduction, CompilerBuiltin.Reduction
/home/user/fortress/Library/FortressLibrary.fsi:882:70-74:
    Type name may refer to: FortressLibrary.Number, CompilerBuiltin.Number
/home/user/fortress/Library/FortressLibrary.fsi:893:34-41:
    Type name may refer to: FortressLibrary.Condition, CompilerBuiltin.Condition
/home/user/fortress/Library/FortressLibrary.fsi:901:19-21:
    Type name may refer to: FortressLibrary.ZZ32, CompilerBuiltin.ZZ32
/home/user/fortress/Library/FortressLibrary.fsi:904:23-27:
    Type name may refer to: FortressLibrary.String, CompilerBuiltin.String
/home/user/fortress/Library/FortressLibrary.fsi:905:18-20:
    Type name may refer to: FortressLibrary.ZZ32, CompilerBuiltin.ZZ32
/home/user/fortress/Library/FortressLibrary.fsi:908:21-28:
    Type name may refer to: FortressLibrary.Reduction, CompilerBuiltin.Reduction
/home/user/fortress/Library/FortressLibrary.fsi:909:11-13:
    Type name may refer to: FortressLibrary.ZZ32, CompilerBuiltin.ZZ32
/home/user/fortress/Library/FortressLibrary.fsi:912:19-26:
    Type name may refer to: FortressLibrary.Generator, CompilerBuiltin.Generator
/home/user/fortress/Library/FortressLibrary.fsi:912:36-43:
    Type name may refer to: FortressLibrary.Generator, CompilerBuiltin.Generator
/home/user/fortress/Library/FortressLibrary.fsi:916:15-22:
    Type name may refer to: FortressLibrary.Reduction, CompilerBuiltin.Reduction
/home/user/fortress/Library/FortressLibrary.fsi:927:24-28:
    Type name may refer to: FortressLibrary.String, CompilerBuiltin.String
/home/user/fortress/Library/FortressLibrary.fsi:935:23-30:
    Type name may refer to: FortressLibrary.Generator, CompilerBuiltin.Generator
/home/user/fortress/Library/FortressLibrary.fsi:940:24-28:
    Type name may refer to: FortressLibrary.String, CompilerBuiltin.String
/home/user/fortress/Library/FortressLibrary.fsi:948:23-30:
    Type name may refer to: FortressLibrary.Generator, CompilerBuiltin.Generator
/home/user/fortress/Library/FortressLibrary.fsi:954:7-14:
    Type name may refer to: FortressLibrary.Exception, CompilerBuiltin.Exception
/home/user/fortress/Library/FortressLibrary.fsi:954:29-45:
    Type name may refer to: FortressLibrary.UncheckedException, CompilerBuiltin.UncheckedException
/home/user/fortress/Library/FortressLibrary.fsi:954:49-63:
    Type name may refer to: FortressLibrary.CheckedException, CompilerBuiltin.CheckedException
/home/user/fortress/Library/FortressLibrary.fsi:959:7-23:
    Type name may refer to: FortressLibrary.UncheckedException, CompilerBuiltin.UncheckedException
/home/user/fortress/Library/FortressLibrary.fsi:959:34-41:
    Type name may refer to: FortressLibrary.Exception, CompilerBuiltin.Exception
/home/user/fortress/Library/FortressLibrary.fsi:959:53-67:
    Type name may refer to: FortressLibrary.CheckedException, CompilerBuiltin.CheckedException
/home/user/fortress/Library/FortressLibrary.fsi:962:8-16:
    Type name may refer to: FortressLibrary.FailCalled, CompilerLibrary.FailCalled
/home/user/fortress/Library/FortressLibrary.fsi:962:21-25:
    Type name may refer to: FortressLibrary.String, CompilerBuiltin.String
/home/user/fortress/Library/FortressLibrary.fsi:962:37-53:
    Type name may refer to: FortressLibrary.UncheckedException, CompilerBuiltin.UncheckedException
/home/user/fortress/Library/FortressLibrary.fsi:965:8-20:
    Type name may refer to: FortressLibrary.DivisionByZero, CompilerBuiltin.DivisionByZero
/home/user/fortress/Library/FortressLibrary.fsi:965:31-47:
    Type name may refer to: FortressLibrary.UncheckedException, CompilerBuiltin.UncheckedException
/home/user/fortress/Library/FortressLibrary.fsi:968:8-20:
    Type name may refer to: FortressLibrary.UnpastingError, CompilerLibrary.UnpastingError
/home/user/fortress/Library/FortressLibrary.fsi:968:31-47:
    Type name may refer to: FortressLibrary.UncheckedException, CompilerBuiltin.UncheckedException
/home/user/fortress/Library/FortressLibrary.fsi:971:8-21:
    Type name may refer to: FortressLibrary.CallerViolation, CompilerLibrary.CallerViolation
/home/user/fortress/Library/FortressLibrary.fsi:971:32-48:
    Type name may refer to: FortressLibrary.UncheckedException, CompilerBuiltin.UncheckedException
/home/user/fortress/Library/FortressLibrary.fsi:974:8-21:
    Type name may refer to: FortressLibrary.CalleeViolation, CompilerLibrary.CalleeViolation
/home/user/fortress/Library/FortressLibrary.fsi:974:32-48:
    Type name may refer to: FortressLibrary.UncheckedException, CompilerBuiltin.UncheckedException
/home/user/fortress/Library/FortressLibrary.fsi:977:8-20:
    Type name may refer to: FortressLibrary.LabelException, CompilerLibrary.LabelException
/home/user/fortress/Library/FortressLibrary.fsi:977:31-47:
    Type name may refer to: FortressLibrary.UncheckedException, CompilerBuiltin.UncheckedException
/home/user/fortress/Library/FortressLibrary.fsi:980:8-17:
    Type name may refer to: FortressLibrary.TestFailure, CompilerLibrary.TestFailure
/home/user/fortress/Library/FortressLibrary.fsi:980:28-44:
    Type name may refer to: FortressLibrary.UncheckedException, CompilerBuiltin.UncheckedException
/home/user/fortress/Library/FortressLibrary.fsi:983:8-32:
    Type name may refer to: FortressLibrary.ContractHierarchyViolation, CompilerLibrary.ContractHierarchyViolation
/home/user/fortress/Library/FortressLibrary.fsi:983:43-59:
    Type name may refer to: FortressLibrary.UncheckedException, CompilerBuiltin.UncheckedException
/home/user/fortress/Library/FortressLibrary.fsi:986:8-27:
    Type name may refer to: FortressLibrary.NoEqualityOnFunctions, CompilerLibrary.NoEqualityOnFunctions
/home/user/fortress/Library/FortressLibrary.fsi:986:38-54:
    Type name may refer to: FortressLibrary.UncheckedException, CompilerBuiltin.UncheckedException
/home/user/fortress/Library/FortressLibrary.fsi:989:8-18:
    Type name may refer to: FortressLibrary.InvalidRange, CompilerLibrary.InvalidRange
/home/user/fortress/Library/FortressLibrary.fsi:989:29-45:
    Type name may refer to: FortressLibrary.UncheckedException, CompilerBuiltin.UncheckedException
/home/user/fortress/Library/FortressLibrary.fsi:992:8-24:
    Type name may refer to: FortressLibrary.ForbiddenException, CompilerLibrary.ForbiddenException
/home/user/fortress/Library/FortressLibrary.fsi:992:35-42:
    Type name may refer to: FortressLibrary.Exception, CompilerBuiltin.Exception
/home/user/fortress/Library/FortressLibrary.fsi:992:54-70:
    Type name may refer to: FortressLibrary.UncheckedException, CompilerBuiltin.UncheckedException
/home/user/fortress/Library/FortressLibrary.fsi:996:8-14:
    Type name may refer to: FortressLibrary.NotFound, CompilerLibrary.NotFound
/home/user/fortress/Library/FortressLibrary.fsi:996:25-41:
    Type name may refer to: FortressLibrary.UncheckedException, CompilerBuiltin.UncheckedException
/home/user/fortress/Library/FortressLibrary.fsi:999:36-39:
    Type name may refer to: FortressLibrary.Range, CompilerLibrary.Range
/home/user/fortress/Library/FortressLibrary.fsi:999:64-80:
    Type name may refer to: FortressLibrary.UncheckedException, CompilerBuiltin.UncheckedException
/home/user/fortress/Library/FortressLibrary.fsi:1002:8-20:
    Type name may refer to: FortressLibrary.EmptyReduction, CompilerLibrary.EmptyReduction
/home/user/fortress/Library/FortressLibrary.fsi:1002:31-47:
    Type name may refer to: FortressLibrary.UncheckedException, CompilerBuiltin.UncheckedException
/home/user/fortress/Library/FortressLibrary.fsi:1005:8-20:
    Type name may refer to: FortressLibrary.NegativeLength, CompilerBuiltin.NegativeLength
/home/user/fortress/Library/FortressLibrary.fsi:1005:31-47:
    Type name may refer to: FortressLibrary.UncheckedException, CompilerBuiltin.UncheckedException
/home/user/fortress/Library/FortressLibrary.fsi:1008:8-21:
    Type name may refer to: FortressLibrary.IntegerOverflow, CompilerBuiltin.IntegerOverflow
/home/user/fortress/Library/FortressLibrary.fsi:1008:32-48:
    Type name may refer to: FortressLibrary.UncheckedException, CompilerBuiltin.UncheckedException
/home/user/fortress/Library/FortressLibrary.fsi:1011:8-29:
    Type name may refer to: FortressLibrary.RationalComparisonError, CompilerLibrary.RationalComparisonError
/home/user/fortress/Library/FortressLibrary.fsi:1011:40-56:
    Type name may refer to: FortressLibrary.UncheckedException, CompilerBuiltin.UncheckedException
/home/user/fortress/Library/FortressLibrary.fsi:1014:8-29:
    Type name may refer to: FortressLibrary.FloatingComparisonError, CompilerLibrary.FloatingComparisonError
/home/user/fortress/Library/FortressLibrary.fsi:1014:40-56:
    Type name may refer to: FortressLibrary.UncheckedException, CompilerBuiltin.UncheckedException
/home/user/fortress/Library/FortressLibrary.fsi:1019:7-21:
    Type name may refer to: FortressLibrary.CheckedException, CompilerBuiltin.CheckedException
/home/user/fortress/Library/FortressLibrary.fsi:1019:32-39:
    Type name may refer to: FortressLibrary.Exception, CompilerBuiltin.Exception
/home/user/fortress/Library/FortressLibrary.fsi:1019:51-67:
    Type name may refer to: FortressLibrary.UncheckedException, CompilerBuiltin.UncheckedException
/home/user/fortress/Library/FortressLibrary.fsi:1022:26-40:
    Type name may refer to: FortressLibrary.CheckedException, CompilerBuiltin.CheckedException
/home/user/fortress/Library/FortressLibrary.fsi:1025:8-15:
    Type name may refer to: FortressLibrary.IOFailure, CompilerBuiltin.IOFailure
/home/user/fortress/Library/FortressLibrary.fsi:1025:26-40:
    Type name may refer to: FortressLibrary.CheckedException, CompilerBuiltin.CheckedException
/home/user/fortress/Library/FortressLibrary.fsi:1028:8-18:
    Type name may refer to: FortressLibrary.MatchFailure, CompilerLibrary.MatchFailure
/home/user/fortress/Library/FortressLibrary.fsi:1028:29-43:
    Type name may refer to: FortressLibrary.CheckedException, CompilerBuiltin.CheckedException
/home/user/fortress/Library/FortressLibrary.fsi:1032:35-49:
    Type name may refer to: FortressLibrary.CheckedException, CompilerBuiltin.CheckedException
/home/user/fortress/Library/FortressLibrary.fsi:1035:27-41:
    Type name may refer to: FortressLibrary.CheckedException, CompilerBuiltin.CheckedException
/home/user/fortress/Library/FortressLibrary.fsi:1038:33-47:
    Type name may refer to: FortressLibrary.CheckedException, CompilerBuiltin.CheckedException
/home/user/fortress/Library/FortressLibrary.fsi:1041:35-49:
    Type name may refer to: FortressLibrary.CheckedException, CompilerBuiltin.CheckedException
/home/user/fortress/Library/FortressLibrary.fsi:1044:33-47:
    Type name may refer to: FortressLibrary.CheckedException, CompilerBuiltin.CheckedException
/home/user/fortress/Library/FortressLibrary.fsi:1047:33-47:
    Type name may refer to: FortressLibrary.CheckedException, CompilerBuiltin.CheckedException
/home/user/fortress/Library/FortressLibrary.fsi:1051:44-60:
    Type name may refer to: FortressLibrary.UncheckedException, CompilerBuiltin.UncheckedException
/home/user/fortress/Library/FortressLibrary.fsi:1058:54-58:
    Type name may refer to: FortressLibrary.Number, CompilerBuiltin.Number
/home/user/fortress/Library/FortressLibrary.fsi:1060:19-21:
    Type name may refer to: FortressLibrary.ZZ32, CompilerBuiltin.ZZ32
/home/user/fortress/Library/FortressLibrary.fsi:1066:10-12:
    Type name may refer to: FortressLibrary.ZZ32, CompilerBuiltin.ZZ32
/home/user/fortress/Library/FortressLibrary.fsi:1072:59-63:
    Type name may refer to: FortressLibrary.Number, CompilerBuiltin.Number
/home/user/fortress/Library/FortressLibrary.fsi:1072:67-71:
    Type name may refer to: FortressLibrary.String, CompilerBuiltin.String
/home/user/fortress/Library/FortressLibrary.fsi:1075:52-56:
    Type name may refer to: FortressLibrary.Number, CompilerBuiltin.Number
/home/user/fortress/Library/FortressLibrary.fsi:1075:60-64:
    Type name may refer to: FortressLibrary.String, CompilerBuiltin.String
/home/user/fortress/Library/FortressLibrary.fsi:1078:45-49:
    Type name may refer to: FortressLibrary.Number, CompilerBuiltin.Number
/home/user/fortress/Library/FortressLibrary.fsi:1078:53-57:
    Type name may refer to: FortressLibrary.String, CompilerBuiltin.String
/home/user/fortress/Library/FortressLibrary.fsi:1111:31-38:
    Type name may refer to: FortressLibrary.Generator, CompilerBuiltin.Generator
/home/user/fortress/Library/FortressLibrary.fsi:1117:29-31:
    Type name may refer to: FortressLibrary.ZZ32, CompilerBuiltin.ZZ32
/home/user/fortress/Library/FortressLibrary.fsi:1143:23-30:
    Type name may refer to: FortressLibrary.Generator, CompilerBuiltin.Generator
/home/user/fortress/Library/FortressLibrary.fsi:1146:27-29:
    Type name may refer to: FortressLibrary.ZZ32, CompilerBuiltin.ZZ32
/home/user/fortress/Library/FortressLibrary.fsi:1160:20-23:
    Type name may refer to: FortressLibrary.Range, CompilerLibrary.Range
/home/user/fortress/Library/FortressLibrary.fsi:1182:43-45:
    Type name may refer to: FortressLibrary.ZZ32, CompilerBuiltin.ZZ32
/home/user/fortress/Library/FortressLibrary.fsi:1183:33-35:
    Type name may refer to: FortressLibrary.ZZ32, CompilerBuiltin.ZZ32
/home/user/fortress/Library/FortressLibrary.fsi:1188:65-67:
    Type name may refer to: FortressLibrary.ZZ32, CompilerBuiltin.ZZ32
/home/user/fortress/Library/FortressLibrary.fsi:1189:20-22:
    Type name may refer to: FortressLibrary.ZZ32, CompilerBuiltin.ZZ32
/home/user/fortress/Library/FortressLibrary.fsi:1190:23-30:
    Type name may refer to: FortressLibrary.Generator, CompilerBuiltin.Generator
/home/user/fortress/Library/FortressLibrary.fsi:1191:18-20:
    Type name may refer to: FortressLibrary.ZZ32, CompilerBuiltin.ZZ32
/home/user/fortress/Library/FortressLibrary.fsi:1192:11-13:
    Type name may refer to: FortressLibrary.ZZ32, CompilerBuiltin.ZZ32
/home/user/fortress/Library/FortressLibrary.fsi:1193:11-14:
    Type name may refer to: FortressLibrary.Range, CompilerLibrary.Range
/home/user/fortress/Library/FortressLibrary.fsi:1198:29-42:
    Type name may refer to: FortressLibrary.TotalComparison, CompilerBuiltin.TotalComparison
/home/user/fortress/Library/FortressLibrary.fsi:1204:27-29:
    Type name may refer to: FortressLibrary.ZZ32, CompilerBuiltin.ZZ32
/home/user/fortress/Library/FortressLibrary.fsi:1204:45-47:
    Type name may refer to: FortressLibrary.ZZ32, CompilerBuiltin.ZZ32
/home/user/fortress/Library/FortressLibrary.fsi:1215:25-32:
    Type name may refer to: FortressLibrary.Generator, CompilerBuiltin.Generator
/home/user/fortress/Library/FortressLibrary.fsi:1216:20-22:
    Type name may refer to: FortressLibrary.ZZ32, CompilerBuiltin.ZZ32
/home/user/fortress/Library/FortressLibrary.fsi:1217:18-20:
    Type name may refer to: FortressLibrary.ZZ32, CompilerBuiltin.ZZ32
/home/user/fortress/Library/FortressLibrary.fsi:1218:22-29:
    Type name may refer to: FortressLibrary.Reduction, CompilerBuiltin.Reduction
/home/user/fortress/Library/FortressLibrary.fsi:1219:16-33:
    Type name may refer to: FortressLibrary.SequentialGenerator, CompilerBuiltin.SequentialGenerator
/home/user/fortress/Library/FortressLibrary.fsi:1220:19-26:
    Type name may refer to: FortressLibrary.Generator, CompilerBuiltin.Generator
/home/user/fortress/Library/FortressLibrary.fsi:1220:36-43:
    Type name may refer to: FortressLibrary.Generator, CompilerBuiltin.Generator
/home/user/fortress/Library/FortressLibrary.fsi:1223:15-22:
    Type name may refer to: FortressLibrary.Reduction, CompilerBuiltin.Reduction
/home/user/fortress/Library/FortressLibrary.fsi:1241:20-23:
    Type name may refer to: FortressLibrary.Range, CompilerLibrary.Range
/home/user/fortress/Library/FortressLibrary.fsi:1252:23-30:
    Type name may refer to: FortressLibrary.Generator, CompilerBuiltin.Generator
/home/user/fortress/Library/FortressLibrary.fsi:1268:22-29:
    Type name may refer to: FortressLibrary.Reduction, CompilerBuiltin.Reduction
/home/user/fortress/Library/FortressLibrary.fsi:1269:16-33:
    Type name may refer to: FortressLibrary.SequentialGenerator, CompilerBuiltin.SequentialGenerator
/home/user/fortress/Library/FortressLibrary.fsi:1281:20-23:
    Type name may refer to: FortressLibrary.Range, CompilerLibrary.Range
/home/user/fortress/Library/FortressLibrary.fsi:1308:20-23:
    Type name may refer to: FortressLibrary.Range, CompilerLibrary.Range
/home/user/fortress/Library/FortressLibrary.fsi:1326:11-14:
    Type name may refer to: FortressLibrary.Range, CompilerLibrary.Range
/home/user/fortress/Library/FortressLibrary.fsi:1328:20-23:
    Type name may refer to: FortressLibrary.Range, CompilerLibrary.Range
/home/user/fortress/Library/FortressLibrary.fsi:1345:14-16:
    Type name may refer to: FortressLibrary.ZZ32, CompilerBuiltin.ZZ32
/home/user/fortress/Library/FortressLibrary.fsi:1345:29-31:
    Type name may refer to: FortressLibrary.ZZ32, CompilerBuiltin.ZZ32
/home/user/fortress/Library/FortressLibrary.fsi:1346:14-16:
    Type name may refer to: FortressLibrary.ZZ32, CompilerBuiltin.ZZ32
/home/user/fortress/Library/FortressLibrary.fsi:1346:21-23:
    Type name may refer to: FortressLibrary.ZZ32, CompilerBuiltin.ZZ32
/home/user/fortress/Library/FortressLibrary.fsi:1346:37-39:
    Type name may refer to: FortressLibrary.ZZ32, CompilerBuiltin.ZZ32
/home/user/fortress/Library/FortressLibrary.fsi:1346:42-44:
    Type name may refer to: FortressLibrary.ZZ32, CompilerBuiltin.ZZ32
/home/user/fortress/Library/FortressLibrary.fsi:1347:14-16:
    Type name may refer to: FortressLibrary.ZZ32, CompilerBuiltin.ZZ32
/home/user/fortress/Library/FortressLibrary.fsi:1347:21-23:
    Type name may refer to: FortressLibrary.ZZ32, CompilerBuiltin.ZZ32
/home/user/fortress/Library/FortressLibrary.fsi:1347:28-30:
    Type name may refer to: FortressLibrary.ZZ32, CompilerBuiltin.ZZ32
/home/user/fortress/Library/FortressLibrary.fsi:1347:44-46:
    Type name may refer to: FortressLibrary.ZZ32, CompilerBuiltin.ZZ32
/home/user/fortress/Library/FortressLibrary.fsi:1347:49-51:
    Type name may refer to: FortressLibrary.ZZ32, CompilerBuiltin.ZZ32
/home/user/fortress/Library/FortressLibrary.fsi:1347:54-56:
    Type name may refer to: FortressLibrary.ZZ32, CompilerBuiltin.ZZ32
/home/user/fortress/Library/FortressLibrary.fsi:1351:23-25:
    Type name may refer to: FortressLibrary.ZZ32, CompilerBuiltin.ZZ32
/home/user/fortress/Library/FortressLibrary.fsi:1351:47-49:
    Type name may refer to: FortressLibrary.ZZ32, CompilerBuiltin.ZZ32
/home/user/fortress/Library/FortressLibrary.fsi:1352:23-25:
    Type name may refer to: FortressLibrary.ZZ32, CompilerBuiltin.ZZ32
/home/user/fortress/Library/FortressLibrary.fsi:1352:30-32:
    Type name may refer to: FortressLibrary.ZZ32, CompilerBuiltin.ZZ32
/home/user/fortress/Library/FortressLibrary.fsi:1352:55-57:
    Type name may refer to: FortressLibrary.ZZ32, CompilerBuiltin.ZZ32
/home/user/fortress/Library/FortressLibrary.fsi:1352:60-62:
    Type name may refer to: FortressLibrary.ZZ32, CompilerBuiltin.ZZ32
/home/user/fortress/Library/FortressLibrary.fsi:1353:23-25:
    Type name may refer to: FortressLibrary.ZZ32, CompilerBuiltin.ZZ32
/home/user/fortress/Library/FortressLibrary.fsi:1353:30-32:
    Type name may refer to: FortressLibrary.ZZ32, CompilerBuiltin.ZZ32
/home/user/fortress/Library/FortressLibrary.fsi:1353:37-39:
    Type name may refer to: FortressLibrary.ZZ32, CompilerBuiltin.ZZ32
/home/user/fortress/Library/FortressLibrary.fsi:1353:62-64:
    Type name may refer to: FortressLibrary.ZZ32, CompilerBuiltin.ZZ32
/home/user/fortress/Library/FortressLibrary.fsi:1353:67-69:
    Type name may refer to: FortressLibrary.ZZ32, CompilerBuiltin.ZZ32
/home/user/fortress/Library/FortressLibrary.fsi:1353:72-74:
    Type name may refer to: FortressLibrary.ZZ32, CompilerBuiltin.ZZ32
/home/user/fortress/Library/FortressLibrary.fsi:1355:23-25:
    Type name may refer to: FortressLibrary.ZZ32, CompilerBuiltin.ZZ32
/home/user/fortress/Library/FortressLibrary.fsi:1355:38-40:
    Type name may refer to: FortressLibrary.ZZ32, CompilerBuiltin.ZZ32
/home/user/fortress/Library/FortressLibrary.fsi:1357:32-34:
    Type name may refer to: FortressLibrary.ZZ32, CompilerBuiltin.ZZ32
/home/user/fortress/Library/FortressLibrary.fsi:1357:56-58:
    Type name may refer to: FortressLibrary.ZZ32, CompilerBuiltin.ZZ32
/home/user/fortress/Library/FortressLibrary.fsi:1382:13-15:
    Type name may refer to: FortressLibrary.ZZ32, CompilerBuiltin.ZZ32
/home/user/fortress/Library/FortressLibrary.fsi:1382:20-22:
    Type name may refer to: FortressLibrary.ZZ32, CompilerBuiltin.ZZ32
/home/user/fortress/Library/FortressLibrary.fsi:1382:25-27:
    Type name may refer to: FortressLibrary.ZZ32, CompilerBuiltin.ZZ32
/home/user/fortress/Library/FortressLibrary.fsi:1391:59-61:
    Type name may refer to: FortressLibrary.ZZ32, CompilerBuiltin.ZZ32
/home/user/fortress/Library/FortressLibrary.fsi:1393:19-21:
    Type name may refer to: FortressLibrary.ZZ32, CompilerBuiltin.ZZ32
/home/user/fortress/Library/FortressLibrary.fsi:1394:39-41:
    Type name may refer to: FortressLibrary.ZZ32, CompilerBuiltin.ZZ32
/home/user/fortress/Library/FortressLibrary.fsi:1395:34-38:
    Type name may refer to: FortressLibrary.String, CompilerBuiltin.String
/home/user/fortress/Library/FortressLibrary.fsi:1396:18-20:
    Type name may refer to: FortressLibrary.ZZ32, CompilerBuiltin.ZZ32
/home/user/fortress/Library/FortressLibrary.fsi:1398:40-42:
    Type name may refer to: FortressLibrary.ZZ32, CompilerBuiltin.ZZ32
/home/user/fortress/Library/FortressLibrary.fsi:1402:14-16:
    Type name may refer to: FortressLibrary.ZZ32, CompilerBuiltin.ZZ32
/home/user/fortress/Library/FortressLibrary.fsi:1402:20-22:
    Type name may refer to: FortressLibrary.ZZ32, CompilerBuiltin.ZZ32
/home/user/fortress/Library/FortressLibrary.fsi:1403:15-17:
    Type name may refer to: FortressLibrary.ZZ32, CompilerBuiltin.ZZ32
/home/user/fortress/Library/FortressLibrary.fsi:1403:21-23:
    Type name may refer to: FortressLibrary.ZZ32, CompilerBuiltin.ZZ32
/home/user/fortress/Library/FortressLibrary.fsi:1405:38-40:
    Type name may refer to: FortressLibrary.ZZ32, CompilerBuiltin.ZZ32
/home/user/fortress/Library/FortressLibrary.fsi:1409:72-74:
    Type name may refer to: FortressLibrary.ZZ32, CompilerBuiltin.ZZ32
/home/user/fortress/Library/FortressLibrary.fsi:1410:33-35:
    Type name may refer to: FortressLibrary.ZZ32, CompilerBuiltin.ZZ32
/home/user/fortress/Library/FortressLibrary.fsi:1411:25-29:
    Type name may refer to: FortressLibrary.String, CompilerBuiltin.String
/home/user/fortress/Library/FortressLibrary.fsi:1412:13-15:
    Type name may refer to: FortressLibrary.ZZ32, CompilerBuiltin.ZZ32
/home/user/fortress/Library/FortressLibrary.fsi:1412:38-40:
    Type name may refer to: FortressLibrary.ZZ32, CompilerBuiltin.ZZ32
/home/user/fortress/Library/FortressLibrary.fsi:1413:12-15:
    Type name may refer to: FortressLibrary.Range, CompilerLibrary.Range
/home/user/fortress/Library/FortressLibrary.fsi:1413:47-49:
    Type name may refer to: FortressLibrary.ZZ32, CompilerBuiltin.ZZ32
/home/user/fortress/Library/FortressLibrary.fsi:1414:22-24:
    Type name may refer to: FortressLibrary.ZZ32, CompilerBuiltin.ZZ32
/home/user/fortress/Library/FortressLibrary.fsi:1420:39-41:
    Type name may refer to: FortressLibrary.ZZ32, CompilerBuiltin.ZZ32
/home/user/fortress/Library/FortressLibrary.fsi:1430:19-21:
    Type name may refer to: FortressLibrary.ZZ32, CompilerBuiltin.ZZ32
/home/user/fortress/Library/FortressLibrary.fsi:1437:61-63:
    Type name may refer to: FortressLibrary.ZZ32, CompilerBuiltin.ZZ32
/home/user/fortress/Library/FortressLibrary.fsi:1438:15-19:
    Type name may refer to: FortressLibrary.Number, CompilerBuiltin.Number
/home/user/fortress/Library/FortressLibrary.fsi:1438:23-27:
    Type name may refer to: FortressLibrary.String, CompilerBuiltin.String
/home/user/fortress/Library/FortressLibrary.fsi:1440:25-29:
    Type name may refer to: FortressLibrary.String, CompilerBuiltin.String
/home/user/fortress/Library/FortressLibrary.fsi:1442:13-15:
    Type name may refer to: FortressLibrary.ZZ32, CompilerBuiltin.ZZ32
/home/user/fortress/Library/FortressLibrary.fsi:1442:29-31:
    Type name may refer to: FortressLibrary.ZZ32, CompilerBuiltin.ZZ32
/home/user/fortress/Library/FortressLibrary.fsi:1444:12-15:
    Type name may refer to: FortressLibrary.Range, CompilerLibrary.Range
/home/user/fortress/Library/FortressLibrary.fsi:1444:38-40:
    Type name may refer to: FortressLibrary.ZZ32, CompilerBuiltin.ZZ32
/home/user/fortress/Library/FortressLibrary.fsi:1445:22-24:
    Type name may refer to: FortressLibrary.ZZ32, CompilerBuiltin.ZZ32
/home/user/fortress/Library/FortressLibrary.fsi:1448:39-41:
    Type name may refer to: FortressLibrary.ZZ32, CompilerBuiltin.ZZ32
/home/user/fortress/Library/FortressLibrary.fsi:1455:19-21:
    Type name may refer to: FortressLibrary.ZZ32, CompilerBuiltin.ZZ32
/home/user/fortress/Library/FortressLibrary.fsi:1460:25-29:
    Type name may refer to: FortressLibrary.Number, CompilerBuiltin.Number
/home/user/fortress/Library/FortressLibrary.fsi:1486:23-25:
    Type name may refer to: FortressLibrary.ZZ32, CompilerBuiltin.ZZ32
/home/user/fortress/Library/FortressLibrary.fsi:1491:19-23:
    Type name may refer to: FortressLibrary.Number, CompilerBuiltin.Number
/home/user/fortress/Library/FortressLibrary.fsi:1492:19-23:
    Type name may refer to: FortressLibrary.Number, CompilerBuiltin.Number
/home/user/fortress/Library/FortressLibrary.fsi:1493:19-23:
    Type name may refer to: FortressLibrary.Number, CompilerBuiltin.Number
/home/user/fortress/Library/FortressLibrary.fsi:1493:38-40:
    Type name may refer to: FortressLibrary.ZZ32, CompilerBuiltin.ZZ32
/home/user/fortress/Library/FortressLibrary.fsi:1496:19-23:
    Type name may refer to: FortressLibrary.Number, CompilerBuiltin.Number
/home/user/fortress/Library/FortressLibrary.fsi:1499:19-23:
    Type name may refer to: FortressLibrary.Number, CompilerBuiltin.Number
/home/user/fortress/Library/FortressLibrary.fsi:1502:19-23:
    Type name may refer to: FortressLibrary.Number, CompilerBuiltin.Number
/home/user/fortress/Library/FortressLibrary.fsi:1505:18-22:
    Type name may refer to: FortressLibrary.Number, CompilerBuiltin.Number
/home/user/fortress/Library/FortressLibrary.fsi:1508:21-25:
    Type name may refer to: FortressLibrary.Number, CompilerBuiltin.Number
/home/user/fortress/Library/FortressLibrary.fsi:1511:31-35:
    Type name may refer to: FortressLibrary.Number, CompilerBuiltin.Number
/home/user/fortress/Library/FortressLibrary.fsi:1514:21-25:
    Type name may refer to: FortressLibrary.Number, CompilerBuiltin.Number
/home/user/fortress/Library/FortressLibrary.fsi:1517:31-35:
    Type name may refer to: FortressLibrary.Number, CompilerBuiltin.Number
/home/user/fortress/Library/FortressLibrary.fsi:1520:21-25:
    Type name may refer to: FortressLibrary.Number, CompilerBuiltin.Number
/home/user/fortress/Library/FortressLibrary.fsi:1523:31-35:
    Type name may refer to: FortressLibrary.Number, CompilerBuiltin.Number
/home/user/fortress/Library/FortressLibrary.fsi:1526:24-28:
    Type name may refer to: FortressLibrary.Number, CompilerBuiltin.Number
/home/user/fortress/Library/FortressLibrary.fsi:1528:20-24:
    Type name may refer to: FortressLibrary.Number, CompilerBuiltin.Number
/home/user/fortress/Library/FortressLibrary.fsi:1528:59-61:
    Type name may refer to: FortressLibrary.RR64, CompilerBuiltin.RR64
/home/user/fortress/Library/FortressLibrary.fsi:1539:68-70:
    Type name may refer to: FortressLibrary.ZZ32, CompilerBuiltin.ZZ32
/home/user/fortress/Library/FortressLibrary.fsi:1539:73-75:
    Type name may refer to: FortressLibrary.ZZ32, CompilerBuiltin.ZZ32
/home/user/fortress/Library/FortressLibrary.fsi:1540:16-20:
    Type name may refer to: FortressLibrary.Number, CompilerBuiltin.Number
/home/user/fortress/Library/FortressLibrary.fsi:1540:24-28:
    Type name may refer to: FortressLibrary.String, CompilerBuiltin.String
/home/user/fortress/Library/FortressLibrary.fsi:1541:17-19:
    Type name may refer to: FortressLibrary.ZZ32, CompilerBuiltin.ZZ32
/home/user/fortress/Library/FortressLibrary.fsi:1542:19-21:
    Type name may refer to: FortressLibrary.ZZ32, CompilerBuiltin.ZZ32
/home/user/fortress/Library/FortressLibrary.fsi:1542:24-26:
    Type name may refer to: FortressLibrary.ZZ32, CompilerBuiltin.ZZ32
/home/user/fortress/Library/FortressLibrary.fsi:1543:38-40:
    Type name may refer to: FortressLibrary.ZZ32, CompilerBuiltin.ZZ32
/home/user/fortress/Library/FortressLibrary.fsi:1543:43-45:
    Type name may refer to: FortressLibrary.ZZ32, CompilerBuiltin.ZZ32
/home/user/fortress/Library/FortressLibrary.fsi:1544:16-18:
    Type name may refer to: FortressLibrary.ZZ32, CompilerBuiltin.ZZ32
/home/user/fortress/Library/FortressLibrary.fsi:1546:14-16:
    Type name may refer to: FortressLibrary.ZZ32, CompilerBuiltin.ZZ32
/home/user/fortress/Library/FortressLibrary.fsi:1546:19-21:
    Type name may refer to: FortressLibrary.ZZ32, CompilerBuiltin.ZZ32
/home/user/fortress/Library/FortressLibrary.fsi:1546:27-29:
    Type name may refer to: FortressLibrary.ZZ32, CompilerBuiltin.ZZ32
/home/user/fortress/Library/FortressLibrary.fsi:1546:32-34:
    Type name may refer to: FortressLibrary.ZZ32, CompilerBuiltin.ZZ32
/home/user/fortress/Library/FortressLibrary.fsi:1547:15-17:
    Type name may refer to: FortressLibrary.ZZ32, CompilerBuiltin.ZZ32
/home/user/fortress/Library/FortressLibrary.fsi:1547:20-22:
    Type name may refer to: FortressLibrary.ZZ32, CompilerBuiltin.ZZ32
/home/user/fortress/Library/FortressLibrary.fsi:1547:28-30:
    Type name may refer to: FortressLibrary.ZZ32, CompilerBuiltin.ZZ32
/home/user/fortress/Library/FortressLibrary.fsi:1547:33-35:
    Type name may refer to: FortressLibrary.ZZ32, CompilerBuiltin.ZZ32
/home/user/fortress/Library/FortressLibrary.fsi:1548:9-11:
    Type name may refer to: FortressLibrary.ZZ32, CompilerBuiltin.ZZ32
/home/user/fortress/Library/FortressLibrary.fsi:1548:16-18:
    Type name may refer to: FortressLibrary.ZZ32, CompilerBuiltin.ZZ32
/home/user/fortress/Library/FortressLibrary.fsi:1549:9-12:
    Type name may refer to: FortressLibrary.Range, CompilerLibrary.Range
/home/user/fortress/Library/FortressLibrary.fsi:1549:42-44:
    Type name may refer to: FortressLibrary.ZZ32, CompilerBuiltin.ZZ32
/home/user/fortress/Library/FortressLibrary.fsi:1549:47-49:
    Type name may refer to: FortressLibrary.ZZ32, CompilerBuiltin.ZZ32
/home/user/fortress/Library/FortressLibrary.fsi:1550:20-22:
    Type name may refer to: FortressLibrary.ZZ32, CompilerBuiltin.ZZ32
/home/user/fortress/Library/FortressLibrary.fsi:1552:13-15:
    Type name may refer to: FortressLibrary.ZZ32, CompilerBuiltin.ZZ32
/home/user/fortress/Library/FortressLibrary.fsi:1552:18-20:
    Type name may refer to: FortressLibrary.ZZ32, CompilerBuiltin.ZZ32
/home/user/fortress/Library/FortressLibrary.fsi:1552:36-38:
    Type name may refer to: FortressLibrary.ZZ32, CompilerBuiltin.ZZ32
/home/user/fortress/Library/FortressLibrary.fsi:1552:41-43:
    Type name may refer to: FortressLibrary.ZZ32, CompilerBuiltin.ZZ32
/home/user/fortress/Library/FortressLibrary.fsi:1560:15-17:
    Type name may refer to: FortressLibrary.ZZ32, CompilerBuiltin.ZZ32
/home/user/fortress/Library/FortressLibrary.fsi:1560:24-26:
    Type name may refer to: FortressLibrary.ZZ32, CompilerBuiltin.ZZ32
/home/user/fortress/Library/FortressLibrary.fsi:1562:36-38:
    Type name may refer to: FortressLibrary.ZZ32, CompilerBuiltin.ZZ32
/home/user/fortress/Library/FortressLibrary.fsi:1562:41-43:
    Type name may refer to: FortressLibrary.ZZ32, CompilerBuiltin.ZZ32
/home/user/fortress/Library/FortressLibrary.fsi:1566:11-13:
    Type name may refer to: FortressLibrary.ZZ32, CompilerBuiltin.ZZ32
/home/user/fortress/Library/FortressLibrary.fsi:1566:17-19:
    Type name may refer to: FortressLibrary.ZZ32, CompilerBuiltin.ZZ32
/home/user/fortress/Library/FortressLibrary.fsi:1567:11-13:
    Type name may refer to: FortressLibrary.ZZ32, CompilerBuiltin.ZZ32
/home/user/fortress/Library/FortressLibrary.fsi:1567:17-19:
    Type name may refer to: FortressLibrary.ZZ32, CompilerBuiltin.ZZ32
/home/user/fortress/Library/FortressLibrary.fsi:1571:18-20:
    Type name may refer to: FortressLibrary.ZZ32, CompilerBuiltin.ZZ32
/home/user/fortress/Library/FortressLibrary.fsi:1571:23-25:
    Type name may refer to: FortressLibrary.ZZ32, CompilerBuiltin.ZZ32
/home/user/fortress/Library/FortressLibrary.fsi:1573:31-33:
    Type name may refer to: FortressLibrary.ZZ32, CompilerBuiltin.ZZ32
/home/user/fortress/Library/FortressLibrary.fsi:1573:36-38:
    Type name may refer to: FortressLibrary.ZZ32, CompilerBuiltin.ZZ32
/home/user/fortress/Library/FortressLibrary.fsi:1578:7-11:
    Type name may refer to: FortressLibrary.Matrix, CompilerLibrary.Matrix
/home/user/fortress/Library/FortressLibrary.fsi:1578:25-29:
    Type name may refer to: FortressLibrary.Number, CompilerBuiltin.Number
/home/user/fortress/Library/FortressLibrary.fsi:1579:72-76:
    Type name may refer to: FortressLibrary.Matrix, CompilerLibrary.Matrix
/home/user/fortress/Library/FortressLibrary.fsi:1581:19-23:
    Type name may refer to: FortressLibrary.Matrix, CompilerLibrary.Matrix
/home/user/fortress/Library/FortressLibrary.fsi:1581:39-43:
    Type name may refer to: FortressLibrary.Matrix, CompilerLibrary.Matrix
/home/user/fortress/Library/FortressLibrary.fsi:1582:19-23:
    Type name may refer to: FortressLibrary.Matrix, CompilerLibrary.Matrix
/home/user/fortress/Library/FortressLibrary.fsi:1582:39-43:
    Type name may refer to: FortressLibrary.Matrix, CompilerLibrary.Matrix
/home/user/fortress/Library/FortressLibrary.fsi:1583:18-22:
    Type name may refer to: FortressLibrary.Matrix, CompilerLibrary.Matrix
/home/user/fortress/Library/FortressLibrary.fsi:1584:19-23:
    Type name may refer to: FortressLibrary.Matrix, CompilerLibrary.Matrix
/home/user/fortress/Library/FortressLibrary.fsi:1585:28-32:
    Type name may refer to: FortressLibrary.Matrix, CompilerLibrary.Matrix
/home/user/fortress/Library/FortressLibrary.fsi:1585:48-52:
    Type name may refer to: FortressLibrary.Matrix, CompilerLibrary.Matrix
/home/user/fortress/Library/FortressLibrary.fsi:1588:10-14:
    Type name may refer to: FortressLibrary.Matrix, CompilerLibrary.Matrix
/home/user/fortress/Library/FortressLibrary.fsi:1596:32-34:
    Type name may refer to: FortressLibrary.ZZ32, CompilerBuiltin.ZZ32
/home/user/fortress/Library/FortressLibrary.fsi:1596:37-39:
    Type name may refer to: FortressLibrary.ZZ32, CompilerBuiltin.ZZ32
/home/user/fortress/Library/FortressLibrary.fsi:1601:19-23:
    Type name may refer to: FortressLibrary.Number, CompilerBuiltin.Number
/home/user/fortress/Library/FortressLibrary.fsi:1601:46-50:
    Type name may refer to: FortressLibrary.Matrix, CompilerLibrary.Matrix
/home/user/fortress/Library/FortressLibrary.fsi:1602:19-23:
    Type name may refer to: FortressLibrary.Number, CompilerBuiltin.Number
/home/user/fortress/Library/FortressLibrary.fsi:1602:49-53:
    Type name may refer to: FortressLibrary.Matrix, CompilerLibrary.Matrix
/home/user/fortress/Library/FortressLibrary.fsi:1604:19-23:
    Type name may refer to: FortressLibrary.Number, CompilerBuiltin.Number
/home/user/fortress/Library/FortressLibrary.fsi:1605:10-14:
    Type name may refer to: FortressLibrary.Matrix, CompilerLibrary.Matrix
/home/user/fortress/Library/FortressLibrary.fsi:1605:33-37:
    Type name may refer to: FortressLibrary.Matrix, CompilerLibrary.Matrix
/home/user/fortress/Library/FortressLibrary.fsi:1605:51-55:
    Type name may refer to: FortressLibrary.Matrix, CompilerLibrary.Matrix
/home/user/fortress/Library/FortressLibrary.fsi:1607:19-23:
    Type name may refer to: FortressLibrary.Number, CompilerBuiltin.Number
/home/user/fortress/Library/FortressLibrary.fsi:1608:10-14:
    Type name may refer to: FortressLibrary.Matrix, CompilerLibrary.Matrix
/home/user/fortress/Library/FortressLibrary.fsi:1608:33-37:
    Type name may refer to: FortressLibrary.Matrix, CompilerLibrary.Matrix
/home/user/fortress/Library/FortressLibrary.fsi:1608:52-56:
    Type name may refer to: FortressLibrary.Matrix, CompilerLibrary.Matrix
/home/user/fortress/Library/FortressLibrary.fsi:1610:19-23:
    Type name may refer to: FortressLibrary.Number, CompilerBuiltin.Number
/home/user/fortress/Library/FortressLibrary.fsi:1611:10-14:
    Type name may refer to: FortressLibrary.Matrix, CompilerLibrary.Matrix
/home/user/fortress/Library/FortressLibrary.fsi:1611:28-32:
    Type name may refer to: FortressLibrary.Matrix, CompilerLibrary.Matrix
/home/user/fortress/Library/FortressLibrary.fsi:1614:21-25:
    Type name may refer to: FortressLibrary.Number, CompilerBuiltin.Number
/home/user/fortress/Library/FortressLibrary.fsi:1615:12-16:
    Type name may refer to: FortressLibrary.Matrix, CompilerLibrary.Matrix
/home/user/fortress/Library/FortressLibrary.fsi:1615:35-39:
    Type name may refer to: FortressLibrary.Matrix, CompilerLibrary.Matrix
/home/user/fortress/Library/FortressLibrary.fsi:1615:53-57:
    Type name may refer to: FortressLibrary.Matrix, CompilerLibrary.Matrix
/home/user/fortress/Library/FortressLibrary.fsi:1617:31-35:
    Type name may refer to: FortressLibrary.Number, CompilerBuiltin.Number
/home/user/fortress/Library/FortressLibrary.fsi:1618:10-14:
    Type name may refer to: FortressLibrary.Matrix, CompilerLibrary.Matrix
/home/user/fortress/Library/FortressLibrary.fsi:1618:33-37:
    Type name may refer to: FortressLibrary.Matrix, CompilerLibrary.Matrix
/home/user/fortress/Library/FortressLibrary.fsi:1618:51-55:
    Type name may refer to: FortressLibrary.Matrix, CompilerLibrary.Matrix
/home/user/fortress/Library/FortressLibrary.fsi:1621:21-25:
    Type name may refer to: FortressLibrary.Number, CompilerBuiltin.Number
/home/user/fortress/Library/FortressLibrary.fsi:1622:12-16:
    Type name may refer to: FortressLibrary.Matrix, CompilerLibrary.Matrix
/home/user/fortress/Library/FortressLibrary.fsi:1624:31-35:
    Type name may refer to: FortressLibrary.Number, CompilerBuiltin.Number
/home/user/fortress/Library/FortressLibrary.fsi:1625:10-14:
    Type name may refer to: FortressLibrary.Matrix, CompilerLibrary.Matrix
/home/user/fortress/Library/FortressLibrary.fsi:1628:21-25:
    Type name may refer to: FortressLibrary.Number, CompilerBuiltin.Number
/home/user/fortress/Library/FortressLibrary.fsi:1629:29-33:
    Type name may refer to: FortressLibrary.Matrix, CompilerLibrary.Matrix
/home/user/fortress/Library/FortressLibrary.fsi:1631:31-35:
    Type name may refer to: FortressLibrary.Number, CompilerBuiltin.Number
/home/user/fortress/Library/FortressLibrary.fsi:1632:27-31:
    Type name may refer to: FortressLibrary.Matrix, CompilerLibrary.Matrix
/home/user/fortress/Library/FortressLibrary.fsi:1634:21-25:
    Type name may refer to: FortressLibrary.Number, CompilerBuiltin.Number
/home/user/fortress/Library/FortressLibrary.fsi:1635:14-18:
    Type name may refer to: FortressLibrary.Matrix, CompilerLibrary.Matrix
/home/user/fortress/Library/FortressLibrary.fsi:1635:44-48:
    Type name may refer to: FortressLibrary.Matrix, CompilerLibrary.Matrix
/home/user/fortress/Library/FortressLibrary.fsi:1637:31-35:
    Type name may refer to: FortressLibrary.Number, CompilerBuiltin.Number
/home/user/fortress/Library/FortressLibrary.fsi:1638:12-16:
    Type name may refer to: FortressLibrary.Matrix, CompilerLibrary.Matrix
/home/user/fortress/Library/FortressLibrary.fsi:1638:42-46:
    Type name may refer to: FortressLibrary.Matrix, CompilerLibrary.Matrix
/home/user/fortress/Library/FortressLibrary.fsi:1640:21-25:
    Type name may refer to: FortressLibrary.Number, CompilerBuiltin.Number
/home/user/fortress/Library/FortressLibrary.fsi:1641:25-29:
    Type name may refer to: FortressLibrary.Matrix, CompilerLibrary.Matrix
/home/user/fortress/Library/FortressLibrary.fsi:1641:44-48:
    Type name may refer to: FortressLibrary.Matrix, CompilerLibrary.Matrix
/home/user/fortress/Library/FortressLibrary.fsi:1643:31-35:
    Type name may refer to: FortressLibrary.Number, CompilerBuiltin.Number
/home/user/fortress/Library/FortressLibrary.fsi:1644:23-27:
    Type name may refer to: FortressLibrary.Matrix, CompilerLibrary.Matrix
/home/user/fortress/Library/FortressLibrary.fsi:1644:42-46:
    Type name may refer to: FortressLibrary.Matrix, CompilerLibrary.Matrix
/home/user/fortress/Library/FortressLibrary.fsi:1655:42-44:
    Type name may refer to: FortressLibrary.ZZ32, CompilerBuiltin.ZZ32
/home/user/fortress/Library/FortressLibrary.fsi:1655:47-49:
    Type name may refer to: FortressLibrary.ZZ32, CompilerBuiltin.ZZ32
/home/user/fortress/Library/FortressLibrary.fsi:1655:52-54:
    Type name may refer to: FortressLibrary.ZZ32, CompilerBuiltin.ZZ32
/home/user/fortress/Library/FortressLibrary.fsi:1656:16-20:
    Type name may refer to: FortressLibrary.Number, CompilerBuiltin.Number
/home/user/fortress/Library/FortressLibrary.fsi:1656:24-28:
    Type name may refer to: FortressLibrary.String, CompilerBuiltin.String
/home/user/fortress/Library/FortressLibrary.fsi:1658:19-21:
    Type name may refer to: FortressLibrary.ZZ32, CompilerBuiltin.ZZ32
/home/user/fortress/Library/FortressLibrary.fsi:1659:21-23:
    Type name may refer to: FortressLibrary.ZZ32, CompilerBuiltin.ZZ32
/home/user/fortress/Library/FortressLibrary.fsi:1659:26-28:
    Type name may refer to: FortressLibrary.ZZ32, CompilerBuiltin.ZZ32
/home/user/fortress/Library/FortressLibrary.fsi:1659:31-33:
    Type name may refer to: FortressLibrary.ZZ32, CompilerBuiltin.ZZ32
/home/user/fortress/Library/FortressLibrary.fsi:1660:40-42:
    Type name may refer to: FortressLibrary.ZZ32, CompilerBuiltin.ZZ32
/home/user/fortress/Library/FortressLibrary.fsi:1660:45-47:
    Type name may refer to: FortressLibrary.ZZ32, CompilerBuiltin.ZZ32
/home/user/fortress/Library/FortressLibrary.fsi:1660:50-52:
    Type name may refer to: FortressLibrary.ZZ32, CompilerBuiltin.ZZ32
/home/user/fortress/Library/FortressLibrary.fsi:1663:18-20:
    Type name may refer to: FortressLibrary.ZZ32, CompilerBuiltin.ZZ32
/home/user/fortress/Library/FortressLibrary.fsi:1666:15-17:
    Type name may refer to: FortressLibrary.ZZ32, CompilerBuiltin.ZZ32
/home/user/fortress/Library/FortressLibrary.fsi:1666:20-22:
    Type name may refer to: FortressLibrary.ZZ32, CompilerBuiltin.ZZ32
/home/user/fortress/Library/FortressLibrary.fsi:1666:25-27:
    Type name may refer to: FortressLibrary.ZZ32, CompilerBuiltin.ZZ32
/home/user/fortress/Library/FortressLibrary.fsi:1666:33-35:
    Type name may refer to: FortressLibrary.ZZ32, CompilerBuiltin.ZZ32
/home/user/fortress/Library/FortressLibrary.fsi:1666:38-40:
    Type name may refer to: FortressLibrary.ZZ32, CompilerBuiltin.ZZ32
/home/user/fortress/Library/FortressLibrary.fsi:1666:43-45:
    Type name may refer to: FortressLibrary.ZZ32, CompilerBuiltin.ZZ32
/home/user/fortress/Library/FortressLibrary.fsi:1667:16-18:
    Type name may refer to: FortressLibrary.ZZ32, CompilerBuiltin.ZZ32
/home/user/fortress/Library/FortressLibrary.fsi:1667:21-23:
    Type name may refer to: FortressLibrary.ZZ32, CompilerBuiltin.ZZ32
/home/user/fortress/Library/FortressLibrary.fsi:1667:26-28:
    Type name may refer to: FortressLibrary.ZZ32, CompilerBuiltin.ZZ32
/home/user/fortress/Library/FortressLibrary.fsi:1667:34-36:
    Type name may refer to: FortressLibrary.ZZ32, CompilerBuiltin.ZZ32
/home/user/fortress/Library/FortressLibrary.fsi:1667:39-41:
    Type name may refer to: FortressLibrary.ZZ32, CompilerBuiltin.ZZ32
/home/user/fortress/Library/FortressLibrary.fsi:1667:44-46:
    Type name may refer to: FortressLibrary.ZZ32, CompilerBuiltin.ZZ32
/home/user/fortress/Library/FortressLibrary.fsi:1670:21-23:
    Type name may refer to: FortressLibrary.ZZ32, CompilerBuiltin.ZZ32
/home/user/fortress/Library/FortressLibrary.fsi:1670:26-28:
    Type name may refer to: FortressLibrary.ZZ32, CompilerBuiltin.ZZ32
/home/user/fortress/Library/FortressLibrary.fsi:1670:31-33:
    Type name may refer to: FortressLibrary.ZZ32, CompilerBuiltin.ZZ32
/home/user/fortress/Library/FortressLibrary.fsi:1671:21-23:
    Type name may refer to: FortressLibrary.ZZ32, CompilerBuiltin.ZZ32
/home/user/fortress/Library/FortressLibrary.fsi:1671:26-28:
    Type name may refer to: FortressLibrary.ZZ32, CompilerBuiltin.ZZ32
/home/user/fortress/Library/FortressLibrary.fsi:1671:31-33:
    Type name may refer to: FortressLibrary.ZZ32, CompilerBuiltin.ZZ32
/home/user/fortress/Library/FortressLibrary.fsi:1673:11-13:
    Type name may refer to: FortressLibrary.ZZ32, CompilerBuiltin.ZZ32
/home/user/fortress/Library/FortressLibrary.fsi:1673:19-21:
    Type name may refer to: FortressLibrary.ZZ32, CompilerBuiltin.ZZ32
/home/user/fortress/Library/FortressLibrary.fsi:1673:27-29:
    Type name may refer to: FortressLibrary.ZZ32, CompilerBuiltin.ZZ32
/home/user/fortress/Library/FortressLibrary.fsi:1674:11-14:
    Type name may refer to: FortressLibrary.Range, CompilerLibrary.Range
/home/user/fortress/Library/FortressLibrary.fsi:1674:49-51:
    Type name may refer to: FortressLibrary.ZZ32, CompilerBuiltin.ZZ32
/home/user/fortress/Library/FortressLibrary.fsi:1674:54-56:
    Type name may refer to: FortressLibrary.ZZ32, CompilerBuiltin.ZZ32
/home/user/fortress/Library/FortressLibrary.fsi:1674:59-61:
    Type name may refer to: FortressLibrary.ZZ32, CompilerBuiltin.ZZ32
/home/user/fortress/Library/FortressLibrary.fsi:1675:22-24:
    Type name may refer to: FortressLibrary.ZZ32, CompilerBuiltin.ZZ32
/home/user/fortress/Library/FortressLibrary.fsi:1677:14-16:
    Type name may refer to: FortressLibrary.ZZ32, CompilerBuiltin.ZZ32
/home/user/fortress/Library/FortressLibrary.fsi:1677:19-21:
    Type name may refer to: FortressLibrary.ZZ32, CompilerBuiltin.ZZ32
/home/user/fortress/Library/FortressLibrary.fsi:1677:24-26:
    Type name may refer to: FortressLibrary.ZZ32, CompilerBuiltin.ZZ32
/home/user/fortress/Library/FortressLibrary.fsi:1677:42-44:
    Type name may refer to: FortressLibrary.ZZ32, CompilerBuiltin.ZZ32
/home/user/fortress/Library/FortressLibrary.fsi:1677:47-49:
    Type name may refer to: FortressLibrary.ZZ32, CompilerBuiltin.ZZ32
/home/user/fortress/Library/FortressLibrary.fsi:1686:17-19:
    Type name may refer to: FortressLibrary.ZZ32, CompilerBuiltin.ZZ32
/home/user/fortress/Library/FortressLibrary.fsi:1686:25-27:
    Type name may refer to: FortressLibrary.ZZ32, CompilerBuiltin.ZZ32
/home/user/fortress/Library/FortressLibrary.fsi:1686:33-35:
    Type name may refer to: FortressLibrary.ZZ32, CompilerBuiltin.ZZ32
/home/user/fortress/Library/FortressLibrary.fsi:1688:38-40:
    Type name may refer to: FortressLibrary.ZZ32, CompilerBuiltin.ZZ32
/home/user/fortress/Library/FortressLibrary.fsi:1688:43-45:
    Type name may refer to: FortressLibrary.ZZ32, CompilerBuiltin.ZZ32
/home/user/fortress/Library/FortressLibrary.fsi:1688:48-50:
    Type name may refer to: FortressLibrary.ZZ32, CompilerBuiltin.ZZ32
/home/user/fortress/Library/FortressLibrary.fsi:1693:20-22:
    Type name may refer to: FortressLibrary.ZZ32, CompilerBuiltin.ZZ32
/home/user/fortress/Library/FortressLibrary.fsi:1693:25-27:
    Type name may refer to: FortressLibrary.ZZ32, CompilerBuiltin.ZZ32
/home/user/fortress/Library/FortressLibrary.fsi:1693:30-32:
    Type name may refer to: FortressLibrary.ZZ32, CompilerBuiltin.ZZ32
/home/user/fortress/Library/FortressLibrary.fsi:1695:33-35:
    Type name may refer to: FortressLibrary.ZZ32, CompilerBuiltin.ZZ32
/home/user/fortress/Library/FortressLibrary.fsi:1695:38-40:
    Type name may refer to: FortressLibrary.ZZ32, CompilerBuiltin.ZZ32
/home/user/fortress/Library/FortressLibrary.fsi:1695:43-45:
    Type name may refer to: FortressLibrary.ZZ32, CompilerBuiltin.ZZ32
/home/user/fortress/Library/FortressLibrary.fsi:1707:7-14:
    Type name may refer to: FortressLibrary.Reduction, CompilerBuiltin.Reduction
/home/user/fortress/Library/FortressLibrary.fsi:1708:22-29:
    Type name may refer to: FortressLibrary.Reduction, CompilerBuiltin.Reduction
/home/user/fortress/Library/FortressLibrary.fsi:1717:38-45:
    Type name may refer to: FortressLibrary.Reduction, CompilerBuiltin.Reduction
/home/user/fortress/Library/FortressLibrary.fsi:1724:23-30:
    Type name may refer to: FortressLibrary.Reduction, CompilerBuiltin.Reduction
/home/user/fortress/Library/FortressLibrary.fsi:1724:48-55:
    Type name may refer to: FortressLibrary.Reduction, CompilerBuiltin.Reduction
/home/user/fortress/Library/FortressLibrary.fsi:1724:63-70:
    Type name may refer to: FortressLibrary.Reduction, CompilerBuiltin.Reduction
/home/user/fortress/Library/FortressLibrary.fsi:1727:24-31:
    Type name may refer to: FortressLibrary.Reduction, CompilerBuiltin.Reduction
/home/user/fortress/Library/FortressLibrary.fsi:1727:49-56:
    Type name may refer to: FortressLibrary.Reduction, CompilerBuiltin.Reduction
/home/user/fortress/Library/FortressLibrary.fsi:1727:64-71:
    Type name may refer to: FortressLibrary.Reduction, CompilerBuiltin.Reduction
/home/user/fortress/Library/FortressLibrary.fsi:1730:19-26:
    Type name may refer to: FortressLibrary.Reduction, CompilerBuiltin.Reduction
/home/user/fortress/Library/FortressLibrary.fsi:1730:44-51:
    Type name may refer to: FortressLibrary.Reduction, CompilerBuiltin.Reduction
/home/user/fortress/Library/FortressLibrary.fsi:1730:59-66:
    Type name may refer to: FortressLibrary.Reduction, CompilerBuiltin.Reduction
/home/user/fortress/Library/FortressLibrary.fsi:1733:42-49:
    Type name may refer to: FortressLibrary.Condition, CompilerBuiltin.Condition
/home/user/fortress/Library/FortressLibrary.fsi:1744:30-37:
    Type name may refer to: FortressLibrary.Reduction, CompilerBuiltin.Reduction
/home/user/fortress/Library/FortressLibrary.fsi:1745:30-37:
    Type name may refer to: FortressLibrary.Reduction, CompilerBuiltin.Reduction
/home/user/fortress/Library/FortressLibrary.fsi:1813:29-33:
    Type name may refer to: FortressLibrary.Number, CompilerBuiltin.Number
/home/user/fortress/Library/FortressLibrary.fsi:1816:14-18:
    Type name may refer to: FortressLibrary.Number, CompilerBuiltin.Number
/home/user/fortress/Library/FortressLibrary.fsi:1817:13-17:
    Type name may refer to: FortressLibrary.Number, CompilerBuiltin.Number
/home/user/fortress/Library/FortressLibrary.fsi:1817:24-28:
    Type name may refer to: FortressLibrary.Number, CompilerBuiltin.Number
/home/user/fortress/Library/FortressLibrary.fsi:1817:33-37:
    Type name may refer to: FortressLibrary.Number, CompilerBuiltin.Number
/home/user/fortress/Library/FortressLibrary.fsi:1820:20-24:
    Type name may refer to: FortressLibrary.Number, CompilerBuiltin.Number
/home/user/fortress/Library/FortressLibrary.fsi:1820:49-53:
    Type name may refer to: FortressLibrary.Number, CompilerBuiltin.Number
/home/user/fortress/Library/FortressLibrary.fsi:1820:56-60:
    Type name may refer to: FortressLibrary.Number, CompilerBuiltin.Number
/home/user/fortress/Library/FortressLibrary.fsi:1820:63-67:
    Type name may refer to: FortressLibrary.Number, CompilerBuiltin.Number
/home/user/fortress/Library/FortressLibrary.fsi:1822:20-24:
    Type name may refer to: FortressLibrary.Number, CompilerBuiltin.Number
/home/user/fortress/Library/FortressLibrary.fsi:1822:32-39:
    Type name may refer to: FortressLibrary.Generator, CompilerBuiltin.Generator
/home/user/fortress/Library/FortressLibrary.fsi:1822:49-53:
    Type name may refer to: FortressLibrary.Number, CompilerBuiltin.Number
/home/user/fortress/Library/FortressLibrary.fsi:1824:59-63:
    Type name may refer to: FortressLibrary.Number, CompilerBuiltin.Number
/home/user/fortress/Library/FortressLibrary.fsi:1829:14-18:
    Type name may refer to: FortressLibrary.Number, CompilerBuiltin.Number
/home/user/fortress/Library/FortressLibrary.fsi:1830:12-16:
    Type name may refer to: FortressLibrary.Number, CompilerBuiltin.Number
/home/user/fortress/Library/FortressLibrary.fsi:1830:22-26:
    Type name may refer to: FortressLibrary.Number, CompilerBuiltin.Number
/home/user/fortress/Library/FortressLibrary.fsi:1830:31-35:
    Type name may refer to: FortressLibrary.Number, CompilerBuiltin.Number
/home/user/fortress/Library/FortressLibrary.fsi:1833:21-25:
    Type name may refer to: FortressLibrary.Number, CompilerBuiltin.Number
/home/user/fortress/Library/FortressLibrary.fsi:1833:50-54:
    Type name may refer to: FortressLibrary.Number, CompilerBuiltin.Number
/home/user/fortress/Library/FortressLibrary.fsi:1833:57-61:
    Type name may refer to: FortressLibrary.Number, CompilerBuiltin.Number
/home/user/fortress/Library/FortressLibrary.fsi:1833:64-68:
    Type name may refer to: FortressLibrary.Number, CompilerBuiltin.Number
/home/user/fortress/Library/FortressLibrary.fsi:1835:21-25:
    Type name may refer to: FortressLibrary.Number, CompilerBuiltin.Number
/home/user/fortress/Library/FortressLibrary.fsi:1835:33-40:
    Type name may refer to: FortressLibrary.Generator, CompilerBuiltin.Generator
/home/user/fortress/Library/FortressLibrary.fsi:1835:50-54:
    Type name may refer to: FortressLibrary.Number, CompilerBuiltin.Number
/home/user/fortress/Library/FortressLibrary.fsi:1837:59-63:
    Type name may refer to: FortressLibrary.Number, CompilerBuiltin.Number
/home/user/fortress/Library/FortressLibrary.fsi:1838:24-28:
    Type name may refer to: FortressLibrary.String, CompilerBuiltin.String
/home/user/fortress/Library/FortressLibrary.fsi:1839:14-18:
    Type name may refer to: FortressLibrary.Number, CompilerBuiltin.Number
/home/user/fortress/Library/FortressLibrary.fsi:1840:13-17:
    Type name may refer to: FortressLibrary.Number, CompilerBuiltin.Number
/home/user/fortress/Library/FortressLibrary.fsi:1840:24-28:
    Type name may refer to: FortressLibrary.Number, CompilerBuiltin.Number
/home/user/fortress/Library/FortressLibrary.fsi:1840:33-37:
    Type name may refer to: FortressLibrary.Number, CompilerBuiltin.Number
/home/user/fortress/Library/FortressLibrary.fsi:1842:25-29:
    Type name may refer to: FortressLibrary.Number, CompilerBuiltin.Number
/home/user/fortress/Library/FortressLibrary.fsi:1842:54-58:
    Type name may refer to: FortressLibrary.Number, CompilerBuiltin.Number
/home/user/fortress/Library/FortressLibrary.fsi:1842:61-65:
    Type name may refer to: FortressLibrary.Number, CompilerBuiltin.Number
/home/user/fortress/Library/FortressLibrary.fsi:1842:68-72:
    Type name may refer to: FortressLibrary.Number, CompilerBuiltin.Number
/home/user/fortress/Library/FortressLibrary.fsi:1843:25-29:
    Type name may refer to: FortressLibrary.Number, CompilerBuiltin.Number
/home/user/fortress/Library/FortressLibrary.fsi:1843:37-44:
    Type name may refer to: FortressLibrary.Generator, CompilerBuiltin.Generator
/home/user/fortress/Library/FortressLibrary.fsi:1843:54-58:
    Type name may refer to: FortressLibrary.Number, CompilerBuiltin.Number
/home/user/fortress/Library/FortressLibrary.fsi:1845:59-63:
    Type name may refer to: FortressLibrary.Number, CompilerBuiltin.Number
/home/user/fortress/Library/FortressLibrary.fsi:1846:24-28:
    Type name may refer to: FortressLibrary.String, CompilerBuiltin.String
/home/user/fortress/Library/FortressLibrary.fsi:1847:14-18:
    Type name may refer to: FortressLibrary.Number, CompilerBuiltin.Number
/home/user/fortress/Library/FortressLibrary.fsi:1848:13-17:
    Type name may refer to: FortressLibrary.Number, CompilerBuiltin.Number
/home/user/fortress/Library/FortressLibrary.fsi:1848:24-28:
    Type name may refer to: FortressLibrary.Number, CompilerBuiltin.Number
/home/user/fortress/Library/FortressLibrary.fsi:1848:33-37:
    Type name may refer to: FortressLibrary.Number, CompilerBuiltin.Number
/home/user/fortress/Library/FortressLibrary.fsi:1850:25-29:
    Type name may refer to: FortressLibrary.Number, CompilerBuiltin.Number
/home/user/fortress/Library/FortressLibrary.fsi:1850:54-58:
    Type name may refer to: FortressLibrary.Number, CompilerBuiltin.Number
/home/user/fortress/Library/FortressLibrary.fsi:1850:61-65:
    Type name may refer to: FortressLibrary.Number, CompilerBuiltin.Number
/home/user/fortress/Library/FortressLibrary.fsi:1850:68-72:
    Type name may refer to: FortressLibrary.Number, CompilerBuiltin.Number
/home/user/fortress/Library/FortressLibrary.fsi:1851:25-29:
    Type name may refer to: FortressLibrary.Number, CompilerBuiltin.Number
/home/user/fortress/Library/FortressLibrary.fsi:1851:37-44:
    Type name may refer to: FortressLibrary.Generator, CompilerBuiltin.Generator
/home/user/fortress/Library/FortressLibrary.fsi:1851:54-58:
    Type name may refer to: FortressLibrary.Number, CompilerBuiltin.Number
/home/user/fortress/Library/FortressLibrary.fsi:1853:63-67:
    Type name may refer to: FortressLibrary.Number, CompilerBuiltin.Number
/home/user/fortress/Library/FortressLibrary.fsi:1853:70-74:
    Type name may refer to: FortressLibrary.Number, CompilerBuiltin.Number
/home/user/fortress/Library/FortressLibrary.fsi:1854:24-28:
    Type name may refer to: FortressLibrary.String, CompilerBuiltin.String
/home/user/fortress/Library/FortressLibrary.fsi:1855:14-18:
    Type name may refer to: FortressLibrary.Number, CompilerBuiltin.Number
/home/user/fortress/Library/FortressLibrary.fsi:1856:14-18:
    Type name may refer to: FortressLibrary.Number, CompilerBuiltin.Number
/home/user/fortress/Library/FortressLibrary.fsi:1856:22-26:
    Type name may refer to: FortressLibrary.Number, CompilerBuiltin.Number
/home/user/fortress/Library/FortressLibrary.fsi:1856:35-39:
    Type name may refer to: FortressLibrary.Number, CompilerBuiltin.Number
/home/user/fortress/Library/FortressLibrary.fsi:1856:43-47:
    Type name may refer to: FortressLibrary.Number, CompilerBuiltin.Number
/home/user/fortress/Library/FortressLibrary.fsi:1856:54-58:
    Type name may refer to: FortressLibrary.Number, CompilerBuiltin.Number
/home/user/fortress/Library/FortressLibrary.fsi:1856:62-66:
    Type name may refer to: FortressLibrary.Number, CompilerBuiltin.Number
/home/user/fortress/Library/FortressLibrary.fsi:1858:28-32:
    Type name may refer to: FortressLibrary.Number, CompilerBuiltin.Number
/home/user/fortress/Library/FortressLibrary.fsi:1859:27-31:
    Type name may refer to: FortressLibrary.Number, CompilerBuiltin.Number
/home/user/fortress/Library/FortressLibrary.fsi:1859:34-38:
    Type name may refer to: FortressLibrary.Number, CompilerBuiltin.Number
/home/user/fortress/Library/FortressLibrary.fsi:1859:43-47:
    Type name may refer to: FortressLibrary.Number, CompilerBuiltin.Number
/home/user/fortress/Library/FortressLibrary.fsi:1859:50-54:
    Type name may refer to: FortressLibrary.Number, CompilerBuiltin.Number
/home/user/fortress/Library/FortressLibrary.fsi:1859:59-63:
    Type name may refer to: FortressLibrary.Number, CompilerBuiltin.Number
/home/user/fortress/Library/FortressLibrary.fsi:1859:66-70:
    Type name may refer to: FortressLibrary.Number, CompilerBuiltin.Number
/home/user/fortress/Library/FortressLibrary.fsi:1860:28-32:
    Type name may refer to: FortressLibrary.Number, CompilerBuiltin.Number
/home/user/fortress/Library/FortressLibrary.fsi:1860:40-47:
    Type name may refer to: FortressLibrary.Generator, CompilerBuiltin.Generator
/home/user/fortress/Library/FortressLibrary.fsi:1860:58-62:
    Type name may refer to: FortressLibrary.Number, CompilerBuiltin.Number
/home/user/fortress/Library/FortressLibrary.fsi:1860:66-70:
    Type name may refer to: FortressLibrary.Number, CompilerBuiltin.Number
/home/user/fortress/Library/FortressLibrary.fsi:1868:46-53:
    Type name may refer to: FortressLibrary.Generator, CompilerBuiltin.Generator
/home/user/fortress/Library/FortressLibrary.fsi:1876:46-53:
    Type name may refer to: FortressLibrary.Generator, CompilerBuiltin.Generator
/home/user/fortress/Library/FortressLibrary.fsi:1879:24-28:
    Type name may refer to: FortressLibrary.String, CompilerBuiltin.String
/home/user/fortress/Library/FortressLibrary.fsi:1884:51-58:
    Type name may refer to: FortressLibrary.Generator, CompilerBuiltin.Generator
/home/user/fortress/Library/FortressLibrary.fsi:1886:33-35:
    Type name may refer to: FortressLibrary.RR64, CompilerBuiltin.RR64
/home/user/fortress/Library/FortressLibrary.fsi:1886:38-40:
    Type name may refer to: FortressLibrary.RR64, CompilerBuiltin.RR64
/home/user/fortress/Library/FortressLibrary.fsi:1888:19-26:
    Type name may refer to: FortressLibrary.Generator, CompilerBuiltin.Generator
/home/user/fortress/Library/FortressLibrary.fsi:1888:39-41:
    Type name may refer to: FortressLibrary.RR64, CompilerBuiltin.RR64
/home/user/fortress/Library/FortressLibrary.fsi:1890:33-35:
    Type name may refer to: FortressLibrary.RR64, CompilerBuiltin.RR64
/home/user/fortress/Library/FortressLibrary.fsi:1890:38-40:
    Type name may refer to: FortressLibrary.RR64, CompilerBuiltin.RR64
/home/user/fortress/Library/FortressLibrary.fsi:1892:19-26:
    Type name may refer to: FortressLibrary.Generator, CompilerBuiltin.Generator
/home/user/fortress/Library/FortressLibrary.fsi:1892:39-41:
    Type name may refer to: FortressLibrary.RR64, CompilerBuiltin.RR64
/home/user/fortress/Library/FortressLibrary.fsi:1899:82-89:
    Type name may refer to: FortressLibrary.Generator, CompilerBuiltin.Generator
/home/user/fortress/Library/FortressLibrary.fsi:1903:82-89:
    Type name may refer to: FortressLibrary.Generator, CompilerBuiltin.Generator
/home/user/fortress/Library/FortressLibrary.fsi:1907:82-89:
    Type name may refer to: FortressLibrary.Generator, CompilerBuiltin.Generator
/home/user/fortress/Library/FortressLibrary.fsi:1911:82-89:
    Type name may refer to: FortressLibrary.Generator, CompilerBuiltin.Generator
/home/user/fortress/Library/FortressLibrary.fsi:1925:21-28:
    Type name may refer to: FortressLibrary.Generator, CompilerBuiltin.Generator
/home/user/fortress/Library/FortressLibrary.fsi:1937:20-27:
    Type name may refer to: FortressLibrary.Generator, CompilerBuiltin.Generator
/home/user/fortress/Library/FortressLibrary.fsi:1955:47-49:
    Type name may refer to: FortressLibrary.ZZ32, CompilerBuiltin.ZZ32
/home/user/fortress/Library/FortressLibrary.fsi:1956:24-28:
    Type name may refer to: FortressLibrary.String, CompilerBuiltin.String
/home/user/fortress/Library/FortressLibrary.fsi:1957:14-16:
    Type name may refer to: FortressLibrary.ZZ32, CompilerBuiltin.ZZ32
/home/user/fortress/Library/FortressLibrary.fsi:1958:13-15:
    Type name may refer to: FortressLibrary.ZZ32, CompilerBuiltin.ZZ32
/home/user/fortress/Library/FortressLibrary.fsi:1958:22-24:
    Type name may refer to: FortressLibrary.ZZ32, CompilerBuiltin.ZZ32
/home/user/fortress/Library/FortressLibrary.fsi:1958:29-31:
    Type name may refer to: FortressLibrary.ZZ32, CompilerBuiltin.ZZ32
/home/user/fortress/Library/FortressLibrary.fsi:1961:33-35:
    Type name may refer to: FortressLibrary.ZZ32, CompilerBuiltin.ZZ32
/home/user/fortress/Library/FortressLibrary.fsi:1961:39-41:
    Type name may refer to: FortressLibrary.ZZ32, CompilerBuiltin.ZZ32
/home/user/fortress/Library/FortressLibrary.fsi:1963:19-26:
    Type name may refer to: FortressLibrary.Generator, CompilerBuiltin.Generator
/home/user/fortress/Library/FortressLibrary.fsi:1963:39-41:
    Type name may refer to: FortressLibrary.ZZ32, CompilerBuiltin.ZZ32
/home/user/fortress/Library/FortressLibrary.fsi:1966:49-53:
    Type name may refer to: FortressLibrary.String, CompilerBuiltin.String
/home/user/fortress/Library/FortressLibrary.fsi:1967:14-18:
    Type name may refer to: FortressLibrary.String, CompilerBuiltin.String
/home/user/fortress/Library/FortressLibrary.fsi:1968:12-16:
    Type name may refer to: FortressLibrary.String, CompilerBuiltin.String
/home/user/fortress/Library/FortressLibrary.fsi:1968:22-26:
    Type name may refer to: FortressLibrary.String, CompilerBuiltin.String
/home/user/fortress/Library/FortressLibrary.fsi:1968:31-35:
    Type name may refer to: FortressLibrary.String, CompilerBuiltin.String
/home/user/fortress/Library/FortressLibrary.fsi:1972:48-52:
    Type name may refer to: FortressLibrary.String, CompilerBuiltin.String
/home/user/fortress/Library/FortressLibrary.fsi:1973:14-18:
    Type name may refer to: FortressLibrary.String, CompilerBuiltin.String
/home/user/fortress/Library/FortressLibrary.fsi:1974:12-16:
    Type name may refer to: FortressLibrary.String, CompilerBuiltin.String
/home/user/fortress/Library/FortressLibrary.fsi:1974:22-26:
    Type name may refer to: FortressLibrary.String, CompilerBuiltin.String
/home/user/fortress/Library/FortressLibrary.fsi:1974:31-35:
    Type name may refer to: FortressLibrary.String, CompilerBuiltin.String
/home/user/fortress/Library/FortressLibrary.fsi:1978:55-59:
    Type name may refer to: FortressLibrary.String, CompilerBuiltin.String
/home/user/fortress/Library/FortressLibrary.fsi:1979:18-22:
    Type name may refer to: FortressLibrary.String, CompilerBuiltin.String
/home/user/fortress/Library/FortressLibrary.fsi:1979:28-32:
    Type name may refer to: FortressLibrary.String, CompilerBuiltin.String
/home/user/fortress/Library/FortressLibrary.fsi:1979:37-41:
    Type name may refer to: FortressLibrary.String, CompilerBuiltin.String
/home/user/fortress/Library/FortressLibrary.fsi:1984:34-38:
    Type name may refer to: FortressLibrary.String, CompilerBuiltin.String
/home/user/fortress/Library/FortressLibrary.fsi:1984:41-45:
    Type name may refer to: FortressLibrary.String, CompilerBuiltin.String
/home/user/fortress/Library/FortressLibrary.fsi:1984:48-52:
    Type name may refer to: FortressLibrary.String, CompilerBuiltin.String
/home/user/fortress/Library/FortressLibrary.fsi:1986:15-22:
    Type name may refer to: FortressLibrary.Generator, CompilerBuiltin.Generator
/home/user/fortress/Library/FortressLibrary.fsi:1986:34-38:
    Type name may refer to: FortressLibrary.String, CompilerBuiltin.String
/home/user/fortress/Library/FortressLibrary.fsi:1991:35-39:
    Type name may refer to: FortressLibrary.String, CompilerBuiltin.String
/home/user/fortress/Library/FortressLibrary.fsi:1991:42-46:
    Type name may refer to: FortressLibrary.String, CompilerBuiltin.String
/home/user/fortress/Library/FortressLibrary.fsi:1991:49-53:
    Type name may refer to: FortressLibrary.String, CompilerBuiltin.String
/home/user/fortress/Library/FortressLibrary.fsi:1993:16-23:
    Type name may refer to: FortressLibrary.Generator, CompilerBuiltin.Generator
/home/user/fortress/Library/FortressLibrary.fsi:1993:35-39:
    Type name may refer to: FortressLibrary.String, CompilerBuiltin.String
/home/user/fortress/Library/FortressLibrary.fsi:1998:34-38:
    Type name may refer to: FortressLibrary.String, CompilerBuiltin.String
/home/user/fortress/Library/FortressLibrary.fsi:1998:41-45:
    Type name may refer to: FortressLibrary.String, CompilerBuiltin.String
/home/user/fortress/Library/FortressLibrary.fsi:2000:20-27:
    Type name may refer to: FortressLibrary.Generator, CompilerBuiltin.Generator
/home/user/fortress/Library/FortressLibrary.fsi:2000:37-41:
    Type name may refer to: FortressLibrary.String, CompilerBuiltin.String
/home/user/fortress/Library/FortressLibrary.fsi:2027:36-43:
    Type name may refer to: FortressLibrary.Generator, CompilerBuiltin.Generator
/home/user/fortress/Library/FortressLibrary.fsi:2028:17-24:
    Type name may refer to: FortressLibrary.Generator, CompilerBuiltin.Generator
/home/user/fortress/Library/FortressLibrary.fsi:2029:22-29:
    Type name may refer to: FortressLibrary.Condition, CompilerBuiltin.Condition
/home/user/fortress/Library/FortressLibrary.fsi:2030:21-28:
    Type name may refer to: FortressLibrary.Reduction, CompilerBuiltin.Reduction
/home/user/fortress/Library/FortressLibrary.fsi:2031:15-22:
    Type name may refer to: FortressLibrary.Reduction, CompilerBuiltin.Reduction
/home/user/fortress/Library/FortressLibrary.fsi:2032:21-28:
    Type name may refer to: FortressLibrary.Condition, CompilerBuiltin.Condition
/home/user/fortress/Library/FortressLibrary.fsi:2033:16-33:
    Type name may refer to: FortressLibrary.SequentialGenerator, CompilerBuiltin.SequentialGenerator
/home/user/fortress/Library/FortressLibrary.fsi:2046:7-10:
    Type name may refer to: FortressLibrary.Range, CompilerLibrary.Range
/home/user/fortress/Library/FortressLibrary.fsi:2046:50-53:
    Type name may refer to: FortressLibrary.Range, CompilerLibrary.Range
/home/user/fortress/Library/FortressLibrary.fsi:2056:22-25:
    Type name may refer to: FortressLibrary.Range, CompilerLibrary.Range
/home/user/fortress/Library/FortressLibrary.fsi:2057:25-28:
    Type name may refer to: FortressLibrary.Range, CompilerLibrary.Range
/home/user/fortress/Library/FortressLibrary.fsi:2058:27-30:
    Type name may refer to: FortressLibrary.Range, CompilerLibrary.Range
/home/user/fortress/Library/FortressLibrary.fsi:2059:33-36:
    Type name may refer to: FortressLibrary.Range, CompilerLibrary.Range
/home/user/fortress/Library/FortressLibrary.fsi:2060:28-31:
    Type name may refer to: FortressLibrary.Range, CompilerLibrary.Range
/home/user/fortress/Library/FortressLibrary.fsi:2061:44-47:
    Type name may refer to: FortressLibrary.Range, CompilerLibrary.Range
/home/user/fortress/Library/FortressLibrary.fsi:2061:57-60:
    Type name may refer to: FortressLibrary.Range, CompilerLibrary.Range
/home/user/fortress/Library/FortressLibrary.fsi:2062:25-28:
    Type name may refer to: FortressLibrary.Range, CompilerLibrary.Range
/home/user/fortress/Library/FortressLibrary.fsi:2062:38-41:
    Type name may refer to: FortressLibrary.Range, CompilerLibrary.Range
/home/user/fortress/Library/FortressLibrary.fsi:2063:42-45:
    Type name may refer to: FortressLibrary.Range, CompilerLibrary.Range
/home/user/fortress/Library/FortressLibrary.fsi:2064:20-23:
    Type name may refer to: FortressLibrary.Range, CompilerLibrary.Range
/home/user/fortress/Library/FortressLibrary.fsi:2066:25-28:
    Type name may refer to: FortressLibrary.Range, CompilerLibrary.Range
/home/user/fortress/Library/FortressLibrary.fsi:2066:38-46:
    Type name may refer to: FortressLibrary.Comparison, CompilerBuiltin.Comparison
/home/user/fortress/Library/FortressLibrary.fsi:2067:42-45:
    Type name may refer to: FortressLibrary.Range, CompilerLibrary.Range
/home/user/fortress/Library/FortressLibrary.fsi:2067:55-63:
    Type name may refer to: FortressLibrary.Comparison, CompilerBuiltin.Comparison
/home/user/fortress/Library/FortressLibrary.fsi:2068:23-27:
    Type name may refer to: FortressLibrary.String, CompilerBuiltin.String
/home/user/fortress/Library/FortressLibrary.fsi:2069:14-17:
    Type name may refer to: FortressLibrary.Range, CompilerLibrary.Range
/home/user/fortress/Library/FortressLibrary.fsi:2070:26-29:
    Type name may refer to: FortressLibrary.Range, CompilerLibrary.Range
/home/user/fortress/Library/FortressLibrary.fsi:2071:27-30:
    Type name may refer to: FortressLibrary.Range, CompilerLibrary.Range
/home/user/fortress/Library/FortressLibrary.fsi:2072:30-33:
    Type name may refer to: FortressLibrary.Range, CompilerLibrary.Range
/home/user/fortress/Library/FortressLibrary.fsi:2073:30-33:
    Type name may refer to: FortressLibrary.Range, CompilerLibrary.Range
/home/user/fortress/Library/FortressLibrary.fsi:2076:33-36:
    Type name may refer to: FortressLibrary.Range, CompilerLibrary.Range
/home/user/fortress/Library/FortressLibrary.fsi:2084:50-58:
    Type name may refer to: FortressLibrary.Comparison, CompilerBuiltin.Comparison
/home/user/fortress/Library/FortressLibrary.fsi:2085:33-36:
    Type name may refer to: FortressLibrary.Range, CompilerLibrary.Range
/home/user/fortress/Library/FortressLibrary.fsi:2085:46-54:
    Type name may refer to: FortressLibrary.Comparison, CompilerBuiltin.Comparison
/home/user/fortress/Library/FortressLibrary.fsi:2095:36-39:
    Type name may refer to: FortressLibrary.Range, CompilerLibrary.Range
/home/user/fortress/Library/FortressLibrary.fsi:2104:34-37:
    Type name may refer to: FortressLibrary.Range, CompilerLibrary.Range
/home/user/fortress/Library/FortressLibrary.fsi:2104:47-55:
    Type name may refer to: FortressLibrary.Comparison, CompilerBuiltin.Comparison
/home/user/fortress/Library/FortressLibrary.fsi:2107:33-36:
    Type name may refer to: FortressLibrary.Range, CompilerLibrary.Range
/home/user/fortress/Library/FortressLibrary.fsi:2111:35-38:
    Type name may refer to: FortressLibrary.Range, CompilerLibrary.Range
/home/user/fortress/Library/FortressLibrary.fsi:2113:25-28:
    Type name may refer to: FortressLibrary.Range, CompilerLibrary.Range
/home/user/fortress/Library/FortressLibrary.fsi:2125:34-37:
    Type name may refer to: FortressLibrary.Range, CompilerLibrary.Range
/home/user/fortress/Library/FortressLibrary.fsi:2125:47-55:
    Type name may refer to: FortressLibrary.Comparison, CompilerBuiltin.Comparison
/home/user/fortress/Library/FortressLibrary.fsi:2137:34-37:
    Type name may refer to: FortressLibrary.Range, CompilerLibrary.Range
/home/user/fortress/Library/FortressLibrary.fsi:2137:47-55:
    Type name may refer to: FortressLibrary.Comparison, CompilerBuiltin.Comparison
/home/user/fortress/Library/FortressLibrary.fsi:2143:25-28:
    Type name may refer to: FortressLibrary.Range, CompilerLibrary.Range
/home/user/fortress/Library/FortressLibrary.fsi:2144:34-37:
    Type name may refer to: FortressLibrary.Range, CompilerLibrary.Range
/home/user/fortress/Library/FortressLibrary.fsi:2144:47-55:
    Type name may refer to: FortressLibrary.Comparison, CompilerBuiltin.Comparison
/home/user/fortress/Library/FortressLibrary.fsi:2145:51-59:
    Type name may refer to: FortressLibrary.Comparison, CompilerBuiltin.Comparison
/home/user/fortress/Library/FortressLibrary.fsi:2269:15-18:
    Type name may refer to: FortressLibrary.Range, CompilerLibrary.Range
/home/user/fortress/Library/FortressLibrary.fsi:2269:38-41:
    Type name may refer to: FortressLibrary.Range, CompilerLibrary.Range
/home/user/fortress/Library/FortressLibrary.fsi:2274:43-46:
    Type name may refer to: FortressLibrary.Range, CompilerLibrary.Range
/home/user/fortress/Library/FortressLibrary.fsi:2280:7-11:
    Type name may refer to: FortressLibrary.String, CompilerBuiltin.String
/home/user/fortress/Library/FortressLibrary.fsi:2280:44-48:
    Type name may refer to: FortressLibrary.String, CompilerBuiltin.String
/home/user/fortress/Library/FortressLibrary.fsi:2280:67-69:
    Char is undefined.
/home/user/fortress/Library/FortressLibrary.fsi:2281:21-23:
    Type name may refer to: FortressLibrary.ZZ32, CompilerBuiltin.ZZ32
/home/user/fortress/Library/FortressLibrary.fsi:2282:42-44:
    Type name may refer to: FortressLibrary.ZZ32, CompilerBuiltin.ZZ32
/home/user/fortress/Library/FortressLibrary.fsi:2283:27-29:
    Char is undefined.
/home/user/fortress/Library/FortressLibrary.fsi:2284:28-30:
    Char is undefined.
/home/user/fortress/Library/FortressLibrary.fsi:2285:22-24:
    Type name may refer to: FortressLibrary.ZZ32, CompilerBuiltin.ZZ32
/home/user/fortress/Library/FortressLibrary.fsi:2286:28-32:
    Type name may refer to: FortressLibrary.String, CompilerBuiltin.String
/home/user/fortress/Library/FortressLibrary.fsi:2291:18-20:
    Type name may refer to: FortressLibrary.ZZ32, CompilerBuiltin.ZZ32
/home/user/fortress/Library/FortressLibrary.fsi:2292:42-46:
    Type name may refer to: FortressLibrary.String, CompilerBuiltin.String
/home/user/fortress/Library/FortressLibrary.fsi:2292:51-64:
    Type name may refer to: FortressLibrary.TotalComparison, CompilerBuiltin.TotalComparison
/home/user/fortress/Library/FortressLibrary.fsi:2294:12-14:
    Type name may refer to: FortressLibrary.ZZ32, CompilerBuiltin.ZZ32
/home/user/fortress/Library/FortressLibrary.fsi:2294:19-21:
    Char is undefined.
/home/user/fortress/Library/FortressLibrary.fsi:2298:12-15:
    Type name may refer to: FortressLibrary.Range, CompilerLibrary.Range
/home/user/fortress/Library/FortressLibrary.fsi:2298:29-33:
    Type name may refer to: FortressLibrary.String, CompilerBuiltin.String
/home/user/fortress/Library/FortressLibrary.fsi:2304:28-31:
    Type name may refer to: FortressLibrary.Range, CompilerLibrary.Range
/home/user/fortress/Library/FortressLibrary.fsi:2304:45-49:
    Type name may refer to: FortressLibrary.String, CompilerBuiltin.String
/home/user/fortress/Library/FortressLibrary.fsi:2305:19-23:
    Type name may refer to: FortressLibrary.String, CompilerBuiltin.String
/home/user/fortress/Library/FortressLibrary.fsi:2306:20-24:
    Type name may refer to: FortressLibrary.String, CompilerBuiltin.String
/home/user/fortress/Library/FortressLibrary.fsi:2308:34-41:
    Type name may refer to: FortressLibrary.Generator, CompilerBuiltin.Generator
/home/user/fortress/Library/FortressLibrary.fsi:2309:23-30:
    Type name may refer to: FortressLibrary.Generator, CompilerBuiltin.Generator
/home/user/fortress/Library/FortressLibrary.fsi:2312:22-25:
    Type name may refer to: FortressLibrary.Range, CompilerLibrary.Range
/home/user/fortress/Library/FortressLibrary.fsi:2312:40-42:
    Char is undefined.
/home/user/fortress/Library/FortressLibrary.fsi:2324:25-32:
    Type name may refer to: FortressLibrary.Generator, CompilerBuiltin.Generator
/home/user/fortress/Library/FortressLibrary.fsi:2325:14-21:
    Type name may refer to: FortressLibrary.Generator, CompilerBuiltin.Generator
/home/user/fortress/Library/FortressLibrary.fsi:2328:17-21:
    Type name may refer to: FortressLibrary.String, CompilerBuiltin.String
/home/user/fortress/Library/FortressLibrary.fsi:2330:20-22:
    Type name may refer to: FortressLibrary.ZZ32, CompilerBuiltin.ZZ32
/home/user/fortress/Library/FortressLibrary.fsi:2330:27-31:
    Type name may refer to: FortressLibrary.String, CompilerBuiltin.String
/home/user/fortress/Library/FortressLibrary.fsi:2332:13-15:
    Char is undefined.
/home/user/fortress/Library/FortressLibrary.fsi:2332:20-24:
    Type name may refer to: FortressLibrary.String, CompilerBuiltin.String
/home/user/fortress/Library/FortressLibrary.fsi:2333:15-17:
    Char is undefined.
/home/user/fortress/Library/FortressLibrary.fsi:2333:22-26:
    Type name may refer to: FortressLibrary.String, CompilerBuiltin.String
/home/user/fortress/Library/FortressLibrary.fsi:2337:20-24:
    Type name may refer to: FortressLibrary.String, CompilerBuiltin.String
/home/user/fortress/Library/FortressLibrary.fsi:2337:28-32:
    Type name may refer to: FortressLibrary.String, CompilerBuiltin.String
/home/user/fortress/Library/FortressLibrary.fsi:2338:20-24:
    Type name may refer to: FortressLibrary.Number, CompilerBuiltin.Number
/home/user/fortress/Library/FortressLibrary.fsi:2338:28-32:
    Type name may refer to: FortressLibrary.String, CompilerBuiltin.String
/home/user/fortress/Library/FortressLibrary.fsi:2339:20-22:
    Char is undefined.
/home/user/fortress/Library/FortressLibrary.fsi:2339:26-30:
    Type name may refer to: FortressLibrary.String, CompilerBuiltin.String
/home/user/fortress/Library/FortressLibrary.fsi:2340:24-28:
    Type name may refer to: FortressLibrary.String, CompilerBuiltin.String
/home/user/fortress/Library/FortressLibrary.fsi:2341:31-35:
    Type name may refer to: FortressLibrary.String, CompilerBuiltin.String
/home/user/fortress/Library/FortressLibrary.fsi:2342:35-39:
    Type name may refer to: FortressLibrary.String, CompilerBuiltin.String
/home/user/fortress/Library/FortressLibrary.fsi:2343:25-29:
    Type name may refer to: FortressLibrary.String, CompilerBuiltin.String
/home/user/fortress/Library/FortressLibrary.fsi:2344:25-29:
    Type name may refer to: FortressLibrary.String, CompilerBuiltin.String
/home/user/fortress/Library/FortressLibrary.fsi:2349:21-25:
    Type name may refer to: FortressLibrary.String, CompilerBuiltin.String
/home/user/fortress/Library/FortressLibrary.fsi:2349:30-34:
    Type name may refer to: FortressLibrary.String, CompilerBuiltin.String
/home/user/fortress/Library/FortressLibrary.fsi:2350:27-31:
    Type name may refer to: FortressLibrary.String, CompilerBuiltin.String
/home/user/fortress/Library/FortressLibrary.fsi:2351:27-31:
    Type name may refer to: FortressLibrary.String, CompilerBuiltin.String
/home/user/fortress/Library/FortressLibrary.fsi:2354:36-40:
    Type name may refer to: FortressLibrary.String, CompilerBuiltin.String
/home/user/fortress/Library/FortressLibrary.fsi:2355:31-35:
    Type name may refer to: FortressLibrary.String, CompilerBuiltin.String
/home/user/fortress/Library/FortressLibrary.fsi:2355:39-43:
    Type name may refer to: FortressLibrary.String, CompilerBuiltin.String
/home/user/fortress/Library/FortressLibrary.fsi:2356:36-40:
    Type name may refer to: FortressLibrary.String, CompilerBuiltin.String
/home/user/fortress/Library/FortressLibrary.fsi:2359:20-24:
    Type name may refer to: FortressLibrary.String, CompilerBuiltin.String
/home/user/fortress/Library/FortressLibrary.fsi:2360:20-24:
    Type name may refer to: FortressLibrary.String, CompilerBuiltin.String
/home/user/fortress/Library/FortressLibrary.fsi:2360:29-33:
    Type name may refer to: FortressLibrary.String, CompilerBuiltin.String
/home/user/fortress/Library/FortressLibrary.fsi:2361:26-30:
    Type name may refer to: FortressLibrary.String, CompilerBuiltin.String
/home/user/fortress/Library/FortressLibrary.fsi:2362:26-30:
    Type name may refer to: FortressLibrary.String, CompilerBuiltin.String
/home/user/fortress/Library/FortressLibrary.fsi:2365:21-25:
    Type name may refer to: FortressLibrary.String, CompilerBuiltin.String
/home/user/fortress/Library/FortressLibrary.fsi:2366:21-25:
    Type name may refer to: FortressLibrary.String, CompilerBuiltin.String
/home/user/fortress/Library/FortressLibrary.fsi:2366:30-34:
    Type name may refer to: FortressLibrary.String, CompilerBuiltin.String
/home/user/fortress/Library/FortressLibrary.fsi:2367:27-31:
    Type name may refer to: FortressLibrary.String, CompilerBuiltin.String
/home/user/fortress/Library/FortressLibrary.fsi:2368:27-31:
    Type name may refer to: FortressLibrary.String, CompilerBuiltin.String
/home/user/fortress/Library/FortressLibrary.fsi:2373:16-23:
    Type name may refer to: FortressLibrary.Generator, CompilerBuiltin.Generator
/home/user/fortress/Library/FortressLibrary.fsi:2373:32-36:
    Type name may refer to: FortressLibrary.String, CompilerBuiltin.String
/home/user/fortress/Library/FortressLibrary.fsi:2377:30-34:
    Type name may refer to: FortressLibrary.String, CompilerBuiltin.String
/home/user/fortress/Library/FortressLibrary.fsi:2377:46-53:
    Type name may refer to: FortressLibrary.Reduction, CompilerBuiltin.Reduction
/home/user/fortress/Library/FortressLibrary.fsi:2379:19-23:
    Type name may refer to: FortressLibrary.String, CompilerBuiltin.String
/home/user/fortress/Library/FortressLibrary.fsi:2379:28-32:
    Type name may refer to: FortressLibrary.String, CompilerBuiltin.String
/home/user/fortress/Library/FortressLibrary.fsi:2388:12-14:
    Type name may refer to: FortressLibrary.ZZ64, CompilerBuiltin.ZZ64
/home/user/fortress/Library/FortressLibrary.fsi:2396:15-17:
    Type name may refer to: FortressLibrary.ZZ64, CompilerBuiltin.ZZ64
/home/user/fortress/Library/FortressLibrary.fsi:2396:21-23:
    Type name may refer to: FortressLibrary.RR64, CompilerBuiltin.RR64
/home/user/fortress/Library/FortressLibrary.fsi:2398:10-14:
    Type name may refer to: FortressLibrary.Number, CompilerBuiltin.Number
/home/user/fortress/Library/FortressLibrary.fsi:2398:18-20:
    Type name may refer to: FortressLibrary.RR64, CompilerBuiltin.RR64
/home/user/fortress/Library/FortressLibrary.fsi:2399:14-16:
    Type name may refer to: FortressLibrary.ZZ32, CompilerBuiltin.ZZ32
/home/user/fortress/Library/FortressLibrary.fsi:2399:21-23:
    Type name may refer to: FortressLibrary.ZZ32, CompilerBuiltin.ZZ32
/home/user/fortress/Library/FortressLibrary.fsi:2406:8-10:
    Type name may refer to: FortressLibrary.ZZ32, CompilerBuiltin.ZZ32
/home/user/fortress/Library/FortressLibrary.fsi:2406:14-16:
    Char is undefined.
/home/user/fortress/Library/FortressLibrary.fsi:2408:10-14:
    Type name may refer to: FortressLibrary.String, CompilerBuiltin.String
/home/user/fortress/Library/FortressLibrary.fsi:2409:12-16:
    Type name may refer to: FortressLibrary.String, CompilerBuiltin.String
/home/user/fortress/Library/FortressLibrary.fsi:2410:15-19:
    Type name may refer to: FortressLibrary.String, CompilerBuiltin.String
/home/user/fortress/Library/FortressLibrary.fsi:2411:17-21:
    Type name may refer to: FortressLibrary.String, CompilerBuiltin.String
/home/user/fortress/Library/FortressLibrary.fsi:2413:9-13:
    Type name may refer to: FortressLibrary.Number, CompilerBuiltin.Number
/home/user/fortress/Library/FortressLibrary.fsi:2414:11-15:
    Type name may refer to: FortressLibrary.Number, CompilerBuiltin.Number
/home/user/fortress/Library/FortressLibrary.fsi:2415:16-20:
    Type name may refer to: FortressLibrary.Number, CompilerBuiltin.Number
/home/user/fortress/Library/FortressLibrary.fsi:2429:12-14:
    Type name may refer to: FortressLibrary.ZZ32, CompilerBuiltin.ZZ32
/home/user/fortress/Library/FortressLibrary.fsi:2429:24-26:
    Type name may refer to: FortressLibrary.ZZ32, CompilerBuiltin.ZZ32
/home/user/fortress/Library/FortressLibrary.fsi:2429:38-40:
    Char is undefined.
/home/user/fortress/Library/FortressLibrary.fsi:2430:12-14:
    Type name may refer to: FortressLibrary.ZZ32, CompilerBuiltin.ZZ32
/home/user/fortress/Library/FortressLibrary.fsi:2430:30-34:
    Type name may refer to: FortressLibrary.String, CompilerBuiltin.String
/home/user/fortress/Library/FortressLibrary.fsi:2430:46-48:
    Char is undefined.
/home/user/fortress/Library/FortressLibrary.fsi:2443:13-17:
    Type name may refer to: FortressLibrary.String, CompilerBuiltin.String
/home/user/fortress/Library/FortressLibrary.fsi:2443:28-30:
    Type name may refer to: FortressLibrary.ZZ32, CompilerBuiltin.ZZ32
/home/user/fortress/Library/FortressLibrary.fsi:2443:35-37:
    Type name may refer to: FortressLibrary.ZZ32, CompilerBuiltin.ZZ32
/home/user/fortress/Library/FortressLibrary.fsi:2446:13-17:
    Type name may refer to: FortressLibrary.String, CompilerBuiltin.String
/home/user/fortress/Library/FortressLibrary.fsi:2446:22-24:
    Type name may refer to: FortressLibrary.ZZ32, CompilerBuiltin.ZZ32
/home/user/fortress/Library/FortressLibrary.fsi:2448:15-19:
    Type name may refer to: FortressLibrary.String, CompilerBuiltin.String
/home/user/fortress/Library/FortressLibrary.fsi:2448:24-26:
    Type name may refer to: FortressLibrary.RR64, CompilerBuiltin.RR64
/home/user/fortress/Library/FortressLibrary.fsi:2451:17-21:
    Type name may refer to: FortressLibrary.String, CompilerBuiltin.String
/home/user/fortress/Library/FortressLibrary.fsi:2454:18-22:
    Type name may refer to: FortressLibrary.String, CompilerBuiltin.String
/home/user/fortress/Library/FortressLibrary.fsi:2458:19-23:
    Type name may refer to: FortressLibrary.String, CompilerBuiltin.String
/home/user/fortress/Library/FortressLibrary.fsi:2459:19-23:
    Type name may refer to: FortressLibrary.Number, CompilerBuiltin.Number
/home/user/fortress/Library/FortressLibrary.fsi:2460:19-23:
    Type name may refer to: FortressLibrary.String, CompilerBuiltin.String
/home/user/fortress/Library/FortressLibrary.fsi:2461:21-25:
    Type name may refer to: FortressLibrary.String, CompilerBuiltin.String
/home/user/fortress/Library/FortressLibrary.fsi:2482:18-22:
    Type name may refer to: FortressLibrary.Number, CompilerBuiltin.Number
/home/user/fortress/Library/FortressLibrary.fsi:2489:37-45:
    Type name may refer to: FortressLibrary.Comparison, CompilerBuiltin.Comparison
/home/user/fortress/Library/FortressLibrary.fsi:2495:43-51:
    Type name may refer to: FortressLibrary.Comparison, CompilerBuiltin.Comparison
/home/user/fortress/Library/FortressLibrary.fsi:2506:12-19:
    Type name may refer to: FortressLibrary.Generator, CompilerBuiltin.Generator
/home/user/fortress/Library/FortressLibrary.fsi:2507:19-26:
    Type name may refer to: FortressLibrary.Generator, CompilerBuiltin.Generator
/home/user/fortress/Library/FortressLibrary.fsi:2511:29-36:
    Type name may refer to: FortressLibrary.Generator, CompilerBuiltin.Generator
/home/user/fortress/Library/FortressLibrary.fsi:2514:106-113:
    Type name may refer to: FortressLibrary.Generator, CompilerBuiltin.Generator
/home/user/fortress/Library/FortressLibrary.fsi:2514:124-131:
    Type name may refer to: FortressLibrary.Condition, CompilerBuiltin.Condition
/home/user/fortress/Library/FortressLibrary.fsi:2516:37-44:
    Type name may refer to: FortressLibrary.Generator, CompilerBuiltin.Generator
/home/user/fortress/Library/FortressLibrary.fsi:2518:13-20:
    Type name may refer to: FortressLibrary.Generator, CompilerBuiltin.Generator
/home/user/fortress/Library/FortressLibrary.fsi:2518:33-40:
    Type name may refer to: FortressLibrary.Condition, CompilerBuiltin.Condition
/home/user/fortress/Library/FortressLibrary.fsi:2523:51-58:
    Type name may refer to: FortressLibrary.Condition, CompilerBuiltin.Condition
/home/user/fortress/Library/FortressLibrary.fsi:2523:78-85:
    Type name may refer to: FortressLibrary.Condition, CompilerBuiltin.Condition
/home/user/fortress/Library/FortressLibrary.fsi:2525:14-21:
    Type name may refer to: FortressLibrary.Generator, CompilerBuiltin.Generator
/home/user/fortress/Library/FortressLibrary.fsi:2535:26-28:
    Type name may refer to: FortressLibrary.ZZ32, CompilerBuiltin.ZZ32
/home/user/fortress/Library/FortressLibrary.fsi:2535:31-33:
    Type name may refer to: FortressLibrary.ZZ32, CompilerBuiltin.ZZ32
/home/user/fortress/Library/FortressLibrary.fsi:2535:47-49:
    Type name may refer to: FortressLibrary.ZZ32, CompilerBuiltin.ZZ32
/home/user/fortress/Library/FortressLibrary.fsi:2535:52-54:
    Type name may refer to: FortressLibrary.ZZ32, CompilerBuiltin.ZZ32
/home/user/fortress/Library/FortressLibrary.fsi:2536:26-28:
    Type name may refer to: FortressLibrary.ZZ32, CompilerBuiltin.ZZ32
/home/user/fortress/Library/FortressLibrary.fsi:2536:31-33:
    Type name may refer to: FortressLibrary.ZZ32, CompilerBuiltin.ZZ32
/home/user/fortress/Library/FortressLibrary.fsi:2536:47-49:
    Type name may refer to: FortressLibrary.ZZ32, CompilerBuiltin.ZZ32
/home/user/fortress/Library/FortressLibrary.fsi:2536:52-54:
    Type name may refer to: FortressLibrary.ZZ32, CompilerBuiltin.ZZ32
/home/user/fortress/Library/FortressLibrary.fsi:2537:17-19:
    Type name may refer to: FortressLibrary.ZZ32, CompilerBuiltin.ZZ32
/home/user/fortress/Library/FortressLibrary.fsi:2537:22-24:
    Type name may refer to: FortressLibrary.ZZ32, CompilerBuiltin.ZZ32
/home/user/fortress/Library/FortressLibrary.fsi:2537:33-35:
    Type name may refer to: FortressLibrary.ZZ32, CompilerBuiltin.ZZ32
/home/user/fortress/Library/FortressLibrary.fsi:2537:47-49:
    Type name may refer to: FortressLibrary.ZZ32, CompilerBuiltin.ZZ32
/home/user/fortress/Library/FortressLibrary.fsi:2537:52-54:
    Type name may refer to: FortressLibrary.ZZ32, CompilerBuiltin.ZZ32
/home/user/fortress/Library/FortressLibrary.fsi:2538:17-19:
    Type name may refer to: FortressLibrary.ZZ32, CompilerBuiltin.ZZ32
/home/user/fortress/Library/FortressLibrary.fsi:2538:22-24:
    Type name may refer to: FortressLibrary.ZZ32, CompilerBuiltin.ZZ32
/home/user/fortress/Library/FortressLibrary.fsi:2538:33-35:
    Type name may refer to: FortressLibrary.ZZ32, CompilerBuiltin.ZZ32
/home/user/fortress/Library/FortressLibrary.fsi:2538:47-49:
    Type name may refer to: FortressLibrary.ZZ32, CompilerBuiltin.ZZ32
/home/user/fortress/Library/FortressLibrary.fsi:2538:52-54:
    Type name may refer to: FortressLibrary.ZZ32, CompilerBuiltin.ZZ32
/home/user/fortress/Library/FortressLibrary.fsi:2539:19-21:
    Type name may refer to: FortressLibrary.ZZ32, CompilerBuiltin.ZZ32
/home/user/fortress/Library/FortressLibrary.fsi:2539:24-26:
    Type name may refer to: FortressLibrary.ZZ32, CompilerBuiltin.ZZ32
/home/user/fortress/Library/FortressLibrary.fsi:2539:35-37:
    Type name may refer to: FortressLibrary.ZZ32, CompilerBuiltin.ZZ32
/home/user/fortress/Library/FortressLibrary.fsi:2539:49-51:
    Type name may refer to: FortressLibrary.ZZ32, CompilerBuiltin.ZZ32
/home/user/fortress/Library/FortressLibrary.fsi:2539:54-56:
    Type name may refer to: FortressLibrary.ZZ32, CompilerBuiltin.ZZ32
/home/user/fortress/Library/FortressLibrary.fsi:2540:19-21:
    Type name may refer to: FortressLibrary.ZZ32, CompilerBuiltin.ZZ32
/home/user/fortress/Library/FortressLibrary.fsi:2540:24-26:
    Type name may refer to: FortressLibrary.ZZ32, CompilerBuiltin.ZZ32
/home/user/fortress/Library/FortressLibrary.fsi:2540:35-37:
    Type name may refer to: FortressLibrary.ZZ32, CompilerBuiltin.ZZ32
/home/user/fortress/Library/FortressLibrary.fsi:2540:49-51:
    Type name may refer to: FortressLibrary.ZZ32, CompilerBuiltin.ZZ32
/home/user/fortress/Library/FortressLibrary.fsi:2540:54-56:
    Type name may refer to: FortressLibrary.ZZ32, CompilerBuiltin.ZZ32
/home/user/fortress/Library/List.fsi:55:34-39:
    HasRank is undefined.
/home/user/fortress/Library/List.fsi:67:36-52:
    LexicographicOrder is undefined.
/home/user/fortress/Library/List.fsi:68:28-33:
    HasRank is undefined.
/home/user/fortress/Library/List.fsi:74:17-20:
    Maybe is undefined.
/home/user/fortress/Library/List.fsi:75:18-21:
    Maybe is undefined.
/home/user/fortress/Library/List.fsi:76:25-28:
    Maybe is undefined.
/home/user/fortress/Library/List.fsi:77:26-29:
    Maybe is undefined.
/home/user/fortress/Library/List.fsi:110:19-30:
    Comprehension is undefined.
/home/user/fortress/Library/List.fsi:113:24-34:
    BigReduction is undefined.
/home/user/fortress/Library/List.fsi:131:28-41:
    MonoidReduction is undefined.
/home/user/fortress/Library/RangeInternals.fsi:14:26-32:
    Integral is undefined.
/home/user/fortress/Library/RangeInternals.fsi:16:29-35:
    Integral is undefined.
/home/user/fortress/Library/RangeInternals.fsi:18:29-35:
    Integral is undefined.
/home/user/fortress/Library/RangeInternals.fsi:20:31-37:
    Integral is undefined.
/home/user/fortress/Library/RangeInternals.fsi:22:31-37:
    Integral is undefined.
/home/user/fortress/Library/RangeInternals.fsi:24:22-28:
    Integral is undefined.
/home/user/fortress/Library/RangeInternals.fsi:26:22-28:
    Integral is undefined.
/home/user/fortress/Library/RangeInternals.fsi:28:25-31:
    Integral is undefined.
/home/user/fortress/Library/RangeInternals.fsi:28:97-100:
    Maybe is undefined.
/home/user/fortress/Library/RangeInternals.fsi:30:21-27:
    Integral is undefined.
/home/user/fortress/Library/RangeInternals.fsi:32:21-27:
    Integral is undefined.
/home/user/fortress/Library/RangeInternals.fsi:32:46-52:
    Integral is undefined.
/home/user/fortress/Library/RangeInternals.fsi:34:21-27:
    Integral is undefined.
/home/user/fortress/Library/RangeInternals.fsi:34:46-52:
    Integral is undefined.
/home/user/fortress/Library/RangeInternals.fsi:34:71-77:
    Integral is undefined.
/home/user/fortress/Library/RangeInternals.fsi:36:21-27:
    Integral is undefined.
/home/user/fortress/Library/RangeInternals.fsi:38:21-27:
    Integral is undefined.
/home/user/fortress/Library/RangeInternals.fsi:38:46-52:
    Integral is undefined.
/home/user/fortress/Library/RangeInternals.fsi:40:21-27:
    Integral is undefined.
/home/user/fortress/Library/RangeInternals.fsi:40:46-52:
    Integral is undefined.
/home/user/fortress/Library/RangeInternals.fsi:40:71-77:
    Integral is undefined.
/home/user/fortress/Library/RangeInternals.fsi:42:27-34:
    Incorrect number of static arguments for type 'CompilerLibrary.Range': provided 1, expected 0
/home/user/fortress/Library/RangeInternals.fsi:42:49-56:
    Incorrect number of static arguments for type 'CompilerLibrary.Range': provided 1, expected 0
/home/user/fortress/Library/RangeInternals.fsi:42:68-75:
    Incorrect number of static arguments for type 'CompilerLibrary.Range': provided 1, expected 0
/home/user/fortress/Library/RangeInternals.fsi:44:30-36:
    Integral is undefined.
/home/user/fortress/Library/RangeInternals.fsi:44:54-61:
    Incorrect number of static arguments for type 'CompilerLibrary.Range': provided 1, expected 0
/home/user/fortress/Library/RangeInternals.fsi:46:26-33:
    Incorrect number of static arguments for type 'CompilerLibrary.Range': provided 1, expected 0
/home/user/fortress/Library/RangeInternals.fsi:46:39-46:
    Incorrect number of static arguments for type 'CompilerLibrary.Range': provided 1, expected 0
/home/user/fortress/Library/RangeInternals.fsi:51:22-28:
    Integral is undefined.
/home/user/fortress/Library/RangeInternals.fsi:51:47-53:
    Integral is undefined.
/home/user/fortress/Library/RangeInternals.fsi:53:26-32:
    Integral is undefined.
/home/user/fortress/Library/RangeInternals.fsi:53:51-57:
    Integral is undefined.
/home/user/fortress/Library/RangeInternals.fsi:54:13-25:
    Incorrect number of static arguments for type 'CompilerLibrary.Range': provided 1, expected 0
/home/user/fortress/Library/RangeInternals.fsi:61:29-40:
    RangeWithLeft is undefined.
/home/user/fortress/Library/RangeInternals.fsi:62:29-41:
    RangeWithRight is undefined.
/home/user/fortress/Library/RangeInternals.fsi:63:26-38:
    Incorrect number of static arguments for type 'CompilerLibrary.Range': provided 1, expected 0
/home/user/fortress/Library/RangeInternals.fsi:63:44-56:
    Incorrect number of static arguments for type 'CompilerLibrary.Range': provided 1, expected 0
/home/user/fortress/Library/RangeInternals.fsi:64:44-56:
    Incorrect number of static arguments for type 'CompilerLibrary.Range': provided 1, expected 0
/home/user/fortress/Library/RangeInternals.fsi:70:32-38:
    Integral is undefined.
/home/user/fortress/Library/RangeInternals.fsi:70:57-63:
    Integral is undefined.
/home/user/fortress/Library/RangeInternals.fsi:83:22-28:
    Integral is undefined.
/home/user/fortress/Library/RangeInternals.fsi:83:47-53:
    Integral is undefined.
/home/user/fortress/Library/RangeInternals.fsi:83:72-78:
    Integral is undefined.
/home/user/fortress/Library/RangeInternals.fsi:85:26-32:
    Integral is undefined.
/home/user/fortress/Library/RangeInternals.fsi:85:51-57:
    Integral is undefined.
/home/user/fortress/Library/RangeInternals.fsi:86:19-25:
    Integral is undefined.
/home/user/fortress/Library/RangeInternals.fsi:87:13-28:
    Incorrect number of static arguments for type 'CompilerLibrary.Range': provided 1, expected 0
/home/user/fortress/Library/RangeInternals.fsi:96:37-48:
    RangeWithLeft is undefined.
/home/user/fortress/Library/RangeInternals.fsi:97:37-49:
    RangeWithRight is undefined.
/home/user/fortress/Library/RangeInternals.fsi:98:26-41:
    Incorrect number of static arguments for type 'CompilerLibrary.Range': provided 1, expected 0
/home/user/fortress/Library/RangeInternals.fsi:98:47-62:
    Incorrect number of static arguments for type 'CompilerLibrary.Range': provided 1, expected 0
/home/user/fortress/Library/RangeInternals.fsi:99:47-62:
    Incorrect number of static arguments for type 'CompilerLibrary.Range': provided 1, expected 0
/home/user/fortress/Library/RangeInternals.fsi:105:32-38:
    Integral is undefined.
/home/user/fortress/Library/RangeInternals.fsi:105:57-63:
    Integral is undefined.
/home/user/fortress/Library/RangeInternals.fsi:106:19-25:
    Integral is undefined.
/home/user/fortress/Library/RangeInternals.fsi:121:37-43:
    Integral is undefined.
/home/user/fortress/Library/RangeInternals.fsi:122:33-43:
    PartialRange is undefined.
/home/user/fortress/Library/RangeInternals.fsi:125:35-41:
    Integral is undefined.
/home/user/fortress/Library/RangeInternals.fsi:126:40-47:
    OpenRange is undefined.
/home/user/fortress/Library/RangeInternals.fsi:135:20-27:
    OpenRange is undefined.
/home/user/fortress/Library/RangeInternals.fsi:141:22-28:
    Integral is undefined.
/home/user/fortress/Library/RangeInternals.fsi:141:47-53:
    Integral is undefined.
/home/user/fortress/Library/RangeInternals.fsi:143:31-37:
    Integral is undefined.
/home/user/fortress/Library/RangeInternals.fsi:143:56-62:
    Integral is undefined.
/home/user/fortress/Library/RangeInternals.fsi:144:15-22:
    OpenRange is undefined.
/home/user/fortress/Library/RangeInternals.fsi:155:22-28:
    Integral is undefined.
/home/user/fortress/Library/RangeInternals.fsi:155:47-53:
    Integral is undefined.
/home/user/fortress/Library/RangeInternals.fsi:155:72-78:
    Integral is undefined.
/home/user/fortress/Library/RangeInternals.fsi:157:31-37:
    Integral is undefined.
/home/user/fortress/Library/RangeInternals.fsi:157:56-62:
    Integral is undefined.
/home/user/fortress/Library/RangeInternals.fsi:158:19-25:
    Integral is undefined.
/home/user/fortress/Library/RangeInternals.fsi:159:15-22:
    OpenRange is undefined.
/home/user/fortress/Library/RangeInternals.fsi:172:17-23:
    Integral is undefined.
/home/user/fortress/Library/RangeInternals.fsi:174:40-46:
    Integral is undefined.
/home/user/fortress/Library/RangeInternals.fsi:175:33-46:
    RangeWithExtent is undefined.
/home/user/fortress/Library/RangeInternals.fsi:178:37-43:
    Integral is undefined.
/home/user/fortress/Library/RangeInternals.fsi:180:9-18:
    ExtentRange is undefined.
/home/user/fortress/Library/RangeInternals.fsi:182:22-24:
    Just is undefined.
/home/user/fortress/Library/RangeInternals.fsi:191:26-33:
    Incorrect number of static arguments for type 'CompilerLibrary.Range': provided 1, expected 0
/home/user/fortress/Library/RangeInternals.fsi:198:30-36:
    Integral is undefined.
/home/user/fortress/Library/RangeInternals.fsi:200:22-28:
    Integral is undefined.
/home/user/fortress/Library/RangeInternals.fsi:200:47-53:
    Integral is undefined.
/home/user/fortress/Library/RangeInternals.fsi:202:33-39:
    Integral is undefined.
/home/user/fortress/Library/RangeInternals.fsi:202:58-64:
    Integral is undefined.
/home/user/fortress/Library/RangeInternals.fsi:203:15-24:
    ExtentRange is undefined.
/home/user/fortress/Library/RangeInternals.fsi:206:22-24:
    Just is undefined.
/home/user/fortress/Library/RangeInternals.fsi:215:22-28:
    Integral is undefined.
/home/user/fortress/Library/RangeInternals.fsi:215:47-53:
    Integral is undefined.
/home/user/fortress/Library/RangeInternals.fsi:215:72-78:
    Integral is undefined.
/home/user/fortress/Library/RangeInternals.fsi:218:33-39:
    Integral is undefined.
/home/user/fortress/Library/RangeInternals.fsi:218:58-64:
    Integral is undefined.
/home/user/fortress/Library/RangeInternals.fsi:219:19-25:
    Integral is undefined.
/home/user/fortress/Library/RangeInternals.fsi:220:15-24:
    ExtentRange is undefined.
/home/user/fortress/Library/RangeInternals.fsi:224:22-24:
    Just is undefined.
/home/user/fortress/Library/RangeInternals.fsi:235:37-43:
    Integral is undefined.
/home/user/fortress/Library/RangeInternals.fsi:236:33-43:
    BoundedRange is undefined.
/home/user/fortress/Library/RangeInternals.fsi:244:38-44:
    Integral is undefined.
/home/user/fortress/Library/RangeInternals.fsi:245:40-51:
    RangeWithLeft is undefined.
/home/user/fortress/Library/RangeInternals.fsi:249:35-41:
    Integral is undefined.
/home/user/fortress/Library/RangeInternals.fsi:251:9-16:
    LeftRange is undefined.
/home/user/fortress/Library/RangeInternals.fsi:253:20-22:
    Just is undefined.
/home/user/fortress/Library/RangeInternals.fsi:267:28-34:
    Integral is undefined.
/home/user/fortress/Library/RangeInternals.fsi:269:33-39:
    Integral is undefined.
/home/user/fortress/Library/RangeInternals.fsi:271:22-28:
    Integral is undefined.
/home/user/fortress/Library/RangeInternals.fsi:271:47-53:
    Integral is undefined.
/home/user/fortress/Library/RangeInternals.fsi:273:31-37:
    Integral is undefined.
/home/user/fortress/Library/RangeInternals.fsi:273:56-62:
    Integral is undefined.
/home/user/fortress/Library/RangeInternals.fsi:274:15-22:
    LeftRange is undefined.
/home/user/fortress/Library/RangeInternals.fsi:277:20-22:
    Just is undefined.
/home/user/fortress/Library/RangeInternals.fsi:282:16-26:
    BoundedRange is undefined.
/home/user/fortress/Library/RangeInternals.fsi:286:22-28:
    Integral is undefined.
/home/user/fortress/Library/RangeInternals.fsi:286:47-53:
    Integral is undefined.
/home/user/fortress/Library/RangeInternals.fsi:286:72-78:
    Integral is undefined.
/home/user/fortress/Library/RangeInternals.fsi:288:31-37:
    Integral is undefined.
/home/user/fortress/Library/RangeInternals.fsi:288:56-62:
    Integral is undefined.
/home/user/fortress/Library/RangeInternals.fsi:289:19-25:
    Integral is undefined.
/home/user/fortress/Library/RangeInternals.fsi:290:15-22:
    LeftRange is undefined.
/home/user/fortress/Library/RangeInternals.fsi:294:20-22:
    Just is undefined.
/home/user/fortress/Library/RangeInternals.fsi:300:16-26:
    BoundedRange is undefined.
/home/user/fortress/Library/RangeInternals.fsi:304:39-45:
    Integral is undefined.
/home/user/fortress/Library/RangeInternals.fsi:305:40-52:
    RangeWithRight is undefined.
/home/user/fortress/Library/RangeInternals.fsi:311:9-17:
    RightRange is undefined.
/home/user/fortress/Library/RangeInternals.fsi:313:21-23:
    Just is undefined.
/home/user/fortress/Library/RangeInternals.fsi:327:29-35:
    Integral is undefined.
/home/user/fortress/Library/RangeInternals.fsi:329:34-40:
    Integral is undefined.
/home/user/fortress/Library/RangeInternals.fsi:331:22-28:
    Integral is undefined.
/home/user/fortress/Library/RangeInternals.fsi:331:47-53:
    Integral is undefined.
/home/user/fortress/Library/RangeInternals.fsi:333:32-38:
    Integral is undefined.
/home/user/fortress/Library/RangeInternals.fsi:333:57-63:
    Integral is undefined.
/home/user/fortress/Library/RangeInternals.fsi:334:15-23:
    RightRange is undefined.
/home/user/fortress/Library/RangeInternals.fsi:337:21-23:
    Just is undefined.
/home/user/fortress/Library/RangeInternals.fsi:342:16-26:
    BoundedRange is undefined.
/home/user/fortress/Library/RangeInternals.fsi:346:22-28:
    Integral is undefined.
/home/user/fortress/Library/RangeInternals.fsi:346:47-53:
    Integral is undefined.
/home/user/fortress/Library/RangeInternals.fsi:346:72-78:
    Integral is undefined.
/home/user/fortress/Library/RangeInternals.fsi:349:32-38:
    Integral is undefined.
/home/user/fortress/Library/RangeInternals.fsi:349:57-63:
    Integral is undefined.
/home/user/fortress/Library/RangeInternals.fsi:350:19-25:
    Integral is undefined.
/home/user/fortress/Library/RangeInternals.fsi:351:15-23:
    RightRange is undefined.
/home/user/fortress/Library/RangeInternals.fsi:355:21-23:
    Just is undefined.
/home/user/fortress/Library/RangeInternals.fsi:361:16-26:
    BoundedRange is undefined.
/home/user/fortress/Library/RangeInternals.fsi:366:34-40:
    Integral is undefined.
/home/user/fortress/Library/RangeInternals.fsi:369:9-16:
    FullRange is undefined.
/home/user/fortress/Library/RangeInternals.fsi:370:22-24:
    Just is undefined.
/home/user/fortress/Library/RangeInternals.fsi:381:14-21:
    Incorrect number of static arguments for type 'CompilerLibrary.Range': provided 1, expected 0
/home/user/fortress/Library/RangeInternals.fsi:383:20-23:
    Maybe is undefined.
/home/user/fortress/Library/RangeInternals.fsi:386:30-36:
    Integral is undefined.
/home/user/fortress/Library/RangeInternals.fsi:386:55-61:
    Integral is undefined.
/home/user/fortress/Library/RangeInternals.fsi:387:15-22:
    FullRange is undefined.
/home/user/fortress/Library/RangeInternals.fsi:387:53-67:
    DelegatedIndexed is undefined.
/home/user/fortress/Library/RangeInternals.fsi:390:22-24:
    Just is undefined.
/home/user/fortress/Library/RangeInternals.fsi:397:14-26:
    Incorrect number of static arguments for type 'CompilerLibrary.Range': provided 1, expected 0
/home/user/fortress/Library/RangeInternals.fsi:398:24-27:
    Maybe is undefined.
/home/user/fortress/Library/RangeInternals.fsi:403:30-36:
    Integral is undefined.
/home/user/fortress/Library/RangeInternals.fsi:403:55-61:
    Integral is undefined.
/home/user/fortress/Library/RangeInternals.fsi:404:19-25:
    Integral is undefined.
/home/user/fortress/Library/RangeInternals.fsi:405:15-22:
    FullRange is undefined.
/home/user/fortress/Library/RangeInternals.fsi:405:59-73:
    DelegatedIndexed is undefined.
/home/user/fortress/Library/RangeInternals.fsi:409:22-24:
    Just is undefined.
/home/user/fortress/Library/RangeInternals.fsi:416:14-29:
    Incorrect number of static arguments for type 'CompilerLibrary.Range': provided 1, expected 0
/home/user/fortress/Library/RangeInternals.fsi:417:26-29:
    Maybe is undefined.
/home/user/fortress/Library/RangeInternals.fsi:420:41-47:
    Integral is undefined.
/home/user/fortress/Library/RangeInternals.fsi:421:37-51:
    CompactFullRange is undefined.
/home/user/fortress/Library/RangeInternals.fsi:425:31-36:
    Indexed is undefined.
/home/user/fortress/Library/RangeInternals.fsi:426:23-28:
    Indexed is undefined.
/home/user/fortress/Library/RangeInternals.fsi:430:20-23:
    Maybe is undefined.
/home/user/fortress/Library/RangeInternals.fsi:435:45-51:
    Integral is undefined.
/home/user/fortress/Library/RangeInternals.fsi:439:20-22:
    Just is undefined.
/home/user/fortress/Library/RangeInternals.fsi:440:21-23:
    Just is undefined.
/home/user/fortress/Library/RangeInternals.fsi:447:45-51:
    Integral is undefined.
/home/user/fortress/Library/RangeInternals.fsi:451:20-22:
    Just is undefined.
/home/user/fortress/Library/RangeInternals.fsi:452:21-23:
    Just is undefined.
/home/user/fortress/Library/RangeInternals.fsi:458:22-28:
    Integral is undefined.
/home/user/fortress/Library/RangeInternals.fsi:458:47-53:
    Integral is undefined.
/home/user/fortress/Library/RangeInternals.fsi:460:38-44:
    Integral is undefined.
/home/user/fortress/Library/RangeInternals.fsi:460:63-69:
    Integral is undefined.
/home/user/fortress/Library/RangeInternals.fsi:461:15-29:
    CompactFullRange is undefined.
/home/user/fortress/Library/RangeInternals.fsi:468:20-22:
    Just is undefined.
/home/user/fortress/Library/RangeInternals.fsi:469:21-23:
    Just is undefined.
/home/user/fortress/Library/RangeInternals.fsi:476:22-28:
    Integral is undefined.
/home/user/fortress/Library/RangeInternals.fsi:476:47-53:
    Integral is undefined.
/home/user/fortress/Library/RangeInternals.fsi:476:72-78:
    Integral is undefined.
/home/user/fortress/Library/RangeInternals.fsi:479:38-44:
    Integral is undefined.
/home/user/fortress/Library/RangeInternals.fsi:479:63-69:
    Integral is undefined.
/home/user/fortress/Library/RangeInternals.fsi:480:19-25:
    Integral is undefined.
/home/user/fortress/Library/RangeInternals.fsi:481:15-29:
    CompactFullRange is undefined.
/home/user/fortress/Library/RangeInternals.fsi:488:20-22:
    Just is undefined.
/home/user/fortress/Library/RangeInternals.fsi:489:21-23:
    Just is undefined.
/home/user/fortress/Library/RangeInternals.fsi:497:41-47:
    Integral is undefined.
/home/user/fortress/Library/RangeInternals.fsi:498:37-51:
    StridedFullRange is undefined.
/home/user/fortress/Library/RangeInternals.fsi:501:31-36:
    Indexed is undefined.
/home/user/fortress/Library/RangeInternals.fsi:502:23-28:
    Indexed is undefined.
/home/user/fortress/Library/RangeInternals.fsi:506:20-23:
    Maybe is undefined.
/home/user/fortress/Library/RangeInternals.fsi:510:45-51:
    Integral is undefined.
/home/user/fortress/Library/RangeInternals.fsi:513:20-22:
    Just is undefined.
/home/user/fortress/Library/RangeInternals.fsi:514:21-23:
    Just is undefined.
/home/user/fortress/Library/RangeInternals.fsi:521:45-51:
    Integral is undefined.
/home/user/fortress/Library/RangeInternals.fsi:524:20-22:
    Just is undefined.
/home/user/fortress/Library/RangeInternals.fsi:525:21-23:
    Just is undefined.
/home/user/fortress/Library/RangeInternals.fsi:532:22-28:
    Integral is undefined.
/home/user/fortress/Library/RangeInternals.fsi:532:47-53:
    Integral is undefined.
/home/user/fortress/Library/RangeInternals.fsi:534:38-44:
    Integral is undefined.
/home/user/fortress/Library/RangeInternals.fsi:534:63-69:
    Integral is undefined.
/home/user/fortress/Library/RangeInternals.fsi:535:15-29:
    StridedFullRange is undefined.
/home/user/fortress/Library/RangeInternals.fsi:540:20-22:
    Just is undefined.
/home/user/fortress/Library/RangeInternals.fsi:541:21-23:
    Just is undefined.
/home/user/fortress/Library/RangeInternals.fsi:549:22-28:
    Integral is undefined.
/home/user/fortress/Library/RangeInternals.fsi:549:47-53:
    Integral is undefined.
/home/user/fortress/Library/RangeInternals.fsi:549:72-78:
    Integral is undefined.
/home/user/fortress/Library/RangeInternals.fsi:551:38-44:
    Integral is undefined.
/home/user/fortress/Library/RangeInternals.fsi:551:63-69:
    Integral is undefined.
/home/user/fortress/Library/RangeInternals.fsi:552:19-25:
    Integral is undefined.
/home/user/fortress/Library/RangeInternals.fsi:555:15-29:
    StridedFullRange is undefined.
/home/user/fortress/Library/RangeInternals.fsi:560:20-22:
    Just is undefined.
/home/user/fortress/Library/RangeInternals.fsi:561:21-23:
    Just is undefined.
/home/user/fortress/Library/RangeInternals.fsi:570:28-34:
    Integral is undefined.
/home/user/fortress/Library/RangeInternals.fsi:572:33-39:
    Integral is undefined.
/home/user/fortress/Library/RangeInternals.fsi:574:24-30:
    Integral is undefined.
/home/user/fortress/Library/RangeInternals.fsi:574:49-55:
    Integral is undefined.
/home/user/fortress/Library/RangeInternals.fsi:576:24-30:
    Integral is undefined.
/home/user/fortress/Library/RangeInternals.fsi:576:49-55:
    Integral is undefined.
/home/user/fortress/Library/RangeInternals.fsi:576:74-80:
    Integral is undefined.
/home/user/fortress/Library/RangeInternals.fsi:580:24-33:
    AnyIntegral is undefined.
/home/user/fortress/Library/RangeInternals.fsi:582:24-33:
    AnyIntegral is undefined.
/home/user/fortress/Library/RangeInternals.fsi:582:47-56:
    AnyIntegral is undefined.
/home/user/fortress/Library/RangeInternals.fsi:584:24-33:
    AnyIntegral is undefined.
/home/user/fortress/Library/RangeInternals.fsi:584:47-56:
    AnyIntegral is undefined.
/home/user/fortress/Library/RangeInternals.fsi:584:70-79:
    AnyIntegral is undefined.
/home/user/fortress/Library/RangeInternals.fsi:587:26-35:
    AnyIntegral is undefined.
/home/user/fortress/Library/RangeInternals.fsi:589:26-35:
    AnyIntegral is undefined.
/home/user/fortress/Library/RangeInternals.fsi:589:49-58:
    AnyIntegral is undefined.
/home/user/fortress/Library/RangeInternals.fsi:591:26-35:
    AnyIntegral is undefined.
/home/user/fortress/Library/RangeInternals.fsi:591:49-58:
    AnyIntegral is undefined.
/home/user/fortress/Library/RangeInternals.fsi:591:72-81:
    AnyIntegral is undefined.
/home/user/fortress/Library/RangeInternals.fsi:594:23-32:
    AnyIntegral is undefined.
/home/user/fortress/Library/RangeInternals.fsi:594:50-57:
    LeftRange is undefined.
/home/user/fortress/Library/RangeInternals.fsi:596:23-32:
    AnyIntegral is undefined.
/home/user/fortress/Library/RangeInternals.fsi:596:46-55:
    AnyIntegral is undefined.
/home/user/fortress/Library/RangeInternals.fsi:596:85-92:
    LeftRange is undefined.
/home/user/fortress/Library/RangeInternals.fsi:598:23-32:
    AnyIntegral is undefined.
/home/user/fortress/Library/RangeInternals.fsi:598:46-55:
    AnyIntegral is undefined.
/home/user/fortress/Library/RangeInternals.fsi:598:69-78:
    AnyIntegral is undefined.
/home/user/fortress/Library/RangeInternals.fsi:598:120-127:
    LeftRange is undefined.
/home/user/fortress/Library/RangeInternals.fsi:600:25-34:
    AnyIntegral is undefined.
/home/user/fortress/Library/RangeInternals.fsi:600:52-61:
    ExtentRange is undefined.
/home/user/fortress/Library/RangeInternals.fsi:602:25-34:
    AnyIntegral is undefined.
/home/user/fortress/Library/RangeInternals.fsi:602:48-57:
    AnyIntegral is undefined.
/home/user/fortress/Library/RangeInternals.fsi:602:87-96:
    ExtentRange is undefined.
/home/user/fortress/Library/RangeInternals.fsi:604:25-34:
    AnyIntegral is undefined.
/home/user/fortress/Library/RangeInternals.fsi:604:48-57:
    AnyIntegral is undefined.
/home/user/fortress/Library/RangeInternals.fsi:604:71-80:
    AnyIntegral is undefined.
/home/user/fortress/Library/RangeInternals.fsi:604:122-131:
    ExtentRange is undefined.
/home/user/fortress/Library/RangeInternals.fsi:606:24-33:
    AnyIntegral is undefined.
/home/user/fortress/Library/RangeInternals.fsi:606:51-59:
    RightRange is undefined.
/home/user/fortress/Library/RangeInternals.fsi:608:24-33:
    AnyIntegral is undefined.
/home/user/fortress/Library/RangeInternals.fsi:608:47-56:
    AnyIntegral is undefined.
/home/user/fortress/Library/RangeInternals.fsi:608:86-94:
    RightRange is undefined.
/home/user/fortress/Library/RangeInternals.fsi:610:24-33:
    AnyIntegral is undefined.
/home/user/fortress/Library/RangeInternals.fsi:610:47-56:
    AnyIntegral is undefined.
/home/user/fortress/Library/RangeInternals.fsi:610:70-79:
    AnyIntegral is undefined.
/home/user/fortress/Library/RangeInternals.fsi:610:121-129:
    RightRange is undefined.
/home/user/fortress/Library/RangeInternals.fsi:612:28-37:
    AnyIntegral is undefined.
/home/user/fortress/Library/RangeInternals.fsi:614:28-37:
    AnyIntegral is undefined.
/home/user/fortress/Library/RangeInternals.fsi:614:51-60:
    AnyIntegral is undefined.
/home/user/fortress/Library/RangeInternals.fsi:616:28-37:
    AnyIntegral is undefined.
/home/user/fortress/Library/RangeInternals.fsi:616:51-60:
    AnyIntegral is undefined.
/home/user/fortress/Library/RangeInternals.fsi:616:74-83:
    AnyIntegral is undefined.
/home/user/fortress/Library/RangeInternals.fsi:618:23-32:
    AnyIntegral is undefined.
/home/user/fortress/Library/RangeInternals.fsi:618:50-57:
    OpenRange is undefined.
/home/user/fortress/Library/RangeInternals.fsi:620:23-32:
    AnyIntegral is undefined.
/home/user/fortress/Library/RangeInternals.fsi:620:46-55:
    AnyIntegral is undefined.
/home/user/fortress/Library/RangeInternals.fsi:620:85-92:
    OpenRange is undefined.
/home/user/fortress/Library/RangeInternals.fsi:622:23-32:
    AnyIntegral is undefined.
/home/user/fortress/Library/RangeInternals.fsi:622:46-55:
    AnyIntegral is undefined.
/home/user/fortress/Library/RangeInternals.fsi:622:69-78:
    AnyIntegral is undefined.
/home/user/fortress/Library/RangeInternals.fsi:622:120-127:
    OpenRange is undefined.
/home/user/fortress/Library/Stream.fsi:39:13-15:
    Char is undefined.
/home/user/fortress/ProjectFortress/LibraryBuiltin/NativeArray.fsi:14:46-50:
    Array1 is undefined.
/home/user/fortress/ProjectFortress/LibraryBuiltin/NativeArray.fsi:16:50-63:
    ImmutableArray1 is undefined.
File FortressLibrary.fss has 1417 errors.
exit=255
ELAPSED 2 s
