########## Distance -order full -setting compile Library/FortressLibrary.fss
# jvm flags: -Dprobe.tolerant=true -Dprobe.skipOverloads=true -Dprobe.bottomCompare=true -Dfortress.analyzer.overload.cache=false
# machine: nproc=4; model name: Intel(R) Xeon(R) Processor @ 2.10GHz; cpu MHz: 2100.000
# load average at start: 14.34 14.71 13.44; JDK: openjdk version "25.0.4" 2026-07-21; FORTRESS_THREADS=1
# disk: 9.8G free of 252G
# start 2026-09-27T10:29:56Z
### order=full phases=[ PREDISAMBIGUATEDESUGAR DISAMBIGUATE GRAMMAR PRETYPECHECKDESUGAR INTEGERLITERALFOLDING TYPECHECK DESUGAR OVERLOADREWRITE CODEGEN ] setting=compile (extendsObject=true compiledExpr=true) prelude=INTERPRETER target=[Library/FortressLibrary.fss] overloadCache=false
@@TC API	Writer	errors=0
@@TC API	AnyType	errors=0
@@TC API	Stream	errors=4
@@TC API	NatReflect	errors=0
@@TC API	FlatString	errors=0
@@TC API	String	errors=0
@@TC API	List	errors=12
@@TC API	TypeProxy	errors=0
@@TC API	RangeInternals	errors=304
@@TC API	FortressLibrary	errors=402
@@TC API	NativeArray	errors=8
@@TC API	FortressBuiltin	errors=4
@@TC APIS-NOT-SUCCESSFUL	734 errors kept
@@TC DECL-OK	FnDecl	Library/FortressLibrary.fss:33:1-37:4	errors=0
@@TC DECL-OK	FnDecl	Library/FortressLibrary.fss:39:1-43:4	errors=0
@@TC DECL-OK	FnDecl	Library/FortressLibrary.fss:47:1-22	errors=0
@@TC DECL-OK	FnDecl	Library/FortressLibrary.fss:49:1-51:26	errors=0
@@TC DECL-OK	FnDecl	Library/FortressLibrary.fss:52:1-75:4	errors=0
@@TC DECL-OK	FnDecl	Library/FortressLibrary.fss:54:1-75:4	errors=0
@@TC DECL-OK	FnDecl	Library/FortressLibrary.fss:65:1-75:4	errors=0
@@TC DECL-OK	FnDecl	Library/FortressLibrary.fss:67:1-75:4	errors=0
@@TC DECL-OK	FnDecl	Library/FortressLibrary.fss:69:1-75:4	errors=0
@@TC DECL-OK	TraitDecl	Library/FortressLibrary.fss:75:1-78:2	errors=0
@@TC DECL-OK	ObjectDecl	Library/FortressLibrary.fss:80:1-83:2	errors=0
@@TC DECL-OK	FnDecl	Library/FortressLibrary.fss:85:1-87:43	errors=0
@@TC DECL-OK	FnDecl	Library/FortressLibrary.fss:88:1-37	errors=0
@@TC DECL-OK	FnDecl	Library/FortressLibrary.fss:90:1-94:62	errors=0
@@TC DECL-OK	FnDecl	Library/FortressLibrary.fss:96:1-39	errors=0
@@TC DECL-OK	FnDecl	Library/FortressLibrary.fss:98:1-42	errors=0
@@TC DECL-OK	TraitDecl	Library/FortressLibrary.fss:100:1-102:2	errors=0
@@TC DECL-OK	ObjectDecl	Library/FortressLibrary.fss:106:1-114:2	errors=0
@@TC DECL-OK	ObjectDecl	Library/FortressLibrary.fss:116:1-124:2	errors=0
@@TC DECL-OK	FnDecl	Library/FortressLibrary.fss:126:1-127:76	errors=0
@@TC DECL-OK	FnDecl	Library/FortressLibrary.fss:129:1-130:107	errors=1
@@TC DECL-OK	TraitDecl	Library/FortressLibrary.fss:132:1-146:2	errors=0
@@TC DECL-OK	ObjectDecl	Library/FortressLibrary.fss:150:1-156:2	errors=0
@@TC DECL-OK	TraitDecl	Library/FortressLibrary.fss:158:1-173:2	errors=0
@@TC DECL-OK	ObjectDecl	Library/FortressLibrary.fss:175:1-185:2	errors=0
@@TC DECL-OK	ObjectDecl	Library/FortressLibrary.fss:187:1-196:2	errors=0
@@TC DECL-OK	ObjectDecl	Library/FortressLibrary.fss:198:1-208:2	errors=0
@@TC DECL-OK	TraitDecl	Library/FortressLibrary.fss:213:1-226:2	errors=4
@@TC DECL-OK	TraitDecl	Library/FortressLibrary.fss:235:1-237:2	errors=0
@@TC DECL-OK	TraitDecl	Library/FortressLibrary.fss:246:1-248:2	errors=0
@@TC DECL-OK	TraitDecl	Library/FortressLibrary.fss:257:1-262:2	errors=2
@@TC DECL-OK	TraitDecl	Library/FortressLibrary.fss:270:1-283:2	errors=24
@@TC DECL-OK	FnDecl	Library/FortressLibrary.fss:286:1-289:6	errors=0
@@TC DECL-OK	FnDecl	Library/FortressLibrary.fss:291:1-294:6	errors=0
@@TC DECL-OK	FnDecl	Library/FortressLibrary.fss:296:1-300:6	errors=3
@@TC DECL-OK	FnDecl	Library/FortressLibrary.fss:302:1-42	errors=0
@@TC DECL-OK	FnDecl	Library/FortressLibrary.fss:304:1-69	errors=0
@@TC DECL-OK	FnDecl	Library/FortressLibrary.fss:306:1-310:6	errors=3
@@TC DECL-OK	FnDecl	Library/FortressLibrary.fss:312:1-320:2	errors=1
@@TC DECL-OK	TraitDecl	Library/FortressLibrary.fss:328:1-25	errors=0
@@TC DECL-OK	TraitDecl	Library/FortressLibrary.fss:331:1-336:2	errors=2
@@TC DECL-OK	TraitDecl	Library/FortressLibrary.fss:339:1-30	errors=0
@@TC DECL-OK	TraitDecl	Library/FortressLibrary.fss:343:1-350:2	errors=0
@@TC DECL-OK	TraitDecl	Library/FortressLibrary.fss:352:1-366:2	errors=0
@@TC DECL-OK	FnDecl	Library/FortressLibrary.fss:368:1-377:6	errors=0
@@TC DECL-OK	TraitDecl	Library/FortressLibrary.fss:379:1-495:2	errors=0
@@TC DECL-OK	FnDecl	Library/FortressLibrary.fss:497:1-542:9	errors=7
@@TC DECL-OK	TraitDecl	Library/FortressLibrary.fss:544:1-626:2	errors=12
@@TC DECL-OK	ObjectDecl	Library/FortressLibrary.fss:628:1-639:2	errors=0
@@TC DECL-OK	TraitDecl	Library/FortressLibrary.fss:641:1-80	errors=0
@@TC DECL-OK	TraitDecl	Library/FortressLibrary.fss:644:1-686:2	errors=9
@@TC DECL-OK	TraitDecl	Library/FortressLibrary.fss:688:1-758:2	errors=0
@@TC DECL-OK	TraitDecl	Library/FortressLibrary.fss:760:1-842:2	errors=0
@@TC DECL-OK	TraitDecl	Library/FortressLibrary.fss:844:1-906:2	errors=0
@@TC DECL-OK	TraitDecl	Library/FortressLibrary.fss:908:1-994:2	errors=0
@@TC DECL-OK	TraitDecl	Library/FortressLibrary.fss:1005:1-1017:2	errors=0
@@TC DECL-OK	FnDecl	Library/FortressLibrary.fss:1020:1-1022:42	errors=0
@@TC DECL-OK	FnDecl	Library/FortressLibrary.fss:1023:1-1025:48	errors=0
@@TC DECL-OK	FnDecl	Library/FortressLibrary.fss:1026:1-1058:3	errors=0
@@TC DECL-OK	TraitDecl	Library/FortressLibrary.fss:1059:1-1157:12	errors=1
@@TC DECL-OK	FnDecl	Library/FortressLibrary.fss:1165:1-1166:25	errors=0
@@TC DECL-OK	FnDecl	Library/FortressLibrary.fss:1168:1-1169:20	errors=0
@@TC DECL-OK	FnDecl	Library/FortressLibrary.fss:1171:1-59	errors=0
@@TC DECL-OK	FnDecl	Library/FortressLibrary.fss:1173:1-62	errors=1
@@TC DECL-OK	FnDecl	Library/FortressLibrary.fss:1175:1-70	errors=0
@@TC DECL-OK	FnDecl	Library/FortressLibrary.fss:1176:1-1178:42	errors=1
@@TC DECL-OK	FnDecl	Library/FortressLibrary.fss:1179:1-1187:21	errors=1
@@TC DECL-OK	FnDecl	Library/FortressLibrary.fss:1188:1-1193:6	errors=0
@@TC DECL-OK	FnDecl	Library/FortressLibrary.fss:1200:1-1208:2	errors=0
@@TC DECL-OK	FnDecl	Library/FortressLibrary.fss:1216:1-1219:85	errors=0
@@TC DECL-CRASH	FnDecl	Library/FortressLibrary.fss:1220:1-1224:4	com.sun.fortress.exceptions.InterpreterBug	com.sun.fortress.exceptions.InterpreterBug.bug(InterpreterBug.java:67)	** bug! Library/FortressLibrary.fss:1222:10     Type is not inferred.
@@TC DECL-OK	FnDecl	Library/FortressLibrary.fss:1246:1-1267:4	errors=1
@@TC DECL-OK	FnDecl	Library/FortressLibrary.fss:1272:1-1275:2	errors=0
@@TC DECL-OK	TraitDecl	Library/FortressLibrary.fss:1278:1-1297:22	errors=0
@@TC DECL-OK	TraitDecl	Library/FortressLibrary.fss:1302:1-1341:12	errors=9
@@TC DECL-OK	FnDecl	Library/FortressLibrary.fss:1344:1-1346:58	errors=0
@@TC DECL-OK	FnDecl	Library/FortressLibrary.fss:1347:1-1351:2	errors=0
@@TC DECL-OK	FnDecl	Library/FortressLibrary.fss:1351:1-1394:10	errors=0
@@TC DECL-OK	TraitDecl	Library/FortressLibrary.fss:1394:1-1396:2	errors=0
@@TC DECL-OK	FnDecl	Library/FortressLibrary.fss:1398:1-1407:51	errors=1
@@TC DECL-OK	TraitDecl	Library/FortressLibrary.fss:1408:1-1412:2	errors=0
@@TC DECL-OK	ObjectDecl	Library/FortressLibrary.fss:1414:1-1440:2	errors=1
@@TC DECL-OK	ObjectDecl	Library/FortressLibrary.fss:1444:1-1467:2	errors=0
@@TC DECL-OK	TraitDecl	Library/FortressLibrary.fss:1471:1-1475:2	errors=0
@@TC DECL-OK	TraitDecl	Library/FortressLibrary.fss:1482:1-1488:2	errors=0
@@TC DECL-OK	ObjectDecl	Library/FortressLibrary.fss:1490:1-1513:2	errors=0
@@TC DECL-OK	ObjectDecl	Library/FortressLibrary.fss:1515:1-1522:2	errors=0
@@TC DECL-OK	FnDecl	Library/FortressLibrary.fss:1524:1-1525:82	errors=0
@@TC DECL-OK	FnDecl	Library/FortressLibrary.fss:1527:1-1528:111	errors=0
@@TC DECL-OK	ObjectDecl	Library/FortressLibrary.fss:1530:1-1537:2	errors=0
@@TC DECL-OK	FnDecl	Library/FortressLibrary.fss:1539:1-1540:82	errors=0
@@TC DECL-OK	FnDecl	Library/FortressLibrary.fss:1542:1-1547:62	errors=1
@@TC DECL-OK	TraitDecl	Library/FortressLibrary.fss:1549:1-1550:2	errors=0
@@TC DECL-OK	TraitDecl	Library/FortressLibrary.fss:1554:1-1555:2	errors=0
@@TC DECL-OK	ObjectDecl	Library/FortressLibrary.fss:1557:1-1559:2	errors=0
@@TC DECL-OK	ObjectDecl	Library/FortressLibrary.fss:1561:1-1563:2	errors=0
@@TC DECL-OK	ObjectDecl	Library/FortressLibrary.fss:1565:1-1567:2	errors=0
@@TC DECL-OK	ObjectDecl	Library/FortressLibrary.fss:1569:1-1571:2	errors=0
@@TC DECL-OK	ObjectDecl	Library/FortressLibrary.fss:1573:1-1575:2	errors=0
@@TC DECL-OK	ObjectDecl	Library/FortressLibrary.fss:1577:1-1579:2	errors=0
@@TC DECL-OK	ObjectDecl	Library/FortressLibrary.fss:1581:1-1583:2	errors=0
@@TC DECL-OK	ObjectDecl	Library/FortressLibrary.fss:1585:1-1587:2	errors=0
@@TC DECL-OK	ObjectDecl	Library/FortressLibrary.fss:1589:1-1591:2	errors=0
@@TC DECL-OK	ObjectDecl	Library/FortressLibrary.fss:1593:1-1595:2	errors=0
@@TC DECL-OK	ObjectDecl	Library/FortressLibrary.fss:1597:1-1599:2	errors=0
@@TC DECL-OK	ObjectDecl	Library/FortressLibrary.fss:1602:1-1604:2	errors=0
@@TC DECL-OK	ObjectDecl	Library/FortressLibrary.fss:1606:1-1608:2	errors=0
@@TC DECL-OK	ObjectDecl	Library/FortressLibrary.fss:1610:1-1612:2	errors=0
@@TC DECL-OK	ObjectDecl	Library/FortressLibrary.fss:1614:1-1616:2	errors=0
@@TC DECL-OK	ObjectDecl	Library/FortressLibrary.fss:1618:1-1620:2	errors=0
@@TC DECL-OK	ObjectDecl	Library/FortressLibrary.fss:1622:1-1624:2	errors=0
@@TC DECL-OK	ObjectDecl	Library/FortressLibrary.fss:1626:1-1628:2	errors=0
@@TC DECL-OK	TraitDecl	Library/FortressLibrary.fss:1632:1-1633:2	errors=0
@@TC DECL-OK	ObjectDecl	Library/FortressLibrary.fss:1635:1-1637:2	errors=0
@@TC DECL-OK	ObjectDecl	Library/FortressLibrary.fss:1639:1-1641:2	errors=0
@@TC DECL-OK	ObjectDecl	Library/FortressLibrary.fss:1643:1-1645:2	errors=0
@@TC DECL-OK	ObjectDecl	Library/FortressLibrary.fss:1648:1-1650:2	errors=0
@@TC DECL-OK	ObjectDecl	Library/FortressLibrary.fss:1652:1-1654:2	errors=0
@@TC DECL-OK	ObjectDecl	Library/FortressLibrary.fss:1656:1-1658:2	errors=0
@@TC DECL-OK	ObjectDecl	Library/FortressLibrary.fss:1660:1-1662:2	errors=0
@@TC DECL-OK	ObjectDecl	Library/FortressLibrary.fss:1664:1-1666:2	errors=0
@@TC DECL-OK	ObjectDecl	Library/FortressLibrary.fss:1668:1-1670:2	errors=0
@@TC DECL-OK	ObjectDecl	Library/FortressLibrary.fss:1673:1-1675:2	errors=0
@@TC DECL-OK	FnDecl	Library/FortressLibrary.fss:1681:1-1684:2	errors=0
@@TC DECL-OK	TraitDecl	Library/FortressLibrary.fss:1686:1-1691:2	errors=0
@@TC DECL-OK	TraitDecl	Library/FortressLibrary.fss:1694:1-1696:2	errors=0
@@TC DECL-OK	TraitDecl	Library/FortressLibrary.fss:1701:1-1702:2	errors=0
@@TC DECL-OK	TraitDecl	Library/FortressLibrary.fss:1704:1-1705:2	errors=0
@@TC DECL-OK	TraitDecl	Library/FortressLibrary.fss:1707:1-1708:2	errors=0
@@TC DECL-OK	TraitDecl	Library/FortressLibrary.fss:1714:1-44	errors=0
@@TC DECL-OK	TraitDecl	Library/FortressLibrary.fss:1716:1-44	errors=0
@@TC DECL-OK	TraitDecl	Library/FortressLibrary.fss:1718:1-44	errors=0
@@TC DECL-OK	TraitDecl	Library/FortressLibrary.fss:1738:1-1816:2	errors=1
@@TC DECL-OK	TraitDecl	Library/FortressLibrary.fss:1818:1-1824:2	errors=0
@@TC DECL-OK	ObjectDecl	Library/FortressLibrary.fss:1826:1-1835:2	errors=0
@@TC DECL-OK	TraitDecl	Library/FortressLibrary.fss:1837:1-1849:2	errors=2
@@TC DECL-OK	FnDecl	Library/FortressLibrary.fss:1851:1-1858:4	errors=0
@@TC DECL-OK	TraitDecl	Library/FortressLibrary.fss:1868:1-1882:2	errors=1
@@TC DECL-OK	TraitDecl	Library/FortressLibrary.fss:1891:1-1900:2	errors=0
@@TC DECL-OK	TraitDecl	Library/FortressLibrary.fss:1904:1-1970:2	errors=1
@@TC DECL-OK	TraitDecl	Library/FortressLibrary.fss:1972:1-1986:2	errors=0
@@TC DECL-OK	TraitDecl	Library/FortressLibrary.fss:1988:1-2020:2	errors=0
@@TC DECL-OK	FnDecl	Library/FortressLibrary.fss:2024:1-70	errors=1
@@TC DECL-OK	FnDecl	Library/FortressLibrary.fss:2025:1-2026:49	errors=1
@@TC DECL-OK	FnDecl	Library/FortressLibrary.fss:2027:1-2031:67	errors=1
@@TC DECL-OK	FnDecl	Library/FortressLibrary.fss:2032:1-2033:19	errors=0
@@TC DECL-OK	FnDecl	Library/FortressLibrary.fss:2034:1-2035:43	errors=0
@@TC DECL-OK	FnDecl	Library/FortressLibrary.fss:2036:1-2040:44	errors=0
@@TC DECL-OK	FnDecl	Library/FortressLibrary.fss:2041:1-2051:67	errors=1
@@TC DECL-OK	FnDecl	Library/FortressLibrary.fss:2052:1-2059:3	errors=0
@@TC DECL-OK	FnDecl	Library/FortressLibrary.fss:2061:1-79	errors=1
@@TC DECL-OK	FnDecl	Library/FortressLibrary.fss:2062:1-2063:28	errors=0
@@TC DECL-OK	FnDecl	Library/FortressLibrary.fss:2065:1-2066:38	errors=1
@@TC DECL-OK	FnDecl	Library/FortressLibrary.fss:2067:1-2073:56	errors=0
@@TC DECL-OK	TraitDecl	Library/FortressLibrary.fss:2074:1-2086:2	errors=2
@@TC DECL-OK	TraitDecl	Library/FortressLibrary.fss:2089:1-2099:2	errors=2
@@TC DECL-OK	FnDecl	Library/FortressLibrary.fss:2106:1-2109:4	errors=1
@@TC DECL-OK	TraitDecl	Library/FortressLibrary.fss:2115:1-2146:2	errors=0
@@TC DECL-OK	TraitDecl	Library/FortressLibrary.fss:2148:1-2191:2	errors=5
@@TC DECL-OK	TraitDecl	Library/FortressLibrary.fss:2195:1-2241:2	errors=4
@@TC DECL-OK	FnDecl	Library/FortressLibrary.fss:2244:1-2247:28	errors=0
@@TC DECL-OK	FnDecl	Library/FortressLibrary.fss:2249:1-2259:45	errors=0
@@TC DECL-OK	ObjectDecl	Library/FortressLibrary.fss:2260:1-2272:2	errors=0
@@TC DECL-OK	ObjectDecl	Library/FortressLibrary.fss:2275:1-2287:2	errors=1
@@TC DECL-OK	TraitDecl	Library/FortressLibrary.fss:2289:1-18	errors=0
@@TC DECL-OK	TraitDecl	Library/FortressLibrary.fss:2291:1-2304:2	errors=18
@@TC DECL-OK	ObjectDecl	Library/FortressLibrary.fss:2306:1-2312:2	errors=0
@@TC DECL-OK	FnDecl	Library/FortressLibrary.fss:2320:1-2326:4	errors=4
@@TC DECL-OK	FnDecl	Library/FortressLibrary.fss:2331:1-2337:4	errors=4
@@TC DECL-OK	FnDecl	Library/FortressLibrary.fss:2339:1-2341:41	errors=1
@@TC DECL-OK	FnDecl	Library/FortressLibrary.fss:2342:1-2346:6	errors=0
@@TC DECL-OK	FnDecl	Library/FortressLibrary.fss:2347:1-68	errors=1
@@TC DECL-OK	FnDecl	Library/FortressLibrary.fss:2348:1-75	errors=1
@@TC DECL-OK	FnDecl	Library/FortressLibrary.fss:2350:1-2353:77	errors=0
@@TC DECL-OK	FnDecl	Library/FortressLibrary.fss:2354:1-79	errors=0
@@TC DECL-OK	FnDecl	Library/FortressLibrary.fss:2355:1-2356:28	errors=1
@@TC DECL-OK	FnDecl	Library/FortressLibrary.fss:2357:1-2358:29	errors=1
@@TC DECL-OK	FnDecl	Library/FortressLibrary.fss:2360:1-2361:69	errors=0
@@TC DECL-OK	FnDecl	Library/FortressLibrary.fss:2363:1-2364:69	errors=0
@@TC DECL-OK	FnDecl	Library/FortressLibrary.fss:2366:1-2367:67	errors=0
@@TC DECL-OK	FnDecl	Library/FortressLibrary.fss:2369:1-2370:73	errors=0
@@TC DECL-OK	FnDecl	Library/FortressLibrary.fss:2372:1-2373:71	errors=0
@@TC DECL-OK	FnDecl	Library/FortressLibrary.fss:2375:1-2376:74	errors=0
@@TC DECL-OK	FnDecl	Library/FortressLibrary.fss:2378:1-2379:71	errors=0
@@TC DECL-OK	FnDecl	Library/FortressLibrary.fss:2381:1-71	errors=0
@@TC DECL-OK	FnDecl	Library/FortressLibrary.fss:2383:1-2390:48	errors=0
@@TC DECL-CRASH	TraitDecl	Library/FortressLibrary.fss:2391:1-2505:2	com.sun.fortress.exceptions.InterpreterBug	com.sun.fortress.exceptions.InterpreterBug.bug(InterpreterBug.java:67)	** bug! TryChecker returned an untyped expr: FnExpr at Library/FortressLibrary.fss:2409.11 fn (i) => do r := r // " " row(i) end Expected type was: ZZ32->Any FortressLibrary.ZZ32->Any
@@TC DECL-OK	FnDecl	Library/FortressLibrary.fss:2508:1-2514:4	errors=0
@@TC DECL-OK	ObjectDecl	Library/FortressLibrary.fss:2517:1-2523:2	errors=0
@@TC DECL-OK	ObjectDecl	Library/FortressLibrary.fss:2527:1-2544:2	errors=0
@@TC DECL-OK	ObjectDecl	Library/FortressLibrary.fss:2553:1-2573:2	errors=1
@@TC DECL-OK	ObjectDecl	Library/FortressLibrary.fss:2575:1-2584:2	errors=0
@@TC DECL-OK	ObjectDecl	Library/FortressLibrary.fss:2586:1-2595:2	errors=0
@@TC DECL-OK	TraitDecl	Library/FortressLibrary.fss:2597:1-18	errors=0
@@TC DECL-OK	TraitDecl	Library/FortressLibrary.fss:2599:1-2662:2	errors=35
@@TC DECL-OK	ObjectDecl	Library/FortressLibrary.fss:2665:1-2671:2	errors=0
@@TC DECL-OK	ObjectDecl	Library/FortressLibrary.fss:2673:1-2691:2	errors=3
@@TC DECL-OK	FnDecl	Library/FortressLibrary.fss:2693:1-2698:6	errors=1
@@TC DECL-OK	FnDecl	Library/FortressLibrary.fss:2702:1-2706:6	errors=0
@@TC DECL-OK	FnDecl	Library/FortressLibrary.fss:2707:1-2708:29	errors=1
@@TC DECL-OK	FnDecl	Library/FortressLibrary.fss:2709:1-2714:50	errors=0
@@TC DECL-OK	FnDecl	Library/FortressLibrary.fss:2715:1-2716:30	errors=0
@@TC DECL-OK	FnDecl	Library/FortressLibrary.fss:2717:1-2722:22	errors=4
@@TC DECL-OK	FnDecl	Library/FortressLibrary.fss:2723:1-2725:27	errors=0
@@TC DECL-OK	FnDecl	Library/FortressLibrary.fss:2727:1-2732:34	errors=0
@@TC DECL-OK	FnDecl	Library/FortressLibrary.fss:2733:1-2734:72	errors=0
@@TC DECL-OK	FnDecl	Library/FortressLibrary.fss:2736:1-2739:34	errors=0
@@TC DECL-OK	FnDecl	Library/FortressLibrary.fss:2740:1-2741:72	errors=0
@@TC DECL-OK	FnDecl	Library/FortressLibrary.fss:2743:1-2744:70	errors=0
@@TC DECL-OK	FnDecl	Library/FortressLibrary.fss:2746:1-2747:77	errors=0
@@TC DECL-OK	FnDecl	Library/FortressLibrary.fss:2749:1-2750:75	errors=0
@@TC DECL-OK	FnDecl	Library/FortressLibrary.fss:2752:1-2753:77	errors=0
@@TC DECL-OK	FnDecl	Library/FortressLibrary.fss:2755:1-2763:27	errors=0
@@TC DECL-CRASH	TraitDecl	Library/FortressLibrary.fss:2764:1-2877:2	com.sun.fortress.exceptions.InterpreterBug	com.sun.fortress.exceptions.InterpreterBug.bug(InterpreterBug.java:67)	** bug! TryChecker returned an untyped expr: FnExpr at Library/FortressLibrary.fss:2800.13 fn (k) => do r := r " ;;"  // " " plane(k) end Expected type was: ZZ32->Any FortressLibrary.ZZ32->Any
@@TC DECL-OK	FnDecl	Library/FortressLibrary.fss:2880:1-2886:64	errors=0
@@TC DECL-OK	ObjectDecl	Library/FortressLibrary.fss:2888:1-2897:2	errors=0
@@TC DECL-OK	ObjectDecl	Library/FortressLibrary.fss:2906:1-2916:2	errors=0
@@TC DECL-OK	FnDecl	Library/FortressLibrary.fss:2918:1-2920:43	errors=0
@@TC DECL-OK	FnDecl	Library/FortressLibrary.fss:2922:1-2923:39	errors=0
@@TC DECL-OK	FnDecl	Library/FortressLibrary.fss:2924:1-2925:32	errors=0
@@TC DECL-OK	FnDecl	Library/FortressLibrary.fss:2926:1-2941:62	errors=1
@@TC DECL-OK	TraitDecl	Library/FortressLibrary.fss:2943:1-2947:2	errors=0
@@TC DECL-OK	ObjectDecl	Library/FortressLibrary.fss:2949:1-2954:2	errors=0
@@TC DECL-OK	TraitDecl	Library/FortressLibrary.fss:2960:1-2979:2	errors=0
@@TC DECL-OK	TraitDecl	Library/FortressLibrary.fss:2981:1-2983:2	errors=0
@@TC DECL-OK	ObjectDecl	Library/FortressLibrary.fss:2985:1-2988:2	errors=0
@@TC DECL-OK	TraitDecl	Library/FortressLibrary.fss:2990:1-2995:2	errors=0
@@TC DECL-OK	TraitDecl	Library/FortressLibrary.fss:2997:1-3000:2	errors=0
@@TC DECL-OK	TraitDecl	Library/FortressLibrary.fss:3003:1-3023:2	errors=3
@@TC DECL-OK	ObjectDecl	Library/FortressLibrary.fss:3028:1-3048:2	errors=4
@@TC DECL-OK	TraitDecl	Library/FortressLibrary.fss:3053:1-33	errors=0
@@TC DECL-OK	TraitDecl	Library/FortressLibrary.fss:3055:1-3057:2	errors=0
@@TC DECL-OK	TraitDecl	Library/FortressLibrary.fss:3060:1-3063:2	errors=1
@@TC DECL-OK	TraitDecl	Library/FortressLibrary.fss:3065:1-3067:2	errors=0
@@TC DECL-OK	TraitDecl	Library/FortressLibrary.fss:3069:1-3073:2	errors=0
@@TC DECL-OK	TraitDecl	Library/FortressLibrary.fss:3075:1-3079:2	errors=0
@@TC DECL-OK	ObjectDecl	Library/FortressLibrary.fss:3081:1-3084:2	errors=0
@@TC DECL-OK	ObjectDecl	Library/FortressLibrary.fss:3086:1-3088:2	errors=0
@@TC DECL-OK	ObjectDecl	Library/FortressLibrary.fss:3094:1-3099:2	errors=0
@@TC DECL-OK	TraitDecl	Library/FortressLibrary.fss:3101:1-29	errors=0
@@TC DECL-OK	FnDecl	Library/FortressLibrary.fss:3107:1-3118:6	errors=1
@@TC DECL-OK	FnDecl	Library/FortressLibrary.fss:3120:1-3131:6	errors=1
@@TC DECL-OK	ObjectDecl	Library/FortressLibrary.fss:3133:1-3136:2	errors=0
@@TC DECL-OK	ObjectDecl	Library/FortressLibrary.fss:3138:1-3142:2	errors=0
@@TC DECL-OK	ObjectDecl	Library/FortressLibrary.fss:3144:1-3148:2	errors=0
@@TC DECL-OK	ObjectDecl	Library/FortressLibrary.fss:3150:1-3158:2	errors=0
@@TC DECL-OK	FnDecl	Library/FortressLibrary.fss:3160:1-3161:43	errors=0
@@TC DECL-OK	FnDecl	Library/FortressLibrary.fss:3163:1-3164:49	errors=0
@@TC DECL-OK	ObjectDecl	Library/FortressLibrary.fss:3166:1-3172:2	errors=0
@@TC DECL-OK	FnDecl	Library/FortressLibrary.fss:3174:1-3175:44	errors=0
@@TC DECL-OK	FnDecl	Library/FortressLibrary.fss:3177:1-3178:50	errors=0
@@TC DECL-OK	ObjectDecl	Library/FortressLibrary.fss:3180:1-3183:2	errors=0
@@TC DECL-OK	FnDecl	Library/FortressLibrary.fss:3184:1-3185:49	errors=0
@@TC DECL-OK	FnDecl	Library/FortressLibrary.fss:3186:1-3187:60	errors=0
@@TC DECL-OK	ObjectDecl	Library/FortressLibrary.fss:3189:1-3192:2	errors=0
@@TC DECL-OK	FnDecl	Library/FortressLibrary.fss:3193:1-3194:49	errors=0
@@TC DECL-OK	FnDecl	Library/FortressLibrary.fss:3195:1-3196:60	errors=1
@@TC DECL-OK	ObjectDecl	Library/FortressLibrary.fss:3198:1-3205:2	errors=1
@@TC DECL-OK	FnDecl	Library/FortressLibrary.fss:3206:1-3208:97	errors=1
@@TC DECL-OK	FnDecl	Library/FortressLibrary.fss:3209:1-3210:71	errors=1
@@TC DECL-OK	FnDecl	Library/FortressLibrary.fss:3212:1-3214:84	errors=0
@@TC DECL-OK	FnDecl	Library/FortressLibrary.fss:3216:1-3217:63	errors=1
@@TC DECL-OK	FnDecl	Library/FortressLibrary.fss:3219:1-3221:84	errors=0
@@TC DECL-OK	FnDecl	Library/FortressLibrary.fss:3223:1-3227:35	errors=1
@@TC DECL-OK	ObjectDecl	Library/FortressLibrary.fss:3229:1-3242:2	errors=1
@@TC DECL-OK	FnDecl	Library/FortressLibrary.fss:3243:1-3245:98	errors=0
@@TC DECL-OK	FnDecl	Library/FortressLibrary.fss:3246:1-3247:78	errors=0
@@TC DECL-OK	ObjectDecl	Library/FortressLibrary.fss:3249:1-3262:2	errors=1
@@TC DECL-OK	FnDecl	Library/FortressLibrary.fss:3263:1-3265:98	errors=0
@@TC DECL-OK	FnDecl	Library/FortressLibrary.fss:3266:1-3267:78	errors=0
@@TC DECL-OK	ObjectDecl	Library/FortressLibrary.fss:3269:1-3282:2	errors=1
@@TC DECL-OK	FnDecl	Library/FortressLibrary.fss:3283:1-3285:98	errors=0
@@TC DECL-OK	FnDecl	Library/FortressLibrary.fss:3286:1-3287:78	errors=0
@@TC DECL-OK	ObjectDecl	Library/FortressLibrary.fss:3289:1-3302:2	errors=1
@@TC DECL-OK	FnDecl	Library/FortressLibrary.fss:3303:1-3305:98	errors=0
@@TC DECL-OK	FnDecl	Library/FortressLibrary.fss:3306:1-3310:85	errors=0
@@TC DECL-OK	ObjectDecl	Library/FortressLibrary.fss:3311:1-3318:2	errors=0
@@TC DECL-OK	FnDecl	Library/FortressLibrary.fss:3320:1-3321:50	errors=0
@@TC DECL-OK	FnDecl	Library/FortressLibrary.fss:3323:1-3324:77	errors=1
@@TC DECL-OK	ObjectDecl	Library/FortressLibrary.fss:3326:1-3333:2	errors=0
@@TC DECL-OK	FnDecl	Library/FortressLibrary.fss:3335:1-3336:49	errors=0
@@TC DECL-OK	FnDecl	Library/FortressLibrary.fss:3338:1-3357:3	errors=0
@@TC DECL-OK	ObjectDecl	Library/FortressLibrary.fss:3359:1-3364:2	errors=0
@@TC DECL-OK	FnDecl	Library/FortressLibrary.fss:3366:1-3367:47	errors=0
@@TC DECL-OK	FnDecl	Library/FortressLibrary.fss:3369:1-3372:51	errors=0
@@TC DECL-OK	ObjectDecl	Library/FortressLibrary.fss:3373:1-3377:2	errors=0
@@TC DECL-OK	ObjectDecl	Library/FortressLibrary.fss:3380:1-3384:2	errors=0
@@TC DECL-OK	ObjectDecl	Library/FortressLibrary.fss:3387:1-3390:2	errors=0
@@TC DECL-OK	FnDecl	Library/FortressLibrary.fss:3394:1-3396:62	errors=0
@@TC DECL-OK	FnDecl	Library/FortressLibrary.fss:3398:1-3403:40	errors=1
@@TC DECL-OK	FnDecl	Library/FortressLibrary.fss:3404:1-3406:61	errors=0
@@TC DECL-OK	FnDecl	Library/FortressLibrary.fss:3408:1-3413:18	errors=1
@@TC DECL-OK	FnDecl	Library/FortressLibrary.fss:3414:1-3416:54	errors=0
@@TC DECL-OK	FnDecl	Library/FortressLibrary.fss:3418:1-3423:44	errors=1
@@TC DECL-OK	ObjectDecl	Library/FortressLibrary.fss:3424:1-3428:2	errors=0
@@TC DECL-OK	ObjectDecl	Library/FortressLibrary.fss:3433:1-3437:2	errors=1
@@TC DECL-OK	FnDecl	Library/FortressLibrary.fss:3447:1-3453:21	errors=1
@@TC DECL-OK	TraitDecl	Library/FortressLibrary.fss:3454:1-56	errors=0
@@TC DECL-OK	TraitDecl	Library/FortressLibrary.fss:3456:1-3468:2	errors=2
@@TC DECL-OK	ObjectDecl	Library/FortressLibrary.fss:3470:1-3474:2	errors=0
@@TC DECL-OK	ObjectDecl	Library/FortressLibrary.fss:3476:1-3494:2	errors=3
@@TC DECL-OK	ObjectDecl	Library/FortressLibrary.fss:3496:1-3502:2	errors=0
@@TC DECL-OK	TraitDecl	Library/FortressLibrary.fss:3504:1-3516:2	errors=1
@@TC DECL-OK	ObjectDecl	Library/FortressLibrary.fss:3518:1-3522:2	errors=0
@@TC DECL-OK	ObjectDecl	Library/FortressLibrary.fss:3524:1-3530:2	errors=0
@@TC DECL-OK	TraitDecl	Library/FortressLibrary.fss:3532:1-3555:2	errors=1
@@TC DECL-OK	ObjectDecl	Library/FortressLibrary.fss:3557:1-3572:2	errors=1
@@TC DECL-OK	ObjectDecl	Library/FortressLibrary.fss:3574:1-3580:2	errors=0
@@TC DECL-OK	TraitDecl	Library/FortressLibrary.fss:3582:1-3593:2	errors=2
@@TC DECL-OK	ObjectDecl	Library/FortressLibrary.fss:3595:1-3601:2	errors=1
@@TC DECL-OK	ObjectDecl	Library/FortressLibrary.fss:3603:1-3609:2	errors=0
@@TC DECL-OK	TraitDecl	Library/FortressLibrary.fss:3612:1-3618:2	errors=0
@@TC DECL-OK	ObjectDecl	Library/FortressLibrary.fss:3620:1-3623:2	errors=0
@@TC DECL-OK	TraitDecl	Library/FortressLibrary.fss:3625:1-3643:2	errors=0
@@TC DECL-OK	ObjectDecl	Library/FortressLibrary.fss:3645:1-3648:2	errors=0
@@TC DECL-OK	ObjectDecl	Library/FortressLibrary.fss:3665:1-3678:2	errors=3
@@TC DECL-OK	TraitDecl	Library/FortressLibrary.fss:3690:1-3737:2	errors=2
@@TC DECL-OK	TraitDecl	Library/FortressLibrary.fss:3739:1-45	errors=0
@@TC DECL-OK	TraitDecl	Library/FortressLibrary.fss:3741:1-3753:2	errors=1
@@TC DECL-OK	ObjectDecl	Library/FortressLibrary.fss:3755:1-3770:2	errors=5
@@TC DECL-OK	TraitDecl	Library/FortressLibrary.fss:3772:1-3774:2	errors=0
@@TC DECL-OK	TraitDecl	Library/FortressLibrary.fss:3776:1-3793:2	errors=1
@@TC DECL-OK	TraitDecl	Library/FortressLibrary.fss:3795:1-3803:2	errors=0
@@TC DECL-OK	TraitDecl	Library/FortressLibrary.fss:3805:1-3808:2	errors=0
@@TC DECL-OK	TraitDecl	Library/FortressLibrary.fss:3810:1-3828:2	errors=1
@@TC DECL-OK	TraitDecl	Library/FortressLibrary.fss:3830:1-3832:2	errors=0
@@TC DECL-OK	TraitDecl	Library/FortressLibrary.fss:3834:1-3853:2	errors=2
@@TC DECL-OK	TraitDecl	Library/FortressLibrary.fss:3855:1-3869:2	errors=3
@@TC DECL-OK	TraitDecl	Library/FortressLibrary.fss:3871:1-3883:2	errors=5
@@TC DECL-OK	TraitDecl	Library/FortressLibrary.fss:3885:1-53	errors=0
@@TC DECL-OK	FnDecl	Library/FortressLibrary.fss:3888:1-107	errors=1
@@TC DECL-OK	FnDecl	Library/FortressLibrary.fss:3889:1-3891:82	errors=1
@@TC DECL-OK	FnDecl	Library/FortressLibrary.fss:3892:1-3896:6	errors=1
@@TC DECL-OK	FnDecl	Library/FortressLibrary.fss:3898:1-3899:40	errors=1
@@TC DECL-OK	FnDecl	Library/FortressLibrary.fss:3900:1-3902:84	errors=1
@@TC DECL-OK	FnDecl	Library/FortressLibrary.fss:3903:1-3907:4	errors=1
@@TC DECL-OK	FnDecl	Library/FortressLibrary.fss:3910:1-81	errors=1
@@TC DECL-OK	FnDecl	Library/FortressLibrary.fss:3911:1-3914:4	errors=1
@@TC DECL-OK	FnDecl	Library/FortressLibrary.fss:3915:1-3919:4	errors=1
@@TC DECL-OK	FnDecl	Library/FortressLibrary.fss:3921:1-37	errors=1
@@TC DECL-OK	FnDecl	Library/FortressLibrary.fss:3923:1-85	errors=1
@@TC DECL-OK	FnDecl	Library/FortressLibrary.fss:3924:1-3925:64	errors=1
@@TC DECL-OK	FnDecl	Library/FortressLibrary.fss:3926:1-3928:81	errors=1
@@TC DECL-OK	FnDecl	Library/FortressLibrary.fss:3930:1-83	errors=1
@@TC DECL-OK	FnDecl	Library/FortressLibrary.fss:3931:1-3932:63	errors=1
@@TC DECL-OK	FnDecl	Library/FortressLibrary.fss:3933:1-3935:80	errors=1
@@TC DECL-OK	FnDecl	Library/FortressLibrary.fss:3944:1-45	errors=0
@@TC DECL-OK	FnDecl	Library/FortressLibrary.fss:3945:1-45	errors=0
@@TC DECL-OK	FnDecl	Library/FortressLibrary.fss:3946:1-3955:3	errors=1
@@TC DECL-OK	FnDecl	Library/FortressLibrary.fss:3957:1-38	errors=1
@@TC DECL-OK	FnDecl	Library/FortressLibrary.fss:3959:1-82	errors=1
@@TC DECL-OK	FnDecl	Library/FortressLibrary.fss:3960:1-3961:63	errors=1
@@TC DECL-OK	FnDecl	Library/FortressLibrary.fss:3962:1-3964:81	errors=1
@@TC DECL-OK	FnDecl	Library/FortressLibrary.fss:3966:1-4017:3	errors=1
@@TC DECL-OK	FnDecl	Library/FortressLibrary.fss:4019:1-4022:3	errors=0
@@TC DECL-OK	FnDecl	Library/FortressLibrary.fss:4024:1-4028:62	errors=0
@@TC DECL-OK	TraitDecl	Library/FortressLibrary.fss:4030:1-4158:11	errors=11
@@TC DECL-OK	ObjectDecl	Library/FortressLibrary.fss:4161:1-4175:2	errors=1
@@TC DECL-OK	FnDecl	Library/FortressLibrary.fss:4177:1-4181:62	errors=1
@@TC DECL-OK	FnDecl	Library/FortressLibrary.fss:4183:1-90	errors=0
@@TC DECL-OK	FnDecl	Library/FortressLibrary.fss:4184:1-107	errors=0
@@TC DECL-OK	VarDecl	Library/FortressLibrary.fss:4186:1-34	errors=0
@@TC DECL-OK	FnDecl	Library/FortressLibrary.fss:4187:1-72	errors=0
@@TC DECL-OK	FnDecl	Library/FortressLibrary.fss:4188:1-4194:4	errors=0
@@TC DECL-OK	FnDecl	Library/FortressLibrary.fss:4196:1-104	errors=0
@@TC DECL-OK	FnDecl	Library/FortressLibrary.fss:4198:1-95	errors=0
@@TC DECL-OK	FnDecl	Library/FortressLibrary.fss:4199:1-47	errors=0
@@TC DECL-OK	FnDecl	Library/FortressLibrary.fss:4201:1-4203:37	errors=0
@@TC DECL-OK	FnDecl	Library/FortressLibrary.fss:4204:1-59	errors=0
@@TC DECL-OK	FnDecl	Library/FortressLibrary.fss:4205:1-73	errors=0
@@TC DECL-OK	FnDecl	Library/FortressLibrary.fss:4206:1-64	errors=0
@@TC DECL-OK	FnDecl	Library/FortressLibrary.fss:4207:1-78	errors=0
@@TC DECL-OK	FnDecl	Library/FortressLibrary.fss:4209:1-115	errors=0
@@TC DECL-OK	FnDecl	Library/FortressLibrary.fss:4210:1-77	errors=0
@@TC DECL-OK	FnDecl	Library/FortressLibrary.fss:4211:1-125	errors=0
@@TC DECL-OK	FnDecl	Library/FortressLibrary.fss:4212:1-4214:89	errors=0
@@TC DECL-OK	FnDecl	Library/FortressLibrary.fss:4215:1-22	errors=0
@@TC DECL-OK	FnDecl	Library/FortressLibrary.fss:4216:1-26	errors=0
@@TC DECL-OK	FnDecl	Library/FortressLibrary.fss:4217:1-32	errors=0
@@TC DECL-OK	FnDecl	Library/FortressLibrary.fss:4218:1-37	errors=0
@@TC DECL-OK	FnDecl	Library/FortressLibrary.fss:4220:1-4227:6	errors=0
@@TC DECL-OK	FnDecl	Library/FortressLibrary.fss:4229:1-4234:6	errors=0
@@TC DECL-CRASH	FnDecl	Library/FortressLibrary.fss:4248:1-4261:4	java.lang.RuntimeException	com.sun.fortress.scala_src.types.TypeAnalyzer.$anonfun$typeCons$1(TypeAnalyzer.scala:723)	Not in the trait table: FortressBuiltin.Character FortressBuiltin.Character @ Compiler internal generated.:0:0
@@TC DECL-OK	FnDecl	Library/FortressLibrary.fss:4264:1-4265:1	errors=0
@@TC DECL-CRASH	FnDecl	Library/FortressLibrary.fss:4267:1-4272:2	java.lang.RuntimeException	com.sun.fortress.scala_src.types.TypeAnalyzer.$anonfun$typeCons$1(TypeAnalyzer.scala:723)	Not in the trait table: FortressBuiltin.Character FortressBuiltin.Character @ Compiler internal generated.:0:0
@@TC DECL-OK	FnDecl	Library/FortressLibrary.fss:4276:1-4280:88	errors=0
@@TC DECL-OK	FnDecl	Library/FortressLibrary.fss:4281:1-4285:88	errors=0
@@TC DECL-OK	FnDecl	Library/FortressLibrary.fss:4286:1-4288:76	errors=0
@@TC DECL-OK	FnDecl	Library/FortressLibrary.fss:4289:1-116	errors=0
@@TC DECL-OK	FnDecl	Library/FortressLibrary.fss:4290:1-117	errors=0
@@TC DECL-OK	FnDecl	Library/FortressLibrary.fss:4292:1-116	errors=0
@@TC DECL-OK	FnDecl	Library/FortressLibrary.fss:4293:1-4297:3	errors=0
@@TC DECL-OK	FnDecl	Library/FortressLibrary.fss:4299:1-4300:78	errors=0
@@TC DECL-OK	FnDecl	Library/FortressLibrary.fss:4302:1-65	errors=0
@@TC DECL-OK	FnDecl	Library/FortressLibrary.fss:4303:1-63	errors=0
@@TC DECL-OK	FnDecl	Library/FortressLibrary.fss:4304:1-65	errors=0
@@TC DECL-OK	FnDecl	Library/FortressLibrary.fss:4305:1-69	errors=0
@@TC DECL-OK	FnDecl	Library/FortressLibrary.fss:4306:1-71	errors=0
@@TC DECL-OK	FnDecl	Library/FortressLibrary.fss:4307:1-57	errors=0
@@TC DECL-OK	FnDecl	Library/FortressLibrary.fss:4308:1-64	errors=0
@@TC DECL-OK	FnDecl	Library/FortressLibrary.fss:4309:1-70	errors=0
@@TC DECL-OK	FnDecl	Library/FortressLibrary.fss:4310:1-4313:34	errors=0
@@TC DECL-OK	FnDecl	Library/FortressLibrary.fss:4315:1-4317:65	errors=0
@@TC DECL-OK	FnDecl	Library/FortressLibrary.fss:4319:1-4323:4	errors=0
@@TC DECL-OK	FnDecl	Library/FortressLibrary.fss:4325:1-4333:4	errors=1
@@TC DECL-OK	FnDecl	Library/FortressLibrary.fss:4335:1-4343:4	errors=1
@@TC DECL-OK	FnDecl	Library/FortressLibrary.fss:4345:1-4353:4	errors=1
@@TC DECL-OK	FnDecl	Library/FortressLibrary.fss:4355:1-4363:4	errors=1
@@TC DECL-OK	FnDecl	Library/FortressLibrary.fss:4365:1-4369:4	errors=2
@@TC DECL-OK	FnDecl	Library/FortressLibrary.fss:4371:1-4375:4	errors=0
@@TC DECL-OK	FnDecl	Library/FortressLibrary.fss:4377:1-4385:4	errors=2
@@TC DECL-OK	FnDecl	Library/FortressLibrary.fss:4387:1-4395:4	errors=2
@@TC DECL-OK	FnDecl	Library/FortressLibrary.fss:4397:1-4405:4	errors=2
@@TC DECL-OK	FnDecl	Library/FortressLibrary.fss:4407:1-4415:4	errors=2
@@TC DECL-OK	FnDecl	Library/FortressLibrary.fss:4417:1-4421:4	errors=3
@@TC DECL-OK	ObjectDecl	Library/FortressLibrary.fss:4423:1-4424:2	errors=0
@@TC DECL-OK	VarDecl	Library/FortressLibrary.fss:4430:1-39	errors=0
@@TC DECL-OK	FnDecl	Library/FortressLibrary.fss:4431:1-60	errors=0
@@TC DECL-OK	FnDecl	Library/FortressLibrary.fss:4432:1-4435:63	errors=0
@@TC DECL-OK	TraitDecl	Library/FortressLibrary.fss:4436:1-45	errors=0
@@TC DECL-OK	TraitDecl	Library/FortressLibrary.fss:4439:1-4491:2	errors=9
@@TC DECL-OK	TraitDecl	Library/FortressLibrary.fss:4494:1-4504:2	errors=5
@@TC DECL-OK	ObjectDecl	Library/FortressLibrary.fss:4507:1-4512:2	errors=1
@@TC DECL-OK	TraitDecl	Library/FortressLibrary.fss:4516:1-4530:2	errors=3
@@TC DECL-OK	ObjectDecl	Library/FortressLibrary.fss:4533:1-4536:2	errors=0
@@TC DECL-OK	FnDecl	Library/FortressLibrary.fss:4539:1-4541:50	errors=0
@@TC DECL-OK	ObjectDecl	Library/FortressLibrary.fss:4542:1-4546:2	errors=0
@@TC DECL-OK	FnDecl	Library/FortressLibrary.fss:4549:1-4555:2	errors=4
@@TC DECL-OK	FnDecl	Library/FortressLibrary.fss:4555:1-4559:2	errors=0
@@TC DECL-OK	FnDecl	Library/FortressLibrary.fss:4562:1-4566:2	errors=1
@@TC DECL-OK	FnDecl	Library/FortressLibrary.fss:4574:1-101	errors=1
@@TC DECL-OK	FnDecl	Library/FortressLibrary.fss:4575:1-101	errors=1
@@TC DECL-OK	FnDecl	Library/FortressLibrary.fss:4576:1-4579:88	errors=1
@@TC DECL-OK	FnDecl	Library/FortressLibrary.fss:4580:1-101	errors=1
@@TC DECL-OK	FnDecl	Library/FortressLibrary.fss:4581:1-105	errors=1
@@TC DECL-OK	FnDecl	Library/FortressLibrary.fss:4582:1-105	errors=1
@@TC DECL-OK	FnDecl	Library/FortressLibrary.fss:4583:1-105	errors=1
@@TC DECL-OK	FnDecl	Library/FortressLibrary.fss:4584:1-4585:1	errors=1
@@TC DECL-OK	FnDecl	Library/FortressLibrary.fss:383:5-32	errors=0
@@TC DECL-OK	FnDecl	Library/FortressLibrary.fss:548:5-33	errors=0
@@TC DECL-OK	FnDecl	Library/FortressLibrary.fss:549:5-33	errors=0
@@TC DECL-OK	FnDecl	Library/FortressLibrary.fss:550:5-33	errors=0
@@TC DECL-OK	FnDecl	Library/FortressLibrary.fss:551:5-33	errors=0
@@TC DECL-OK	FnDecl	Library/FortressLibrary.fss:552:5-31	errors=0
@@TC DECL-OK	FnDecl	Library/FortressLibrary.fss:763:5-30	errors=0
@@TC DECL-OK	FnDecl	Library/FortressLibrary.fss:764:5-38	errors=1
@@TC DECL-OK	FnDecl	Library/FortressLibrary.fss:847:5-30	errors=0
@@TC DECL-OK	FnDecl	Library/FortressLibrary.fss:911:5-28	errors=0
@@TC DECL-OK	FnDecl	Library/FortressLibrary.fss:912:5-28	errors=0
@@TC DECL-OK	FnDecl	Library/FortressLibrary.fss:913:5-43	errors=1
@@TC DECL-OK	FnDecl	Library/FortressLibrary.fss:914:5-917:8	errors=1
@@TC COMPONENT	FortressLibrary	errors=1570
@@TC COMPONENTS-NOT-SUCCESSFUL	1570 errors kept
@@CG OVLSKIP	FortressLibrary	sets=88
@@CG OVLSKIP	FortressLibrary	sets=0
@@CG OVLSKIP	FortressLibrary	sets=1
@@CG OVLSKIP	FortressLibrary	sets=1
@@CG OVLSKIP	FortressLibrary	sets=2
@@CG OVLSKIP	FortressLibrary	sets=4
@@CG OVLSKIP	FortressLibrary	sets=4
@@CG OVLSKIP	FortressLibrary	sets=5
@@CG OVLSKIP	FortressLibrary	sets=0
@@CG OVLSKIP	FortressLibrary	sets=4
@@CG PREFAIL	ObjectDecl Just	Library/FortressLibrary.fss:1414:1-1440:2	com.sun.fortress.exceptions.CompilerError	com.sun.fortress.compiler.codegen.CodeGen.sayWhat:1579	 Library/FortressLibrary.fss:1427:24-46:     Missing type information for FnExpr at Library/FortressLibrary.fss:1427.24 node = FnExpr at Library/FortressLibrary.fss:1427.24
@@CG OVLSKIP	FortressLibrary	sets=3
@@CG OVLSKIP	FortressLibrary	sets=2
@@CG OVLSKIP	FortressLibrary	sets=0
@@CG OVLSKIP	FortressLibrary	sets=0
@@CG OVLSKIP	FortressLibrary	sets=0
@@CG OVLSKIP	FortressLibrary	sets=0
@@CG OVLSKIP	FortressLibrary	sets=0
@@CG OVLSKIP	FortressLibrary	sets=0
@@CG OVLSKIP	FortressLibrary	sets=0
@@CG OVLSKIP	FortressLibrary	sets=0
@@CG OVLSKIP	FortressLibrary	sets=0
@@CG OVLSKIP	FortressLibrary	sets=0
@@CG OVLSKIP	FortressLibrary	sets=0
@@CG OVLSKIP	FortressLibrary	sets=0
@@CG OVLSKIP	FortressLibrary	sets=0
@@CG OVLSKIP	FortressLibrary	sets=0
@@CG OVLSKIP	FortressLibrary	sets=0
@@CG OVLSKIP	FortressLibrary	sets=0
@@CG OVLSKIP	FortressLibrary	sets=0
@@CG OVLSKIP	FortressLibrary	sets=0
@@CG OVLSKIP	FortressLibrary	sets=0
@@CG OVLSKIP	FortressLibrary	sets=0
@@CG OVLSKIP	FortressLibrary	sets=0
@@CG OVLSKIP	FortressLibrary	sets=0
@@CG OVLSKIP	FortressLibrary	sets=0
@@CG OVLSKIP	FortressLibrary	sets=0
@@CG OVLSKIP	FortressLibrary	sets=0
@@CG OVLSKIP	FortressLibrary	sets=0
@@CG OVLSKIP	FortressLibrary	sets=0
@@CG OVLSKIP	FortressLibrary	sets=0
@@CG OVLSKIP	FortressLibrary	sets=0
@@CG OVLSKIP	FortressLibrary	sets=0
@@CG OVLSKIP	FortressLibrary	sets=1
@@CG OVLSKIP	FortressLibrary	sets=0
@@CG OVLSKIP	FortressLibrary	sets=0
@@CG PREFAIL	ObjectDecl __ImmutableSubArray1	Library/FortressLibrary.fss:2275:1-2287:2	com.sun.fortress.exceptions.CompilerError	com.sun.fortress.compiler.codegen.CodeGen.sayWhat:1579	 Library/FortressLibrary.fss:2280:34-44:     Missing type information for TupleExpr at Library/FortressLibrary.fss:2280.34 node = TupleExpr at Library/FortressLibrary.fss:2280.34
@@CG OVLSKIP	FortressLibrary	sets=0
@@CG OVLSKIP	FortressLibrary	sets=0
@@CG OVLSKIP	FortressLibrary	sets=0
@@CG OVLSKIP	FortressLibrary	sets=0
@@CG PREFAIL	ObjectDecl SubArray2	Library/FortressLibrary.fss:2553:1-2573:2	com.sun.fortress.exceptions.CompilerError	com.sun.fortress.compiler.codegen.CodeGen.sayWhat:1579	 Library/FortressLibrary.fss:2569:9-2570:8:     Variable being bound lacks type information! node = LocalVarDecl at Library/FortressLibrary.fss:2569.9
@@CG OVLSKIP	FortressLibrary	sets=1
@@CG OVLSKIP	FortressLibrary	sets=1
@@CG OVLSKIP	FortressLibrary	sets=0
@@CG OVLSKIP	FortressLibrary	sets=2
@@CG PREFAIL	ObjectDecl TransposedMatrix	Library/FortressLibrary.fss:2673:1-2691:2	com.sun.fortress.exceptions.CompilerError	com.sun.fortress.compiler.codegen.CodeGen.sayWhat:1579	 Library/FortressLibrary.fss:2681:61-77:     Missing type information for MethodInvocation at Library/FortressLibrary.fss:2681.61 node = MethodInvocation at Library/FortressLibrary.fss:2681.61
@@CG OVLSKIP	FortressLibrary	sets=0
@@CG OVLSKIP	FortressLibrary	sets=0
@@CG OVLSKIP	FortressLibrary	sets=0
@@CG OVLSKIP	FortressLibrary	sets=0
@@CG OVLSKIP	FortressLibrary	sets=0
@@CG PREFAIL	ObjectDecl LiftedCommutativeMonoidReduction	Library/FortressLibrary.fss:3028:1-3048:2	com.sun.fortress.exceptions.CompilerError	com.sun.fortress.compiler.codegen.CodeGen.sayWhat:1567	 Library/FortressLibrary.fss:3030:29-44:     Can't compile Juxt at Library/FortressLibrary.fss:3030.29
@@CG OVLSKIP	FortressLibrary	sets=0
@@CG OVLSKIP	FortressLibrary	sets=0
@@CG OVLSKIP	FortressLibrary	sets=1
@@CG OVLSKIP	FortressLibrary	sets=0
@@CG OVLSKIP	FortressLibrary	sets=0
@@CG OVLSKIP	FortressLibrary	sets=0
@@CG OVLSKIP	FortressLibrary	sets=1
@@CG OVLSKIP	FortressLibrary	sets=1
@@CG OVLSKIP	FortressLibrary	sets=1
@@CG OVLSKIP	FortressLibrary	sets=1
@@CG OVLSKIP	FortressLibrary	sets=1
@@CG PREFAIL	ObjectDecl MinMaxReduction	Library/FortressLibrary.fss:3198:1-3205:2	com.sun.fortress.exceptions.CompilerError	com.sun.fortress.compiler.codegen.CodeGen.sayWhat:1579	 Library/FortressLibrary.fss:3201:9-3202:8:     Variable being bound lacks type information! node = LocalVarDecl at Library/FortressLibrary.fss:3201.9
@@CG OVLSKIP	FortressLibrary	sets=1
@@CG PREFAIL	ObjectDecl TupleMinMinReduction	Library/FortressLibrary.fss:3229:1-3242:2	com.sun.fortress.exceptions.CompilerError	com.sun.fortress.compiler.codegen.CodeGen.sayWhat:1579	 Library/FortressLibrary.fss:3234:9-3235:8:     Variable being bound lacks type information! node = LocalVarDecl at Library/FortressLibrary.fss:3234.9
@@CG OVLSKIP	FortressLibrary	sets=1
@@CG PREFAIL	ObjectDecl TupleMinMaxReduction	Library/FortressLibrary.fss:3249:1-3262:2	com.sun.fortress.exceptions.CompilerError	com.sun.fortress.compiler.codegen.CodeGen.sayWhat:1579	 Library/FortressLibrary.fss:3254:9-3255:8:     Variable being bound lacks type information! node = LocalVarDecl at Library/FortressLibrary.fss:3254.9
@@CG OVLSKIP	FortressLibrary	sets=1
@@CG PREFAIL	ObjectDecl TupleMaxMinReduction	Library/FortressLibrary.fss:3269:1-3282:2	com.sun.fortress.exceptions.CompilerError	com.sun.fortress.compiler.codegen.CodeGen.sayWhat:1579	 Library/FortressLibrary.fss:3274:9-3275:8:     Variable being bound lacks type information! node = LocalVarDecl at Library/FortressLibrary.fss:3274.9
@@CG OVLSKIP	FortressLibrary	sets=1
@@CG PREFAIL	ObjectDecl TupleMaxMaxReduction	Library/FortressLibrary.fss:3289:1-3302:2	com.sun.fortress.exceptions.CompilerError	com.sun.fortress.compiler.codegen.CodeGen.sayWhat:1579	 Library/FortressLibrary.fss:3294:9-3295:8:     Variable being bound lacks type information! node = LocalVarDecl at Library/FortressLibrary.fss:3294.9
@@CG OVLSKIP	FortressLibrary	sets=0
@@CG OVLSKIP	FortressLibrary	sets=0
@@CG OVLSKIP	FortressLibrary	sets=0
@@CG OVLSKIP	FortressLibrary	sets=0
@@CG OVLSKIP	FortressLibrary	sets=0
@@CG OVLSKIP	FortressLibrary	sets=1
@@CG OVLSKIP	FortressLibrary	sets=0
@@CG OVLSKIP	FortressLibrary	sets=0
@@CG PREFAIL	ObjectDecl MIMapReduceReduction	Library/FortressLibrary.fss:3433:1-3437:2	com.sun.fortress.exceptions.CompilerError	com.sun.fortress.compiler.codegen.CodeGen.generateTypeReference:5848	Only handling some static args of generic types in extends clause
@@CG OVLSKIP	FortressLibrary	sets=0
@@CG OVLSKIP	FortressLibrary	sets=3
@@CG PREFAIL	ObjectDecl SimpleMappedIndexed	Library/FortressLibrary.fss:3476:1-3494:2	com.sun.fortress.exceptions.CompilerError	com.sun.fortress.compiler.codegen.CodeGen.sayWhat:1579	 Library/FortressLibrary.fss:3483:45-82:     Missing type information for FnExpr at Library/FortressLibrary.fss:3483.45 node = FnExpr at Library/FortressLibrary.fss:3483.45
@@CG OVLSKIP	FortressLibrary	sets=0
@@CG PREFAIL	ObjectDecl SimpleMappedSeqGenerator	Library/FortressLibrary.fss:3496:1-3502:2	com.sun.fortress.exceptions.CompilerError	com.sun.fortress.compiler.codegen.CodeGen.sayWhat:1567	 Library/FortressLibrary.fss:3500:40-69:     Can't compile AsIfExpr at Library/FortressLibrary.fss:3500.40
@@CG OVLSKIP	FortressLibrary	sets=0
@@CG OVLSKIP	FortressLibrary	sets=0
@@CG OVLSKIP	FortressLibrary	sets=0
@@CG PREFAIL	ObjectDecl SimpleNestedGenerator	Library/FortressLibrary.fss:3557:1-3572:2	com.sun.fortress.exceptions.CompilerError	com.sun.fortress.compiler.codegen.CodeGen.sayWhat:1579	 Library/FortressLibrary.fss:3563:9-19:     Variable being bound lacks type information! node = LocalVarDecl at Library/FortressLibrary.fss:3563.9
@@CG OVLSKIP	FortressLibrary	sets=0
@@CG OVLSKIP	FortressLibrary	sets=1
@@CG PREFAIL	ObjectDecl SimplePairGenerator	Library/FortressLibrary.fss:3595:1-3601:2	com.sun.fortress.exceptions.CompilerError	com.sun.fortress.compiler.codegen.CodeGen.sayWhat:1567	 Library/FortressLibrary.fss:3600:43-87:     Can't compile Juxt at Library/FortressLibrary.fss:3600.43
@@CG OVLSKIP	FortressLibrary	sets=0
@@CG OVLSKIP	FortressLibrary	sets=0
@@CG OVLSKIP	FortressLibrary	sets=0
@@CG OVLSKIP	FortressLibrary	sets=0
@@CG PREFAIL	ObjectDecl NaiveSeqGenerator	Library/FortressLibrary.fss:3665:1-3678:2	com.sun.fortress.exceptions.CompilerError	com.sun.fortress.compiler.codegen.CodeGen.sayWhat:1579	 Library/FortressLibrary.fss:3667:5-3668:9:     Return type is not inferred. node = size()
@@CG OVLSKIP	FortressLibrary	sets=0
@@CG PREFAIL	ObjectDecl TrivialOpenRange	Library/FortressLibrary.fss:3755:1-3770:2	edu.rice.cs.plt.tuple.OptionUnwrapException	edu.rice.cs.plt.tuple.Null.unwrap:58	null
@@CG OVLSKIP	FortressLibrary	sets=0
@@CG PREFAIL	ObjectDecl StringJoinReduction	Library/FortressLibrary.fss:4161:1-4175:2	edu.rice.cs.plt.tuple.OptionUnwrapException	edu.rice.cs.plt.tuple.Null.unwrap:58	null
@@CG OVLSKIP	FortressLibrary	sets=0
@@CG OVLSKIP	FortressLibrary	sets=0
@@CG PREFAIL	ObjectDecl SimpleFilterGenerator2	Library/FortressLibrary.fss:4507:1-4512:2	com.sun.fortress.exceptions.CompilerError	com.sun.fortress.compiler.codegen.CodeGen.sayWhat:1579	 Library/FortressLibrary.fss:4511:40-51:     Missing type information for MethodInvocation at Library/FortressLibrary.fss:4511.40 node = MethodInvocation at Library/FortressLibrary.fss:4511.40
@@CG OVLSKIP	FortressLibrary	sets=2
@@CG OVLSKIP	FortressLibrary	sets=0
@@CG OK	FnDecl cast	Library/FortressLibrary.fss:33:1-37:4
@@CG OK	FnDecl instanceOf	Library/FortressLibrary.fss:39:1-43:4
@@CG OK	FnDecl ignore	Library/FortressLibrary.fss:47:1-22
@@CG OK	FnDecl identity	Library/FortressLibrary.fss:49:1-51:26
@@CG OK	FnDecl CIRC	Library/FortressLibrary.fss:52:1-75:4
@@CG OK	FnDecl fail	Library/FortressLibrary.fss:54:1-75:4
@@CG OK	FnDecl shared	Library/FortressLibrary.fss:65:1-75:4
@@CG OK	FnDecl isShared	Library/FortressLibrary.fss:67:1-75:4
@@CG OK	FnDecl localize	Library/FortressLibrary.fss:69:1-75:4
@@CG OVLSKIP	FortressLibrary	sets=0
@@CG OK	TraitDecl Region	Library/FortressLibrary.fss:75:1-78:2
@@CG OK	ObjectDecl Global	Library/FortressLibrary.fss:80:1-83:2
@@CG OK	FnDecl region	Library/FortressLibrary.fss:85:1-87:43
@@CG OK	FnDecl topRegion	Library/FortressLibrary.fss:88:1-37
@@CG OK	FnDecl here	Library/FortressLibrary.fss:90:1-94:62
@@CG OK	FnDecl =	Library/FortressLibrary.fss:96:1-39
@@CG OK	FnDecl NE	Library/FortressLibrary.fss:98:1-42
@@CG OVLSKIP	FortressLibrary	sets=0
@@CG OK	TraitDecl Equality	Library/FortressLibrary.fss:100:1-102:2
@@CG OK	ObjectDecl LexicographicPartialReduction	Library/FortressLibrary.fss:106:1-114:2
@@CG OK	ObjectDecl LexicographicReduction	Library/FortressLibrary.fss:116:1-124:2
@@CG OK	FnDecl BIG LEXICO	Library/FortressLibrary.fss:126:1-127:76
@@CG FAIL	FnDecl BIG LEXICO	Library/FortressLibrary.fss:129:1-130:107	com.sun.fortress.exceptions.CompilerError	com.sun.fortress.compiler.codegen.CodeGen.sayWhat:1567	 Library/FortressLibrary.fss:130:5-105:     Can't compile Juxt at Library/FortressLibrary.fss:130.5
@@CG OVLSKIP	FortressLibrary	sets=1
@@CG OK	TraitDecl Comparison	Library/FortressLibrary.fss:132:1-146:2
@@CG OK	ObjectDecl Unordered	Library/FortressLibrary.fss:150:1-156:2
@@CG OVLSKIP	FortressLibrary	sets=5
@@CG OK	TraitDecl TotalComparison	Library/FortressLibrary.fss:158:1-173:2
@@CG OK	ObjectDecl LessThan	Library/FortressLibrary.fss:175:1-185:2
@@CG OK	ObjectDecl GreaterThan	Library/FortressLibrary.fss:187:1-196:2
@@CG OK	ObjectDecl EqualTo	Library/FortressLibrary.fss:198:1-208:2
@@CG OVLSKIP	FortressLibrary	sets=0
@@CG FAIL	TraitDecl StandardPartialOrder	Library/FortressLibrary.fss:213:1-226:2	edu.rice.cs.plt.tuple.OptionUnwrapException	edu.rice.cs.plt.tuple.Null.unwrap:58	null
@@CG OVLSKIP	FortressLibrary	sets=0
@@CG OK	TraitDecl StandardMin	Library/FortressLibrary.fss:235:1-237:2
@@CG OVLSKIP	FortressLibrary	sets=0
@@CG OK	TraitDecl StandardMax	Library/FortressLibrary.fss:246:1-248:2
@@CG OVLSKIP	FortressLibrary	sets=2
@@CG FAIL	TraitDecl StandardMinMax	Library/FortressLibrary.fss:257:1-262:2	com.sun.fortress.exceptions.CompilerError	com.sun.fortress.compiler.codegen.CodeGen.sayWhat:1579	 Library/FortressLibrary.fss:260:40-64:     Variable being bound lacks type information! node = LocalVarDecl at Library/FortressLibrary.fss:260.40
@@CG OVLSKIP	FortressLibrary	sets=2
@@CG FAIL	TraitDecl StandardTotalOrder	Library/FortressLibrary.fss:270:1-283:2	edu.rice.cs.plt.tuple.OptionUnwrapException	edu.rice.cs.plt.tuple.Null.unwrap:58	null
@@CG OK	FnDecl assert	Library/FortressLibrary.fss:286:1-289:6
@@CG OK	FnDecl assert	Library/FortressLibrary.fss:291:1-294:6
@@CG FAIL	FnDecl assert	Library/FortressLibrary.fss:296:1-300:6	com.sun.fortress.exceptions.CompilerError	com.sun.fortress.compiler.NamingCzar$1.forTupleType:1412	 Library/FortressLibrary.fss:296:22-27:     Can't compile VarArgs yet
@@CG OK	FnDecl deny	Library/FortressLibrary.fss:302:1-42
@@CG OK	FnDecl deny	Library/FortressLibrary.fss:304:1-69
@@CG FAIL	FnDecl deny	Library/FortressLibrary.fss:306:1-310:6	com.sun.fortress.exceptions.CompilerError	com.sun.fortress.compiler.NamingCzar$1.forTupleType:1412	 Library/FortressLibrary.fss:306:20-25:     Can't compile VarArgs yet
@@CG FAIL	FnDecl shouldRaise	Library/FortressLibrary.fss:312:1-320:2	java.lang.RuntimeException	com.sun.fortress.compiler.codegen.CodeGen.forTry:2097	NYI: Forbid clauses are not yet implemented
@@CG OVLSKIP	FortressLibrary	sets=0
@@CG OK	TraitDecl AnyAdditiveGroup	Library/FortressLibrary.fss:328:1-25
@@CG OVLSKIP	FortressLibrary	sets=0
@@CG FAIL	TraitDecl AdditiveGroup	Library/FortressLibrary.fss:331:1-336:2	edu.rice.cs.plt.tuple.OptionUnwrapException	edu.rice.cs.plt.tuple.Null.unwrap:58	null
@@CG OVLSKIP	FortressLibrary	sets=0
@@CG OK	TraitDecl AnyMultiplicativeRing	Library/FortressLibrary.fss:339:1-30
@@CG OVLSKIP	FortressLibrary	sets=0
@@CG OK	TraitDecl MultiplicativeRing	Library/FortressLibrary.fss:343:1-350:2
@@CG OVLSKIP	FortressLibrary	sets=0
@@CG OK	TraitDecl Number	Library/FortressLibrary.fss:352:1-366:2
@@CG OK	FnDecl exactValue	Library/FortressLibrary.fss:368:1-377:6
@@CG OVLSKIP	FortressLibrary	sets=4
@@CG OK	TraitDecl RR64	Library/FortressLibrary.fss:379:1-495:2
@@CG FAIL	FnDecl simplestRationalBetween	Library/FortressLibrary.fss:497:1-542:9	com.sun.fortress.exceptions.CompilerError	com.sun.fortress.compiler.codegen.CodeGen.sayWhat:1567	 Library/FortressLibrary.fss:497:43-542:9:     Can't compile Label at Library/FortressLibrary.fss:497.43
@@CG OVLSKIP	FortressLibrary	sets=3
@@CG FAIL	TraitDecl QQ	Library/FortressLibrary.fss:544:1-626:2	edu.rice.cs.plt.tuple.OptionUnwrapException	edu.rice.cs.plt.tuple.Null.unwrap:58	null
@@CG OK	ObjectDecl Ratio	Library/FortressLibrary.fss:628:1-639:2
@@CG OVLSKIP	FortressLibrary	sets=0
@@CG OK	TraitDecl AnyIntegral	Library/FortressLibrary.fss:641:1-80
@@CG OVLSKIP	FortressLibrary	sets=1
@@CG FAIL	TraitDecl Integral	Library/FortressLibrary.fss:644:1-686:2	edu.rice.cs.plt.tuple.OptionUnwrapException	edu.rice.cs.plt.tuple.Null.unwrap:58	null
@@CG OVLSKIP	FortressLibrary	sets=1
@@CG OK	TraitDecl ZZ32	Library/FortressLibrary.fss:688:1-758:2
@@CG OVLSKIP	FortressLibrary	sets=1
@@CG OK	TraitDecl ZZ64	Library/FortressLibrary.fss:760:1-842:2
@@CG OVLSKIP	FortressLibrary	sets=1
@@CG OK	TraitDecl NN64	Library/FortressLibrary.fss:844:1-906:2
@@CG OVLSKIP	FortressLibrary	sets=1
@@CG OK	TraitDecl ZZ	Library/FortressLibrary.fss:908:1-994:2
@@CG OVLSKIP	FortressLibrary	sets=0
@@CG OK	TraitDecl Contains	Library/FortressLibrary.fss:1005:1-1017:2
@@CG OK	FnDecl NOTIN	Library/FortressLibrary.fss:1020:1-1022:42
@@CG OK	FnDecl NI	Library/FortressLibrary.fss:1023:1-1025:48
@@CG OK	FnDecl NOTNI	Library/FortressLibrary.fss:1026:1-1058:3
@@CG OVLSKIP	FortressLibrary	sets=0
@@CG FAIL	TraitDecl Generator	Library/FortressLibrary.fss:1059:1-1157:12	com.sun.fortress.exceptions.CompilerError	com.sun.fortress.compiler.codegen.CodeGen.sayWhat:1579	 Library/FortressLibrary.fss:1065:59:     Missing type information for OpExpr at Library/FortressLibrary.fss:1065.59 node = OpExpr at Library/FortressLibrary.fss:1065.59
@@CG OK	FnDecl __generate	Library/FortressLibrary.fss:1165:1-1166:25
@@CG OK	FnDecl __nest	Library/FortressLibrary.fss:1168:1-1169:20
@@CG OK	FnDecl __singleton	Library/FortressLibrary.fss:1171:1-59
@@CG FAIL	FnDecl __loop	Library/FortressLibrary.fss:1173:1-62	com.sun.fortress.exceptions.CompilerError	com.sun.fortress.compiler.codegen.CodeGen.sayWhat:1579	 Library/FortressLibrary.fss:1173:57-59:     Missing type information for body node = body
@@CG OK	FnDecl __cond	Library/FortressLibrary.fss:1175:1-70
@@CG FAIL	FnDecl __cond	Library/FortressLibrary.fss:1176:1-1178:42	com.sun.fortress.exceptions.CompilerError	com.sun.fortress.compiler.codegen.CodeGen.sayWhat:1579	 Library/FortressLibrary.fss:1176:58-72:     Missing type information for TupleExpr at Library/FortressLibrary.fss:1176.58 node = TupleExpr at Library/FortressLibrary.fss:1176.58
@@CG FAIL	FnDecl __whileCond	Library/FortressLibrary.fss:1179:1-1187:21	com.sun.fortress.exceptions.CompilerError	com.sun.fortress.compiler.codegen.CodeGen.sayWhat:1579	 Library/FortressLibrary.fss:1180:22-82:     Missing type information for TupleExpr at Library/FortressLibrary.fss:1180.22 node = TupleExpr at Library/FortressLibrary.fss:1180.22
@@CG OK	FnDecl __map	Library/FortressLibrary.fss:1188:1-1193:6
@@CG FAIL	FnDecl __filter	Library/FortressLibrary.fss:1200:1-1208:2	java.lang.ClassCastException	com.sun.fortress.compiler.codegen.CodeGen.forMethodInvocation:6279	class com.sun.fortress.nodes.IntersectionType cannot be cast to class com.sun.fortress.nodes.NamedType (com.sun.fortress.nodes.IntersectionType and com.sun.fortress.nodes.NamedType are in unnamed module of loader 'app')
@@CG OK	FnDecl __bigOperatorSugar	Library/FortressLibrary.fss:1216:1-1219:85
@@CG FAIL	FnDecl __bigOperator	Library/FortressLibrary.fss:1220:1-1224:4	com.sun.fortress.exceptions.CompilerError	com.sun.fortress.compiler.codegen.CodeGen.sayWhat:1579	 Library/FortressLibrary.fss:1221:5-19:     Variable being bound lacks type information! node = LocalVarDecl at Library/FortressLibrary.fss:1221.5
@@CG FAIL	FnDecl __bigOperator2	Library/FortressLibrary.fss:1246:1-1267:4	com.sun.fortress.exceptions.CompilerError	com.sun.fortress.compiler.codegen.CodeGen.sayWhat:1579	 Library/FortressLibrary.fss:1251:5-23:     Variable being bound lacks type information! node = LocalVarDecl at Library/FortressLibrary.fss:1251.5
@@CG OK	FnDecl __resolveBottomArgumentType	Library/FortressLibrary.fss:1272:1-1275:2
@@CG OVLSKIP	FortressLibrary	sets=0
@@CG FAIL	TraitDecl SequentialGenerator	Library/FortressLibrary.fss:1278:1-1297:22	com.sun.fortress.exceptions.CompilerError	com.sun.fortress.compiler.codegen.CodeGen.sayWhat:1567	 Library/FortressLibrary.fss:1279:45-64:     Can't compile AsIfExpr at Library/FortressLibrary.fss:1279.45
@@CG OVLSKIP	FortressLibrary	sets=1
@@CG FAIL	TraitDecl Condition	Library/FortressLibrary.fss:1302:1-1341:12	com.sun.fortress.exceptions.CompilerError	com.sun.fortress.compiler.codegen.CodeGen.sayWhat:1567	 Library/FortressLibrary.fss:1311:9-81:     Can't compile Juxt at Library/FortressLibrary.fss:1311.9
@@CG OK	FnDecl sequential	Library/FortressLibrary.fss:1344:1-1346:58
@@CG OK	FnDecl ANDCOND	Library/FortressLibrary.fss:1347:1-1351:2
@@CG OK	FnDecl ORCOND	Library/FortressLibrary.fss:1351:1-1394:10
@@CG OVLSKIP	FortressLibrary	sets=0
@@CG OK	TraitDecl AnyMaybe	Library/FortressLibrary.fss:1394:1-1396:2
@@CG FAIL	FnDecl just	Library/FortressLibrary.fss:1398:1-1407:51	com.sun.fortress.exceptions.CompilerError	com.sun.fortress.compiler.codegen.CodeGen.sayWhat:1567	 Library/FortressLibrary.fss:1398:24-29:     Can't compile Juxt at Library/FortressLibrary.fss:1398.24
@@CG OVLSKIP	FortressLibrary	sets=1
@@CG OK	TraitDecl Maybe	Library/FortressLibrary.fss:1408:1-1412:2
@@CG OK	ObjectDecl Just	Library/FortressLibrary.fss:1414:1-1440:2
@@CG OK	ObjectDecl Nothing	Library/FortressLibrary.fss:1444:1-1467:2
@@CG OVLSKIP	FortressLibrary	sets=0
@@CG OK	TraitDecl AnyUniqueItem	Library/FortressLibrary.fss:1471:1-1475:2
@@CG OVLSKIP	FortressLibrary	sets=0
@@CG OK	TraitDecl UniqueItem	Library/FortressLibrary.fss:1482:1-1488:2
@@CG OK	ObjectDecl NotUnique	Library/FortressLibrary.fss:1490:1-1513:2
@@CG OK	ObjectDecl UniqueItemMeetReduction	Library/FortressLibrary.fss:1515:1-1522:2
@@CG OK	FnDecl BIG SQCAP	Library/FortressLibrary.fss:1524:1-1525:82
@@CG OK	FnDecl BIG SQCAP	Library/FortressLibrary.fss:1527:1-1528:111
@@CG OK	ObjectDecl UniqueItemJoinReduction	Library/FortressLibrary.fss:1530:1-1537:2
@@CG OK	FnDecl BIG SQCUP	Library/FortressLibrary.fss:1539:1-1540:82
@@CG FAIL	FnDecl BIG SQCUP	Library/FortressLibrary.fss:1542:1-1547:62	com.sun.fortress.exceptions.CompilerError	com.sun.fortress.compiler.codegen.CodeGen.sayWhat:1567	 Library/FortressLibrary.fss:1543:5-109:     Can't compile Juxt at Library/FortressLibrary.fss:1543.5
@@CG OVLSKIP	FortressLibrary	sets=0
@@CG OK	TraitDecl Exception	Library/FortressLibrary.fss:1549:1-1550:2
@@CG OVLSKIP	FortressLibrary	sets=0
@@CG OK	TraitDecl UncheckedException	Library/FortressLibrary.fss:1554:1-1555:2
@@CG OK	ObjectDecl FailCalled	Library/FortressLibrary.fss:1557:1-1559:2
@@CG OK	ObjectDecl DivisionByZero	Library/FortressLibrary.fss:1561:1-1563:2
@@CG OK	ObjectDecl UnpastingError	Library/FortressLibrary.fss:1565:1-1567:2
@@CG OK	ObjectDecl CallerViolation	Library/FortressLibrary.fss:1569:1-1571:2
@@CG OK	ObjectDecl CalleeViolation	Library/FortressLibrary.fss:1573:1-1575:2
@@CG OK	ObjectDecl LabelException	Library/FortressLibrary.fss:1577:1-1579:2
@@CG OK	ObjectDecl TestFailure	Library/FortressLibrary.fss:1581:1-1583:2
@@CG OK	ObjectDecl ContractHierarchyViolation	Library/FortressLibrary.fss:1585:1-1587:2
@@CG OK	ObjectDecl NoEqualityOnFunctions	Library/FortressLibrary.fss:1589:1-1591:2
@@CG OK	ObjectDecl InvalidRange	Library/FortressLibrary.fss:1593:1-1595:2
@@CG OK	ObjectDecl ForbiddenException	Library/FortressLibrary.fss:1597:1-1599:2
@@CG OK	ObjectDecl NotFound	Library/FortressLibrary.fss:1602:1-1604:2
@@CG OK	ObjectDecl IndexOutOfBounds	Library/FortressLibrary.fss:1606:1-1608:2
@@CG OK	ObjectDecl EmptyReduction	Library/FortressLibrary.fss:1610:1-1612:2
@@CG OK	ObjectDecl NegativeLength	Library/FortressLibrary.fss:1614:1-1616:2
@@CG OK	ObjectDecl IntegerOverflow	Library/FortressLibrary.fss:1618:1-1620:2
@@CG OK	ObjectDecl RationalComparisonError	Library/FortressLibrary.fss:1622:1-1624:2
@@CG OK	ObjectDecl FloatingComparisonError	Library/FortressLibrary.fss:1626:1-1628:2
@@CG OVLSKIP	FortressLibrary	sets=0
@@CG OK	TraitDecl CheckedException	Library/FortressLibrary.fss:1632:1-1633:2
@@CG OK	ObjectDecl CastError	Library/FortressLibrary.fss:1635:1-1637:2
@@CG OK	ObjectDecl IOFailure	Library/FortressLibrary.fss:1639:1-1641:2
@@CG OK	ObjectDecl MatchFailure	Library/FortressLibrary.fss:1643:1-1645:2
@@CG OK	ObjectDecl DisjointUnionError	Library/FortressLibrary.fss:1648:1-1650:2
@@CG OK	ObjectDecl APIMissing	Library/FortressLibrary.fss:1652:1-1654:2
@@CG OK	ObjectDecl APINameCollision	Library/FortressLibrary.fss:1656:1-1658:2
@@CG OK	ObjectDecl ExportedAPIMissing	Library/FortressLibrary.fss:1660:1-1662:2
@@CG OK	ObjectDecl HiddenAPIMissing	Library/FortressLibrary.fss:1664:1-1666:2
@@CG OK	ObjectDecl TryAtomicFailure	Library/FortressLibrary.fss:1668:1-1670:2
@@CG OK	ObjectDecl AtomicSpawnSynchronization	Library/FortressLibrary.fss:1673:1-1675:2
@@CG OK	FnDecl oops	Library/FortressLibrary.fss:1681:1-1684:2
@@CG OVLSKIP	FortressLibrary	sets=0
@@CG OK	TraitDecl HasRank	Library/FortressLibrary.fss:1686:1-1691:2
@@CG OVLSKIP	FortressLibrary	sets=0
@@CG OK	TraitDecl Rank	Library/FortressLibrary.fss:1694:1-1696:2
@@CG OVLSKIP	FortressLibrary	sets=0
@@CG OK	TraitDecl Rank1	Library/FortressLibrary.fss:1701:1-1702:2
@@CG OVLSKIP	FortressLibrary	sets=0
@@CG OK	TraitDecl Rank2	Library/FortressLibrary.fss:1704:1-1705:2
@@CG OVLSKIP	FortressLibrary	sets=0
@@CG OK	TraitDecl Rank3	Library/FortressLibrary.fss:1707:1-1708:2
@@CG OVLSKIP	FortressLibrary	sets=0
@@CG OK	TraitDecl Indexed1	Library/FortressLibrary.fss:1714:1-44
@@CG OVLSKIP	FortressLibrary	sets=0
@@CG OK	TraitDecl Indexed2	Library/FortressLibrary.fss:1716:1-44
@@CG OVLSKIP	FortressLibrary	sets=0
@@CG OK	TraitDecl Indexed3	Library/FortressLibrary.fss:1718:1-44
@@CG OVLSKIP	FortressLibrary	sets=1
@@CG FAIL	TraitDecl Indexed	Library/FortressLibrary.fss:1738:1-1816:2	com.sun.fortress.exceptions.CompilerError	com.sun.fortress.compiler.codegen.CodeGen.sayWhat:1579	 Library/FortressLibrary.fss:1758:35-64:     Missing type information for FnExpr at Library/FortressLibrary.fss:1758.35 node = FnExpr at Library/FortressLibrary.fss:1758.35
@@CG OVLSKIP	FortressLibrary	sets=1
@@CG OK	TraitDecl ZeroIndexed	Library/FortressLibrary.fss:1818:1-1824:2
@@CG OK	ObjectDecl DefaultZip	Library/FortressLibrary.fss:1826:1-1835:2
@@CG OVLSKIP	FortressLibrary	sets=0
@@CG FAIL	TraitDecl LexicographicOrder	Library/FortressLibrary.fss:1837:1-1849:2	edu.rice.cs.plt.tuple.OptionUnwrapException	edu.rice.cs.plt.tuple.Null.unwrap:58	null
@@CG OK	FnDecl toArray	Library/FortressLibrary.fss:1851:1-1858:4
@@CG OVLSKIP	FortressLibrary	sets=0
@@CG FAIL	TraitDecl DelegatedIndexed	Library/FortressLibrary.fss:1868:1-1882:2	edu.rice.cs.plt.tuple.OptionUnwrapException	edu.rice.cs.plt.tuple.Null.unwrap:58	null
@@CG OVLSKIP	FortressLibrary	sets=1
@@CG OK	TraitDecl MutableIndexed	Library/FortressLibrary.fss:1891:1-1900:2
@@CG OVLSKIP	FortressLibrary	sets=2
@@CG FAIL	TraitDecl ReadableArray	Library/FortressLibrary.fss:1904:1-1970:2	com.sun.fortress.exceptions.CompilerError	com.sun.fortress.compiler.codegen.CodeGen.sayWhat:1579	 Library/FortressLibrary.fss:1911:36-72:     Missing type information for FnExpr at Library/FortressLibrary.fss:1911.36 node = FnExpr at Library/FortressLibrary.fss:1911.36
@@CG OVLSKIP	FortressLibrary	sets=2
@@CG OK	TraitDecl ImmutableArray	Library/FortressLibrary.fss:1972:1-1986:2
@@CG OVLSKIP	FortressLibrary	sets=3
@@CG OK	TraitDecl Array	Library/FortressLibrary.fss:1988:1-2020:2
@@CG FAIL	FnDecl array	Library/FortressLibrary.fss:2024:1-70	com.sun.fortress.exceptions.CompilerError	com.sun.fortress.compiler.codegen.CodeGen.sayWhat:1567	 Library/FortressLibrary.fss:2024:38-69:     Can't compile Juxt at Library/FortressLibrary.fss:2024.38
@@CG FAIL	FnDecl array	Library/FortressLibrary.fss:2025:1-2026:49	com.sun.fortress.exceptions.CompilerError	com.sun.fortress.compiler.codegen.CodeGen.sayWhat:1567	 Library/FortressLibrary.fss:2026:5-48:     Can't compile Juxt at Library/FortressLibrary.fss:2026.5
@@CG FAIL	FnDecl array	Library/FortressLibrary.fss:2027:1-2031:67	com.sun.fortress.exceptions.CompilerError	com.sun.fortress.compiler.codegen.CodeGen.sayWhat:1567	 Library/FortressLibrary.fss:2028:5-60:     Can't compile Juxt at Library/FortressLibrary.fss:2028.5
@@CG OK	FnDecl __arr1	Library/FortressLibrary.fss:2032:1-2033:19
@@CG OK	FnDecl __arr2	Library/FortressLibrary.fss:2034:1-2035:43
@@CG OK	FnDecl __arr3	Library/FortressLibrary.fss:2036:1-2040:44
@@CG FAIL	FnDecl immutableArray	Library/FortressLibrary.fss:2041:1-2051:67	com.sun.fortress.exceptions.CompilerError	com.sun.fortress.compiler.codegen.CodeGen.sayWhat:1567	 Library/FortressLibrary.fss:2042:5-36:     Can't compile Juxt at Library/FortressLibrary.fss:2042.5
@@CG OK	FnDecl __imm1	Library/FortressLibrary.fss:2052:1-2059:3
@@CG FAIL	FnDecl primitiveArray	Library/FortressLibrary.fss:2061:1-79	com.sun.fortress.exceptions.CompilerError	com.sun.fortress.compiler.codegen.CodeGen.sayWhat:1567	 Library/FortressLibrary.fss:2061:47-78:     Can't compile Juxt at Library/FortressLibrary.fss:2061.47
@@CG OK	FnDecl __parr	Library/FortressLibrary.fss:2062:1-2063:28
@@CG FAIL	FnDecl primitiveImmutableArray	Library/FortressLibrary.fss:2065:1-2066:38	com.sun.fortress.exceptions.CompilerError	com.sun.fortress.compiler.codegen.CodeGen.sayWhat:1567	 Library/FortressLibrary.fss:2066:5-37:     Can't compile Juxt at Library/FortressLibrary.fss:2066.5
@@CG OK	FnDecl __piarr	Library/FortressLibrary.fss:2067:1-2073:56
@@CG OVLSKIP	FortressLibrary	sets=1
@@CG FAIL	TraitDecl StandardImmutableArrayType	Library/FortressLibrary.fss:2074:1-2086:2	com.sun.fortress.exceptions.CompilerError	com.sun.fortress.compiler.codegen.CodeGen.sayWhat:1579	 Library/FortressLibrary.fss:2077:13-32:     Missing type information for FnExpr at Library/FortressLibrary.fss:2077.13 node = FnExpr at Library/FortressLibrary.fss:2077.13
@@CG OVLSKIP	FortressLibrary	sets=1
@@CG FAIL	TraitDecl StandardMutableArrayType	Library/FortressLibrary.fss:2089:1-2099:2	com.sun.fortress.exceptions.CompilerError	com.sun.fortress.compiler.codegen.CodeGen.sayWhat:1579	 Library/FortressLibrary.fss:2092:13-32:     Missing type information for FnExpr at Library/FortressLibrary.fss:2092.13 node = FnExpr at Library/FortressLibrary.fss:2092.13
@@CG FAIL	FnDecl partition	Library/FortressLibrary.fss:2106:1-2109:4	com.sun.fortress.exceptions.CompilerError	com.sun.fortress.compiler.codegen.CodeGen.sayWhat:1579	 Library/FortressLibrary.fss:2107:5-2108:4:     Variable being bound lacks type information! node = LocalVarDecl at Library/FortressLibrary.fss:2107.5
@@CG OVLSKIP	FortressLibrary	sets=0
@@CG FAIL	TraitDecl ReadableArray1	Library/FortressLibrary.fss:2115:1-2146:2	com.sun.fortress.exceptions.CompilerError	com.sun.fortress.compiler.codegen.CodeGen.sayWhat:1567	 Library/FortressLibrary.fss:2126:13-2128:17:     Can't compile LetFn at Library/FortressLibrary.fss:2126.13
@@CG OVLSKIP	FortressLibrary	sets=1
@@CG FAIL	TraitDecl ImmutableArray1	Library/FortressLibrary.fss:2148:1-2191:2	edu.rice.cs.plt.tuple.OptionUnwrapException	edu.rice.cs.plt.tuple.Null.unwrap:58	null
@@CG OVLSKIP	FortressLibrary	sets=1
@@CG FAIL	TraitDecl Array1	Library/FortressLibrary.fss:2195:1-2241:2	edu.rice.cs.plt.tuple.OptionUnwrapException	edu.rice.cs.plt.tuple.Null.unwrap:58	null
@@CG OK	FnDecl __subarray	Library/FortressLibrary.fss:2244:1-2247:28
@@CG OK	FnDecl __subarrayI	Library/FortressLibrary.fss:2249:1-2259:45
@@CG OK	ObjectDecl __SimpleSubArray1	Library/FortressLibrary.fss:2260:1-2272:2
@@CG OK	ObjectDecl __ImmutableSubArray1	Library/FortressLibrary.fss:2275:1-2287:2
@@CG OVLSKIP	FortressLibrary	sets=0
@@CG OK	TraitDecl AnyVector	Library/FortressLibrary.fss:2289:1-18
@@CG OVLSKIP	FortressLibrary	sets=2
@@CG FAIL	TraitDecl Vector	Library/FortressLibrary.fss:2291:1-2304:2	com.sun.fortress.exceptions.CompilerError	com.sun.fortress.compiler.codegen.CodeGen.sayWhat:1567	 Library/FortressLibrary.fss:2295:9-54:     Can't compile Juxt at Library/FortressLibrary.fss:2295.9
@@CG OK	ObjectDecl __DefaultVector	Library/FortressLibrary.fss:2306:1-2312:2
@@CG FAIL	FnDecl __builtinFactory1	Library/FortressLibrary.fss:2320:1-2326:4	com.sun.fortress.exceptions.CompilerError	com.sun.fortress.compiler.codegen.CodeGen.sayWhat:1579	 Library/FortressLibrary.fss:2321:5-24:     Variable being bound lacks type information! node = LocalVarDecl at Library/FortressLibrary.fss:2321.5
@@CG FAIL	FnDecl __immutableFactory1	Library/FortressLibrary.fss:2331:1-2337:4	com.sun.fortress.exceptions.CompilerError	com.sun.fortress.compiler.codegen.CodeGen.sayWhat:1579	 Library/FortressLibrary.fss:2332:5-33:     Variable being bound lacks type information! node = LocalVarDecl at Library/FortressLibrary.fss:2332.5
@@CG OK	FnDecl __thrower	Library/FortressLibrary.fss:2339:1-2341:41
@@CG OK	FnDecl array1	Library/FortressLibrary.fss:2342:1-2346:6
@@CG FAIL	FnDecl array1	Library/FortressLibrary.fss:2347:1-68	com.sun.fortress.exceptions.CompilerError	com.sun.fortress.compiler.codegen.CodeGen.sayWhat:1579	 Library/FortressLibrary.fss:2347:67:     Missing type information for v node = v
@@CG FAIL	FnDecl array1	Library/FortressLibrary.fss:2348:1-75	com.sun.fortress.exceptions.CompilerError	com.sun.fortress.compiler.codegen.CodeGen.sayWhat:1579	 Library/FortressLibrary.fss:2348:73:     Missing type information for f node = f
@@CG OK	FnDecl immutableArray1	Library/FortressLibrary.fss:2350:1-2353:77
@@CG OK	FnDecl vector	Library/FortressLibrary.fss:2354:1-79
@@CG FAIL	FnDecl vector	Library/FortressLibrary.fss:2355:1-2356:28	com.sun.fortress.exceptions.CompilerError	com.sun.fortress.compiler.codegen.CodeGen.sayWhat:1579	 Library/FortressLibrary.fss:2356:27:     Missing type information for v node = v
@@CG FAIL	FnDecl vector	Library/FortressLibrary.fss:2357:1-2358:29	com.sun.fortress.exceptions.CompilerError	com.sun.fortress.compiler.codegen.CodeGen.sayWhat:1579	 Library/FortressLibrary.fss:2358:27:     Missing type information for f node = f
@@CG OK	FnDecl pmul	Library/FortressLibrary.fss:2360:1-2361:69
@@CG OK	FnDecl DOT	Library/FortressLibrary.fss:2363:1-2364:69
@@CG OK	FnDecl juxtaposition	Library/FortressLibrary.fss:2366:1-2367:67
@@CG OK	FnDecl DOT	Library/FortressLibrary.fss:2369:1-2370:73
@@CG OK	FnDecl juxtaposition	Library/FortressLibrary.fss:2372:1-2373:71
@@CG OK	FnDecl DOT	Library/FortressLibrary.fss:2375:1-2376:74
@@CG OK	FnDecl juxtaposition	Library/FortressLibrary.fss:2378:1-2379:71
@@CG OK	FnDecl squaredNorm	Library/FortressLibrary.fss:2381:1-71
@@CG OK	FnDecl ||_||	Library/FortressLibrary.fss:2383:1-2390:48
@@CG OVLSKIP	FortressLibrary	sets=2
@@CG FAIL	TraitDecl Array2	Library/FortressLibrary.fss:2391:1-2505:2	com.sun.fortress.exceptions.CompilerError	com.sun.fortress.compiler.codegen.CodeGen.sayWhat:1567	 Library/FortressLibrary.fss:2395:24-27:     Can't compile Juxt at Library/FortressLibrary.fss:2395.24
@@CG OK	FnDecl __subarray	Library/FortressLibrary.fss:2508:1-2514:4
@@CG OK	ObjectDecl __DefaultArray2	Library/FortressLibrary.fss:2517:1-2523:2
@@CG OK	ObjectDecl TransposedArray2	Library/FortressLibrary.fss:2527:1-2544:2
@@CG OK	ObjectDecl SubArray2	Library/FortressLibrary.fss:2553:1-2573:2
@@CG OK	ObjectDecl Col	Library/FortressLibrary.fss:2575:1-2584:2
@@CG OK	ObjectDecl Row	Library/FortressLibrary.fss:2586:1-2595:2
@@CG OVLSKIP	FortressLibrary	sets=0
@@CG OK	TraitDecl AnyMatrix	Library/FortressLibrary.fss:2597:1-18
@@CG OVLSKIP	FortressLibrary	sets=2
@@CG FAIL	TraitDecl Matrix	Library/FortressLibrary.fss:2599:1-2662:2	com.sun.fortress.exceptions.CompilerError	com.sun.fortress.compiler.codegen.CodeGen.sayWhat:1567	 Library/FortressLibrary.fss:2603:9-59:     Can't compile Juxt at Library/FortressLibrary.fss:2603.9
@@CG OK	ObjectDecl __DefaultMatrix	Library/FortressLibrary.fss:2665:1-2671:2
@@CG OK	ObjectDecl TransposedMatrix	Library/FortressLibrary.fss:2673:1-2691:2
@@CG FAIL	FnDecl __builtinFactory2	Library/FortressLibrary.fss:2693:1-2698:6	edu.rice.cs.plt.tuple.OptionUnwrapException	edu.rice.cs.plt.tuple.Null.unwrap:58	null
@@CG OK	FnDecl array2	Library/FortressLibrary.fss:2702:1-2706:6
@@CG FAIL	FnDecl array2	Library/FortressLibrary.fss:2707:1-2708:29	com.sun.fortress.exceptions.CompilerError	com.sun.fortress.compiler.codegen.CodeGen.sayWhat:1579	 Library/FortressLibrary.fss:2708:28:     Missing type information for v node = v
@@CG OK	FnDecl array2	Library/FortressLibrary.fss:2709:1-2714:50
@@CG OK	FnDecl matrix	Library/FortressLibrary.fss:2715:1-2716:30
@@CG FAIL	FnDecl matrix	Library/FortressLibrary.fss:2717:1-2722:22	com.sun.fortress.exceptions.CompilerError	com.sun.fortress.compiler.codegen.CodeGen.sayWhat:1579	 Library/FortressLibrary.fss:2718:28-74:     Missing type information for FnExpr at Library/FortressLibrary.fss:2718.28 node = FnExpr at Library/FortressLibrary.fss:2718.28
@@CG OK	FnDecl DOT	Library/FortressLibrary.fss:2723:1-2725:27
@@CG OK	FnDecl juxtaposition	Library/FortressLibrary.fss:2727:1-2732:34
@@CG OK	FnDecl DOT	Library/FortressLibrary.fss:2733:1-2734:72
@@CG OK	FnDecl juxtaposition	Library/FortressLibrary.fss:2736:1-2739:34
@@CG OK	FnDecl DOT	Library/FortressLibrary.fss:2740:1-2741:72
@@CG OK	FnDecl juxtaposition	Library/FortressLibrary.fss:2743:1-2744:70
@@CG OK	FnDecl DOT	Library/FortressLibrary.fss:2746:1-2747:77
@@CG OK	FnDecl juxtaposition	Library/FortressLibrary.fss:2749:1-2750:75
@@CG OK	FnDecl DOT	Library/FortressLibrary.fss:2752:1-2753:77
@@CG OK	FnDecl juxtaposition	Library/FortressLibrary.fss:2755:1-2763:27
@@CG OVLSKIP	FortressLibrary	sets=3
@@CG FAIL	TraitDecl Array3	Library/FortressLibrary.fss:2764:1-2877:2	com.sun.fortress.exceptions.CompilerError	com.sun.fortress.compiler.codegen.CodeGen.sayWhat:1567	 Library/FortressLibrary.fss:2776:26-32:     Can't compile Juxt at Library/FortressLibrary.fss:2776.26
@@CG OK	FnDecl __subarray	Library/FortressLibrary.fss:2880:1-2886:64
@@CG OK	ObjectDecl __DefaultArray3	Library/FortressLibrary.fss:2888:1-2897:2
@@CG OK	ObjectDecl SubArray3	Library/FortressLibrary.fss:2906:1-2916:2
@@CG OK	FnDecl __builtinFactory3	Library/FortressLibrary.fss:2918:1-2920:43
@@CG OK	FnDecl array3	Library/FortressLibrary.fss:2922:1-2923:39
@@CG OK	FnDecl array3	Library/FortressLibrary.fss:2924:1-2925:32
@@CG FAIL	FnDecl array3	Library/FortressLibrary.fss:2926:1-2941:62	com.sun.fortress.exceptions.CompilerError	com.sun.fortress.compiler.codegen.CodeGen.sayWhat:1579	 Library/FortressLibrary.fss:2927:31:     Missing type information for f node = f
@@CG OVLSKIP	FortressLibrary	sets=0
@@CG OK	TraitDecl Reduction	Library/FortressLibrary.fss:2943:1-2947:2
@@CG OK	ObjectDecl ReversedReduction	Library/FortressLibrary.fss:2949:1-2954:2
@@CG OVLSKIP	FortressLibrary	sets=0
@@CG OK	TraitDecl ActualReduction	Library/FortressLibrary.fss:2960:1-2979:2
@@CG OVLSKIP	FortressLibrary	sets=0
@@CG OK	TraitDecl PossibleReductionPair	Library/FortressLibrary.fss:2981:1-2983:2
@@CG OK	ObjectDecl NoReductionPair	Library/FortressLibrary.fss:2985:1-2988:2
@@CG OVLSKIP	FortressLibrary	sets=0
@@CG OK	TraitDecl SomeReductionPair	Library/FortressLibrary.fss:2990:1-2995:2
@@CG OVLSKIP	FortressLibrary	sets=0
@@CG OK	TraitDecl ReductionPair	Library/FortressLibrary.fss:2997:1-3000:2
@@CG OVLSKIP	FortressLibrary	sets=0
@@CG FAIL	TraitDecl AssociativeReduction	Library/FortressLibrary.fss:3003:1-3023:2	edu.rice.cs.plt.tuple.OptionUnwrapException	edu.rice.cs.plt.tuple.Null.unwrap:58	null
@@CG OK	ObjectDecl LiftedCommutativeMonoidReduction	Library/FortressLibrary.fss:3028:1-3048:2
@@CG OVLSKIP	FortressLibrary	sets=0
@@CG OK	TraitDecl SomeCommutativeReduction	Library/FortressLibrary.fss:3053:1-33
@@CG OVLSKIP	FortressLibrary	sets=0
@@CG OK	TraitDecl CommutativeReduction	Library/FortressLibrary.fss:3055:1-3057:2
@@CG OVLSKIP	FortressLibrary	sets=0
@@CG OK	TraitDecl MonoidReduction	Library/FortressLibrary.fss:3060:1-3063:2
@@CG OVLSKIP	FortressLibrary	sets=0
@@CG OK	TraitDecl CommutativeMonoidReduction	Library/FortressLibrary.fss:3065:1-3067:2
@@CG OVLSKIP	FortressLibrary	sets=0
@@CG OK	TraitDecl ReductionWithZeroes	Library/FortressLibrary.fss:3069:1-3073:2
@@CG OVLSKIP	FortressLibrary	sets=0
@@CG OK	TraitDecl BigOperator	Library/FortressLibrary.fss:3075:1-3079:2
@@CG OK	ObjectDecl BigReduction	Library/FortressLibrary.fss:3081:1-3084:2
@@CG OK	ObjectDecl Comprehension	Library/FortressLibrary.fss:3086:1-3088:2
@@CG OK	ObjectDecl VoidReduction	Library/FortressLibrary.fss:3094:1-3099:2
@@CG OVLSKIP	FortressLibrary	sets=0
@@CG OK	TraitDecl DistributesOver	Library/FortressLibrary.fss:3101:1-29
@@CG FAIL	FnDecl additiveIdentity	Library/FortressLibrary.fss:3107:1-3118:6	edu.rice.cs.plt.tuple.OptionUnwrapException	edu.rice.cs.plt.tuple.Null.unwrap:58	null
@@CG FAIL	FnDecl multiplicativeIdentity	Library/FortressLibrary.fss:3120:1-3131:6	edu.rice.cs.plt.tuple.OptionUnwrapException	edu.rice.cs.plt.tuple.Null.unwrap:58	null
@@CG OK	ObjectDecl SumProdReductionPair	Library/FortressLibrary.fss:3133:1-3136:2
@@CG OK	ObjectDecl MaxSumReductionPair	Library/FortressLibrary.fss:3138:1-3142:2
@@CG OK	ObjectDecl MinSumReductionPair	Library/FortressLibrary.fss:3144:1-3148:2
@@CG OK	ObjectDecl SumReduction	Library/FortressLibrary.fss:3150:1-3158:2
@@CG OK	FnDecl BIG +	Library/FortressLibrary.fss:3160:1-3161:43
@@CG OK	FnDecl BIG +	Library/FortressLibrary.fss:3163:1-3164:49
@@CG OK	ObjectDecl ProdReduction	Library/FortressLibrary.fss:3166:1-3172:2
@@CG OK	FnDecl BIG juxtaposition	Library/FortressLibrary.fss:3174:1-3175:44
@@CG OK	FnDecl BIG juxtaposition	Library/FortressLibrary.fss:3177:1-3178:50
@@CG OK	ObjectDecl MinReduction	Library/FortressLibrary.fss:3180:1-3183:2
@@CG OK	FnDecl BIG MIN	Library/FortressLibrary.fss:3184:1-3185:49
@@CG OK	FnDecl BIG MIN	Library/FortressLibrary.fss:3186:1-3187:60
@@CG OK	ObjectDecl MaxReduction	Library/FortressLibrary.fss:3189:1-3192:2
@@CG OK	FnDecl BIG MAX	Library/FortressLibrary.fss:3193:1-3194:49
@@CG FAIL	FnDecl BIG MAX	Library/FortressLibrary.fss:3195:1-3196:60	com.sun.fortress.exceptions.CompilerError	com.sun.fortress.compiler.codegen.CodeGen.sayWhat:1567	 Library/FortressLibrary.fss:3196:5-58:     Can't compile Juxt at Library/FortressLibrary.fss:3196.5
@@CG OK	ObjectDecl MinMaxReduction	Library/FortressLibrary.fss:3198:1-3205:2
@@CG FAIL	FnDecl BIG MINMAX	Library/FortressLibrary.fss:3206:1-3208:97	com.sun.fortress.exceptions.CompilerError	com.sun.fortress.compiler.codegen.CodeGen.sayWhat:1567	 Library/FortressLibrary.fss:3208:5-96:     Can't compile Juxt at Library/FortressLibrary.fss:3208.5
@@CG FAIL	FnDecl BIG MINMAX	Library/FortressLibrary.fss:3209:1-3210:71	com.sun.fortress.exceptions.CompilerError	com.sun.fortress.compiler.codegen.CodeGen.sayWhat:1567	 Library/FortressLibrary.fss:3210:5-69:     Can't compile Juxt at Library/FortressLibrary.fss:3210.5
@@CG OK	FnDecl BIG MINNUM	Library/FortressLibrary.fss:3212:1-3214:84
@@CG FAIL	FnDecl BIG MINNUM	Library/FortressLibrary.fss:3216:1-3217:63	com.sun.fortress.exceptions.CompilerError	com.sun.fortress.compiler.codegen.CodeGen.sayWhat:1567	 Library/FortressLibrary.fss:3217:5-61:     Can't compile Juxt at Library/FortressLibrary.fss:3217.5
@@CG OK	FnDecl BIG MAXNUM	Library/FortressLibrary.fss:3219:1-3221:84
@@CG FAIL	FnDecl BIG MAXNUM	Library/FortressLibrary.fss:3223:1-3227:35	com.sun.fortress.exceptions.CompilerError	com.sun.fortress.compiler.codegen.CodeGen.sayWhat:1567	 Library/FortressLibrary.fss:3224:5-61:     Can't compile Juxt at Library/FortressLibrary.fss:3224.5
@@CG OK	ObjectDecl TupleMinMinReduction	Library/FortressLibrary.fss:3229:1-3242:2
@@CG OK	FnDecl BIG MIN_MIN	Library/FortressLibrary.fss:3243:1-3245:98
@@CG OK	FnDecl BIG MIN_MIN	Library/FortressLibrary.fss:3246:1-3247:78
@@CG OK	ObjectDecl TupleMinMaxReduction	Library/FortressLibrary.fss:3249:1-3262:2
@@CG OK	FnDecl BIG MIN_MAX	Library/FortressLibrary.fss:3263:1-3265:98
@@CG OK	FnDecl BIG MIN_MAX	Library/FortressLibrary.fss:3266:1-3267:78
@@CG OK	ObjectDecl TupleMaxMinReduction	Library/FortressLibrary.fss:3269:1-3282:2
@@CG OK	FnDecl BIG MAX_MIN	Library/FortressLibrary.fss:3283:1-3285:98
@@CG OK	FnDecl BIG MAX_MIN	Library/FortressLibrary.fss:3286:1-3287:78
@@CG OK	ObjectDecl TupleMaxMaxReduction	Library/FortressLibrary.fss:3289:1-3302:2
@@CG OK	FnDecl BIG MAX_MAX	Library/FortressLibrary.fss:3303:1-3305:98
@@CG OK	FnDecl BIG MAX_MAX	Library/FortressLibrary.fss:3306:1-3310:85
@@CG OK	ObjectDecl AndReduction	Library/FortressLibrary.fss:3311:1-3318:2
@@CG OK	FnDecl BIG AND	Library/FortressLibrary.fss:3320:1-3321:50
@@CG FAIL	FnDecl BIG AND	Library/FortressLibrary.fss:3323:1-3324:77	com.sun.fortress.exceptions.CompilerError	com.sun.fortress.compiler.codegen.CodeGen.sayWhat:1567	 Library/FortressLibrary.fss:3324:5-75:     Can't compile Juxt at Library/FortressLibrary.fss:3324.5
@@CG OK	ObjectDecl OrReduction	Library/FortressLibrary.fss:3326:1-3333:2
@@CG OK	FnDecl BIG OR	Library/FortressLibrary.fss:3335:1-3336:49
@@CG OK	FnDecl BIG OR	Library/FortressLibrary.fss:3338:1-3357:3
@@CG OK	ObjectDecl BitXorReduction	Library/FortressLibrary.fss:3359:1-3364:2
@@CG OK	FnDecl BIG BITXOR	Library/FortressLibrary.fss:3366:1-3367:47
@@CG OK	FnDecl BIG BITXOR	Library/FortressLibrary.fss:3369:1-3372:51
@@CG OK	ObjectDecl StringReduction	Library/FortressLibrary.fss:3373:1-3377:2
@@CG OK	ObjectDecl SpaceReduction	Library/FortressLibrary.fss:3380:1-3384:2
@@CG OK	ObjectDecl NewlineReduction	Library/FortressLibrary.fss:3387:1-3390:2
@@CG OK	FnDecl BIG ||	Library/FortressLibrary.fss:3394:1-3396:62
@@CG FAIL	FnDecl BIG ||	Library/FortressLibrary.fss:3398:1-3403:40	com.sun.fortress.exceptions.CompilerError	com.sun.fortress.compiler.codegen.CodeGen.sayWhat:1567	 Library/FortressLibrary.fss:3399:5-90:     Can't compile Juxt at Library/FortressLibrary.fss:3399.5
@@CG OK	FnDecl BIG |||	Library/FortressLibrary.fss:3404:1-3406:61
@@CG FAIL	FnDecl BIG |||	Library/FortressLibrary.fss:3408:1-3413:18	com.sun.fortress.exceptions.CompilerError	com.sun.fortress.compiler.codegen.CodeGen.sayWhat:1567	 Library/FortressLibrary.fss:3409:5-91:     Can't compile Juxt at Library/FortressLibrary.fss:3409.5
@@CG OK	FnDecl BIG //	Library/FortressLibrary.fss:3414:1-3416:54
@@CG FAIL	FnDecl BIG //	Library/FortressLibrary.fss:3418:1-3423:44	com.sun.fortress.exceptions.CompilerError	com.sun.fortress.compiler.codegen.CodeGen.sayWhat:1567	 Library/FortressLibrary.fss:3419:5-92:     Can't compile Juxt at Library/FortressLibrary.fss:3419.5
@@CG OK	ObjectDecl MapReduceReduction	Library/FortressLibrary.fss:3424:1-3428:2
@@CG OK	ObjectDecl MIMapReduceReduction	Library/FortressLibrary.fss:3433:1-3437:2
@@CG FAIL	FnDecl embiggen	Library/FortressLibrary.fss:3447:1-3453:21	com.sun.fortress.exceptions.CompilerError	com.sun.fortress.compiler.codegen.CodeGen.sayWhat:1567	 Library/FortressLibrary.fss:3448:5-89:     Can't compile Juxt at Library/FortressLibrary.fss:3448.5
@@CG OVLSKIP	FortressLibrary	sets=0
@@CG OK	TraitDecl SomeMappedGenerator	Library/FortressLibrary.fss:3454:1-56
@@CG OVLSKIP	FortressLibrary	sets=0
@@CG FAIL	TraitDecl MappedGenerator	Library/FortressLibrary.fss:3456:1-3468:2	com.sun.fortress.exceptions.CompilerError	com.sun.fortress.compiler.codegen.CodeGen.sayWhat:1567	 Library/FortressLibrary.fss:3459:48-67:     Can't compile AsIfExpr at Library/FortressLibrary.fss:3459.48
@@CG OK	ObjectDecl SimpleMappedGenerator	Library/FortressLibrary.fss:3470:1-3474:2
@@CG OK	ObjectDecl SimpleMappedIndexed	Library/FortressLibrary.fss:3476:1-3494:2
@@CG OK	ObjectDecl SimpleMappedSeqGenerator	Library/FortressLibrary.fss:3496:1-3502:2
@@CG OVLSKIP	FortressLibrary	sets=0
@@CG FAIL	TraitDecl FilterGenerator	Library/FortressLibrary.fss:3504:1-3516:2	com.sun.fortress.exceptions.CompilerError	com.sun.fortress.compiler.codegen.CodeGen.sayWhat:1567	 Library/FortressLibrary.fss:3514:9-60:     Can't compile Juxt at Library/FortressLibrary.fss:3514.9
@@CG OK	ObjectDecl SimpleFilterGenerator	Library/FortressLibrary.fss:3518:1-3522:2
@@CG OK	ObjectDecl SimpleSeqFilterGenerator	Library/FortressLibrary.fss:3524:1-3530:2
@@CG OVLSKIP	FortressLibrary	sets=0
@@CG FAIL	TraitDecl NestedGenerator	Library/FortressLibrary.fss:3532:1-3555:2	com.sun.fortress.exceptions.CompilerError	com.sun.fortress.compiler.codegen.CodeGen.sayWhat:1579	 Library/FortressLibrary.fss:3538:39-54:     Missing type information for MethodInvocation at Library/FortressLibrary.fss:3538.39 node = MethodInvocation at Library/FortressLibrary.fss:3538.39
@@CG OK	ObjectDecl SimpleNestedGenerator	Library/FortressLibrary.fss:3557:1-3572:2
@@CG OK	ObjectDecl SimpleNestedSeqGenerator	Library/FortressLibrary.fss:3574:1-3580:2
@@CG OVLSKIP	FortressLibrary	sets=0
@@CG FAIL	TraitDecl PairGenerator	Library/FortressLibrary.fss:3582:1-3593:2	com.sun.fortress.exceptions.CompilerError	com.sun.fortress.compiler.codegen.CodeGen.sayWhat:1567	 Library/FortressLibrary.fss:3589:25-3590:11:     Can't compile Juxt at Library/FortressLibrary.fss:3589.25
@@CG OK	ObjectDecl SimplePairGenerator	Library/FortressLibrary.fss:3595:1-3601:2
@@CG OK	ObjectDecl SimplePairSeqGenerator	Library/FortressLibrary.fss:3603:1-3609:2
@@CG OVLSKIP	FortressLibrary	sets=0
@@CG OK	TraitDecl ReversedGenerator	Library/FortressLibrary.fss:3612:1-3618:2
@@CG OK	ObjectDecl SimpleReversedGenerator	Library/FortressLibrary.fss:3620:1-3623:2
@@CG OVLSKIP	FortressLibrary	sets=1
@@CG OK	TraitDecl ReversedIndexed	Library/FortressLibrary.fss:3625:1-3643:2
@@CG OK	ObjectDecl SimpleReversedIndexed	Library/FortressLibrary.fss:3645:1-3648:2
@@CG OK	ObjectDecl NaiveSeqGenerator	Library/FortressLibrary.fss:3665:1-3678:2
@@CG OVLSKIP	FortressLibrary	sets=1
@@CG FAIL	TraitDecl Range	Library/FortressLibrary.fss:3690:1-3737:2	com.sun.fortress.exceptions.CompilerError	com.sun.fortress.compiler.codegen.CodeGen.sayWhat:1579	 Library/FortressLibrary.fss:3699:40-66:     Missing type information for MethodInvocation at Library/FortressLibrary.fss:3699.40 node = MethodInvocation at Library/FortressLibrary.fss:3699.40
@@CG OVLSKIP	FortressLibrary	sets=0
@@CG OK	TraitDecl PartialRange	Library/FortressLibrary.fss:3739:1-45
@@CG OVLSKIP	FortressLibrary	sets=2
@@CG FAIL	TraitDecl OpenRange	Library/FortressLibrary.fss:3741:1-3753:2	edu.rice.cs.plt.tuple.OptionUnwrapException	edu.rice.cs.plt.tuple.Null.unwrap:58	null
@@CG OK	ObjectDecl TrivialOpenRange	Library/FortressLibrary.fss:3755:1-3770:2
@@CG OVLSKIP	FortressLibrary	sets=0
@@CG OK	TraitDecl RangeWithExtent	Library/FortressLibrary.fss:3772:1-3774:2
@@CG OVLSKIP	FortressLibrary	sets=0
@@CG FAIL	TraitDecl ExtentRange	Library/FortressLibrary.fss:3776:1-3793:2	edu.rice.cs.plt.tuple.OptionUnwrapException	edu.rice.cs.plt.tuple.Null.unwrap:58	null
@@CG OVLSKIP	FortressLibrary	sets=1
@@CG OK	TraitDecl BoundedRange	Library/FortressLibrary.fss:3795:1-3803:2
@@CG OVLSKIP	FortressLibrary	sets=0
@@CG OK	TraitDecl RangeWithLeft	Library/FortressLibrary.fss:3805:1-3808:2
@@CG OVLSKIP	FortressLibrary	sets=0
@@CG FAIL	TraitDecl LeftRange	Library/FortressLibrary.fss:3810:1-3828:2	edu.rice.cs.plt.tuple.OptionUnwrapException	edu.rice.cs.plt.tuple.Null.unwrap:58	null
@@CG OVLSKIP	FortressLibrary	sets=0
@@CG OK	TraitDecl RangeWithRight	Library/FortressLibrary.fss:3830:1-3832:2
@@CG OVLSKIP	FortressLibrary	sets=0
@@CG FAIL	TraitDecl RightRange	Library/FortressLibrary.fss:3834:1-3853:2	com.sun.fortress.exceptions.CompilerError	com.sun.fortress.compiler.codegen.CodeGen.sayWhat:1579	 Library/FortressLibrary.fss:3836:39-51:     Missing type information for MethodInvocation at Library/FortressLibrary.fss:3836.39 node = MethodInvocation at Library/FortressLibrary.fss:3836.39
@@CG OVLSKIP	FortressLibrary	sets=2
@@CG FAIL	TraitDecl FullRange	Library/FortressLibrary.fss:3855:1-3869:2	edu.rice.cs.plt.tuple.OptionUnwrapException	edu.rice.cs.plt.tuple.Null.unwrap:58	null
@@CG OVLSKIP	FortressLibrary	sets=0
@@CG FAIL	TraitDecl CompactFullRange	Library/FortressLibrary.fss:3871:1-3883:2	com.sun.fortress.exceptions.CompilerError	com.sun.fortress.compiler.codegen.CodeGen.sayWhat:1579	 Library/FortressLibrary.fss:3875:7-39:     Variable being bound lacks type information! node = LocalVarDecl at Library/FortressLibrary.fss:3875.7
@@CG OVLSKIP	FortressLibrary	sets=0
@@CG OK	TraitDecl StridedFullRange	Library/FortressLibrary.fss:3885:1-53
@@CG FAIL	FnDecl #	Library/FortressLibrary.fss:3888:1-107	com.sun.fortress.exceptions.CompilerError	com.sun.fortress.compiler.codegen.CodeGen.sayWhat:1567	 Library/FortressLibrary.fss:3888:78-106:     Can't compile Juxt at Library/FortressLibrary.fss:3888.78
@@CG FAIL	FnDecl #	Library/FortressLibrary.fss:3889:1-3891:82	com.sun.fortress.exceptions.CompilerError	com.sun.fortress.compiler.codegen.CodeGen.sayWhat:1579	 Library/FortressLibrary.fss:3891:8-17:     Variable being bound lacks type information! node = LocalVarDecl at Library/FortressLibrary.fss:3891.8
@@CG FAIL	FnDecl #	Library/FortressLibrary.fss:3892:1-3896:6	com.sun.fortress.exceptions.CompilerError	com.sun.fortress.compiler.codegen.CodeGen.sayWhat:1579	 Library/FortressLibrary.fss:3894:8-20:     Variable being bound lacks type information! node = LocalVarDecl at Library/FortressLibrary.fss:3894.8
@@CG FAIL	FnDecl :	Library/FortressLibrary.fss:3898:1-3899:40	com.sun.fortress.exceptions.CompilerError	com.sun.fortress.compiler.codegen.CodeGen.sayWhat:1567	 Library/FortressLibrary.fss:3899:9-39:     Can't compile Juxt at Library/FortressLibrary.fss:3899.9
@@CG FAIL	FnDecl :	Library/FortressLibrary.fss:3900:1-3902:84	com.sun.fortress.exceptions.CompilerError	com.sun.fortress.compiler.codegen.CodeGen.sayWhat:1579	 Library/FortressLibrary.fss:3902:8-17:     Variable being bound lacks type information! node = LocalVarDecl at Library/FortressLibrary.fss:3902.8
@@CG FAIL	FnDecl :	Library/FortressLibrary.fss:3903:1-3907:4	com.sun.fortress.exceptions.CompilerError	com.sun.fortress.compiler.codegen.CodeGen.sayWhat:1579	 Library/FortressLibrary.fss:3905:5-17:     Variable being bound lacks type information! node = LocalVarDecl at Library/FortressLibrary.fss:3905.5
@@CG FAIL	FnDecl #	Library/FortressLibrary.fss:3910:1-81	com.sun.fortress.exceptions.CompilerError	com.sun.fortress.compiler.codegen.CodeGen.sayWhat:1567	 Library/FortressLibrary.fss:3910:56-80:     Can't compile Juxt at Library/FortressLibrary.fss:3910.56
@@CG FAIL	FnDecl #	Library/FortressLibrary.fss:3911:1-3914:4	com.sun.fortress.exceptions.CompilerError	com.sun.fortress.compiler.codegen.CodeGen.sayWhat:1579	 Library/FortressLibrary.fss:3912:5-14:     Variable being bound lacks type information! node = LocalVarDecl at Library/FortressLibrary.fss:3912.5
@@CG FAIL	FnDecl #	Library/FortressLibrary.fss:3915:1-3919:4	com.sun.fortress.exceptions.CompilerError	com.sun.fortress.compiler.codegen.CodeGen.sayWhat:1579	 Library/FortressLibrary.fss:3917:5-17:     Variable being bound lacks type information! node = LocalVarDecl at Library/FortressLibrary.fss:3917.5
@@CG FAIL	FnDecl :	Library/FortressLibrary.fss:3921:1-37	edu.rice.cs.plt.tuple.OptionUnwrapException	edu.rice.cs.plt.tuple.Null.unwrap:58	null
@@CG FAIL	FnDecl #	Library/FortressLibrary.fss:3923:1-85	com.sun.fortress.exceptions.CompilerError	com.sun.fortress.compiler.codegen.CodeGen.sayWhat:1567	 Library/FortressLibrary.fss:3923:58-84:     Can't compile Juxt at Library/FortressLibrary.fss:3923.58
@@CG FAIL	FnDecl #	Library/FortressLibrary.fss:3924:1-3925:64	com.sun.fortress.exceptions.CompilerError	com.sun.fortress.compiler.codegen.CodeGen.sayWhat:1579	 Library/FortressLibrary.fss:3925:8-17:     Variable being bound lacks type information! node = LocalVarDecl at Library/FortressLibrary.fss:3925.8
@@CG FAIL	FnDecl #	Library/FortressLibrary.fss:3926:1-3928:81	com.sun.fortress.exceptions.CompilerError	com.sun.fortress.compiler.codegen.CodeGen.sayWhat:1579	 Library/FortressLibrary.fss:3928:8-20:     Variable being bound lacks type information! node = LocalVarDecl at Library/FortressLibrary.fss:3928.8
@@CG FAIL	FnDecl :	Library/FortressLibrary.fss:3930:1-83	com.sun.fortress.exceptions.CompilerError	com.sun.fortress.compiler.codegen.CodeGen.sayWhat:1567	 Library/FortressLibrary.fss:3930:57-82:     Can't compile Juxt at Library/FortressLibrary.fss:3930.57
@@CG FAIL	FnDecl :	Library/FortressLibrary.fss:3931:1-3932:63	com.sun.fortress.exceptions.CompilerError	com.sun.fortress.compiler.codegen.CodeGen.sayWhat:1579	 Library/FortressLibrary.fss:3932:8-17:     Variable being bound lacks type information! node = LocalVarDecl at Library/FortressLibrary.fss:3932.8
@@CG FAIL	FnDecl :	Library/FortressLibrary.fss:3933:1-3935:80	com.sun.fortress.exceptions.CompilerError	com.sun.fortress.compiler.codegen.CodeGen.sayWhat:1579	 Library/FortressLibrary.fss:3935:8-20:     Variable being bound lacks type information! node = LocalVarDecl at Library/FortressLibrary.fss:3935.8
@@CG OK	FnDecl #	Library/FortressLibrary.fss:3944:1-45
@@CG OK	FnDecl :	Library/FortressLibrary.fss:3945:1-45
@@CG FAIL	FnDecl openRange	Library/FortressLibrary.fss:3946:1-3955:3	com.sun.fortress.exceptions.CompilerError	com.sun.fortress.compiler.codegen.CodeGen.sayWhat:1567	 Library/FortressLibrary.fss:3946:36-67:     Can't compile Juxt at Library/FortressLibrary.fss:3946.36
@@CG FAIL	FnDecl ::	Library/FortressLibrary.fss:3957:1-38	edu.rice.cs.plt.tuple.OptionUnwrapException	edu.rice.cs.plt.tuple.Null.unwrap:58	null
@@CG FAIL	FnDecl ::	Library/FortressLibrary.fss:3959:1-82	com.sun.fortress.exceptions.CompilerError	com.sun.fortress.compiler.codegen.CodeGen.sayWhat:1567	 Library/FortressLibrary.fss:3959:57-81:     Can't compile Juxt at Library/FortressLibrary.fss:3959.57
@@CG FAIL	FnDecl ::	Library/FortressLibrary.fss:3960:1-3961:63	com.sun.fortress.exceptions.CompilerError	com.sun.fortress.compiler.codegen.CodeGen.sayWhat:1579	 Library/FortressLibrary.fss:3961:8-17:     Variable being bound lacks type information! node = LocalVarDecl at Library/FortressLibrary.fss:3961.8
@@CG FAIL	FnDecl ::	Library/FortressLibrary.fss:3962:1-3964:81	com.sun.fortress.exceptions.CompilerError	com.sun.fortress.compiler.codegen.CodeGen.sayWhat:1579	 Library/FortressLibrary.fss:3964:8-20:     Variable being bound lacks type information! node = LocalVarDecl at Library/FortressLibrary.fss:3964.8
@@CG FAIL	FnDecl ::	Library/FortressLibrary.fss:3966:1-4017:3	edu.rice.cs.plt.tuple.OptionUnwrapException	edu.rice.cs.plt.tuple.Null.unwrap:58	null
@@CG OK	FnDecl :	Library/FortressLibrary.fss:4019:1-4022:3
@@CG OK	FnDecl #	Library/FortressLibrary.fss:4024:1-4028:62
@@CG OVLSKIP	FortressLibrary	sets=7
@@CG FAIL	TraitDecl String	Library/FortressLibrary.fss:4030:1-4158:11	edu.rice.cs.plt.tuple.OptionUnwrapException	edu.rice.cs.plt.tuple.Null.unwrap:58	null
@@CG OK	ObjectDecl StringJoinReduction	Library/FortressLibrary.fss:4161:1-4175:2
@@CG FAIL	FnDecl reverse	Library/FortressLibrary.fss:4177:1-4181:62	edu.rice.cs.plt.tuple.OptionUnwrapException	edu.rice.cs.plt.tuple.Null.unwrap:58	null
@@CG OK	FnDecl nanoTime	Library/FortressLibrary.fss:4183:1-90
@@CG OK	FnDecl printTaskTrace	Library/FortressLibrary.fss:4184:1-107
@@CG OK	VarDecl [__globalTimeInformation:ZZ64]	Library/FortressLibrary.fss:4186:1-34
@@CG OK	FnDecl recordTime	Library/FortressLibrary.fss:4187:1-72
@@CG OK	FnDecl printTime	Library/FortressLibrary.fss:4188:1-4194:4
@@CG OK	FnDecl fromRawBits	Library/FortressLibrary.fss:4196:1-104
@@CG OK	FnDecl random	Library/FortressLibrary.fss:4198:1-95
@@CG OK	FnDecl randomZZ32	Library/FortressLibrary.fss:4199:1-47
@@CG OK	FnDecl char	Library/FortressLibrary.fss:4201:1-4203:37
@@CG OK	FnDecl print	Library/FortressLibrary.fss:4204:1-59
@@CG OK	FnDecl println	Library/FortressLibrary.fss:4205:1-73
@@CG OK	FnDecl errorPrint	Library/FortressLibrary.fss:4206:1-64
@@CG OK	FnDecl errorPrintln	Library/FortressLibrary.fss:4207:1-78
@@CG OK	FnDecl print	Library/FortressLibrary.fss:4209:1-115
@@CG OK	FnDecl println	Library/FortressLibrary.fss:4210:1-77
@@CG OK	FnDecl errorPrint	Library/FortressLibrary.fss:4211:1-125
@@CG OK	FnDecl errorPrintln	Library/FortressLibrary.fss:4212:1-4214:89
@@CG OK	FnDecl print	Library/FortressLibrary.fss:4215:1-22
@@CG OK	FnDecl println	Library/FortressLibrary.fss:4216:1-26
@@CG OK	FnDecl errorPrint	Library/FortressLibrary.fss:4217:1-32
@@CG OK	FnDecl errorPrintln	Library/FortressLibrary.fss:4218:1-37
@@CG OK	FnDecl forDigit	Library/FortressLibrary.fss:4220:1-4227:6
@@CG OK	FnDecl forDigit	Library/FortressLibrary.fss:4229:1-4234:6
@@CG FAIL	FnDecl strToInt	Library/FortressLibrary.fss:4248:1-4261:4	edu.rice.cs.plt.tuple.OptionUnwrapException	edu.rice.cs.plt.tuple.Null.unwrap:58	null
@@CG OK	FnDecl strToInt	Library/FortressLibrary.fss:4264:1-4265:1
@@CG FAIL	FnDecl strToFloat	Library/FortressLibrary.fss:4267:1-4272:2	com.sun.fortress.exceptions.CompilerError	com.sun.fortress.compiler.codegen.CodeGen.sayWhat:1579	 Library/FortressLibrary.fss:4268:3-23:     Variable being bound lacks type information! node = LocalVarDecl at Library/FortressLibrary.fss:4268.3
@@CG OK	FnDecl match	Library/FortressLibrary.fss:4276:1-4280:88
@@CG OK	FnDecl //	Library/FortressLibrary.fss:4281:1-4285:88
@@CG OK	FnDecl ///	Library/FortressLibrary.fss:4286:1-4288:76
@@CG OK	FnDecl printThreadInfo	Library/FortressLibrary.fss:4289:1-116
@@CG OK	FnDecl printThreadInfo	Library/FortressLibrary.fss:4290:1-117
@@CG OK	FnDecl printWithThread	Library/FortressLibrary.fss:4292:1-116
@@CG OK	FnDecl printlnWithThread	Library/FortressLibrary.fss:4293:1-4297:3
@@CG OK	FnDecl ===	Library/FortressLibrary.fss:4299:1-4300:78
@@CG OK	FnDecl XOR	Library/FortressLibrary.fss:4302:1-65
@@CG OK	FnDecl OR	Library/FortressLibrary.fss:4303:1-63
@@CG OK	FnDecl AND	Library/FortressLibrary.fss:4304:1-65
@@CG OK	FnDecl OR	Library/FortressLibrary.fss:4305:1-69
@@CG OK	FnDecl AND	Library/FortressLibrary.fss:4306:1-71
@@CG OK	FnDecl NOT	Library/FortressLibrary.fss:4307:1-57
@@CG OK	FnDecl ->	Library/FortressLibrary.fss:4308:1-64
@@CG OK	FnDecl ->	Library/FortressLibrary.fss:4309:1-70
@@CG OK	FnDecl <->	Library/FortressLibrary.fss:4310:1-4313:34
@@CG OK	FnDecl +	Library/FortressLibrary.fss:4315:1-4317:65
@@CG OK	FnDecl =	Library/FortressLibrary.fss:4319:1-4323:4
@@CG FAIL	FnDecl <	Library/FortressLibrary.fss:4325:1-4333:4	com.sun.fortress.exceptions.CompilerError	com.sun.fortress.compiler.codegen.CodeGen.sayWhat:1579	 Library/FortressLibrary.fss:4326:5-4327:4:     Variable being bound lacks type information! node = LocalVarDecl at Library/FortressLibrary.fss:4326.5
@@CG FAIL	FnDecl <=	Library/FortressLibrary.fss:4335:1-4343:4	com.sun.fortress.exceptions.CompilerError	com.sun.fortress.compiler.codegen.CodeGen.sayWhat:1579	 Library/FortressLibrary.fss:4336:5-4337:4:     Variable being bound lacks type information! node = LocalVarDecl at Library/FortressLibrary.fss:4336.5
@@CG FAIL	FnDecl >	Library/FortressLibrary.fss:4345:1-4353:4	com.sun.fortress.exceptions.CompilerError	com.sun.fortress.compiler.codegen.CodeGen.sayWhat:1579	 Library/FortressLibrary.fss:4346:5-4347:4:     Variable being bound lacks type information! node = LocalVarDecl at Library/FortressLibrary.fss:4346.5
@@CG FAIL	FnDecl >=	Library/FortressLibrary.fss:4355:1-4363:4	com.sun.fortress.exceptions.CompilerError	com.sun.fortress.compiler.codegen.CodeGen.sayWhat:1579	 Library/FortressLibrary.fss:4356:5-4357:4:     Variable being bound lacks type information! node = LocalVarDecl at Library/FortressLibrary.fss:4356.5
@@CG FAIL	FnDecl CMP	Library/FortressLibrary.fss:4365:1-4369:4	com.sun.fortress.exceptions.CompilerError	com.sun.fortress.compiler.codegen.CodeGen.sayWhat:1579	 Library/FortressLibrary.fss:4366:5-4367:4:     Variable being bound lacks type information! node = LocalVarDecl at Library/FortressLibrary.fss:4366.5
@@CG OK	FnDecl =	Library/FortressLibrary.fss:4371:1-4375:4
@@CG FAIL	FnDecl <	Library/FortressLibrary.fss:4377:1-4385:4	com.sun.fortress.exceptions.CompilerError	com.sun.fortress.compiler.codegen.CodeGen.sayWhat:1579	 Library/FortressLibrary.fss:4378:5-4379:4:     Variable being bound lacks type information! node = LocalVarDecl at Library/FortressLibrary.fss:4378.5
@@CG FAIL	FnDecl <=	Library/FortressLibrary.fss:4387:1-4395:4	com.sun.fortress.exceptions.CompilerError	com.sun.fortress.compiler.codegen.CodeGen.sayWhat:1579	 Library/FortressLibrary.fss:4388:5-4389:4:     Variable being bound lacks type information! node = LocalVarDecl at Library/FortressLibrary.fss:4388.5
@@CG FAIL	FnDecl >	Library/FortressLibrary.fss:4397:1-4405:4	com.sun.fortress.exceptions.CompilerError	com.sun.fortress.compiler.codegen.CodeGen.sayWhat:1579	 Library/FortressLibrary.fss:4398:5-4399:4:     Variable being bound lacks type information! node = LocalVarDecl at Library/FortressLibrary.fss:4398.5
@@CG FAIL	FnDecl >=	Library/FortressLibrary.fss:4407:1-4415:4	com.sun.fortress.exceptions.CompilerError	com.sun.fortress.compiler.codegen.CodeGen.sayWhat:1579	 Library/FortressLibrary.fss:4408:5-4409:4:     Variable being bound lacks type information! node = LocalVarDecl at Library/FortressLibrary.fss:4408.5
@@CG FAIL	FnDecl CMP	Library/FortressLibrary.fss:4417:1-4421:4	com.sun.fortress.exceptions.CompilerError	com.sun.fortress.compiler.codegen.CodeGen.sayWhat:1579	 Library/FortressLibrary.fss:4418:5-4419:4:     Variable being bound lacks type information! node = LocalVarDecl at Library/FortressLibrary.fss:4418.5
@@CG OK	ObjectDecl Box	Library/FortressLibrary.fss:4423:1-4424:2
@@CG OK	VarDecl [var enableDispatching:Boolean]	Library/FortressLibrary.fss:4430:1-39
@@CG OK	FnDecl switchDispatching	Library/FortressLibrary.fss:4431:1-60
@@CG OK	FnDecl dispatchingEnabled	Library/FortressLibrary.fss:4432:1-4435:63
@@CG OVLSKIP	FortressLibrary	sets=0
@@CG OK	TraitDecl SomeGenerator2	Library/FortressLibrary.fss:4436:1-45
@@CG OVLSKIP	FortressLibrary	sets=0
@@CG FAIL	TraitDecl Generator2	Library/FortressLibrary.fss:4439:1-4491:2	com.sun.fortress.exceptions.CompilerError	com.sun.fortress.compiler.codegen.CodeGen.sayWhat:1567	 Library/FortressLibrary.fss:4446:5-4457:22:     Can't compile Label at Library/FortressLibrary.fss:4446.5
@@CG OVLSKIP	FortressLibrary	sets=1
@@CG FAIL	TraitDecl FilterGenerator2	Library/FortressLibrary.fss:4494:1-4504:2	com.sun.fortress.exceptions.CompilerError	com.sun.fortress.compiler.codegen.CodeGen.sayWhat:1567	 Library/FortressLibrary.fss:4497:3-55:     Can't compile Juxt at Library/FortressLibrary.fss:4497.3
@@CG OK	ObjectDecl SimpleFilterGenerator2	Library/FortressLibrary.fss:4507:1-4512:2
@@CG OVLSKIP	FortressLibrary	sets=0
@@CG FAIL	TraitDecl RelationalPredicateCondition	Library/FortressLibrary.fss:4516:1-4530:2	com.sun.fortress.exceptions.CompilerError	com.sun.fortress.compiler.codegen.CodeGen.sayWhat:1579	 Library/FortressLibrary.fss:4521:5-16:     Variable being bound lacks type information! node = LocalVarDecl at Library/FortressLibrary.fss:4521.5
@@CG OK	ObjectDecl ConcreteRelationalPredicateCondition	Library/FortressLibrary.fss:4533:1-4536:2
@@CG OK	FnDecl ANDCOND	Library/FortressLibrary.fss:4539:1-4541:50
@@CG OK	ObjectDecl AndRelationalPredicateCondition	Library/FortressLibrary.fss:4542:1-4546:2
@@CG FAIL	FnDecl relationalPredicate	Library/FortressLibrary.fss:4549:1-4555:2	com.sun.fortress.exceptions.CompilerError	com.sun.fortress.compiler.codegen.CodeGen.sayWhat:1567	 Library/FortressLibrary.fss:4549:168-4554:44:     Can't compile Juxt at Library/FortressLibrary.fss:4549.168
@@CG OK	FnDecl PREFIX_SUM	Library/FortressLibrary.fss:4555:1-4559:2
@@CG FAIL	FnDecl SUFFIX_SUM	Library/FortressLibrary.fss:4562:1-4566:2	com.sun.fortress.exceptions.CompilerError	com.sun.fortress.compiler.codegen.CodeGen.sayWhat:1579	 Library/FortressLibrary.fss:4563:3-19:     Variable being bound lacks type information! node = LocalVarDecl at Library/FortressLibrary.fss:4563.3
@@CG FAIL	FnDecl +	Library/FortressLibrary.fss:4574:1-101	edu.rice.cs.plt.tuple.OptionUnwrapException	edu.rice.cs.plt.tuple.Null.unwrap:58	null
@@CG FAIL	FnDecl +	Library/FortressLibrary.fss:4575:1-101	edu.rice.cs.plt.tuple.OptionUnwrapException	edu.rice.cs.plt.tuple.Null.unwrap:58	null
@@CG FAIL	FnDecl -	Library/FortressLibrary.fss:4576:1-4579:88	edu.rice.cs.plt.tuple.OptionUnwrapException	edu.rice.cs.plt.tuple.Null.unwrap:58	null
@@CG FAIL	FnDecl -	Library/FortressLibrary.fss:4580:1-101	edu.rice.cs.plt.tuple.OptionUnwrapException	edu.rice.cs.plt.tuple.Null.unwrap:58	null
@@CG FAIL	FnDecl MIN	Library/FortressLibrary.fss:4581:1-105	edu.rice.cs.plt.tuple.OptionUnwrapException	edu.rice.cs.plt.tuple.Null.unwrap:58	null
@@CG FAIL	FnDecl MIN	Library/FortressLibrary.fss:4582:1-105	edu.rice.cs.plt.tuple.OptionUnwrapException	edu.rice.cs.plt.tuple.Null.unwrap:58	null
@@CG FAIL	FnDecl MAX	Library/FortressLibrary.fss:4583:1-105	edu.rice.cs.plt.tuple.OptionUnwrapException	edu.rice.cs.plt.tuple.Null.unwrap:58	null
@@CG FAIL	FnDecl MAX	Library/FortressLibrary.fss:4584:1-4585:1	edu.rice.cs.plt.tuple.OptionUnwrapException	edu.rice.cs.plt.tuple.Null.unwrap:58	null
@@CG OK	FnDecl coerce_RR64	Library/FortressLibrary.fss:383:5-32
@@CG OK	FnDecl coerce_QQ	Library/FortressLibrary.fss:548:5-33
@@CG OK	FnDecl coerce_QQ	Library/FortressLibrary.fss:549:5-33
@@CG OK	FnDecl coerce_QQ	Library/FortressLibrary.fss:550:5-33
@@CG OK	FnDecl coerce_QQ	Library/FortressLibrary.fss:551:5-33
@@CG OK	FnDecl coerce_QQ	Library/FortressLibrary.fss:552:5-31
@@CG OK	FnDecl coerce_ZZ64	Library/FortressLibrary.fss:763:5-30
@@CG FAIL	FnDecl coerce_ZZ64	Library/FortressLibrary.fss:764:5-38	com.sun.fortress.exceptions.CompilerError	com.sun.fortress.compiler.codegen.CodeGen.sayWhat:1567	 Library/FortressLibrary.fss:764:23-37:     Can't compile Juxt at Library/FortressLibrary.fss:764.23
@@CG OK	FnDecl coerce_NN64	Library/FortressLibrary.fss:847:5-30
@@CG OK	FnDecl coerce_ZZ	Library/FortressLibrary.fss:911:5-28
@@CG OK	FnDecl coerce_ZZ	Library/FortressLibrary.fss:912:5-28
@@CG FAIL	FnDecl coerce_ZZ	Library/FortressLibrary.fss:913:5-43	com.sun.fortress.exceptions.CompilerError	com.sun.fortress.compiler.codegen.CodeGen.sayWhat:1567	 Library/FortressLibrary.fss:913:23-42:     Can't compile Juxt at Library/FortressLibrary.fss:913.23
@@CG FAIL	FnDecl coerce_ZZ	Library/FortressLibrary.fss:914:5-917:8	com.sun.fortress.exceptions.CompilerError	com.sun.fortress.compiler.codegen.CodeGen.sayWhat:1579	 Library/FortressLibrary.fss:915:9-26:     Variable being bound lacks type information! node = LocalVarDecl at Library/FortressLibrary.fss:915.9
@@CG FAIL	_RewriteFnOverloadDecl _RewriteFnOverloadDecl at Compiler internal generated.:0.0	Compiler internal generated.:0:0	edu.rice.cs.plt.tuple.OptionUnwrapException	edu.rice.cs.plt.tuple.Null.unwrap:58	null
@@CG FAIL	_RewriteFnOverloadDecl _RewriteFnOverloadDecl at Library/FortressLibrary.fss:2658.54	Library/FortressLibrary.fss:2658:54-55	edu.rice.cs.plt.tuple.OptionUnwrapException	edu.rice.cs.plt.tuple.Null.unwrap:58	null
@@CG FAIL	_RewriteFnOverloadDecl _RewriteFnOverloadDecl at Library/FortressLibrary.fss:2873.43	Library/FortressLibrary.fss:2873:43-44	edu.rice.cs.plt.tuple.OptionUnwrapException	edu.rice.cs.plt.tuple.Null.unwrap:58	null
@@CG FAIL	_RewriteFnOverloadDecl _RewriteFnOverloadDecl at Library/FortressLibrary.fss:4271.3	Library/FortressLibrary.fss:4271:3-8	edu.rice.cs.plt.tuple.OptionUnwrapException	edu.rice.cs.plt.tuple.Null.unwrap:58	null
@@CG OK	_RewriteFnOverloadDecl _RewriteFnOverloadDecl at Library/FortressLibrary.fss:631.37	Library/FortressLibrary.fss:631:37-44
@@CG OK	_RewriteFnOverloadDecl _RewriteFnOverloadDecl at Library/FortressLibrary.fss:631.63	Library/FortressLibrary.fss:631:63-72
@@CG FAIL	_RewriteFnOverloadDecl _RewriteFnOverloadDecl at Library/FortressLibrary.fss:3125.39	Library/FortressLibrary.fss:3125:39-45	edu.rice.cs.plt.tuple.OptionUnwrapException	edu.rice.cs.plt.tuple.Null.unwrap:58	null
@@CG FAIL	_RewriteFnOverloadDecl _RewriteFnOverloadDecl at Library/FortressLibrary.fss:915.13	Library/FortressLibrary.fss:915:13-14	edu.rice.cs.plt.tuple.OptionUnwrapException	edu.rice.cs.plt.tuple.Null.unwrap:58	null
@@CG FAIL	_RewriteFnOverloadDecl _RewriteFnOverloadDecl at Library/FortressLibrary.fss:915.17	Library/FortressLibrary.fss:915:17-21	edu.rice.cs.plt.tuple.OptionUnwrapException	edu.rice.cs.plt.tuple.Null.unwrap:58	null
@@CG FAIL	_RewriteFnOverloadDecl _RewriteFnOverloadDecl at Library/FortressLibrary.fss:4255.41	Library/FortressLibrary.fss:4255:41-44	edu.rice.cs.plt.tuple.OptionUnwrapException	edu.rice.cs.plt.tuple.Null.unwrap:58	null
@@CG FAIL	_RewriteFnOverloadDecl _RewriteFnOverloadDecl at Library/FortressLibrary.fss:2188.9	Library/FortressLibrary.fss:2188:9-18	edu.rice.cs.plt.tuple.OptionUnwrapException	edu.rice.cs.plt.tuple.Null.unwrap:58	null
@@CG FAIL	_RewriteFnOverloadDecl _RewriteFnOverloadDecl at Library/FortressLibrary.fss:2240.9	Library/FortressLibrary.fss:2240:9-18	edu.rice.cs.plt.tuple.OptionUnwrapException	edu.rice.cs.plt.tuple.Null.unwrap:58	null
@@CG FAIL	_RewriteFnOverloadDecl _RewriteFnOverloadDecl at Library/FortressLibrary.fss:2502.7	Library/FortressLibrary.fss:2502:7-16	edu.rice.cs.plt.tuple.OptionUnwrapException	edu.rice.cs.plt.tuple.Null.unwrap:58	null
@@CG FAIL	_RewriteFnOverloadDecl _RewriteFnOverloadDecl at Library/FortressLibrary.fss:2872.9	Library/FortressLibrary.fss:2872:9-18	edu.rice.cs.plt.tuple.OptionUnwrapException	edu.rice.cs.plt.tuple.Null.unwrap:58	null
@@CG FAIL	_RewriteFnOverloadDecl _RewriteFnOverloadDecl at Library/FortressLibrary.fss:2842.13	Library/FortressLibrary.fss:2842:13-21	edu.rice.cs.plt.tuple.OptionUnwrapException	edu.rice.cs.plt.tuple.Null.unwrap:58	null
@@CG FAIL	_RewriteFnOverloadDecl _RewriteFnOverloadDecl at Library/FortressLibrary.fss:2348.51	Library/FortressLibrary.fss:2348:51-62	edu.rice.cs.plt.tuple.OptionUnwrapException	edu.rice.cs.plt.tuple.Null.unwrap:58	null
@@CG FAIL	_RewriteFnOverloadDecl _RewriteFnOverloadDecl at Library/FortressLibrary.fss:2659.9	Library/FortressLibrary.fss:2659:9-23	edu.rice.cs.plt.tuple.OptionUnwrapException	edu.rice.cs.plt.tuple.Null.unwrap:58	null
@@CG FAIL	_RewriteFnOverloadDecl _RewriteFnOverloadDecl at Library/FortressLibrary.fss:2718.3	Library/FortressLibrary.fss:2718:3-17	edu.rice.cs.plt.tuple.OptionUnwrapException	edu.rice.cs.plt.tuple.Null.unwrap:58	null
@@CG FAIL	_RewriteFnOverloadDecl _RewriteFnOverloadDecl at Library/FortressLibrary.fss:2927.3	Library/FortressLibrary.fss:2927:3-20	edu.rice.cs.plt.tuple.OptionUnwrapException	edu.rice.cs.plt.tuple.Null.unwrap:58	null
@@CG FAIL	_RewriteFnOverloadDecl _RewriteFnOverloadDecl at Library/FortressLibrary.fss:617.24	Library/FortressLibrary.fss:617:24-27	edu.rice.cs.plt.tuple.OptionUnwrapException	edu.rice.cs.plt.tuple.Null.unwrap:58	null
@@CG FAIL	_RewriteFnOverloadDecl _RewriteFnOverloadDecl at Library/FortressLibrary.fss:522.13	Library/FortressLibrary.fss:522:13-18	edu.rice.cs.plt.tuple.OptionUnwrapException	edu.rice.cs.plt.tuple.Null.unwrap:58	null
@@CG FAIL	_RewriteFnOverloadDecl _RewriteFnOverloadDecl at Library/FortressLibrary.fss:620.85	Library/FortressLibrary.fss:620:85-94	edu.rice.cs.plt.tuple.OptionUnwrapException	edu.rice.cs.plt.tuple.Null.unwrap:58	null
@@CG FAIL	_RewriteFnOverloadDecl _RewriteFnOverloadDecl at Library/FortressLibrary.fss:3946.36	Library/FortressLibrary.fss:3946:36-49	edu.rice.cs.plt.tuple.OptionUnwrapException	edu.rice.cs.plt.tuple.Null.unwrap:58	null
@@CG FAIL	_RewriteFnOverloadDecl _RewriteFnOverloadDecl at Library/FortressLibrary.fss:2301.9	Library/FortressLibrary.fss:2301:9-16	edu.rice.cs.plt.tuple.OptionUnwrapException	edu.rice.cs.plt.tuple.Null.unwrap:58	null
@@CG FAIL	_RewriteFnOverloadDecl _RewriteFnOverloadDecl at Library/FortressLibrary.fss:2605.9	Library/FortressLibrary.fss:2605:9-16	edu.rice.cs.plt.tuple.OptionUnwrapException	edu.rice.cs.plt.tuple.Null.unwrap:58	null
@@CG FAIL	_RewriteFnOverloadDecl _RewriteFnOverloadDecl at Library/FortressLibrary.fss:620.65	Library/FortressLibrary.fss:620:65-72	edu.rice.cs.plt.tuple.OptionUnwrapException	edu.rice.cs.plt.tuple.Null.unwrap:58	null
@@CG FAIL	_RewriteFnOverloadDecl _RewriteFnOverloadDecl at Library/FortressLibrary.fss:913.34	Library/FortressLibrary.fss:913:34-37	edu.rice.cs.plt.tuple.OptionUnwrapException	edu.rice.cs.plt.tuple.Null.unwrap:58	null
@@CG FAIL	_RewriteFnOverloadDecl _RewriteFnOverloadDecl at Library/FortressLibrary.fss:2107.9	Library/FortressLibrary.fss:2107:9-17	edu.rice.cs.plt.tuple.OptionUnwrapException	edu.rice.cs.plt.tuple.Null.unwrap:58	null
@@CG FAIL	_RewriteFnOverloadDecl _RewriteFnOverloadDecl at Library/FortressLibrary.fss:2299.35	Library/FortressLibrary.fss:2299:35-40	edu.rice.cs.plt.tuple.OptionUnwrapException	edu.rice.cs.plt.tuple.Null.unwrap:58	null
@@CG FAIL	_RewriteFnOverloadDecl _RewriteFnOverloadDecl at Library/FortressLibrary.fss:2607.39	Library/FortressLibrary.fss:2607:39-44	edu.rice.cs.plt.tuple.OptionUnwrapException	edu.rice.cs.plt.tuple.Null.unwrap:58	null
@@CG FAIL	_RewriteFnOverloadDecl _RewriteFnOverloadDecl at Library/FortressLibrary.fss:3128.33	Library/FortressLibrary.fss:3128:33-37	edu.rice.cs.plt.tuple.OptionUnwrapException	edu.rice.cs.plt.tuple.Null.unwrap:58	null
@@CG FAIL	_RewriteFnOverloadDecl _RewriteFnOverloadDecl at Library/FortressLibrary.fss:4564.12	Library/FortressLibrary.fss:4564:12-13	edu.rice.cs.plt.tuple.OptionUnwrapException	edu.rice.cs.plt.tuple.Null.unwrap:58	null
@@CG FAIL	_RewriteFnOverloadDecl _RewriteFnOverloadDecl at Library/FortressLibrary.fss:4051.9	Library/FortressLibrary.fss:4051:9-18	edu.rice.cs.plt.tuple.OptionUnwrapException	edu.rice.cs.plt.tuple.Null.unwrap:58	null
@@CG FAIL	_RewriteFnOverloadDecl _RewriteFnOverloadDecl at Library/FortressLibrary.fss:4499.21...	Library/FortressLibrary.fss:4499:211-216	edu.rice.cs.plt.tuple.OptionUnwrapException	edu.rice.cs.plt.tuple.Null.unwrap:58	null
@@CG FAIL	_RewriteFnOverloadDecl _RewriteFnOverloadDecl at Library/FortressLibrary.fss:1543.91	Library/FortressLibrary.fss:1543:91-100	edu.rice.cs.plt.tuple.OptionUnwrapException	edu.rice.cs.plt.tuple.Null.unwrap:58	null
@@CG FAIL	_RewriteFnOverloadDecl _RewriteFnOverloadDecl at Library/FortressLibrary.fss:4271.12	Library/FortressLibrary.fss:4271:12-13	edu.rice.cs.plt.tuple.OptionUnwrapException	edu.rice.cs.plt.tuple.Null.unwrap:58	null
@@CG FAIL	_RewriteFnOverloadDecl _RewriteFnOverloadDecl at Library/FortressLibrary.fss:3196.42	Library/FortressLibrary.fss:3196:42-49	edu.rice.cs.plt.tuple.OptionUnwrapException	edu.rice.cs.plt.tuple.Null.unwrap:58	null
@@CG FAIL	_RewriteFnOverloadDecl _RewriteFnOverloadDecl at Library/FortressLibrary.fss:3210.50	Library/FortressLibrary.fss:3210:50-60	edu.rice.cs.plt.tuple.OptionUnwrapException	edu.rice.cs.plt.tuple.Null.unwrap:58	null
@@CG FAIL	_RewriteFnOverloadDecl _RewriteFnOverloadDecl at Library/FortressLibrary.fss:3217.47	Library/FortressLibrary.fss:3217:47-56	edu.rice.cs.plt.tuple.OptionUnwrapException	edu.rice.cs.plt.tuple.Null.unwrap:58	null
@@CG FAIL	_RewriteFnOverloadDecl _RewriteFnOverloadDecl at Library/FortressLibrary.fss:3224.47	Library/FortressLibrary.fss:3224:47-56	edu.rice.cs.plt.tuple.OptionUnwrapException	edu.rice.cs.plt.tuple.Null.unwrap:58	null
@@CG FAIL	_RewriteFnOverloadDecl _RewriteFnOverloadDecl at Library/FortressLibrary.fss:3324.59	Library/FortressLibrary.fss:3324:59-66	edu.rice.cs.plt.tuple.OptionUnwrapException	edu.rice.cs.plt.tuple.Null.unwrap:58	null
@@CG FAIL	_RewriteFnOverloadDecl _RewriteFnOverloadDecl at Library/FortressLibrary.fss:4177.35	Library/FortressLibrary.fss:4177:35-39	edu.rice.cs.plt.tuple.OptionUnwrapException	edu.rice.cs.plt.tuple.Null.unwrap:58	null
@@CG FAIL	_RewriteFnOverloadDecl _RewriteFnOverloadDecl at Library/FortressLibrary.fss:3409.52	Library/FortressLibrary.fss:3409:52-57	edu.rice.cs.plt.tuple.OptionUnwrapException	edu.rice.cs.plt.tuple.Null.unwrap:58	null
@@CG FAIL	_RewriteFnOverloadDecl _RewriteFnOverloadDecl at Library/FortressLibrary.fss:3419.54	Library/FortressLibrary.fss:3419:54-59	edu.rice.cs.plt.tuple.OptionUnwrapException	edu.rice.cs.plt.tuple.Null.unwrap:58	null
@@CG FAIL	_RewriteFnOverloadDecl _RewriteFnOverloadDecl at Library/FortressLibrary.fss:3848.31	Library/FortressLibrary.fss:3848:31	edu.rice.cs.plt.tuple.OptionUnwrapException	edu.rice.cs.plt.tuple.Null.unwrap:58	null
@@CG FAIL	_RewriteFnOverloadDecl _RewriteFnOverloadDecl at Library/FortressLibrary.fss:4472.32	Library/FortressLibrary.fss:4472:32-33	edu.rice.cs.plt.tuple.OptionUnwrapException	edu.rice.cs.plt.tuple.Null.unwrap:58	null
@@CG FAIL	_RewriteFnOverloadDecl _RewriteFnOverloadDecl at Library/FortressLibrary.fss:3298.20	Library/FortressLibrary.fss:3298:20-21	edu.rice.cs.plt.tuple.OptionUnwrapException	edu.rice.cs.plt.tuple.Null.unwrap:58	null
@@CG OK	_RewriteFnOverloadDecl _RewriteFnOverloadDecl at Library/FortressLibrary.fss:631.53	Library/FortressLibrary.fss:631:53-54
@@CG FAIL	_RewriteFnOverloadDecl _RewriteFnOverloadDecl at Library/FortressLibrary.fss:2791.20	Library/FortressLibrary.fss:2791:20	edu.rice.cs.plt.tuple.OptionUnwrapException	edu.rice.cs.plt.tuple.Null.unwrap:58	null
@@CG FAIL	_RewriteFnOverloadDecl _RewriteFnOverloadDecl at Library/FortressLibrary.fss:3729.23	Library/FortressLibrary.fss:3729:23-25	edu.rice.cs.plt.tuple.OptionUnwrapException	edu.rice.cs.plt.tuple.Null.unwrap:58	null
@@CG FAIL	_RewriteFnOverloadDecl _RewriteFnOverloadDecl at Library/FortressLibrary.fss:3868.26	Library/FortressLibrary.fss:3868:26-28	edu.rice.cs.plt.tuple.OptionUnwrapException	edu.rice.cs.plt.tuple.Null.unwrap:58	null
@@CG FAIL	_RewriteFnOverloadDecl _RewriteFnOverloadDecl at Library/FortressLibrary.fss:3957.38	Library/FortressLibrary.fss:3957:38	edu.rice.cs.plt.tuple.OptionUnwrapException	edu.rice.cs.plt.tuple.Null.unwrap:58	null
@@CG FAIL	_RewriteFnOverloadDecl _RewriteFnOverloadDecl at Library/FortressLibrary.fss:3765.46	Library/FortressLibrary.fss:3765:46	edu.rice.cs.plt.tuple.OptionUnwrapException	edu.rice.cs.plt.tuple.Null.unwrap:58	null
@@CG FAIL	_RewriteFnOverloadDecl _RewriteFnOverloadDecl at Library/FortressLibrary.fss:3760.45	Library/FortressLibrary.fss:3760:45	edu.rice.cs.plt.tuple.OptionUnwrapException	edu.rice.cs.plt.tuple.Null.unwrap:58	null
@@CG FAIL	_RewriteFnOverloadDecl _RewriteFnOverloadDecl at Library/FortressLibrary.fss:3764.46	Library/FortressLibrary.fss:3764:46-47	edu.rice.cs.plt.tuple.OptionUnwrapException	edu.rice.cs.plt.tuple.Null.unwrap:58	null
@@CG FAIL	_RewriteFnOverloadDecl _RewriteFnOverloadDecl at Library/FortressLibrary.fss:261.53	Library/FortressLibrary.fss:261:53-57	edu.rice.cs.plt.tuple.OptionUnwrapException	edu.rice.cs.plt.tuple.Null.unwrap:58	null
@@CG FAIL	_RewriteFnOverloadDecl _RewriteFnOverloadDecl at Library/FortressLibrary.fss:4526.15	Library/FortressLibrary.fss:4526:15	edu.rice.cs.plt.tuple.OptionUnwrapException	edu.rice.cs.plt.tuple.Null.unwrap:58	null
@@CG FAIL	_RewriteFnOverloadDecl _RewriteFnOverloadDecl at Library/FortressLibrary.fss:4564.25	Library/FortressLibrary.fss:4564:25	edu.rice.cs.plt.tuple.OptionUnwrapException	edu.rice.cs.plt.tuple.Null.unwrap:58	null
@@CG FAIL	_RewriteFnOverloadDecl _RewriteFnOverloadDecl at Library/FortressLibrary.fss:4420.17	Library/FortressLibrary.fss:4420:17-22	edu.rice.cs.plt.tuple.OptionUnwrapException	edu.rice.cs.plt.tuple.Null.unwrap:58	null
@@CG FAIL	_RewriteFnOverloadDecl _RewriteFnOverloadDecl at Library/FortressLibrary.fss:620.81	Library/FortressLibrary.fss:620:81-82	edu.rice.cs.plt.tuple.OptionUnwrapException	edu.rice.cs.plt.tuple.Null.unwrap:58	null
@@CG FAIL	_RewriteFnOverloadDecl _RewriteFnOverloadDecl at Library/FortressLibrary.fss:674.64	Library/FortressLibrary.fss:674:64-65	edu.rice.cs.plt.tuple.OptionUnwrapException	edu.rice.cs.plt.tuple.Null.unwrap:58	null
@@CG FAIL	_RewriteFnOverloadDecl _RewriteFnOverloadDecl at Library/FortressLibrary.fss:916.35	Library/FortressLibrary.fss:916:35-39	edu.rice.cs.plt.tuple.OptionUnwrapException	edu.rice.cs.plt.tuple.Null.unwrap:58	null
@@CG FAIL	_RewriteFnOverloadDecl _RewriteFnOverloadDecl at Library/FortressLibrary.fss:4582.10...	Library/FortressLibrary.fss:4582:100-101	edu.rice.cs.plt.tuple.OptionUnwrapException	edu.rice.cs.plt.tuple.Null.unwrap:58	null
@@CG FAIL	_RewriteFnOverloadDecl _RewriteFnOverloadDecl at Library/FortressLibrary.fss:4584.10...	Library/FortressLibrary.fss:4584:100-101	edu.rice.cs.plt.tuple.OptionUnwrapException	edu.rice.cs.plt.tuple.Null.unwrap:58	null
@@CG FAIL	_RewriteFnOverloadDecl _RewriteFnOverloadDecl at Library/FortressLibrary.fss:4271.95	Library/FortressLibrary.fss:4271:95	edu.rice.cs.plt.tuple.OptionUnwrapException	edu.rice.cs.plt.tuple.Null.unwrap:58	null
@@CG FAIL	_RewriteFnOverloadDecl _RewriteFnOverloadDecl at Library/FortressLibrary.fss:3867.46	Library/FortressLibrary.fss:3867:46-63	edu.rice.cs.plt.tuple.OptionUnwrapException	edu.rice.cs.plt.tuple.Null.unwrap:58	null
@@CG FAIL	_RewriteFnOverloadDecl _RewriteFnOverloadDecl at Library/FortressLibrary.fss:4402.23	Library/FortressLibrary.fss:4402:23	edu.rice.cs.plt.tuple.OptionUnwrapException	edu.rice.cs.plt.tuple.Null.unwrap:58	null
@@CG FAIL	_RewriteFnOverloadDecl _RewriteFnOverloadDecl at Library/FortressLibrary.fss:3730.26	Library/FortressLibrary.fss:3730:26-35	edu.rice.cs.plt.tuple.OptionUnwrapException	edu.rice.cs.plt.tuple.Null.unwrap:58	null
@@CG FAIL	_RewriteFnOverloadDecl _RewriteFnOverloadDecl at Library/FortressLibrary.fss:4522.14	Library/FortressLibrary.fss:4522:14	edu.rice.cs.plt.tuple.OptionUnwrapException	edu.rice.cs.plt.tuple.Null.unwrap:58	null
@@CG FAIL	_RewriteFnOverloadDecl _RewriteFnOverloadDecl at Library/FortressLibrary.fss:4412.23	Library/FortressLibrary.fss:4412:23	edu.rice.cs.plt.tuple.OptionUnwrapException	edu.rice.cs.plt.tuple.Null.unwrap:58	null
@@CG FAIL	_RewriteFnOverloadDecl _RewriteFnOverloadDecl at Library/FortressLibrary.fss:3857.64	Library/FortressLibrary.fss:3857:64-74	edu.rice.cs.plt.tuple.OptionUnwrapException	edu.rice.cs.plt.tuple.Null.unwrap:58	null
@@CG FAIL	_RewriteFnOverloadDecl _RewriteFnOverloadDecl at Library/FortressLibrary.fss:4260.17	Library/FortressLibrary.fss:4260:17	edu.rice.cs.plt.tuple.OptionUnwrapException	edu.rice.cs.plt.tuple.Null.unwrap:58	null
@@CG FAIL	_RewriteFnOverloadDecl _RewriteFnOverloadDecl at Library/FortressLibrary.fss:4271.99	Library/FortressLibrary.fss:4271:99-106	edu.rice.cs.plt.tuple.OptionUnwrapException	edu.rice.cs.plt.tuple.Null.unwrap:58	null
@@CG FAIL	_RewriteFnOverloadDecl _RewriteFnOverloadDecl at Library/FortressLibrary.fss:916.25	Library/FortressLibrary.fss:916:25	edu.rice.cs.plt.tuple.OptionUnwrapException	edu.rice.cs.plt.tuple.Null.unwrap:58	null
@@CG FAIL	_RewriteFnOverloadDecl _RewriteFnOverloadDecl at Library/FortressLibrary.fss:4580.98	Library/FortressLibrary.fss:4580:98	edu.rice.cs.plt.tuple.OptionUnwrapException	edu.rice.cs.plt.tuple.Null.unwrap:58	null
@@CG FAIL	_RewriteFnOverloadDecl _RewriteFnOverloadDecl at Library/FortressLibrary.fss:4270.18	Library/FortressLibrary.fss:4270:18	edu.rice.cs.plt.tuple.OptionUnwrapException	edu.rice.cs.plt.tuple.Null.unwrap:58	null
@@CG FAIL	_RewriteFnOverloadDecl _RewriteFnOverloadDecl at Library/FortressLibrary.fss:4420.49	Library/FortressLibrary.fss:4420:49-50	edu.rice.cs.plt.tuple.OptionUnwrapException	edu.rice.cs.plt.tuple.Null.unwrap:58	null
@@CG FAIL	_RewriteFnOverloadDecl _RewriteFnOverloadDecl at Library/FortressLibrary.fss:916.14	Library/FortressLibrary.fss:916:14	edu.rice.cs.plt.tuple.OptionUnwrapException	edu.rice.cs.plt.tuple.Null.unwrap:58	null
@@CG FAIL	_RewriteFnOverloadDecl _RewriteFnOverloadDecl at Library/FortressLibrary.fss:915.17	Library/FortressLibrary.fss:915:17-24	edu.rice.cs.plt.tuple.OptionUnwrapException	edu.rice.cs.plt.tuple.Null.unwrap:58	null
@@CG FAIL	_RewriteFnOverloadDecl _RewriteFnOverloadDecl at Library/FortressLibrary.fss:4564.17	Library/FortressLibrary.fss:4564:17-19	edu.rice.cs.plt.tuple.OptionUnwrapException	edu.rice.cs.plt.tuple.Null.unwrap:58	null
@@CG FAIL	_RewriteFnOverloadDecl _RewriteFnOverloadDecl at Library/FortressLibrary.fss:4252.19	Library/FortressLibrary.fss:4252:19	edu.rice.cs.plt.tuple.OptionUnwrapException	edu.rice.cs.plt.tuple.Null.unwrap:58	null
@@CG COMPONENT-OK	FortressLibrary
### rc=0
exit=0
ELAPSED 484 s
# end 2026-09-27T10:38:00Z
