# kind	family	subclass	unit(s)	stage(s)	location	message
exclusion	-	-	api FortressLibrary	acyclic	FortressLibrary.fsi:2544	Type RelationalPredicateCondition[\E\] excludes FortressLibrary.Condition but it extends FortressLibrary.Condition.
exclusion	-	-	component FortressLibrary	acyclic	FortressLibrary.fss:4465	Type RelationalPredicateCondition[\E\] excludes FortressLibrary.Condition but it extends FortressLibrary.Condition.
exclusion	-	-	component FortressLibrary	acyclic	FortressLibrary.fss:4482	Type ConcreteRelationalPredicateCondition[\E\] excludes FortressLibrary.RelationalPredicateCondition but it extends FortressLibrary.RelationalPredicateCondition [...]
exclusion	-	-	component FortressLibrary	acyclic	FortressLibrary.fss:4492	Type AndRelationalPredicateCondition[\E\] excludes FortressLibrary.RelationalPredicateCondition but it extends FortressLibrary.RelationalPredicateCondition.
export	-	-	component FortressLibrary	export	FortressLibrary.fss:12	Component FortressLibrary exports API FortressLibrary but does not define all declarations in FortressLibrary. Missing declarations: {immutableArray[\E\](x:ZZ32 [...]
export	-	-	component FortressLibrary	export	FortressLibrary.fss:12	The following declarations in API FortressLibrary are not matched by the declarations in component FortressLibrary. Unmatched declarations: { (TraitDecl Compari [...]
overloading	BY	sentence	api FortressLibrary	overloading	FortressLibrary.fsi:270,FortressLibrary.fsi:295	Invalid overloading of BY in API FortressLibrary: (Number, Number)->RR64 @ FortressLibrary.fsi:295:5-33 and [\T extends MultiplicativeRing[\T\]\](Multiplicative [...]
overloading	BY	sentence	api FortressLibrary	overloading	FortressLibrary.fsi:270,FortressLibrary.fsi:434	Invalid overloading of BY in API FortressLibrary: [\I extends Integral[\I\]\](Integral[\I\], I)->I @ FortressLibrary.fsi:434:5-25 and [\T extends Multiplicative [...]
overloading	BY	sentence	api FortressLibrary	overloading	FortressLibrary.fsi:295,FortressLibrary.fsi:434	Invalid overloading of BY in API FortressLibrary: (Number, Number)->RR64 @ FortressLibrary.fsi:295:5-33 and [\I extends Integral[\I\]\](Integral[\I\], I)->I @ F [...]
overloading	CAP	sentence	api RangeInternals	overloading	RangeInternals.fsi:237,RangeInternals.fsi:63	Invalid overloading of CAP in API RangeInternals: [\I extends Integral[\I\], J extends Integral[\J\]\](RangeInternals.Range2D[\I,J\], Range[\(I, J)\])->Range[\( [...]
overloading	CAP	sentence	api RangeInternals	overloading	RangeInternals.fsi:237,RangeInternals.fsi:64	Invalid overloading of CAP in API RangeInternals: [\I extends Integral[\I\], J extends Integral[\J\]\](RangeInternals.Range2D[\I,J\], RangeInternals.Range2D[\I, [...]
overloading	CAP	sentence	api RangeInternals	overloading	RangeInternals.fsi:237,RangeInternals.fsi:98	Invalid overloading of CAP in API RangeInternals: [\I extends Integral[\I\], J extends Integral[\J\], K extends Integral[\K\]\](RangeInternals.Range3D[\I,J,K\], [...]
overloading	CAP	sentence	api RangeInternals	overloading	RangeInternals.fsi:237,RangeInternals.fsi:99	Invalid overloading of CAP in API RangeInternals: [\I extends Integral[\I\], J extends Integral[\J\], K extends Integral[\K\]\](RangeInternals.Range3D[\I,J,K\], [...]
overloading	CAP	sentence	api RangeInternals	overloading	RangeInternals.fsi:46,RangeInternals.fsi:63	Invalid overloading of CAP in API RangeInternals: [\I extends Integral[\I\], J extends Integral[\J\]\](RangeInternals.Range2D[\I,J\], Range[\(I, J)\])->Range[\( [...]
overloading	CAP	sentence	api RangeInternals	overloading	RangeInternals.fsi:46,RangeInternals.fsi:64	Invalid overloading of CAP in API RangeInternals: [\I extends Integral[\I\], J extends Integral[\J\]\](RangeInternals.Range2D[\I,J\], RangeInternals.Range2D[\I, [...]
overloading	CAP	sentence	api RangeInternals	overloading	RangeInternals.fsi:46,RangeInternals.fsi:98	Invalid overloading of CAP in API RangeInternals: [\I extends Integral[\I\], J extends Integral[\J\], K extends Integral[\K\]\](RangeInternals.Range3D[\I,J,K\], [...]
overloading	CAP	sentence	api RangeInternals	overloading	RangeInternals.fsi:46,RangeInternals.fsi:99	Invalid overloading of CAP in API RangeInternals: [\I extends Integral[\I\], J extends Integral[\J\], K extends Integral[\K\]\](RangeInternals.Range3D[\I,J,K\], [...]
overloading	CAP	sentence	api RangeInternals	overloading	RangeInternals.fsi:63,RangeInternals.fsi:98	Invalid overloading of CAP in API RangeInternals: [\I extends Integral[\I\], J extends Integral[\J\], K extends Integral[\K\]\](RangeInternals.Range3D[\I,J,K\], [...]
overloading	CAP	sentence	api RangeInternals	overloading	RangeInternals.fsi:63,RangeInternals.fsi:99	Invalid overloading of CAP in API RangeInternals: [\I extends Integral[\I\], J extends Integral[\J\], K extends Integral[\K\]\](RangeInternals.Range3D[\I,J,K\], [...]
overloading	CAP	sentence	api RangeInternals	overloading	RangeInternals.fsi:64,RangeInternals.fsi:98	Invalid overloading of CAP in API RangeInternals: [\I extends Integral[\I\], J extends Integral[\J\], K extends Integral[\K\]\](RangeInternals.Range3D[\I,J,K\], [...]
overloading	CAP	sentence	api RangeInternals	overloading	RangeInternals.fsi:64,RangeInternals.fsi:99	Invalid overloading of CAP in API RangeInternals: [\I extends Integral[\I\], J extends Integral[\J\], K extends Integral[\K\]\](RangeInternals.Range3D[\I,J,K\], [...]
overloading	CAP	sentence	component FortressLibrary	overloading	RangeInternals.fsi:237,RangeInternals.fsi:63	Invalid overloading of CAP in component FortressLibrary: [\I extends Integral[\I\], J extends Integral[\J\]\](RangeInternals.Range2D[\I,J\], Range[\(I, J)\])->R [...]
overloading	CAP	sentence	component FortressLibrary	overloading	RangeInternals.fsi:237,RangeInternals.fsi:64	Invalid overloading of CAP in component FortressLibrary: [\I extends Integral[\I\], J extends Integral[\J\]\](RangeInternals.Range2D[\I,J\], RangeInternals.Rang [...]
overloading	CAP	sentence	component FortressLibrary	overloading	RangeInternals.fsi:237,RangeInternals.fsi:98	Invalid overloading of CAP in component FortressLibrary: [\I extends Integral[\I\], J extends Integral[\J\], K extends Integral[\K\]\](RangeInternals.Range3D[\I [...]
overloading	CAP	sentence	component FortressLibrary	overloading	RangeInternals.fsi:237,RangeInternals.fsi:99	Invalid overloading of CAP in component FortressLibrary: [\I extends Integral[\I\], J extends Integral[\J\], K extends Integral[\K\]\](RangeInternals.Range3D[\I [...]
overloading	CAP	sentence	component FortressLibrary	overloading	RangeInternals.fsi:46,RangeInternals.fsi:63	Invalid overloading of CAP in component FortressLibrary: [\I extends Integral[\I\], J extends Integral[\J\]\](RangeInternals.Range2D[\I,J\], Range[\(I, J)\])->R [...]
overloading	CAP	sentence	component FortressLibrary	overloading	RangeInternals.fsi:46,RangeInternals.fsi:64	Invalid overloading of CAP in component FortressLibrary: [\I extends Integral[\I\], J extends Integral[\J\]\](RangeInternals.Range2D[\I,J\], RangeInternals.Rang [...]
overloading	CAP	sentence	component FortressLibrary	overloading	RangeInternals.fsi:46,RangeInternals.fsi:98	Invalid overloading of CAP in component FortressLibrary: [\I extends Integral[\I\], J extends Integral[\J\], K extends Integral[\K\]\](RangeInternals.Range3D[\I [...]
overloading	CAP	sentence	component FortressLibrary	overloading	RangeInternals.fsi:46,RangeInternals.fsi:99	Invalid overloading of CAP in component FortressLibrary: [\I extends Integral[\I\], J extends Integral[\J\], K extends Integral[\K\]\](RangeInternals.Range3D[\I [...]
overloading	CAP	sentence	component FortressLibrary	overloading	RangeInternals.fsi:63,RangeInternals.fsi:98	Invalid overloading of CAP in component FortressLibrary: [\I extends Integral[\I\], J extends Integral[\J\], K extends Integral[\K\]\](RangeInternals.Range3D[\I [...]
overloading	CAP	sentence	component FortressLibrary	overloading	RangeInternals.fsi:63,RangeInternals.fsi:99	Invalid overloading of CAP in component FortressLibrary: [\I extends Integral[\I\], J extends Integral[\J\], K extends Integral[\K\]\](RangeInternals.Range3D[\I [...]
overloading	CAP	sentence	component FortressLibrary	overloading	RangeInternals.fsi:64,RangeInternals.fsi:98	Invalid overloading of CAP in component FortressLibrary: [\I extends Integral[\I\], J extends Integral[\J\], K extends Integral[\K\]\](RangeInternals.Range3D[\I [...]
overloading	CAP	sentence	component FortressLibrary	overloading	RangeInternals.fsi:64,RangeInternals.fsi:99	Invalid overloading of CAP in component FortressLibrary: [\I extends Integral[\I\], J extends Integral[\J\], K extends Integral[\K\]\](RangeInternals.Range3D[\I [...]
overloading	CMP	same-sparams	component FortressLibrary	overloading	FortressLibrary.fss:215,FortressLibrary.fss:364	Invalid overloading of CMP in trait NN64: (Number, Number)->Comparison @ FortressLibrary.fss:364:5-369:10 and (StandardPartialOrder[\NN64\], NN64)->Comparison @ [...]
overloading	CMP	same-sparams	component FortressLibrary	overloading	FortressLibrary.fss:215,FortressLibrary.fss:364	Invalid overloading of CMP in trait QQ: (Number, Number)->Comparison @ FortressLibrary.fss:364:5-369:10 and (StandardPartialOrder[\QQ\], QQ)->Comparison @ Fortr [...]
overloading	CMP	same-sparams	component FortressLibrary	overloading	FortressLibrary.fss:215,FortressLibrary.fss:364	Invalid overloading of CMP in trait RR64: (Number, Number)->Comparison @ FortressLibrary.fss:364:5-369:10 and (StandardPartialOrder[\RR64\], RR64)->Comparison @ [...]
overloading	CMP	same-sparams	component FortressLibrary	overloading	FortressLibrary.fss:215,FortressLibrary.fss:364	Invalid overloading of CMP in trait Ratio: (Number, Number)->Comparison @ FortressLibrary.fss:364:5-369:10 and (StandardPartialOrder[\QQ\], QQ)->Comparison @ Fo [...]
overloading	CMP	same-sparams	component FortressLibrary	overloading	FortressLibrary.fss:215,FortressLibrary.fss:364	Invalid overloading of CMP in trait ZZ32: (Number, Number)->Comparison @ FortressLibrary.fss:364:5-369:10 and (StandardPartialOrder[\ZZ32\], ZZ32)->Comparison @ [...]
overloading	CMP	same-sparams	component FortressLibrary	overloading	FortressLibrary.fss:272,FortressLibrary.fss:364	Invalid overloading of CMP in trait NN64: (Number, Number)->Comparison @ FortressLibrary.fss:364:5-369:10 and (StandardTotalOrder[\NN64\], NN64)->TotalCompariso [...]
overloading	CMP	same-sparams	component FortressLibrary	overloading	FortressLibrary.fss:272,FortressLibrary.fss:364	Invalid overloading of CMP in trait ZZ32: (Number, Number)->Comparison @ FortressLibrary.fss:364:5-369:10 and (StandardTotalOrder[\ZZ32\], ZZ32)->TotalCompariso [...]
overloading	CMP	sentence	api FortressLibrary	overloading	FortressLibrary.fsi:169,FortressLibrary.fsi:284	Invalid overloading of CMP in API FortressLibrary: (Number, Number)->Comparison @ FortressLibrary.fsi:284:5-286:24 and [\T extends StandardPartialOrder[\T\]\](S [...]
overloading	CMP	sentence	api FortressLibrary	overloading	FortressLibrary.fsi:2091,FortressLibrary.fsi:284	Invalid overloading of CMP in API FortressLibrary: (Number, Number)->Comparison @ FortressLibrary.fsi:284:5-286:24 and [\I\](Range[\I\], Range[\I\])->Comparison [...]
overloading	CMP	sentence	api FortressLibrary	overloading	FortressLibrary.fsi:222,FortressLibrary.fsi:284	Invalid overloading of CMP in API FortressLibrary: (Number, Number)->Comparison @ FortressLibrary.fsi:284:5-286:24 and [\T extends StandardTotalOrder[\T\]\](Sta [...]
overloading	CMP	sentence	component FortressLibrary	overloading	FortressLibrary.fss:215,FortressLibrary.fss:364	Invalid overloading of CMP in component FortressLibrary: (Number, Number)->Comparison @ FortressLibrary.fss:364:5-369:10 and [\T extends StandardPartialOrder[\T [...]
overloading	CMP	sentence	component FortressLibrary	overloading	FortressLibrary.fss:272,FortressLibrary.fss:364	Invalid overloading of CMP in component FortressLibrary: (Number, Number)->Comparison @ FortressLibrary.fss:364:5-369:10 and [\T extends StandardTotalOrder[\T\] [...]
overloading	DOT	sentence	api FortressLibrary	overloading	FortressLibrary.fsi:294,FortressLibrary.fsi:433	Invalid overloading of DOT in API FortressLibrary: (Number, Number)->RR64 @ FortressLibrary.fsi:294:5-31 and [\I extends Integral[\I\]\](Integral[\I\], I)->I @  [...]
overloading	FORWARD_CMP	same-sparams	api FortressLibrary	overloading	FortressLibrary.fsi:2109,FortressLibrary.fsi:2129	Invalid overloading of FORWARD_CMP in API FortressLibrary: [\I\](ExtentRange[\I\], Range[\I\])->Comparison @ FortressLibrary.fsi:2129:5-2130:1 and [\I\](OpenRan [...]
overloading	FORWARD_CMP	same-sparams	api FortressLibrary	overloading	FortressLibrary.fsi:2109,FortressLibrary.fsi:2150	Invalid overloading of FORWARD_CMP in API FortressLibrary: [\I\](LeftRange[\I\], Range[\I\])->Comparison @ FortressLibrary.fsi:2150:5-2151:1 and [\I\](OpenRange [...]
overloading	FORWARD_CMP	same-sparams	api FortressLibrary	overloading	FortressLibrary.fsi:2109,FortressLibrary.fsi:2162	Invalid overloading of FORWARD_CMP in API FortressLibrary: [\I\](OpenRange[\I\], OpenRange[\I\])->Comparison @ FortressLibrary.fsi:2109:5-59 and [\I\](RightRang [...]
overloading	FORWARD_CMP	same-sparams	api FortressLibrary	overloading	FortressLibrary.fsi:2109,FortressLibrary.fsi:2169	Invalid overloading of FORWARD_CMP in API FortressLibrary: [\I\](FullRange[\I\], Range[\I\])->Comparison @ FortressLibrary.fsi:2169:5-56 and [\I\](OpenRange[\I\ [...]
overloading	FORWARD_CMP	same-sparams	api FortressLibrary	overloading	FortressLibrary.fsi:2109,FortressLibrary.fsi:2170	Invalid overloading of FORWARD_CMP in API FortressLibrary: [\I\](FullRange[\I\], FullRange[\I\])->Comparison @ FortressLibrary.fsi:2170:5-2171:1 and [\I\](OpenR [...]
overloading	FORWARD_CMP	same-sparams	api FortressLibrary	overloading	FortressLibrary.fsi:2110,FortressLibrary.fsi:2129	Invalid overloading of FORWARD_CMP in API FortressLibrary: [\I\](ExtentRange[\I\], Range[\I\])->Comparison @ FortressLibrary.fsi:2129:5-2130:1 and [\I\](OpenRan [...]
overloading	FORWARD_CMP	same-sparams	api FortressLibrary	overloading	FortressLibrary.fsi:2110,FortressLibrary.fsi:2150	Invalid overloading of FORWARD_CMP in API FortressLibrary: [\I\](LeftRange[\I\], Range[\I\])->Comparison @ FortressLibrary.fsi:2150:5-2151:1 and [\I\](OpenRange [...]
overloading	FORWARD_CMP	same-sparams	api FortressLibrary	overloading	FortressLibrary.fsi:2110,FortressLibrary.fsi:2162	Invalid overloading of FORWARD_CMP in API FortressLibrary: [\I\](OpenRange[\I\], Range[\I\])->Comparison @ FortressLibrary.fsi:2110:5-55 and [\I\](RightRange[\I [...]
overloading	FORWARD_CMP	same-sparams	api FortressLibrary	overloading	FortressLibrary.fsi:2110,FortressLibrary.fsi:2169	Invalid overloading of FORWARD_CMP in API FortressLibrary: [\I\](FullRange[\I\], Range[\I\])->Comparison @ FortressLibrary.fsi:2169:5-56 and [\I\](OpenRange[\I\ [...]
overloading	FORWARD_CMP	same-sparams	api FortressLibrary	overloading	FortressLibrary.fsi:2110,FortressLibrary.fsi:2170	Invalid overloading of FORWARD_CMP in API FortressLibrary: [\I\](FullRange[\I\], FullRange[\I\])->Comparison @ FortressLibrary.fsi:2170:5-2171:1 and [\I\](OpenR [...]
overloading	FORWARD_CMP	same-sparams	api FortressLibrary	overloading	FortressLibrary.fsi:2129,FortressLibrary.fsi:2150	Invalid overloading of FORWARD_CMP in API FortressLibrary: [\I\](ExtentRange[\I\], Range[\I\])->Comparison @ FortressLibrary.fsi:2129:5-2130:1 and [\I\](LeftRan [...]
overloading	FORWARD_CMP	same-sparams	api FortressLibrary	overloading	FortressLibrary.fsi:2129,FortressLibrary.fsi:2162	Invalid overloading of FORWARD_CMP in API FortressLibrary: [\I\](ExtentRange[\I\], Range[\I\])->Comparison @ FortressLibrary.fsi:2129:5-2130:1 and [\I\](RightRa [...]
overloading	FORWARD_CMP	same-sparams	api FortressLibrary	overloading	FortressLibrary.fsi:2129,FortressLibrary.fsi:2169	Invalid overloading of FORWARD_CMP in API FortressLibrary: [\I\](ExtentRange[\I\], Range[\I\])->Comparison @ FortressLibrary.fsi:2129:5-2130:1 and [\I\](FullRan [...]
overloading	FORWARD_CMP	same-sparams	api FortressLibrary	overloading	FortressLibrary.fsi:2129,FortressLibrary.fsi:2170	Invalid overloading of FORWARD_CMP in API FortressLibrary: [\I\](ExtentRange[\I\], Range[\I\])->Comparison @ FortressLibrary.fsi:2129:5-2130:1 and [\I\](FullRan [...]
overloading	FORWARD_CMP	same-sparams	api FortressLibrary	overloading	FortressLibrary.fsi:2150,FortressLibrary.fsi:2162	Invalid overloading of FORWARD_CMP in API FortressLibrary: [\I\](LeftRange[\I\], Range[\I\])->Comparison @ FortressLibrary.fsi:2150:5-2151:1 and [\I\](RightRang [...]
overloading	FORWARD_CMP	same-sparams	api FortressLibrary	overloading	FortressLibrary.fsi:2150,FortressLibrary.fsi:2169	Invalid overloading of FORWARD_CMP in API FortressLibrary: [\I\](FullRange[\I\], Range[\I\])->Comparison @ FortressLibrary.fsi:2169:5-56 and [\I\](LeftRange[\I\ [...]
overloading	FORWARD_CMP	same-sparams	api FortressLibrary	overloading	FortressLibrary.fsi:2150,FortressLibrary.fsi:2170	Invalid overloading of FORWARD_CMP in API FortressLibrary: [\I\](FullRange[\I\], FullRange[\I\])->Comparison @ FortressLibrary.fsi:2170:5-2171:1 and [\I\](LeftR [...]
overloading	FORWARD_CMP	same-sparams	api FortressLibrary	overloading	FortressLibrary.fsi:2162,FortressLibrary.fsi:2169	Invalid overloading of FORWARD_CMP in API FortressLibrary: [\I\](FullRange[\I\], Range[\I\])->Comparison @ FortressLibrary.fsi:2169:5-56 and [\I\](RightRange[\I [...]
overloading	FORWARD_CMP	same-sparams	api FortressLibrary	overloading	FortressLibrary.fsi:2162,FortressLibrary.fsi:2170	Invalid overloading of FORWARD_CMP in API FortressLibrary: [\I\](FullRange[\I\], FullRange[\I\])->Comparison @ FortressLibrary.fsi:2170:5-2171:1 and [\I\](Right [...]
overloading	FORWARD_CMP	same-sparams	component FortressLibrary	overloading	FortressLibrary.fss:3696,FortressLibrary.fss:3730	Invalid overloading of FORWARD_CMP in component FortressLibrary: [\I\](ExtentRange[\I\], Range[\I\])->Comparison @ FortressLibrary.fss:3730:5-3738:10 and [\I\]( [...]
overloading	FORWARD_CMP	same-sparams	component FortressLibrary	overloading	FortressLibrary.fss:3696,FortressLibrary.fss:3763	Invalid overloading of FORWARD_CMP in component FortressLibrary: [\I\](LeftRange[\I\], Range[\I\])->Comparison @ FortressLibrary.fss:3763:5-3776:10 and [\I\](Op [...]
overloading	FORWARD_CMP	same-sparams	component FortressLibrary	overloading	FortressLibrary.fss:3696,FortressLibrary.fss:3788	Invalid overloading of FORWARD_CMP in component FortressLibrary: [\I\](OpenRange[\I\], OpenRange[\I\])->Comparison @ FortressLibrary.fss:3696:5-69 and [\I\](Rig [...]
overloading	FORWARD_CMP	same-sparams	component FortressLibrary	overloading	FortressLibrary.fss:3696,FortressLibrary.fss:3814	Invalid overloading of FORWARD_CMP in component FortressLibrary: [\I\](FullRange[\I\], Range[\I\])->Comparison @ FortressLibrary.fss:3814:5-91 and [\I\](OpenRan [...]
overloading	FORWARD_CMP	same-sparams	component FortressLibrary	overloading	FortressLibrary.fss:3696,FortressLibrary.fss:3815	Invalid overloading of FORWARD_CMP in component FortressLibrary: [\I\](FullRange[\I\], FullRange[\I\])->Comparison @ FortressLibrary.fss:3815:5-3817:47 and [\I\ [...]
overloading	FORWARD_CMP	same-sparams	component FortressLibrary	overloading	FortressLibrary.fss:3697,FortressLibrary.fss:3730	Invalid overloading of FORWARD_CMP in component FortressLibrary: [\I\](ExtentRange[\I\], Range[\I\])->Comparison @ FortressLibrary.fss:3730:5-3738:10 and [\I\]( [...]
overloading	FORWARD_CMP	same-sparams	component FortressLibrary	overloading	FortressLibrary.fss:3697,FortressLibrary.fss:3763	Invalid overloading of FORWARD_CMP in component FortressLibrary: [\I\](LeftRange[\I\], Range[\I\])->Comparison @ FortressLibrary.fss:3763:5-3776:10 and [\I\](Op [...]
overloading	FORWARD_CMP	same-sparams	component FortressLibrary	overloading	FortressLibrary.fss:3697,FortressLibrary.fss:3788	Invalid overloading of FORWARD_CMP in component FortressLibrary: [\I\](OpenRange[\I\], Range[\I\])->Comparison @ FortressLibrary.fss:3697:5-69 and [\I\](RightRa [...]
overloading	FORWARD_CMP	same-sparams	component FortressLibrary	overloading	FortressLibrary.fss:3697,FortressLibrary.fss:3814	Invalid overloading of FORWARD_CMP in component FortressLibrary: [\I\](FullRange[\I\], Range[\I\])->Comparison @ FortressLibrary.fss:3814:5-91 and [\I\](OpenRan [...]
overloading	FORWARD_CMP	same-sparams	component FortressLibrary	overloading	FortressLibrary.fss:3697,FortressLibrary.fss:3815	Invalid overloading of FORWARD_CMP in component FortressLibrary: [\I\](FullRange[\I\], FullRange[\I\])->Comparison @ FortressLibrary.fss:3815:5-3817:47 and [\I\ [...]
overloading	FORWARD_CMP	same-sparams	component FortressLibrary	overloading	FortressLibrary.fss:3730,FortressLibrary.fss:3763	Invalid overloading of FORWARD_CMP in component FortressLibrary: [\I\](ExtentRange[\I\], Range[\I\])->Comparison @ FortressLibrary.fss:3730:5-3738:10 and [\I\]( [...]
overloading	FORWARD_CMP	same-sparams	component FortressLibrary	overloading	FortressLibrary.fss:3730,FortressLibrary.fss:3788	Invalid overloading of FORWARD_CMP in component FortressLibrary: [\I\](ExtentRange[\I\], Range[\I\])->Comparison @ FortressLibrary.fss:3730:5-3738:10 and [\I\]( [...]
overloading	FORWARD_CMP	same-sparams	component FortressLibrary	overloading	FortressLibrary.fss:3730,FortressLibrary.fss:3814	Invalid overloading of FORWARD_CMP in component FortressLibrary: [\I\](ExtentRange[\I\], Range[\I\])->Comparison @ FortressLibrary.fss:3730:5-3738:10 and [\I\]( [...]
overloading	FORWARD_CMP	same-sparams	component FortressLibrary	overloading	FortressLibrary.fss:3730,FortressLibrary.fss:3815	Invalid overloading of FORWARD_CMP in component FortressLibrary: [\I\](ExtentRange[\I\], Range[\I\])->Comparison @ FortressLibrary.fss:3730:5-3738:10 and [\I\]( [...]
overloading	FORWARD_CMP	same-sparams	component FortressLibrary	overloading	FortressLibrary.fss:3763,FortressLibrary.fss:3788	Invalid overloading of FORWARD_CMP in component FortressLibrary: [\I\](LeftRange[\I\], Range[\I\])->Comparison @ FortressLibrary.fss:3763:5-3776:10 and [\I\](Ri [...]
overloading	FORWARD_CMP	same-sparams	component FortressLibrary	overloading	FortressLibrary.fss:3763,FortressLibrary.fss:3814	Invalid overloading of FORWARD_CMP in component FortressLibrary: [\I\](FullRange[\I\], Range[\I\])->Comparison @ FortressLibrary.fss:3814:5-91 and [\I\](LeftRan [...]
overloading	FORWARD_CMP	same-sparams	component FortressLibrary	overloading	FortressLibrary.fss:3763,FortressLibrary.fss:3815	Invalid overloading of FORWARD_CMP in component FortressLibrary: [\I\](FullRange[\I\], FullRange[\I\])->Comparison @ FortressLibrary.fss:3815:5-3817:47 and [\I\ [...]
overloading	FORWARD_CMP	same-sparams	component FortressLibrary	overloading	FortressLibrary.fss:3788,FortressLibrary.fss:3814	Invalid overloading of FORWARD_CMP in component FortressLibrary: [\I\](FullRange[\I\], Range[\I\])->Comparison @ FortressLibrary.fss:3814:5-91 and [\I\](RightRa [...]
overloading	FORWARD_CMP	same-sparams	component FortressLibrary	overloading	FortressLibrary.fss:3788,FortressLibrary.fss:3815	Invalid overloading of FORWARD_CMP in component FortressLibrary: [\I\](FullRange[\I\], FullRange[\I\])->Comparison @ FortressLibrary.fss:3815:5-3817:47 and [\I\ [...]
overloading	IN	same-sparams	api FortressLibrary	overloading	FortressLibrary.fsi:2090,FortressLibrary.fsi:721	Invalid overloading of IN in API FortressLibrary: [\E\](E, Generator[\E\])->Boolean @ FortressLibrary.fsi:721:5-722:1 and [\I\](I, Range[\I\])->Boolean @ Fortre [...]
overloading	IN	same-sparams	api FortressLibrary	overloading	FortressLibrary.fsi:2090,FortressLibrary.fsi:820	Invalid overloading of IN in API FortressLibrary: [\E\](E, Condition[\E\])->Boolean @ FortressLibrary.fsi:820:5-821:1 and [\I\](I, Range[\I\])->Boolean @ Fortre [...]
overloading	IN	same-sparams	api FortressLibrary	overloading	FortressLibrary.fsi:2111,FortressLibrary.fsi:2128	Invalid overloading of IN in API FortressLibrary: [\I\](I, ExtentRange[\I\])->Boolean @ FortressLibrary.fsi:2128:5-31 and [\I\](I, OpenRange[\I\])->Boolean @ Fo [...]
overloading	IN	same-sparams	api FortressLibrary	overloading	FortressLibrary.fsi:2111,FortressLibrary.fsi:721	Invalid overloading of IN in API FortressLibrary: [\E\](E, Generator[\E\])->Boolean @ FortressLibrary.fsi:721:5-722:1 and [\I\](I, OpenRange[\I\])->Boolean @ Fo [...]
overloading	IN	same-sparams	api FortressLibrary	overloading	FortressLibrary.fsi:2111,FortressLibrary.fsi:820	Invalid overloading of IN in API FortressLibrary: [\E\](E, Condition[\E\])->Boolean @ FortressLibrary.fsi:820:5-821:1 and [\I\](I, OpenRange[\I\])->Boolean @ Fo [...]
overloading	IN	same-sparams	api FortressLibrary	overloading	FortressLibrary.fsi:2128,FortressLibrary.fsi:721	Invalid overloading of IN in API FortressLibrary: [\E\](E, Generator[\E\])->Boolean @ FortressLibrary.fsi:721:5-722:1 and [\I\](I, ExtentRange[\I\])->Boolean @  [...]
overloading	IN	same-sparams	api FortressLibrary	overloading	FortressLibrary.fsi:2128,FortressLibrary.fsi:820	Invalid overloading of IN in API FortressLibrary: [\E\](E, Condition[\E\])->Boolean @ FortressLibrary.fsi:820:5-821:1 and [\I\](I, ExtentRange[\I\])->Boolean @  [...]
overloading	IN	same-sparams	api RangeInternals	overloading	RangeInternals.fsi:429,RangeInternals.fsi:505	Invalid overloading of IN in API RangeInternals: [\I extends Integral[\I\]\](I, RangeInternals.CompactFullScalarRange[\I\])->Boolean @ RangeInternals.fsi:429:5- [...]
overloading	IN	same-sparams	component FortressLibrary	overloading	FortressLibrary.fss:1081,FortressLibrary.fss:3698	Invalid overloading of IN in component FortressLibrary: [\E\](E, Generator[\E\])->Boolean @ FortressLibrary.fss:1081:5-55 and [\I\](I, OpenRange[\I\])->Boolean  [...]
overloading	IN	same-sparams	component FortressLibrary	overloading	FortressLibrary.fss:1081,FortressLibrary.fss:3729	Invalid overloading of IN in component FortressLibrary: [\E\](E, Generator[\E\])->Boolean @ FortressLibrary.fss:1081:5-55 and [\I\](I, ExtentRange[\I\])->Boolea [...]
overloading	IN	same-sparams	component FortressLibrary	overloading	FortressLibrary.fss:1265,FortressLibrary.fss:3698	Invalid overloading of IN in component FortressLibrary: [\E\](E, Condition[\E\])->Boolean @ FortressLibrary.fss:1265:5-88 and [\I\](I, OpenRange[\I\])->Boolean  [...]
overloading	IN	same-sparams	component FortressLibrary	overloading	FortressLibrary.fss:1265,FortressLibrary.fss:3729	Invalid overloading of IN in component FortressLibrary: [\E\](E, Condition[\E\])->Boolean @ FortressLibrary.fss:1265:5-88 and [\I\](I, ExtentRange[\I\])->Boolea [...]
overloading	IN	same-sparams	component FortressLibrary	overloading	FortressLibrary.fss:3698,FortressLibrary.fss:3729	Invalid overloading of IN in component FortressLibrary: [\I\](I, ExtentRange[\I\])->Boolean @ FortressLibrary.fss:3729:5-37 and [\I\](I, OpenRange[\I\])->Boolea [...]
overloading	IN	same-sparams	component FortressLibrary	overloading	RangeInternals.fsi:429,RangeInternals.fsi:505	Invalid overloading of IN in component FortressLibrary: [\I extends Integral[\I\]\](I, RangeInternals.CompactFullScalarRange[\I\])->Boolean @ RangeInternals.fsi [...]
overloading	IN	sentence	component FortressLibrary	overloading	FortressLibrary.fss:1081,RangeInternals.fsi:100	Invalid overloading of IN in component FortressLibrary: [\E\](E, Generator[\E\])->Boolean @ FortressLibrary.fss:1081:5-55 and [\I extends Integral[\I\], J exten [...]
overloading	IN	sentence	component FortressLibrary	overloading	FortressLibrary.fss:1081,RangeInternals.fsi:65	Invalid overloading of IN in component FortressLibrary: [\E\](E, Generator[\E\])->Boolean @ FortressLibrary.fss:1081:5-55 and [\I extends Integral[\I\], J exten [...]
overloading	IN	sentence	component FortressLibrary	overloading	FortressLibrary.fss:1265,RangeInternals.fsi:100	Invalid overloading of IN in component FortressLibrary: [\E\](E, Condition[\E\])->Boolean @ FortressLibrary.fss:1265:5-88 and [\I extends Integral[\I\], J exten [...]
overloading	IN	sentence	component FortressLibrary	overloading	FortressLibrary.fss:1265,RangeInternals.fsi:429	Invalid overloading of IN in component FortressLibrary: [\E\](E, Condition[\E\])->Boolean @ FortressLibrary.fss:1265:5-88 and [\I extends Integral[\I\]\](I, Ran [...]
overloading	IN	sentence	component FortressLibrary	overloading	FortressLibrary.fss:1265,RangeInternals.fsi:505	Invalid overloading of IN in component FortressLibrary: [\E\](E, Condition[\E\])->Boolean @ FortressLibrary.fss:1265:5-88 and [\I extends Integral[\I\]\](I, Ran [...]
overloading	IN	sentence	component FortressLibrary	overloading	FortressLibrary.fss:1265,RangeInternals.fsi:65	Invalid overloading of IN in component FortressLibrary: [\E\](E, Condition[\E\])->Boolean @ FortressLibrary.fss:1265:5-88 and [\I extends Integral[\I\], J exten [...]
overloading	IN	sentence	component FortressLibrary	overloading	FortressLibrary.fss:3698,RangeInternals.fsi:100	Invalid overloading of IN in component FortressLibrary: [\I extends Integral[\I\], J extends Integral[\J\], K extends Integral[\K\]\]((I, J, K), RangeInternals. [...]
overloading	IN	sentence	component FortressLibrary	overloading	FortressLibrary.fss:3698,RangeInternals.fsi:429	Invalid overloading of IN in component FortressLibrary: [\I extends Integral[\I\]\](I, RangeInternals.CompactFullScalarRange[\I\])->Boolean @ RangeInternals.fsi [...]
overloading	IN	sentence	component FortressLibrary	overloading	FortressLibrary.fss:3698,RangeInternals.fsi:505	Invalid overloading of IN in component FortressLibrary: [\I extends Integral[\I\]\](I, RangeInternals.StridedFullScalarRange[\I\])->Boolean @ RangeInternals.fsi [...]
overloading	IN	sentence	component FortressLibrary	overloading	FortressLibrary.fss:3698,RangeInternals.fsi:65	Invalid overloading of IN in component FortressLibrary: [\I extends Integral[\I\], J extends Integral[\J\]\]((I, J), RangeInternals.Range2D[\I,J\])->Boolean @ R [...]
overloading	IN	sentence	component FortressLibrary	overloading	FortressLibrary.fss:3729,RangeInternals.fsi:100	Invalid overloading of IN in component FortressLibrary: [\I extends Integral[\I\], J extends Integral[\J\], K extends Integral[\K\]\]((I, J, K), RangeInternals. [...]
overloading	IN	sentence	component FortressLibrary	overloading	FortressLibrary.fss:3729,RangeInternals.fsi:429	Invalid overloading of IN in component FortressLibrary: [\I extends Integral[\I\]\](I, RangeInternals.CompactFullScalarRange[\I\])->Boolean @ RangeInternals.fsi [...]
overloading	IN	sentence	component FortressLibrary	overloading	FortressLibrary.fss:3729,RangeInternals.fsi:505	Invalid overloading of IN in component FortressLibrary: [\I extends Integral[\I\]\](I, RangeInternals.StridedFullScalarRange[\I\])->Boolean @ RangeInternals.fsi [...]
overloading	IN	sentence	component FortressLibrary	overloading	FortressLibrary.fss:3729,RangeInternals.fsi:65	Invalid overloading of IN in component FortressLibrary: [\I extends Integral[\I\], J extends Integral[\J\]\]((I, J), RangeInternals.Range2D[\I,J\])->Boolean @ R [...]
overloading	MAX	same-sparams	component FortressLibrary	overloading	FortressLibrary.fss:261,FortressLibrary.fss:373	Invalid overloading of MAX in trait NN64: (Number, Number)->Number @ FortressLibrary.fss:373:5-65 and (StandardMinMax[\NN64\], NN64)->(NN64, NN64) @ FortressLib [...]
overloading	MAX	same-sparams	component FortressLibrary	overloading	FortressLibrary.fss:261,FortressLibrary.fss:373	Invalid overloading of MAX in trait RR64: (Number, Number)->Number @ FortressLibrary.fss:373:5-65 and (StandardMinMax[\RR64\], RR64)->(RR64, RR64) @ FortressLib [...]
overloading	MAX	same-sparams	component FortressLibrary	overloading	FortressLibrary.fss:261,FortressLibrary.fss:373	Invalid overloading of MAX in trait ZZ32: (Number, Number)->Number @ FortressLibrary.fss:373:5-65 and (StandardMinMax[\ZZ32\], ZZ32)->(ZZ32, ZZ32) @ FortressLib [...]
overloading	MAX	same-sparams	component FortressLibrary	overloading	FortressLibrary.fss:261,FortressLibrary.fss:373	Invalid overloading of MAX in trait ZZ64: (Number, Number)->Number @ FortressLibrary.fss:373:5-65 and (StandardMinMax[\ZZ64\], ZZ64)->(ZZ64, ZZ64) @ FortressLib [...]
overloading	MAX	same-sparams	component FortressLibrary	overloading	FortressLibrary.fss:261,FortressLibrary.fss:373	Invalid overloading of MAX in trait ZZ: (Number, Number)->Number @ FortressLibrary.fss:373:5-65 and (StandardMinMax[\ZZ\], ZZ)->(ZZ, ZZ) @ FortressLibrary.fss:2 [...]
overloading	MAX	same-sparams	component FortressLibrary	overloading	FortressLibrary.fss:280,FortressLibrary.fss:373	Invalid overloading of MAX in trait NN64: (Number, Number)->Number @ FortressLibrary.fss:373:5-65 and (StandardTotalOrder[\NN64\], NN64)->NN64 @ FortressLibrary [...]
overloading	MAX	same-sparams	component FortressLibrary	overloading	FortressLibrary.fss:280,FortressLibrary.fss:373	Invalid overloading of MAX in trait ZZ32: (Number, Number)->Number @ FortressLibrary.fss:373:5-65 and (StandardTotalOrder[\ZZ32\], ZZ32)->ZZ32 @ FortressLibrary [...]
overloading	MAX	same-sparams	component FortressLibrary	overloading	FortressLibrary.fss:280,FortressLibrary.fss:373	Invalid overloading of MAX in trait ZZ64: (Number, Number)->Number @ FortressLibrary.fss:373:5-65 and (StandardTotalOrder[\ZZ64\], ZZ64)->ZZ64 @ FortressLibrary [...]
overloading	MAX	same-sparams	component FortressLibrary	overloading	FortressLibrary.fss:280,FortressLibrary.fss:373	Invalid overloading of MAX in trait ZZ: (Number, Number)->Number @ FortressLibrary.fss:373:5-65 and (StandardTotalOrder[\ZZ\], ZZ)->ZZ @ FortressLibrary.fss:280 [...]
overloading	MAX	sentence	api FortressLibrary	overloading	FortressLibrary.fsi:196,FortressLibrary.fsi:2573	Invalid overloading of MAX in API FortressLibrary: [\T extends Number, I\](Array[\T,I\], T)->Array[\T,I\] @ FortressLibrary.fsi:2573:1-67 and [\T extends Standa [...]
overloading	MAX	sentence	api FortressLibrary	overloading	FortressLibrary.fsi:196,FortressLibrary.fsi:2574	Invalid overloading of MAX in API FortressLibrary: [\T extends Number, I\](T, Array[\T,I\])->Array[\T,I\] @ FortressLibrary.fsi:2574:1-2577:1 and [\T extends St [...]
overloading	MAX	sentence	api FortressLibrary	overloading	FortressLibrary.fsi:196,FortressLibrary.fsi:288	Invalid overloading of MAX in API FortressLibrary: (Number, Number)->Number @ FortressLibrary.fsi:288:5-34 and [\T extends StandardMax[\T\]\](StandardMax[\T\],  [...]
overloading	MAX	sentence	api FortressLibrary	overloading	FortressLibrary.fsi:210,FortressLibrary.fsi:2573	Invalid overloading of MAX in API FortressLibrary: [\T extends Number, I\](Array[\T,I\], T)->Array[\T,I\] @ FortressLibrary.fsi:2573:1-67 and [\T extends Standa [...]
overloading	MAX	sentence	api FortressLibrary	overloading	FortressLibrary.fsi:210,FortressLibrary.fsi:2574	Invalid overloading of MAX in API FortressLibrary: [\T extends Number, I\](T, Array[\T,I\])->Array[\T,I\] @ FortressLibrary.fsi:2574:1-2577:1 and [\T extends St [...]
overloading	MAX	sentence	api FortressLibrary	overloading	FortressLibrary.fsi:210,FortressLibrary.fsi:288	Invalid overloading of MAX in API FortressLibrary: (Number, Number)->Number @ FortressLibrary.fsi:288:5-34 and [\T extends StandardMinMax[\T\]\](StandardMinMax[ [...]
overloading	MAX	sentence	component FortressLibrary	overloading	FortressLibrary.fss:261,FortressLibrary.fss:373	Invalid overloading of MAX in component FortressLibrary: (Number, Number)->Number @ FortressLibrary.fss:373:5-65 and [\T extends StandardMinMax[\T\]\](StandardM [...]
overloading	MAX	sentence	component FortressLibrary	overloading	FortressLibrary.fss:261,FortressLibrary.fss:4532	Invalid overloading of MAX in component FortressLibrary: [\T extends Number, I\](Array[\T,I\], T)->Array[\T,I\] @ FortressLibrary.fss:4532:1-105 and [\T extends [...]
overloading	MAX	sentence	component FortressLibrary	overloading	FortressLibrary.fss:261,FortressLibrary.fss:4533	Invalid overloading of MAX in component FortressLibrary: [\T extends Number, I\](T, Array[\T,I\])->Array[\T,I\] @ FortressLibrary.fss:4533:1-4534:1 and [\T exte [...]
overloading	MAX	sentence	component FortressLibrary	overloading	FortressLibrary.fss:280,FortressLibrary.fss:373	Invalid overloading of MAX in component FortressLibrary: (Number, Number)->Number @ FortressLibrary.fss:373:5-65 and [\T extends StandardTotalOrder[\T\]\](Stand [...]
overloading	MIN	same-sparams	component FortressLibrary	overloading	FortressLibrary.fss:260,FortressLibrary.fss:372	Invalid overloading of MIN in trait NN64: (Number, Number)->Number @ FortressLibrary.fss:372:5-65 and (StandardMinMax[\NN64\], NN64)->(NN64, NN64) @ FortressLib [...]
overloading	MIN	same-sparams	component FortressLibrary	overloading	FortressLibrary.fss:260,FortressLibrary.fss:372	Invalid overloading of MIN in trait RR64: (Number, Number)->Number @ FortressLibrary.fss:372:5-65 and (StandardMinMax[\RR64\], RR64)->(RR64, RR64) @ FortressLib [...]
overloading	MIN	same-sparams	component FortressLibrary	overloading	FortressLibrary.fss:260,FortressLibrary.fss:372	Invalid overloading of MIN in trait ZZ32: (Number, Number)->Number @ FortressLibrary.fss:372:5-65 and (StandardMinMax[\ZZ32\], ZZ32)->(ZZ32, ZZ32) @ FortressLib [...]
overloading	MIN	same-sparams	component FortressLibrary	overloading	FortressLibrary.fss:260,FortressLibrary.fss:372	Invalid overloading of MIN in trait ZZ64: (Number, Number)->Number @ FortressLibrary.fss:372:5-65 and (StandardMinMax[\ZZ64\], ZZ64)->(ZZ64, ZZ64) @ FortressLib [...]
overloading	MIN	same-sparams	component FortressLibrary	overloading	FortressLibrary.fss:260,FortressLibrary.fss:372	Invalid overloading of MIN in trait ZZ: (Number, Number)->Number @ FortressLibrary.fss:372:5-65 and (StandardMinMax[\ZZ\], ZZ)->(ZZ, ZZ) @ FortressLibrary.fss:2 [...]
overloading	MIN	same-sparams	component FortressLibrary	overloading	FortressLibrary.fss:279,FortressLibrary.fss:372	Invalid overloading of MIN in trait NN64: (Number, Number)->Number @ FortressLibrary.fss:372:5-65 and (StandardTotalOrder[\NN64\], NN64)->NN64 @ FortressLibrary [...]
overloading	MIN	same-sparams	component FortressLibrary	overloading	FortressLibrary.fss:279,FortressLibrary.fss:372	Invalid overloading of MIN in trait ZZ32: (Number, Number)->Number @ FortressLibrary.fss:372:5-65 and (StandardTotalOrder[\ZZ32\], ZZ32)->ZZ32 @ FortressLibrary [...]
overloading	MIN	same-sparams	component FortressLibrary	overloading	FortressLibrary.fss:279,FortressLibrary.fss:372	Invalid overloading of MIN in trait ZZ64: (Number, Number)->Number @ FortressLibrary.fss:372:5-65 and (StandardTotalOrder[\ZZ64\], ZZ64)->ZZ64 @ FortressLibrary [...]
overloading	MIN	same-sparams	component FortressLibrary	overloading	FortressLibrary.fss:279,FortressLibrary.fss:372	Invalid overloading of MIN in trait ZZ: (Number, Number)->Number @ FortressLibrary.fss:372:5-65 and (StandardTotalOrder[\ZZ\], ZZ)->ZZ @ FortressLibrary.fss:279 [...]
overloading	MIN	sentence	api FortressLibrary	overloading	FortressLibrary.fsi:185,FortressLibrary.fsi:2571	Invalid overloading of MIN in API FortressLibrary: [\T extends Number, I\](Array[\T,I\], T)->Array[\T,I\] @ FortressLibrary.fsi:2571:1-67 and [\T extends Standa [...]
overloading	MIN	sentence	api FortressLibrary	overloading	FortressLibrary.fsi:185,FortressLibrary.fsi:2572	Invalid overloading of MIN in API FortressLibrary: [\T extends Number, I\](T, Array[\T,I\])->Array[\T,I\] @ FortressLibrary.fsi:2572:1-67 and [\T extends Standa [...]
overloading	MIN	sentence	api FortressLibrary	overloading	FortressLibrary.fsi:185,FortressLibrary.fsi:287	Invalid overloading of MIN in API FortressLibrary: (Number, Number)->Number @ FortressLibrary.fsi:287:5-34 and [\T extends StandardMin[\T\]\](StandardMin[\T\],  [...]
overloading	MIN	sentence	api FortressLibrary	overloading	FortressLibrary.fsi:209,FortressLibrary.fsi:2571	Invalid overloading of MIN in API FortressLibrary: [\T extends Number, I\](Array[\T,I\], T)->Array[\T,I\] @ FortressLibrary.fsi:2571:1-67 and [\T extends Standa [...]
overloading	MIN	sentence	api FortressLibrary	overloading	FortressLibrary.fsi:209,FortressLibrary.fsi:2572	Invalid overloading of MIN in API FortressLibrary: [\T extends Number, I\](T, Array[\T,I\])->Array[\T,I\] @ FortressLibrary.fsi:2572:1-67 and [\T extends Standa [...]
overloading	MIN	sentence	api FortressLibrary	overloading	FortressLibrary.fsi:209,FortressLibrary.fsi:287	Invalid overloading of MIN in API FortressLibrary: (Number, Number)->Number @ FortressLibrary.fsi:287:5-34 and [\T extends StandardMinMax[\T\]\](StandardMinMax[ [...]
overloading	MIN	sentence	component FortressLibrary	overloading	FortressLibrary.fss:260,FortressLibrary.fss:372	Invalid overloading of MIN in component FortressLibrary: (Number, Number)->Number @ FortressLibrary.fss:372:5-65 and [\T extends StandardMinMax[\T\]\](StandardM [...]
overloading	MIN	sentence	component FortressLibrary	overloading	FortressLibrary.fss:260,FortressLibrary.fss:4530	Invalid overloading of MIN in component FortressLibrary: [\T extends Number, I\](Array[\T,I\], T)->Array[\T,I\] @ FortressLibrary.fss:4530:1-105 and [\T extends [...]
overloading	MIN	sentence	component FortressLibrary	overloading	FortressLibrary.fss:260,FortressLibrary.fss:4531	Invalid overloading of MIN in component FortressLibrary: [\T extends Number, I\](T, Array[\T,I\])->Array[\T,I\] @ FortressLibrary.fss:4531:1-105 and [\T extends [...]
overloading	MIN	sentence	component FortressLibrary	overloading	FortressLibrary.fss:279,FortressLibrary.fss:372	Invalid overloading of MIN in component FortressLibrary: (Number, Number)->Number @ FortressLibrary.fss:372:5-65 and [\T extends StandardTotalOrder[\T\]\](Stand [...]
overloading	MINMAX	same-sparams	component FortressLibrary	overloading	FortressLibrary.fss:281,FortressLibrary.fss:374	Invalid overloading of MINMAX in trait NN64: (Number, Number)->(Number, Number) @ FortressLibrary.fss:374:5-81 and (StandardTotalOrder[\NN64\], NN64)->(NN64, NN [...]
overloading	MINMAX	same-sparams	component FortressLibrary	overloading	FortressLibrary.fss:281,FortressLibrary.fss:374	Invalid overloading of MINMAX in trait ZZ32: (Number, Number)->(Number, Number) @ FortressLibrary.fss:374:5-81 and (StandardTotalOrder[\ZZ32\], ZZ32)->(ZZ32, ZZ [...]
overloading	MINMAX	same-sparams	component FortressLibrary	overloading	FortressLibrary.fss:281,FortressLibrary.fss:374	Invalid overloading of MINMAX in trait ZZ64: (Number, Number)->(Number, Number) @ FortressLibrary.fss:374:5-81 and (StandardTotalOrder[\ZZ64\], ZZ64)->(ZZ64, ZZ [...]
overloading	MINMAX	same-sparams	component FortressLibrary	overloading	FortressLibrary.fss:281,FortressLibrary.fss:374	Invalid overloading of MINMAX in trait ZZ: (Number, Number)->(Number, Number) @ FortressLibrary.fss:374:5-81 and (StandardTotalOrder[\ZZ\], ZZ)->(ZZ, ZZ) @ Fort [...]
overloading	MINMAX	sentence	api FortressLibrary	overloading	FortressLibrary.fsi:208,FortressLibrary.fsi:289	Invalid overloading of MINMAX in API FortressLibrary: (Number, Number)->(Number, Number) @ FortressLibrary.fsi:289:5-47 and [\T extends StandardMinMax[\T\]\](St [...]
overloading	MINMAX	sentence	api FortressLibrary	overloading	FortressLibrary.fsi:221,FortressLibrary.fsi:289	Invalid overloading of MINMAX in API FortressLibrary: (Number, Number)->(Number, Number) @ FortressLibrary.fsi:289:5-47 and [\T extends StandardTotalOrder[\T\]\ [...]
overloading	MINMAX	sentence	component FortressLibrary	overloading	FortressLibrary.fss:281,FortressLibrary.fss:374	Invalid overloading of MINMAX in component FortressLibrary: (Number, Number)->(Number, Number) @ FortressLibrary.fss:374:5-81 and [\T extends StandardTotalOrder [...]
overloading	SQCAP	same-sparams	api FortressLibrary	overloading	FortressLibrary.fsi:858,FortressLibrary.fsi:878	Invalid overloading of SQCAP in API FortressLibrary: [\T\]((Maybe[\T\] & {Nothing[\T\], Just[\T\]}), Maybe[\T\])->Maybe[\T\] @ FortressLibrary.fsi:858:5-859:1 a [...]
overloading	copy	same-sparams	api FortressLibrary	overloading	FortressLibrary.fsi:1362,FortressLibrary.fsi:1393	Invalid overloading of copy in trait StandardMutableArrayType: Array[\E,I\]->Array[\E,I\] @ FortressLibrary.fsi:1362:5-32 and StandardImmutableArrayType[\T,E,I\ [...]
overloading	copy	same-sparams	component FortressLibrary	overloading	FortressLibrary.fss:1940,FortressLibrary.fss:2010	Invalid overloading of copy in trait StandardMutableArrayType: Array[\E,I\]->Array[\E,I\] @ FortressLibrary.fss:1940:5-1941:5 and StandardImmutableArrayType[\T, [...]
overloading	cross	same-sparams	component FortressLibrary	overloading	FortressLibrary.fss:1063,FortressLibrary.fss:1216	Invalid overloading of cross in trait SimpleMappedSeqGenerator: [\F\](SequentialGenerator[\F\], Generator[\F\])->Generator[\(F, F)\] @ FortressLibrary.fss:1216: [...]
overloading	cross	same-sparams	component FortressLibrary	overloading	FortressLibrary.fss:1063,FortressLibrary.fss:1216	Invalid overloading of cross in trait SimpleNestedSeqGenerator: [\F\](SequentialGenerator[\F\], Generator[\F\])->Generator[\(F, F)\] @ FortressLibrary.fss:1216: [...]
overloading	cross	same-sparams	component FortressLibrary	overloading	FortressLibrary.fss:1063,FortressLibrary.fss:1216	Invalid overloading of cross in trait SimplePairSeqGenerator: [\F\](SequentialGenerator[\(E, F)\], Generator[\F\])->Generator[\((E, F), F)\] @ FortressLibrary.f [...]
overloading	fill	fill-crossed	api FortressLibrary	overloading	FortressLibrary.fsi:1320,FortressLibrary.fsi:1321	Invalid overloading of fill in trait Array1: (ReadableArray[\T,ZZ32\], T)->ReadableArray[\T,ZZ32\] @ FortressLibrary.fsi:1321:5-44 and (ReadableArray[\T,ZZ32\], [...]
overloading	fill	fill-crossed	api FortressLibrary	overloading	FortressLibrary.fsi:1320,FortressLibrary.fsi:1321	Invalid overloading of fill in trait Array2: (ReadableArray[\T,(ZZ32, ZZ32)\], (ZZ32, ZZ32)->T)->ReadableArray[\T,(ZZ32, ZZ32)\] @ FortressLibrary.fsi:1320:5-46 [...]
overloading	fill	fill-crossed	api FortressLibrary	overloading	FortressLibrary.fsi:1320,FortressLibrary.fsi:1321	Invalid overloading of fill in trait Array3: (ReadableArray[\T,(ZZ32, ZZ32, ZZ32)\], (ZZ32, ZZ32, ZZ32)->T)->ReadableArray[\T,(ZZ32, ZZ32, ZZ32)\] @ FortressLib [...]
overloading	fill	fill-crossed	api FortressLibrary	overloading	FortressLibrary.fsi:1320,FortressLibrary.fsi:1321	Invalid overloading of fill in trait Array: (ReadableArray[\E,I\], E)->ReadableArray[\E,I\] @ FortressLibrary.fsi:1321:5-44 and (ReadableArray[\E,I\], I->E)->Re [...]
overloading	fill	fill-crossed	api FortressLibrary	overloading	FortressLibrary.fsi:1320,FortressLibrary.fsi:1321	Invalid overloading of fill in trait ImmutableArray1: (ReadableArray[\T,ZZ32\], T)->ReadableArray[\T,ZZ32\] @ FortressLibrary.fsi:1321:5-44 and (ReadableArray[\ [...]
overloading	fill	fill-crossed	api FortressLibrary	overloading	FortressLibrary.fsi:1320,FortressLibrary.fsi:1321	Invalid overloading of fill in trait ImmutableArray: (ReadableArray[\E,I\], E)->ReadableArray[\E,I\] @ FortressLibrary.fsi:1321:5-44 and (ReadableArray[\E,I\],  [...]
overloading	fill	fill-crossed	api FortressLibrary	overloading	FortressLibrary.fsi:1320,FortressLibrary.fsi:1321	Invalid overloading of fill in trait ReadableArray1: (ReadableArray[\T,ZZ32\], T)->ReadableArray[\T,ZZ32\] @ FortressLibrary.fsi:1321:5-44 and (ReadableArray[\T [...]
overloading	fill	fill-crossed	api FortressLibrary	overloading	FortressLibrary.fsi:1320,FortressLibrary.fsi:1321	Invalid overloading of fill in trait ReadableArray: (ReadableArray[\E,I\], E)->ReadableArray[\E,I\] @ FortressLibrary.fsi:1321:5-44 and (ReadableArray[\E,I\], I [...]
overloading	fill	fill-crossed	api FortressLibrary	overloading	FortressLibrary.fsi:1320,FortressLibrary.fsi:1321	Invalid overloading of fill in trait StandardImmutableArrayType: (ReadableArray[\E,I\], E)->ReadableArray[\E,I\] @ FortressLibrary.fsi:1321:5-44 and (ReadableAr [...]
overloading	fill	fill-crossed	api FortressLibrary	overloading	FortressLibrary.fsi:1320,FortressLibrary.fsi:1321	Invalid overloading of fill in trait StandardMutableArrayType: (ReadableArray[\E,I\], E)->ReadableArray[\E,I\] @ FortressLibrary.fsi:1321:5-44 and (ReadableArra [...]
overloading	fill	fill-crossed	api FortressLibrary	overloading	FortressLibrary.fsi:1320,FortressLibrary.fsi:1340	Invalid overloading of fill in trait ImmutableArray1: (ImmutableArray[\T,ZZ32\], T)->ImmutableArray[\T,ZZ32\] @ FortressLibrary.fsi:1340:5-44 and (ReadableArray [...]
overloading	fill	fill-crossed	api FortressLibrary	overloading	FortressLibrary.fsi:1320,FortressLibrary.fsi:1340	Invalid overloading of fill in trait ImmutableArray: (ImmutableArray[\E,I\], E)->ImmutableArray[\E,I\] @ FortressLibrary.fsi:1340:5-44 and (ReadableArray[\E,I\] [...]
overloading	fill	fill-crossed	api FortressLibrary	overloading	FortressLibrary.fsi:1320,FortressLibrary.fsi:1360	Invalid overloading of fill in trait Array1: (Array[\T,ZZ32\], T)->Array[\T,ZZ32\] @ FortressLibrary.fsi:1360:5-35 and (ReadableArray[\T,ZZ32\], ZZ32->T)->Reada [...]
overloading	fill	fill-crossed	api FortressLibrary	overloading	FortressLibrary.fsi:1320,FortressLibrary.fsi:1360	Invalid overloading of fill in trait Array2: (Array[\T,(ZZ32, ZZ32)\], T)->Array[\T,(ZZ32, ZZ32)\] @ FortressLibrary.fsi:1360:5-35 and (ReadableArray[\T,(ZZ32,  [...]
overloading	fill	fill-crossed	api FortressLibrary	overloading	FortressLibrary.fsi:1320,FortressLibrary.fsi:1360	Invalid overloading of fill in trait Array3: (Array[\T,(ZZ32, ZZ32, ZZ32)\], T)->Array[\T,(ZZ32, ZZ32, ZZ32)\] @ FortressLibrary.fsi:1360:5-35 and (ReadableArra [...]
overloading	fill	fill-crossed	api FortressLibrary	overloading	FortressLibrary.fsi:1320,FortressLibrary.fsi:1360	Invalid overloading of fill in trait Array: (Array[\E,I\], E)->Array[\E,I\] @ FortressLibrary.fsi:1360:5-35 and (ReadableArray[\E,I\], I->E)->ReadableArray[\E,I [...]
overloading	fill	fill-crossed	api FortressLibrary	overloading	FortressLibrary.fsi:1320,FortressLibrary.fsi:1360	Invalid overloading of fill in trait StandardMutableArrayType: (Array[\E,I\], E)->Array[\E,I\] @ FortressLibrary.fsi:1360:5-35 and (ReadableArray[\E,I\], I->E)- [...]
overloading	fill	fill-crossed	api FortressLibrary	overloading	FortressLibrary.fsi:1320,FortressLibrary.fsi:1392	Invalid overloading of fill in trait Array1: (ReadableArray[\T,ZZ32\], ZZ32->T)->ReadableArray[\T,ZZ32\] @ FortressLibrary.fsi:1320:5-46 and (StandardImmutableA [...]
overloading	fill	fill-crossed	api FortressLibrary	overloading	FortressLibrary.fsi:1320,FortressLibrary.fsi:1392	Invalid overloading of fill in trait Array2: (ReadableArray[\T,(ZZ32, ZZ32)\], (ZZ32, ZZ32)->T)->ReadableArray[\T,(ZZ32, ZZ32)\] @ FortressLibrary.fsi:1320:5-46 [...]
overloading	fill	fill-crossed	api FortressLibrary	overloading	FortressLibrary.fsi:1320,FortressLibrary.fsi:1392	Invalid overloading of fill in trait Array3: (ReadableArray[\T,(ZZ32, ZZ32, ZZ32)\], (ZZ32, ZZ32, ZZ32)->T)->ReadableArray[\T,(ZZ32, ZZ32, ZZ32)\] @ FortressLib [...]
overloading	fill	fill-crossed	api FortressLibrary	overloading	FortressLibrary.fsi:1320,FortressLibrary.fsi:1392	Invalid overloading of fill in trait ImmutableArray1: (ReadableArray[\T,ZZ32\], ZZ32->T)->ReadableArray[\T,ZZ32\] @ FortressLibrary.fsi:1320:5-46 and (StandardI [...]
overloading	fill	fill-crossed	api FortressLibrary	overloading	FortressLibrary.fsi:1320,FortressLibrary.fsi:1392	Invalid overloading of fill in trait StandardImmutableArrayType: (ReadableArray[\E,I\], I->E)->ReadableArray[\E,I\] @ FortressLibrary.fsi:1320:5-46 and (Standar [...]
overloading	fill	fill-crossed	api FortressLibrary	overloading	FortressLibrary.fsi:1320,FortressLibrary.fsi:1392	Invalid overloading of fill in trait StandardMutableArrayType: (ReadableArray[\E,I\], I->E)->ReadableArray[\E,I\] @ FortressLibrary.fsi:1320:5-46 and (StandardI [...]
overloading	fill	fill-crossed	api FortressLibrary	overloading	FortressLibrary.fsi:1321,FortressLibrary.fsi:1339	Invalid overloading of fill in trait ImmutableArray1: (ImmutableArray[\T,ZZ32\], ZZ32->T)->ImmutableArray[\T,ZZ32\] @ FortressLibrary.fsi:1339:5-47 and (Readabl [...]
overloading	fill	fill-crossed	api FortressLibrary	overloading	FortressLibrary.fsi:1321,FortressLibrary.fsi:1339	Invalid overloading of fill in trait ImmutableArray: (ImmutableArray[\E,I\], I->E)->ImmutableArray[\E,I\] @ FortressLibrary.fsi:1339:5-47 and (ReadableArray[\E, [...]
overloading	fill	fill-crossed	api FortressLibrary	overloading	FortressLibrary.fsi:1321,FortressLibrary.fsi:1359	Invalid overloading of fill in trait Array1: (Array[\T,ZZ32\], ZZ32->T)->Array[\T,ZZ32\] @ FortressLibrary.fsi:1359:5-38 and (ReadableArray[\T,ZZ32\], T)->Reada [...]
overloading	fill	fill-crossed	api FortressLibrary	overloading	FortressLibrary.fsi:1321,FortressLibrary.fsi:1359	Invalid overloading of fill in trait Array2: (Array[\T,(ZZ32, ZZ32)\], (ZZ32, ZZ32)->T)->Array[\T,(ZZ32, ZZ32)\] @ FortressLibrary.fsi:1359:5-38 and (ReadableAr [...]
overloading	fill	fill-crossed	api FortressLibrary	overloading	FortressLibrary.fsi:1321,FortressLibrary.fsi:1359	Invalid overloading of fill in trait Array3: (Array[\T,(ZZ32, ZZ32, ZZ32)\], (ZZ32, ZZ32, ZZ32)->T)->Array[\T,(ZZ32, ZZ32, ZZ32)\] @ FortressLibrary.fsi:1359:5- [...]
overloading	fill	fill-crossed	api FortressLibrary	overloading	FortressLibrary.fsi:1321,FortressLibrary.fsi:1359	Invalid overloading of fill in trait Array: (Array[\E,I\], I->E)->Array[\E,I\] @ FortressLibrary.fsi:1359:5-38 and (ReadableArray[\E,I\], E)->ReadableArray[\E,I [...]
overloading	fill	fill-crossed	api FortressLibrary	overloading	FortressLibrary.fsi:1321,FortressLibrary.fsi:1359	Invalid overloading of fill in trait StandardMutableArrayType: (Array[\E,I\], I->E)->Array[\E,I\] @ FortressLibrary.fsi:1359:5-38 and (ReadableArray[\E,I\], E)- [...]
overloading	fill	fill-crossed	api FortressLibrary	overloading	FortressLibrary.fsi:1321,FortressLibrary.fsi:1391	Invalid overloading of fill in trait Array1: (ReadableArray[\T,ZZ32\], T)->ReadableArray[\T,ZZ32\] @ FortressLibrary.fsi:1321:5-44 and (StandardImmutableArrayTy [...]
overloading	fill	fill-crossed	api FortressLibrary	overloading	FortressLibrary.fsi:1321,FortressLibrary.fsi:1391	Invalid overloading of fill in trait Array2: (ReadableArray[\T,(ZZ32, ZZ32)\], T)->ReadableArray[\T,(ZZ32, ZZ32)\] @ FortressLibrary.fsi:1321:5-44 and (Standard [...]
overloading	fill	fill-crossed	api FortressLibrary	overloading	FortressLibrary.fsi:1321,FortressLibrary.fsi:1391	Invalid overloading of fill in trait Array3: (ReadableArray[\T,(ZZ32, ZZ32, ZZ32)\], T)->ReadableArray[\T,(ZZ32, ZZ32, ZZ32)\] @ FortressLibrary.fsi:1321:5-44 a [...]
overloading	fill	fill-crossed	api FortressLibrary	overloading	FortressLibrary.fsi:1321,FortressLibrary.fsi:1391	Invalid overloading of fill in trait ImmutableArray1: (ReadableArray[\T,ZZ32\], T)->ReadableArray[\T,ZZ32\] @ FortressLibrary.fsi:1321:5-44 and (StandardImmutab [...]
overloading	fill	fill-crossed	api FortressLibrary	overloading	FortressLibrary.fsi:1321,FortressLibrary.fsi:1391	Invalid overloading of fill in trait StandardImmutableArrayType: (ReadableArray[\E,I\], E)->ReadableArray[\E,I\] @ FortressLibrary.fsi:1321:5-44 and (StandardIm [...]
overloading	fill	fill-crossed	api FortressLibrary	overloading	FortressLibrary.fsi:1321,FortressLibrary.fsi:1391	Invalid overloading of fill in trait StandardMutableArrayType: (ReadableArray[\E,I\], E)->ReadableArray[\E,I\] @ FortressLibrary.fsi:1321:5-44 and (StandardImmu [...]
overloading	fill	fill-crossed	api FortressLibrary	overloading	FortressLibrary.fsi:1339,FortressLibrary.fsi:1340	Invalid overloading of fill in trait ImmutableArray1: (ImmutableArray[\T,ZZ32\], T)->ImmutableArray[\T,ZZ32\] @ FortressLibrary.fsi:1340:5-44 and (ImmutableArra [...]
overloading	fill	fill-crossed	api FortressLibrary	overloading	FortressLibrary.fsi:1339,FortressLibrary.fsi:1340	Invalid overloading of fill in trait ImmutableArray: (ImmutableArray[\E,I\], E)->ImmutableArray[\E,I\] @ FortressLibrary.fsi:1340:5-44 and (ImmutableArray[\E,I\ [...]
overloading	fill	fill-crossed	api FortressLibrary	overloading	FortressLibrary.fsi:1339,FortressLibrary.fsi:1392	Invalid overloading of fill in trait ImmutableArray1: (ImmutableArray[\T,ZZ32\], ZZ32->T)->ImmutableArray[\T,ZZ32\] @ FortressLibrary.fsi:1339:5-47 and (Standar [...]
overloading	fill	fill-crossed	api FortressLibrary	overloading	FortressLibrary.fsi:1340,FortressLibrary.fsi:1391	Invalid overloading of fill in trait ImmutableArray1: (ImmutableArray[\T,ZZ32\], T)->ImmutableArray[\T,ZZ32\] @ FortressLibrary.fsi:1340:5-44 and (StandardImmut [...]
overloading	fill	fill-crossed	api FortressLibrary	overloading	FortressLibrary.fsi:1359,FortressLibrary.fsi:1360	Invalid overloading of fill in trait Array1: (Array[\T,ZZ32\], T)->Array[\T,ZZ32\] @ FortressLibrary.fsi:1360:5-35 and (Array[\T,ZZ32\], ZZ32->T)->Array[\T,ZZ32 [...]
overloading	fill	fill-crossed	api FortressLibrary	overloading	FortressLibrary.fsi:1359,FortressLibrary.fsi:1360	Invalid overloading of fill in trait Array2: (Array[\T,(ZZ32, ZZ32)\], (ZZ32, ZZ32)->T)->Array[\T,(ZZ32, ZZ32)\] @ FortressLibrary.fsi:1359:5-38 and (Array[\T,( [...]
overloading	fill	fill-crossed	api FortressLibrary	overloading	FortressLibrary.fsi:1359,FortressLibrary.fsi:1360	Invalid overloading of fill in trait Array3: (Array[\T,(ZZ32, ZZ32, ZZ32)\], (ZZ32, ZZ32, ZZ32)->T)->Array[\T,(ZZ32, ZZ32, ZZ32)\] @ FortressLibrary.fsi:1359:5- [...]
overloading	fill	fill-crossed	api FortressLibrary	overloading	FortressLibrary.fsi:1359,FortressLibrary.fsi:1360	Invalid overloading of fill in trait Array: (Array[\E,I\], E)->Array[\E,I\] @ FortressLibrary.fsi:1360:5-35 and (Array[\E,I\], I->E)->Array[\E,I\] @ FortressLib [...]
overloading	fill	fill-crossed	api FortressLibrary	overloading	FortressLibrary.fsi:1359,FortressLibrary.fsi:1360	Invalid overloading of fill in trait StandardMutableArrayType: (Array[\E,I\], E)->Array[\E,I\] @ FortressLibrary.fsi:1360:5-35 and (Array[\E,I\], I->E)->Array[\ [...]
overloading	fill	fill-crossed	api FortressLibrary	overloading	FortressLibrary.fsi:1359,FortressLibrary.fsi:1392	Invalid overloading of fill in trait Array1: (Array[\T,ZZ32\], ZZ32->T)->Array[\T,ZZ32\] @ FortressLibrary.fsi:1359:5-38 and (StandardImmutableArrayType[\Array1 [...]
overloading	fill	fill-crossed	api FortressLibrary	overloading	FortressLibrary.fsi:1359,FortressLibrary.fsi:1392	Invalid overloading of fill in trait Array2: (Array[\T,(ZZ32, ZZ32)\], (ZZ32, ZZ32)->T)->Array[\T,(ZZ32, ZZ32)\] @ FortressLibrary.fsi:1359:5-38 and (StandardIm [...]
overloading	fill	fill-crossed	api FortressLibrary	overloading	FortressLibrary.fsi:1359,FortressLibrary.fsi:1392	Invalid overloading of fill in trait Array3: (Array[\T,(ZZ32, ZZ32, ZZ32)\], (ZZ32, ZZ32, ZZ32)->T)->Array[\T,(ZZ32, ZZ32, ZZ32)\] @ FortressLibrary.fsi:1359:5- [...]
overloading	fill	fill-crossed	api FortressLibrary	overloading	FortressLibrary.fsi:1359,FortressLibrary.fsi:1392	Invalid overloading of fill in trait StandardMutableArrayType: (Array[\E,I\], I->E)->Array[\E,I\] @ FortressLibrary.fsi:1359:5-38 and (StandardImmutableArrayTyp [...]
overloading	fill	fill-crossed	api FortressLibrary	overloading	FortressLibrary.fsi:1360,FortressLibrary.fsi:1391	Invalid overloading of fill in trait Array1: (Array[\T,ZZ32\], T)->Array[\T,ZZ32\] @ FortressLibrary.fsi:1360:5-35 and (StandardImmutableArrayType[\Array1[\T,b0 [...]
overloading	fill	fill-crossed	api FortressLibrary	overloading	FortressLibrary.fsi:1360,FortressLibrary.fsi:1391	Invalid overloading of fill in trait Array2: (Array[\T,(ZZ32, ZZ32)\], T)->Array[\T,(ZZ32, ZZ32)\] @ FortressLibrary.fsi:1360:5-35 and (StandardImmutableArrayTy [...]
overloading	fill	fill-crossed	api FortressLibrary	overloading	FortressLibrary.fsi:1360,FortressLibrary.fsi:1391	Invalid overloading of fill in trait Array3: (Array[\T,(ZZ32, ZZ32, ZZ32)\], T)->Array[\T,(ZZ32, ZZ32, ZZ32)\] @ FortressLibrary.fsi:1360:5-35 and (StandardImmu [...]
overloading	fill	fill-crossed	api FortressLibrary	overloading	FortressLibrary.fsi:1360,FortressLibrary.fsi:1391	Invalid overloading of fill in trait StandardMutableArrayType: (Array[\E,I\], E)->Array[\E,I\] @ FortressLibrary.fsi:1360:5-35 and (StandardImmutableArrayType[\ [...]
overloading	fill	fill-crossed	api FortressLibrary	overloading	FortressLibrary.fsi:1391,FortressLibrary.fsi:1392	Invalid overloading of fill in trait Array1: (StandardImmutableArrayType[\Array1[\T,b0,s0\],T,ZZ32\], T)->Array1[\T,b0,s0\] @ FortressLibrary.fsi:1392:5-15 and  [...]
overloading	fill	fill-crossed	api FortressLibrary	overloading	FortressLibrary.fsi:1391,FortressLibrary.fsi:1392	Invalid overloading of fill in trait Array2: (StandardImmutableArrayType[\Array2[\T,b0,s0,b1,s1\],T,(ZZ32, ZZ32)\], (ZZ32, ZZ32)->T)->Array2[\T,b0,s0,b1,s1\] @  [...]
overloading	fill	fill-crossed	api FortressLibrary	overloading	FortressLibrary.fsi:1391,FortressLibrary.fsi:1392	Invalid overloading of fill in trait Array3: (StandardImmutableArrayType[\Array3[\T,b0,s0,b1,s1,b2,s2\],T,(ZZ32, ZZ32, ZZ32)\], (ZZ32, ZZ32, ZZ32)->T)->Array3[\ [...]
overloading	fill	fill-crossed	api FortressLibrary	overloading	FortressLibrary.fsi:1391,FortressLibrary.fsi:1392	Invalid overloading of fill in trait ImmutableArray1: (StandardImmutableArrayType[\ImmutableArray1[\T,b0,s0\],T,ZZ32\], T)->ImmutableArray1[\T,b0,s0\] @ Fortres [...]
overloading	fill	fill-crossed	api FortressLibrary	overloading	FortressLibrary.fsi:1391,FortressLibrary.fsi:1392	Invalid overloading of fill in trait StandardImmutableArrayType: (StandardImmutableArrayType[\T,E,I\], E)->T @ FortressLibrary.fsi:1392:5-15 and (StandardImmuta [...]
overloading	fill	fill-crossed	api FortressLibrary	overloading	FortressLibrary.fsi:1391,FortressLibrary.fsi:1392	Invalid overloading of fill in trait StandardMutableArrayType: (StandardImmutableArrayType[\T,E,I\], E)->T @ FortressLibrary.fsi:1392:5-15 and (StandardImmutabl [...]
overloading	fill	fill-crossed	api NativeArray	overloading	FortressLibrary.fsi:1320,FortressLibrary.fsi:1321	Invalid overloading of fill in trait PrimImmutableArray: (ReadableArray[\T,ZZ32\], T)->ReadableArray[\T,ZZ32\] @ FortressLibrary.fsi:1321:5-44 and (ReadableArra [...]
overloading	fill	fill-crossed	api NativeArray	overloading	FortressLibrary.fsi:1320,FortressLibrary.fsi:1321	Invalid overloading of fill in trait PrimitiveArray: (ReadableArray[\T,ZZ32\], T)->ReadableArray[\T,ZZ32\] @ FortressLibrary.fsi:1321:5-44 and (ReadableArray[\T [...]
overloading	fill	fill-crossed	api NativeArray	overloading	FortressLibrary.fsi:1320,FortressLibrary.fsi:1340	Invalid overloading of fill in trait PrimImmutableArray: (ImmutableArray[\T,ZZ32\], T)->ImmutableArray[\T,ZZ32\] @ FortressLibrary.fsi:1340:5-44 and (ReadableAr [...]
overloading	fill	fill-crossed	api NativeArray	overloading	FortressLibrary.fsi:1320,FortressLibrary.fsi:1360	Invalid overloading of fill in trait PrimitiveArray: (Array[\T,ZZ32\], T)->Array[\T,ZZ32\] @ FortressLibrary.fsi:1360:5-35 and (ReadableArray[\T,ZZ32\], ZZ32->T [...]
overloading	fill	fill-crossed	api NativeArray	overloading	FortressLibrary.fsi:1320,FortressLibrary.fsi:1392	Invalid overloading of fill in trait PrimImmutableArray: (ReadableArray[\T,ZZ32\], ZZ32->T)->ReadableArray[\T,ZZ32\] @ FortressLibrary.fsi:1320:5-46 and (Standa [...]
overloading	fill	fill-crossed	api NativeArray	overloading	FortressLibrary.fsi:1320,FortressLibrary.fsi:1392	Invalid overloading of fill in trait PrimitiveArray: (ReadableArray[\T,ZZ32\], ZZ32->T)->ReadableArray[\T,ZZ32\] @ FortressLibrary.fsi:1320:5-46 and (StandardIm [...]
overloading	fill	fill-crossed	api NativeArray	overloading	FortressLibrary.fsi:1321,FortressLibrary.fsi:1339	Invalid overloading of fill in trait PrimImmutableArray: (ImmutableArray[\T,ZZ32\], ZZ32->T)->ImmutableArray[\T,ZZ32\] @ FortressLibrary.fsi:1339:5-47 and (Read [...]
overloading	fill	fill-crossed	api NativeArray	overloading	FortressLibrary.fsi:1321,FortressLibrary.fsi:1359	Invalid overloading of fill in trait PrimitiveArray: (Array[\T,ZZ32\], ZZ32->T)->Array[\T,ZZ32\] @ FortressLibrary.fsi:1359:5-38 and (ReadableArray[\T,ZZ32\], T [...]
overloading	fill	fill-crossed	api NativeArray	overloading	FortressLibrary.fsi:1321,FortressLibrary.fsi:1391	Invalid overloading of fill in trait PrimImmutableArray: (ReadableArray[\T,ZZ32\], T)->ReadableArray[\T,ZZ32\] @ FortressLibrary.fsi:1321:5-44 and (StandardImmu [...]
overloading	fill	fill-crossed	api NativeArray	overloading	FortressLibrary.fsi:1321,FortressLibrary.fsi:1391	Invalid overloading of fill in trait PrimitiveArray: (ReadableArray[\T,ZZ32\], T)->ReadableArray[\T,ZZ32\] @ FortressLibrary.fsi:1321:5-44 and (StandardImmutabl [...]
overloading	fill	fill-crossed	api NativeArray	overloading	FortressLibrary.fsi:1339,FortressLibrary.fsi:1340	Invalid overloading of fill in trait PrimImmutableArray: (ImmutableArray[\T,ZZ32\], T)->ImmutableArray[\T,ZZ32\] @ FortressLibrary.fsi:1340:5-44 and (ImmutableA [...]
overloading	fill	fill-crossed	api NativeArray	overloading	FortressLibrary.fsi:1339,FortressLibrary.fsi:1392	Invalid overloading of fill in trait PrimImmutableArray: (ImmutableArray[\T,ZZ32\], ZZ32->T)->ImmutableArray[\T,ZZ32\] @ FortressLibrary.fsi:1339:5-47 and (Stan [...]
overloading	fill	fill-crossed	api NativeArray	overloading	FortressLibrary.fsi:1340,FortressLibrary.fsi:1391	Invalid overloading of fill in trait PrimImmutableArray: (ImmutableArray[\T,ZZ32\], T)->ImmutableArray[\T,ZZ32\] @ FortressLibrary.fsi:1340:5-44 and (StandardIm [...]
overloading	fill	fill-crossed	api NativeArray	overloading	FortressLibrary.fsi:1359,FortressLibrary.fsi:1360	Invalid overloading of fill in trait PrimitiveArray: (Array[\T,ZZ32\], T)->Array[\T,ZZ32\] @ FortressLibrary.fsi:1360:5-35 and (Array[\T,ZZ32\], ZZ32->T)->Array [...]
overloading	fill	fill-crossed	api NativeArray	overloading	FortressLibrary.fsi:1359,FortressLibrary.fsi:1392	Invalid overloading of fill in trait PrimitiveArray: (Array[\T,ZZ32\], ZZ32->T)->Array[\T,ZZ32\] @ FortressLibrary.fsi:1359:5-38 and (StandardImmutableArrayType [...]
overloading	fill	fill-crossed	api NativeArray	overloading	FortressLibrary.fsi:1360,FortressLibrary.fsi:1391	Invalid overloading of fill in trait PrimitiveArray: (Array[\T,ZZ32\], T)->Array[\T,ZZ32\] @ FortressLibrary.fsi:1360:5-35 and (StandardImmutableArrayType[\Arra [...]
overloading	fill	fill-crossed	api NativeArray	overloading	FortressLibrary.fsi:1391,FortressLibrary.fsi:1392	Invalid overloading of fill in trait PrimImmutableArray: (StandardImmutableArrayType[\ImmutableArray1[\T,0,s0\],T,ZZ32\], T)->ImmutableArray1[\T,0,s0\] @ Fortre [...]
overloading	fill	fill-crossed	api NativeArray	overloading	FortressLibrary.fsi:1391,FortressLibrary.fsi:1392	Invalid overloading of fill in trait PrimitiveArray: (StandardImmutableArrayType[\Array1[\T,0,s0\],T,ZZ32\], T)->Array1[\T,0,s0\] @ FortressLibrary.fsi:1392:5-1 [...]
overloading	fill	fill-crossed	component FortressLibrary	overloading	FortressLibrary.fss:1879,FortressLibrary.fss:1880	Invalid overloading of fill in trait Array1: (ReadableArray[\T,ZZ32\], T)->ReadableArray[\T,ZZ32\] @ FortressLibrary.fss:1880:5-35 and (ReadableArray[\T,ZZ32\], [...]
overloading	fill	fill-crossed	component FortressLibrary	overloading	FortressLibrary.fss:1879,FortressLibrary.fss:1880	Invalid overloading of fill in trait Array2: (ReadableArray[\T,(ZZ32, ZZ32)\], (ZZ32, ZZ32)->T)->ReadableArray[\T,(ZZ32, ZZ32)\] @ FortressLibrary.fss:1879:5-37 [...]
overloading	fill	fill-crossed	component FortressLibrary	overloading	FortressLibrary.fss:1879,FortressLibrary.fss:1880	Invalid overloading of fill in trait Array3: (ReadableArray[\T,(ZZ32, ZZ32, ZZ32)\], (ZZ32, ZZ32, ZZ32)->T)->ReadableArray[\T,(ZZ32, ZZ32, ZZ32)\] @ FortressLib [...]
overloading	fill	fill-crossed	component FortressLibrary	overloading	FortressLibrary.fss:1879,FortressLibrary.fss:1880	Invalid overloading of fill in trait Array: (ReadableArray[\E,I\], E)->ReadableArray[\E,I\] @ FortressLibrary.fss:1880:5-35 and (ReadableArray[\E,I\], I->E)->Re [...]
overloading	fill	fill-crossed	component FortressLibrary	overloading	FortressLibrary.fss:1879,FortressLibrary.fss:1880	Invalid overloading of fill in trait Col: (ReadableArray[\T,ZZ32\], T)->ReadableArray[\T,ZZ32\] @ FortressLibrary.fss:1880:5-35 and (ReadableArray[\T,ZZ32\], ZZ [...]
overloading	fill	fill-crossed	component FortressLibrary	overloading	FortressLibrary.fss:1879,FortressLibrary.fss:1880	Invalid overloading of fill in trait ImmutableArray1: (ReadableArray[\T,ZZ32\], T)->ReadableArray[\T,ZZ32\] @ FortressLibrary.fss:1880:5-35 and (ReadableArray[\ [...]
overloading	fill	fill-crossed	component FortressLibrary	overloading	FortressLibrary.fss:1879,FortressLibrary.fss:1880	Invalid overloading of fill in trait ImmutableArray: (ReadableArray[\E,I\], E)->ReadableArray[\E,I\] @ FortressLibrary.fss:1880:5-35 and (ReadableArray[\E,I\],  [...]
overloading	fill	fill-crossed	component FortressLibrary	overloading	FortressLibrary.fss:1879,FortressLibrary.fss:1880	Invalid overloading of fill in trait ReadableArray1: (ReadableArray[\T,ZZ32\], T)->ReadableArray[\T,ZZ32\] @ FortressLibrary.fss:1880:5-35 and (ReadableArray[\T [...]
overloading	fill	fill-crossed	component FortressLibrary	overloading	FortressLibrary.fss:1879,FortressLibrary.fss:1880	Invalid overloading of fill in trait ReadableArray: (ReadableArray[\E,I\], E)->ReadableArray[\E,I\] @ FortressLibrary.fss:1880:5-35 and (ReadableArray[\E,I\], I [...]
overloading	fill	fill-crossed	component FortressLibrary	overloading	FortressLibrary.fss:1879,FortressLibrary.fss:1880	Invalid overloading of fill in trait Row: (ReadableArray[\T,ZZ32\], T)->ReadableArray[\T,ZZ32\] @ FortressLibrary.fss:1880:5-35 and (ReadableArray[\T,ZZ32\], ZZ [...]
overloading	fill	fill-crossed	component FortressLibrary	overloading	FortressLibrary.fss:1879,FortressLibrary.fss:1880	Invalid overloading of fill in trait StandardImmutableArrayType: (ReadableArray[\E,I\], E)->ReadableArray[\E,I\] @ FortressLibrary.fss:1880:5-35 and (ReadableAr [...]
overloading	fill	fill-crossed	component FortressLibrary	overloading	FortressLibrary.fss:1879,FortressLibrary.fss:1880	Invalid overloading of fill in trait StandardMutableArrayType: (ReadableArray[\E,I\], E)->ReadableArray[\E,I\] @ FortressLibrary.fss:1880:5-35 and (ReadableArra [...]
overloading	fill	fill-crossed	component FortressLibrary	overloading	FortressLibrary.fss:1879,FortressLibrary.fss:1880	Invalid overloading of fill in trait SubArray2: (ReadableArray[\T,(ZZ32, ZZ32)\], (ZZ32, ZZ32)->T)->ReadableArray[\T,(ZZ32, ZZ32)\] @ FortressLibrary.fss:1879:5 [...]
overloading	fill	fill-crossed	component FortressLibrary	overloading	FortressLibrary.fss:1879,FortressLibrary.fss:1880	Invalid overloading of fill in trait SubArray3: (ReadableArray[\T,(ZZ32, ZZ32, ZZ32)\], (ZZ32, ZZ32, ZZ32)->T)->ReadableArray[\T,(ZZ32, ZZ32, ZZ32)\] @ Fortress [...]
overloading	fill	fill-crossed	component FortressLibrary	overloading	FortressLibrary.fss:1879,FortressLibrary.fss:1880	Invalid overloading of fill in trait TransposedArray2: (ReadableArray[\T,(ZZ32, ZZ32)\], (ZZ32, ZZ32)->T)->ReadableArray[\T,(ZZ32, ZZ32)\] @ FortressLibrary.fss [...]
overloading	fill	fill-crossed	component FortressLibrary	overloading	FortressLibrary.fss:1879,FortressLibrary.fss:1880	Invalid overloading of fill in trait TransposedMatrix: (ReadableArray[\T,(ZZ32, ZZ32)\], (ZZ32, ZZ32)->T)->ReadableArray[\T,(ZZ32, ZZ32)\] @ FortressLibrary.fss [...]
overloading	fill	fill-crossed	component FortressLibrary	overloading	FortressLibrary.fss:1879,FortressLibrary.fss:1880	Invalid overloading of fill in trait __DefaultArray2: (ReadableArray[\T,(ZZ32, ZZ32)\], (ZZ32, ZZ32)->T)->ReadableArray[\T,(ZZ32, ZZ32)\] @ FortressLibrary.fss: [...]
overloading	fill	fill-crossed	component FortressLibrary	overloading	FortressLibrary.fss:1879,FortressLibrary.fss:1880	Invalid overloading of fill in trait __DefaultArray3: (ReadableArray[\T,(ZZ32, ZZ32, ZZ32)\], (ZZ32, ZZ32, ZZ32)->T)->ReadableArray[\T,(ZZ32, ZZ32, ZZ32)\] @ Fo [...]
overloading	fill	fill-crossed	component FortressLibrary	overloading	FortressLibrary.fss:1879,FortressLibrary.fss:1880	Invalid overloading of fill in trait __DefaultMatrix: (ReadableArray[\T,(ZZ32, ZZ32)\], (ZZ32, ZZ32)->T)->ReadableArray[\T,(ZZ32, ZZ32)\] @ FortressLibrary.fss: [...]
overloading	fill	fill-crossed	component FortressLibrary	overloading	FortressLibrary.fss:1879,FortressLibrary.fss:1880	Invalid overloading of fill in trait __DefaultVector: (ReadableArray[\T,ZZ32\], T)->ReadableArray[\T,ZZ32\] @ FortressLibrary.fss:1880:5-35 and (ReadableArray[\ [...]
overloading	fill	fill-crossed	component FortressLibrary	overloading	FortressLibrary.fss:1879,FortressLibrary.fss:1880	Invalid overloading of fill in trait __ImmutableSubArray1: (ReadableArray[\T,ZZ32\], T)->ReadableArray[\T,ZZ32\] @ FortressLibrary.fss:1880:5-35 and (ReadableAr [...]
overloading	fill	fill-crossed	component FortressLibrary	overloading	FortressLibrary.fss:1879,FortressLibrary.fss:1880	Invalid overloading of fill in trait __SimpleSubArray1: (ReadableArray[\T,ZZ32\], T)->ReadableArray[\T,ZZ32\] @ FortressLibrary.fss:1880:5-35 and (ReadableArray [...]
overloading	fill	fill-crossed	component FortressLibrary	overloading	FortressLibrary.fss:1879,FortressLibrary.fss:1905	Invalid overloading of fill in trait ImmutableArray1: (ImmutableArray[\T,ZZ32\], T)->ImmutableArray[\T,ZZ32\] @ FortressLibrary.fss:1905:5-35 and (ReadableArray [...]
overloading	fill	fill-crossed	component FortressLibrary	overloading	FortressLibrary.fss:1879,FortressLibrary.fss:1905	Invalid overloading of fill in trait ImmutableArray: (ImmutableArray[\E,I\], E)->ImmutableArray[\E,I\] @ FortressLibrary.fss:1905:5-35 and (ReadableArray[\E,I\] [...]
overloading	fill	fill-crossed	component FortressLibrary	overloading	FortressLibrary.fss:1879,FortressLibrary.fss:1905	Invalid overloading of fill in trait __ImmutableSubArray1: (ImmutableArray[\T,ZZ32\], T)->ImmutableArray[\T,ZZ32\] @ FortressLibrary.fss:1905:5-35 and (Readable [...]
overloading	fill	fill-crossed	component FortressLibrary	overloading	FortressLibrary.fss:1879,FortressLibrary.fss:1938	Invalid overloading of fill in trait Array1: (Array[\T,ZZ32\], T)->Array[\T,ZZ32\] @ FortressLibrary.fss:1938:5-26 and (ReadableArray[\T,ZZ32\], ZZ32->T)->Reada [...]
overloading	fill	fill-crossed	component FortressLibrary	overloading	FortressLibrary.fss:1879,FortressLibrary.fss:1938	Invalid overloading of fill in trait Array2: (Array[\T,(ZZ32, ZZ32)\], T)->Array[\T,(ZZ32, ZZ32)\] @ FortressLibrary.fss:1938:5-26 and (ReadableArray[\T,(ZZ32,  [...]
overloading	fill	fill-crossed	component FortressLibrary	overloading	FortressLibrary.fss:1879,FortressLibrary.fss:1938	Invalid overloading of fill in trait Array3: (Array[\T,(ZZ32, ZZ32, ZZ32)\], T)->Array[\T,(ZZ32, ZZ32, ZZ32)\] @ FortressLibrary.fss:1938:5-26 and (ReadableArra [...]
overloading	fill	fill-crossed	component FortressLibrary	overloading	FortressLibrary.fss:1879,FortressLibrary.fss:1938	Invalid overloading of fill in trait Array: (Array[\E,I\], E)->Array[\E,I\] @ FortressLibrary.fss:1938:5-26 and (ReadableArray[\E,I\], I->E)->ReadableArray[\E,I [...]
overloading	fill	fill-crossed	component FortressLibrary	overloading	FortressLibrary.fss:1879,FortressLibrary.fss:1938	Invalid overloading of fill in trait Col: (Array[\T,ZZ32\], T)->Array[\T,ZZ32\] @ FortressLibrary.fss:1938:5-26 and (ReadableArray[\T,ZZ32\], ZZ32->T)->Readable [...]
overloading	fill	fill-crossed	component FortressLibrary	overloading	FortressLibrary.fss:1879,FortressLibrary.fss:1938	Invalid overloading of fill in trait Row: (Array[\T,ZZ32\], T)->Array[\T,ZZ32\] @ FortressLibrary.fss:1938:5-26 and (ReadableArray[\T,ZZ32\], ZZ32->T)->Readable [...]
overloading	fill	fill-crossed	component FortressLibrary	overloading	FortressLibrary.fss:1879,FortressLibrary.fss:1938	Invalid overloading of fill in trait StandardMutableArrayType: (Array[\E,I\], E)->Array[\E,I\] @ FortressLibrary.fss:1938:5-26 and (ReadableArray[\E,I\], I->E)- [...]
overloading	fill	fill-crossed	component FortressLibrary	overloading	FortressLibrary.fss:1879,FortressLibrary.fss:1938	Invalid overloading of fill in trait SubArray2: (Array[\T,(ZZ32, ZZ32)\], T)->Array[\T,(ZZ32, ZZ32)\] @ FortressLibrary.fss:1938:5-26 and (ReadableArray[\T,(ZZ3 [...]
overloading	fill	fill-crossed	component FortressLibrary	overloading	FortressLibrary.fss:1879,FortressLibrary.fss:1938	Invalid overloading of fill in trait SubArray3: (Array[\T,(ZZ32, ZZ32, ZZ32)\], T)->Array[\T,(ZZ32, ZZ32, ZZ32)\] @ FortressLibrary.fss:1938:5-26 and (ReadableA [...]
overloading	fill	fill-crossed	component FortressLibrary	overloading	FortressLibrary.fss:1879,FortressLibrary.fss:1938	Invalid overloading of fill in trait TransposedArray2: (Array[\T,(ZZ32, ZZ32)\], T)->Array[\T,(ZZ32, ZZ32)\] @ FortressLibrary.fss:1938:5-26 and (ReadableArray[ [...]
overloading	fill	fill-crossed	component FortressLibrary	overloading	FortressLibrary.fss:1879,FortressLibrary.fss:1938	Invalid overloading of fill in trait TransposedMatrix: (Array[\T,(ZZ32, ZZ32)\], T)->Array[\T,(ZZ32, ZZ32)\] @ FortressLibrary.fss:1938:5-26 and (ReadableArray[ [...]
overloading	fill	fill-crossed	component FortressLibrary	overloading	FortressLibrary.fss:1879,FortressLibrary.fss:1938	Invalid overloading of fill in trait __DefaultArray2: (Array[\T,(ZZ32, ZZ32)\], T)->Array[\T,(ZZ32, ZZ32)\] @ FortressLibrary.fss:1938:5-26 and (ReadableArray[\ [...]
overloading	fill	fill-crossed	component FortressLibrary	overloading	FortressLibrary.fss:1879,FortressLibrary.fss:1938	Invalid overloading of fill in trait __DefaultArray3: (Array[\T,(ZZ32, ZZ32, ZZ32)\], T)->Array[\T,(ZZ32, ZZ32, ZZ32)\] @ FortressLibrary.fss:1938:5-26 and (Rea [...]
overloading	fill	fill-crossed	component FortressLibrary	overloading	FortressLibrary.fss:1879,FortressLibrary.fss:1938	Invalid overloading of fill in trait __DefaultMatrix: (Array[\T,(ZZ32, ZZ32)\], T)->Array[\T,(ZZ32, ZZ32)\] @ FortressLibrary.fss:1938:5-26 and (ReadableArray[\ [...]
overloading	fill	fill-crossed	component FortressLibrary	overloading	FortressLibrary.fss:1879,FortressLibrary.fss:1938	Invalid overloading of fill in trait __DefaultVector: (Array[\T,ZZ32\], T)->Array[\T,ZZ32\] @ FortressLibrary.fss:1938:5-26 and (ReadableArray[\T,ZZ32\], ZZ32-> [...]
overloading	fill	fill-crossed	component FortressLibrary	overloading	FortressLibrary.fss:1879,FortressLibrary.fss:1938	Invalid overloading of fill in trait __SimpleSubArray1: (Array[\T,ZZ32\], T)->Array[\T,ZZ32\] @ FortressLibrary.fss:1938:5-26 and (ReadableArray[\T,ZZ32\], ZZ32 [...]
overloading	fill	fill-crossed	component FortressLibrary	overloading	FortressLibrary.fss:1879,FortressLibrary.fss:2005	Invalid overloading of fill in trait Array1: (ReadableArray[\T,ZZ32\], ZZ32->T)->ReadableArray[\T,ZZ32\] @ FortressLibrary.fss:1879:5-37 and (StandardImmutableA [...]
overloading	fill	fill-crossed	component FortressLibrary	overloading	FortressLibrary.fss:1879,FortressLibrary.fss:2005	Invalid overloading of fill in trait Array2: (ReadableArray[\T,(ZZ32, ZZ32)\], (ZZ32, ZZ32)->T)->ReadableArray[\T,(ZZ32, ZZ32)\] @ FortressLibrary.fss:1879:5-37 [...]
overloading	fill	fill-crossed	component FortressLibrary	overloading	FortressLibrary.fss:1879,FortressLibrary.fss:2005	Invalid overloading of fill in trait Array3: (ReadableArray[\T,(ZZ32, ZZ32, ZZ32)\], (ZZ32, ZZ32, ZZ32)->T)->ReadableArray[\T,(ZZ32, ZZ32, ZZ32)\] @ FortressLib [...]
overloading	fill	fill-crossed	component FortressLibrary	overloading	FortressLibrary.fss:1879,FortressLibrary.fss:2005	Invalid overloading of fill in trait Col: (ReadableArray[\T,ZZ32\], ZZ32->T)->ReadableArray[\T,ZZ32\] @ FortressLibrary.fss:1879:5-37 and (StandardImmutableArra [...]
overloading	fill	fill-crossed	component FortressLibrary	overloading	FortressLibrary.fss:1879,FortressLibrary.fss:2005	Invalid overloading of fill in trait ImmutableArray1: (ReadableArray[\T,ZZ32\], ZZ32->T)->ReadableArray[\T,ZZ32\] @ FortressLibrary.fss:1879:5-37 and (StandardI [...]
overloading	fill	fill-crossed	component FortressLibrary	overloading	FortressLibrary.fss:1879,FortressLibrary.fss:2005	Invalid overloading of fill in trait Row: (ReadableArray[\T,ZZ32\], ZZ32->T)->ReadableArray[\T,ZZ32\] @ FortressLibrary.fss:1879:5-37 and (StandardImmutableArra [...]
overloading	fill	fill-crossed	component FortressLibrary	overloading	FortressLibrary.fss:1879,FortressLibrary.fss:2005	Invalid overloading of fill in trait StandardImmutableArrayType: (ReadableArray[\E,I\], I->E)->ReadableArray[\E,I\] @ FortressLibrary.fss:1879:5-37 and (Standar [...]
overloading	fill	fill-crossed	component FortressLibrary	overloading	FortressLibrary.fss:1879,FortressLibrary.fss:2005	Invalid overloading of fill in trait StandardMutableArrayType: (ReadableArray[\E,I\], I->E)->ReadableArray[\E,I\] @ FortressLibrary.fss:1879:5-37 and (StandardI [...]
overloading	fill	fill-crossed	component FortressLibrary	overloading	FortressLibrary.fss:1879,FortressLibrary.fss:2005	Invalid overloading of fill in trait SubArray2: (ReadableArray[\T,(ZZ32, ZZ32)\], (ZZ32, ZZ32)->T)->ReadableArray[\T,(ZZ32, ZZ32)\] @ FortressLibrary.fss:1879:5 [...]
overloading	fill	fill-crossed	component FortressLibrary	overloading	FortressLibrary.fss:1879,FortressLibrary.fss:2005	Invalid overloading of fill in trait SubArray3: (ReadableArray[\T,(ZZ32, ZZ32, ZZ32)\], (ZZ32, ZZ32, ZZ32)->T)->ReadableArray[\T,(ZZ32, ZZ32, ZZ32)\] @ Fortress [...]
overloading	fill	fill-crossed	component FortressLibrary	overloading	FortressLibrary.fss:1879,FortressLibrary.fss:2005	Invalid overloading of fill in trait TransposedArray2: (ReadableArray[\T,(ZZ32, ZZ32)\], (ZZ32, ZZ32)->T)->ReadableArray[\T,(ZZ32, ZZ32)\] @ FortressLibrary.fss [...]
overloading	fill	fill-crossed	component FortressLibrary	overloading	FortressLibrary.fss:1879,FortressLibrary.fss:2005	Invalid overloading of fill in trait TransposedMatrix: (ReadableArray[\T,(ZZ32, ZZ32)\], (ZZ32, ZZ32)->T)->ReadableArray[\T,(ZZ32, ZZ32)\] @ FortressLibrary.fss [...]
overloading	fill	fill-crossed	component FortressLibrary	overloading	FortressLibrary.fss:1879,FortressLibrary.fss:2005	Invalid overloading of fill in trait __DefaultArray2: (ReadableArray[\T,(ZZ32, ZZ32)\], (ZZ32, ZZ32)->T)->ReadableArray[\T,(ZZ32, ZZ32)\] @ FortressLibrary.fss: [...]
overloading	fill	fill-crossed	component FortressLibrary	overloading	FortressLibrary.fss:1879,FortressLibrary.fss:2005	Invalid overloading of fill in trait __DefaultArray3: (ReadableArray[\T,(ZZ32, ZZ32, ZZ32)\], (ZZ32, ZZ32, ZZ32)->T)->ReadableArray[\T,(ZZ32, ZZ32, ZZ32)\] @ Fo [...]
overloading	fill	fill-crossed	component FortressLibrary	overloading	FortressLibrary.fss:1879,FortressLibrary.fss:2005	Invalid overloading of fill in trait __DefaultMatrix: (ReadableArray[\T,(ZZ32, ZZ32)\], (ZZ32, ZZ32)->T)->ReadableArray[\T,(ZZ32, ZZ32)\] @ FortressLibrary.fss: [...]
overloading	fill	fill-crossed	component FortressLibrary	overloading	FortressLibrary.fss:1879,FortressLibrary.fss:2005	Invalid overloading of fill in trait __DefaultVector: (ReadableArray[\T,ZZ32\], ZZ32->T)->ReadableArray[\T,ZZ32\] @ FortressLibrary.fss:1879:5-37 and (StandardI [...]
overloading	fill	fill-crossed	component FortressLibrary	overloading	FortressLibrary.fss:1879,FortressLibrary.fss:2005	Invalid overloading of fill in trait __ImmutableSubArray1: (ReadableArray[\T,ZZ32\], ZZ32->T)->ReadableArray[\T,ZZ32\] @ FortressLibrary.fss:1879:5-37 and (Stan [...]
overloading	fill	fill-crossed	component FortressLibrary	overloading	FortressLibrary.fss:1879,FortressLibrary.fss:2005	Invalid overloading of fill in trait __SimpleSubArray1: (ReadableArray[\T,ZZ32\], ZZ32->T)->ReadableArray[\T,ZZ32\] @ FortressLibrary.fss:1879:5-37 and (Standar [...]
overloading	fill	fill-crossed	component FortressLibrary	overloading	FortressLibrary.fss:1880,FortressLibrary.fss:1904	Invalid overloading of fill in trait ImmutableArray1: (ImmutableArray[\T,ZZ32\], ZZ32->T)->ImmutableArray[\T,ZZ32\] @ FortressLibrary.fss:1904:5-38 and (Readabl [...]
overloading	fill	fill-crossed	component FortressLibrary	overloading	FortressLibrary.fss:1880,FortressLibrary.fss:1904	Invalid overloading of fill in trait ImmutableArray: (ImmutableArray[\E,I\], I->E)->ImmutableArray[\E,I\] @ FortressLibrary.fss:1904:5-38 and (ReadableArray[\E, [...]
overloading	fill	fill-crossed	component FortressLibrary	overloading	FortressLibrary.fss:1880,FortressLibrary.fss:1904	Invalid overloading of fill in trait __ImmutableSubArray1: (ImmutableArray[\T,ZZ32\], ZZ32->T)->ImmutableArray[\T,ZZ32\] @ FortressLibrary.fss:1904:5-38 and (Re [...]
overloading	fill	fill-crossed	component FortressLibrary	overloading	FortressLibrary.fss:1880,FortressLibrary.fss:1937	Invalid overloading of fill in trait Array1: (Array[\T,ZZ32\], ZZ32->T)->Array[\T,ZZ32\] @ FortressLibrary.fss:1937:5-29 and (ReadableArray[\T,ZZ32\], T)->Reada [...]
overloading	fill	fill-crossed	component FortressLibrary	overloading	FortressLibrary.fss:1880,FortressLibrary.fss:1937	Invalid overloading of fill in trait Array2: (Array[\T,(ZZ32, ZZ32)\], (ZZ32, ZZ32)->T)->Array[\T,(ZZ32, ZZ32)\] @ FortressLibrary.fss:1937:5-29 and (ReadableAr [...]
overloading	fill	fill-crossed	component FortressLibrary	overloading	FortressLibrary.fss:1880,FortressLibrary.fss:1937	Invalid overloading of fill in trait Array3: (Array[\T,(ZZ32, ZZ32, ZZ32)\], (ZZ32, ZZ32, ZZ32)->T)->Array[\T,(ZZ32, ZZ32, ZZ32)\] @ FortressLibrary.fss:1937:5- [...]
overloading	fill	fill-crossed	component FortressLibrary	overloading	FortressLibrary.fss:1880,FortressLibrary.fss:1937	Invalid overloading of fill in trait Array: (Array[\E,I\], I->E)->Array[\E,I\] @ FortressLibrary.fss:1937:5-29 and (ReadableArray[\E,I\], E)->ReadableArray[\E,I [...]
overloading	fill	fill-crossed	component FortressLibrary	overloading	FortressLibrary.fss:1880,FortressLibrary.fss:1937	Invalid overloading of fill in trait Col: (Array[\T,ZZ32\], ZZ32->T)->Array[\T,ZZ32\] @ FortressLibrary.fss:1937:5-29 and (ReadableArray[\T,ZZ32\], T)->Readable [...]
overloading	fill	fill-crossed	component FortressLibrary	overloading	FortressLibrary.fss:1880,FortressLibrary.fss:1937	Invalid overloading of fill in trait Row: (Array[\T,ZZ32\], ZZ32->T)->Array[\T,ZZ32\] @ FortressLibrary.fss:1937:5-29 and (ReadableArray[\T,ZZ32\], T)->Readable [...]
overloading	fill	fill-crossed	component FortressLibrary	overloading	FortressLibrary.fss:1880,FortressLibrary.fss:1937	Invalid overloading of fill in trait StandardMutableArrayType: (Array[\E,I\], I->E)->Array[\E,I\] @ FortressLibrary.fss:1937:5-29 and (ReadableArray[\E,I\], E)- [...]
overloading	fill	fill-crossed	component FortressLibrary	overloading	FortressLibrary.fss:1880,FortressLibrary.fss:1937	Invalid overloading of fill in trait SubArray2: (Array[\T,(ZZ32, ZZ32)\], (ZZ32, ZZ32)->T)->Array[\T,(ZZ32, ZZ32)\] @ FortressLibrary.fss:1937:5-29 and (Readabl [...]
overloading	fill	fill-crossed	component FortressLibrary	overloading	FortressLibrary.fss:1880,FortressLibrary.fss:1937	Invalid overloading of fill in trait SubArray3: (Array[\T,(ZZ32, ZZ32, ZZ32)\], (ZZ32, ZZ32, ZZ32)->T)->Array[\T,(ZZ32, ZZ32, ZZ32)\] @ FortressLibrary.fss:1937 [...]
overloading	fill	fill-crossed	component FortressLibrary	overloading	FortressLibrary.fss:1880,FortressLibrary.fss:1937	Invalid overloading of fill in trait TransposedArray2: (Array[\T,(ZZ32, ZZ32)\], (ZZ32, ZZ32)->T)->Array[\T,(ZZ32, ZZ32)\] @ FortressLibrary.fss:1937:5-29 and ( [...]
overloading	fill	fill-crossed	component FortressLibrary	overloading	FortressLibrary.fss:1880,FortressLibrary.fss:1937	Invalid overloading of fill in trait TransposedMatrix: (Array[\T,(ZZ32, ZZ32)\], (ZZ32, ZZ32)->T)->Array[\T,(ZZ32, ZZ32)\] @ FortressLibrary.fss:1937:5-29 and ( [...]
overloading	fill	fill-crossed	component FortressLibrary	overloading	FortressLibrary.fss:1880,FortressLibrary.fss:1937	Invalid overloading of fill in trait __DefaultArray2: (Array[\T,(ZZ32, ZZ32)\], (ZZ32, ZZ32)->T)->Array[\T,(ZZ32, ZZ32)\] @ FortressLibrary.fss:1937:5-29 and (R [...]
overloading	fill	fill-crossed	component FortressLibrary	overloading	FortressLibrary.fss:1880,FortressLibrary.fss:1937	Invalid overloading of fill in trait __DefaultArray3: (Array[\T,(ZZ32, ZZ32, ZZ32)\], (ZZ32, ZZ32, ZZ32)->T)->Array[\T,(ZZ32, ZZ32, ZZ32)\] @ FortressLibrary.fs [...]
overloading	fill	fill-crossed	component FortressLibrary	overloading	FortressLibrary.fss:1880,FortressLibrary.fss:1937	Invalid overloading of fill in trait __DefaultMatrix: (Array[\T,(ZZ32, ZZ32)\], (ZZ32, ZZ32)->T)->Array[\T,(ZZ32, ZZ32)\] @ FortressLibrary.fss:1937:5-29 and (R [...]
overloading	fill	fill-crossed	component FortressLibrary	overloading	FortressLibrary.fss:1880,FortressLibrary.fss:1937	Invalid overloading of fill in trait __DefaultVector: (Array[\T,ZZ32\], ZZ32->T)->Array[\T,ZZ32\] @ FortressLibrary.fss:1937:5-29 and (ReadableArray[\T,ZZ32\],  [...]
overloading	fill	fill-crossed	component FortressLibrary	overloading	FortressLibrary.fss:1880,FortressLibrary.fss:1937	Invalid overloading of fill in trait __SimpleSubArray1: (Array[\T,ZZ32\], ZZ32->T)->Array[\T,ZZ32\] @ FortressLibrary.fss:1937:5-29 and (ReadableArray[\T,ZZ32\] [...]
overloading	fill	fill-crossed	component FortressLibrary	overloading	FortressLibrary.fss:1880,FortressLibrary.fss:2001	Invalid overloading of fill in trait Array1: (ReadableArray[\T,ZZ32\], T)->ReadableArray[\T,ZZ32\] @ FortressLibrary.fss:1880:5-35 and (StandardImmutableArrayTy [...]
overloading	fill	fill-crossed	component FortressLibrary	overloading	FortressLibrary.fss:1880,FortressLibrary.fss:2001	Invalid overloading of fill in trait Array2: (ReadableArray[\T,(ZZ32, ZZ32)\], T)->ReadableArray[\T,(ZZ32, ZZ32)\] @ FortressLibrary.fss:1880:5-35 and (Standard [...]
overloading	fill	fill-crossed	component FortressLibrary	overloading	FortressLibrary.fss:1880,FortressLibrary.fss:2001	Invalid overloading of fill in trait Array3: (ReadableArray[\T,(ZZ32, ZZ32, ZZ32)\], T)->ReadableArray[\T,(ZZ32, ZZ32, ZZ32)\] @ FortressLibrary.fss:1880:5-35 a [...]
overloading	fill	fill-crossed	component FortressLibrary	overloading	FortressLibrary.fss:1880,FortressLibrary.fss:2001	Invalid overloading of fill in trait Col: (ReadableArray[\T,ZZ32\], T)->ReadableArray[\T,ZZ32\] @ FortressLibrary.fss:1880:5-35 and (StandardImmutableArrayType[ [...]
overloading	fill	fill-crossed	component FortressLibrary	overloading	FortressLibrary.fss:1880,FortressLibrary.fss:2001	Invalid overloading of fill in trait ImmutableArray1: (ReadableArray[\T,ZZ32\], T)->ReadableArray[\T,ZZ32\] @ FortressLibrary.fss:1880:5-35 and (StandardImmutab [...]
overloading	fill	fill-crossed	component FortressLibrary	overloading	FortressLibrary.fss:1880,FortressLibrary.fss:2001	Invalid overloading of fill in trait Row: (ReadableArray[\T,ZZ32\], T)->ReadableArray[\T,ZZ32\] @ FortressLibrary.fss:1880:5-35 and (StandardImmutableArrayType[ [...]
overloading	fill	fill-crossed	component FortressLibrary	overloading	FortressLibrary.fss:1880,FortressLibrary.fss:2001	Invalid overloading of fill in trait StandardImmutableArrayType: (ReadableArray[\E,I\], E)->ReadableArray[\E,I\] @ FortressLibrary.fss:1880:5-35 and (StandardIm [...]
overloading	fill	fill-crossed	component FortressLibrary	overloading	FortressLibrary.fss:1880,FortressLibrary.fss:2001	Invalid overloading of fill in trait StandardMutableArrayType: (ReadableArray[\E,I\], E)->ReadableArray[\E,I\] @ FortressLibrary.fss:1880:5-35 and (StandardImmu [...]
overloading	fill	fill-crossed	component FortressLibrary	overloading	FortressLibrary.fss:1880,FortressLibrary.fss:2001	Invalid overloading of fill in trait SubArray2: (ReadableArray[\T,(ZZ32, ZZ32)\], T)->ReadableArray[\T,(ZZ32, ZZ32)\] @ FortressLibrary.fss:1880:5-35 and (Stand [...]
overloading	fill	fill-crossed	component FortressLibrary	overloading	FortressLibrary.fss:1880,FortressLibrary.fss:2001	Invalid overloading of fill in trait SubArray3: (ReadableArray[\T,(ZZ32, ZZ32, ZZ32)\], T)->ReadableArray[\T,(ZZ32, ZZ32, ZZ32)\] @ FortressLibrary.fss:1880:5-3 [...]
overloading	fill	fill-crossed	component FortressLibrary	overloading	FortressLibrary.fss:1880,FortressLibrary.fss:2001	Invalid overloading of fill in trait TransposedArray2: (ReadableArray[\T,(ZZ32, ZZ32)\], T)->ReadableArray[\T,(ZZ32, ZZ32)\] @ FortressLibrary.fss:1880:5-35 and [...]
overloading	fill	fill-crossed	component FortressLibrary	overloading	FortressLibrary.fss:1880,FortressLibrary.fss:2001	Invalid overloading of fill in trait TransposedMatrix: (ReadableArray[\T,(ZZ32, ZZ32)\], T)->ReadableArray[\T,(ZZ32, ZZ32)\] @ FortressLibrary.fss:1880:5-35 and [...]
overloading	fill	fill-crossed	component FortressLibrary	overloading	FortressLibrary.fss:1880,FortressLibrary.fss:2001	Invalid overloading of fill in trait __DefaultArray2: (ReadableArray[\T,(ZZ32, ZZ32)\], T)->ReadableArray[\T,(ZZ32, ZZ32)\] @ FortressLibrary.fss:1880:5-35 and  [...]
overloading	fill	fill-crossed	component FortressLibrary	overloading	FortressLibrary.fss:1880,FortressLibrary.fss:2001	Invalid overloading of fill in trait __DefaultArray3: (ReadableArray[\T,(ZZ32, ZZ32, ZZ32)\], T)->ReadableArray[\T,(ZZ32, ZZ32, ZZ32)\] @ FortressLibrary.fss:18 [...]
overloading	fill	fill-crossed	component FortressLibrary	overloading	FortressLibrary.fss:1880,FortressLibrary.fss:2001	Invalid overloading of fill in trait __DefaultMatrix: (ReadableArray[\T,(ZZ32, ZZ32)\], T)->ReadableArray[\T,(ZZ32, ZZ32)\] @ FortressLibrary.fss:1880:5-35 and  [...]
overloading	fill	fill-crossed	component FortressLibrary	overloading	FortressLibrary.fss:1880,FortressLibrary.fss:2001	Invalid overloading of fill in trait __DefaultVector: (ReadableArray[\T,ZZ32\], T)->ReadableArray[\T,ZZ32\] @ FortressLibrary.fss:1880:5-35 and (StandardImmutab [...]
overloading	fill	fill-crossed	component FortressLibrary	overloading	FortressLibrary.fss:1880,FortressLibrary.fss:2001	Invalid overloading of fill in trait __ImmutableSubArray1: (ReadableArray[\T,ZZ32\], T)->ReadableArray[\T,ZZ32\] @ FortressLibrary.fss:1880:5-35 and (StandardIm [...]
overloading	fill	fill-crossed	component FortressLibrary	overloading	FortressLibrary.fss:1880,FortressLibrary.fss:2001	Invalid overloading of fill in trait __SimpleSubArray1: (ReadableArray[\T,ZZ32\], T)->ReadableArray[\T,ZZ32\] @ FortressLibrary.fss:1880:5-35 and (StandardImmut [...]
overloading	fill	fill-crossed	component FortressLibrary	overloading	FortressLibrary.fss:1904,FortressLibrary.fss:1905	Invalid overloading of fill in trait ImmutableArray1: (ImmutableArray[\T,ZZ32\], T)->ImmutableArray[\T,ZZ32\] @ FortressLibrary.fss:1905:5-35 and (ImmutableArra [...]
overloading	fill	fill-crossed	component FortressLibrary	overloading	FortressLibrary.fss:1904,FortressLibrary.fss:1905	Invalid overloading of fill in trait ImmutableArray: (ImmutableArray[\E,I\], E)->ImmutableArray[\E,I\] @ FortressLibrary.fss:1905:5-35 and (ImmutableArray[\E,I\ [...]
overloading	fill	fill-crossed	component FortressLibrary	overloading	FortressLibrary.fss:1904,FortressLibrary.fss:1905	Invalid overloading of fill in trait __ImmutableSubArray1: (ImmutableArray[\T,ZZ32\], T)->ImmutableArray[\T,ZZ32\] @ FortressLibrary.fss:1905:5-35 and (Immutabl [...]
overloading	fill	fill-crossed	component FortressLibrary	overloading	FortressLibrary.fss:1904,FortressLibrary.fss:2005	Invalid overloading of fill in trait ImmutableArray1: (ImmutableArray[\T,ZZ32\], ZZ32->T)->ImmutableArray[\T,ZZ32\] @ FortressLibrary.fss:1904:5-38 and (Standar [...]
overloading	fill	fill-crossed	component FortressLibrary	overloading	FortressLibrary.fss:1904,FortressLibrary.fss:2005	Invalid overloading of fill in trait __ImmutableSubArray1: (ImmutableArray[\T,ZZ32\], ZZ32->T)->ImmutableArray[\T,ZZ32\] @ FortressLibrary.fss:1904:5-38 and (St [...]
overloading	fill	fill-crossed	component FortressLibrary	overloading	FortressLibrary.fss:1905,FortressLibrary.fss:2001	Invalid overloading of fill in trait ImmutableArray1: (ImmutableArray[\T,ZZ32\], T)->ImmutableArray[\T,ZZ32\] @ FortressLibrary.fss:1905:5-35 and (StandardImmut [...]
overloading	fill	fill-crossed	component FortressLibrary	overloading	FortressLibrary.fss:1905,FortressLibrary.fss:2001	Invalid overloading of fill in trait __ImmutableSubArray1: (ImmutableArray[\T,ZZ32\], T)->ImmutableArray[\T,ZZ32\] @ FortressLibrary.fss:1905:5-35 and (Standard [...]
overloading	fill	fill-crossed	component FortressLibrary	overloading	FortressLibrary.fss:1937,FortressLibrary.fss:1938	Invalid overloading of fill in trait Array1: (Array[\T,ZZ32\], T)->Array[\T,ZZ32\] @ FortressLibrary.fss:1938:5-26 and (Array[\T,ZZ32\], ZZ32->T)->Array[\T,ZZ32 [...]
overloading	fill	fill-crossed	component FortressLibrary	overloading	FortressLibrary.fss:1937,FortressLibrary.fss:1938	Invalid overloading of fill in trait Array2: (Array[\T,(ZZ32, ZZ32)\], (ZZ32, ZZ32)->T)->Array[\T,(ZZ32, ZZ32)\] @ FortressLibrary.fss:1937:5-29 and (Array[\T,( [...]
overloading	fill	fill-crossed	component FortressLibrary	overloading	FortressLibrary.fss:1937,FortressLibrary.fss:1938	Invalid overloading of fill in trait Array3: (Array[\T,(ZZ32, ZZ32, ZZ32)\], (ZZ32, ZZ32, ZZ32)->T)->Array[\T,(ZZ32, ZZ32, ZZ32)\] @ FortressLibrary.fss:1937:5- [...]
overloading	fill	fill-crossed	component FortressLibrary	overloading	FortressLibrary.fss:1937,FortressLibrary.fss:1938	Invalid overloading of fill in trait Array: (Array[\E,I\], E)->Array[\E,I\] @ FortressLibrary.fss:1938:5-26 and (Array[\E,I\], I->E)->Array[\E,I\] @ FortressLib [...]
overloading	fill	fill-crossed	component FortressLibrary	overloading	FortressLibrary.fss:1937,FortressLibrary.fss:1938	Invalid overloading of fill in trait Col: (Array[\T,ZZ32\], T)->Array[\T,ZZ32\] @ FortressLibrary.fss:1938:5-26 and (Array[\T,ZZ32\], ZZ32->T)->Array[\T,ZZ32\]  [...]
overloading	fill	fill-crossed	component FortressLibrary	overloading	FortressLibrary.fss:1937,FortressLibrary.fss:1938	Invalid overloading of fill in trait Row: (Array[\T,ZZ32\], T)->Array[\T,ZZ32\] @ FortressLibrary.fss:1938:5-26 and (Array[\T,ZZ32\], ZZ32->T)->Array[\T,ZZ32\]  [...]
overloading	fill	fill-crossed	component FortressLibrary	overloading	FortressLibrary.fss:1937,FortressLibrary.fss:1938	Invalid overloading of fill in trait StandardMutableArrayType: (Array[\E,I\], E)->Array[\E,I\] @ FortressLibrary.fss:1938:5-26 and (Array[\E,I\], I->E)->Array[\ [...]
overloading	fill	fill-crossed	component FortressLibrary	overloading	FortressLibrary.fss:1937,FortressLibrary.fss:1938	Invalid overloading of fill in trait SubArray2: (Array[\T,(ZZ32, ZZ32)\], (ZZ32, ZZ32)->T)->Array[\T,(ZZ32, ZZ32)\] @ FortressLibrary.fss:1937:5-29 and (Array[\ [...]
overloading	fill	fill-crossed	component FortressLibrary	overloading	FortressLibrary.fss:1937,FortressLibrary.fss:1938	Invalid overloading of fill in trait SubArray3: (Array[\T,(ZZ32, ZZ32, ZZ32)\], (ZZ32, ZZ32, ZZ32)->T)->Array[\T,(ZZ32, ZZ32, ZZ32)\] @ FortressLibrary.fss:1937 [...]
overloading	fill	fill-crossed	component FortressLibrary	overloading	FortressLibrary.fss:1937,FortressLibrary.fss:1938	Invalid overloading of fill in trait TransposedArray2: (Array[\T,(ZZ32, ZZ32)\], (ZZ32, ZZ32)->T)->Array[\T,(ZZ32, ZZ32)\] @ FortressLibrary.fss:1937:5-29 and ( [...]
overloading	fill	fill-crossed	component FortressLibrary	overloading	FortressLibrary.fss:1937,FortressLibrary.fss:1938	Invalid overloading of fill in trait TransposedMatrix: (Array[\T,(ZZ32, ZZ32)\], (ZZ32, ZZ32)->T)->Array[\T,(ZZ32, ZZ32)\] @ FortressLibrary.fss:1937:5-29 and ( [...]
overloading	fill	fill-crossed	component FortressLibrary	overloading	FortressLibrary.fss:1937,FortressLibrary.fss:1938	Invalid overloading of fill in trait __DefaultArray2: (Array[\T,(ZZ32, ZZ32)\], (ZZ32, ZZ32)->T)->Array[\T,(ZZ32, ZZ32)\] @ FortressLibrary.fss:1937:5-29 and (A [...]
overloading	fill	fill-crossed	component FortressLibrary	overloading	FortressLibrary.fss:1937,FortressLibrary.fss:1938	Invalid overloading of fill in trait __DefaultArray3: (Array[\T,(ZZ32, ZZ32, ZZ32)\], (ZZ32, ZZ32, ZZ32)->T)->Array[\T,(ZZ32, ZZ32, ZZ32)\] @ FortressLibrary.fs [...]
overloading	fill	fill-crossed	component FortressLibrary	overloading	FortressLibrary.fss:1937,FortressLibrary.fss:1938	Invalid overloading of fill in trait __DefaultMatrix: (Array[\T,(ZZ32, ZZ32)\], (ZZ32, ZZ32)->T)->Array[\T,(ZZ32, ZZ32)\] @ FortressLibrary.fss:1937:5-29 and (A [...]
overloading	fill	fill-crossed	component FortressLibrary	overloading	FortressLibrary.fss:1937,FortressLibrary.fss:1938	Invalid overloading of fill in trait __DefaultVector: (Array[\T,ZZ32\], T)->Array[\T,ZZ32\] @ FortressLibrary.fss:1938:5-26 and (Array[\T,ZZ32\], ZZ32->T)->Arra [...]
overloading	fill	fill-crossed	component FortressLibrary	overloading	FortressLibrary.fss:1937,FortressLibrary.fss:1938	Invalid overloading of fill in trait __SimpleSubArray1: (Array[\T,ZZ32\], T)->Array[\T,ZZ32\] @ FortressLibrary.fss:1938:5-26 and (Array[\T,ZZ32\], ZZ32->T)->Ar [...]
overloading	fill	fill-crossed	component FortressLibrary	overloading	FortressLibrary.fss:1937,FortressLibrary.fss:2005	Invalid overloading of fill in trait Array1: (Array[\T,ZZ32\], ZZ32->T)->Array[\T,ZZ32\] @ FortressLibrary.fss:1937:5-29 and (StandardImmutableArrayType[\Array1 [...]
overloading	fill	fill-crossed	component FortressLibrary	overloading	FortressLibrary.fss:1937,FortressLibrary.fss:2005	Invalid overloading of fill in trait Array2: (Array[\T,(ZZ32, ZZ32)\], (ZZ32, ZZ32)->T)->Array[\T,(ZZ32, ZZ32)\] @ FortressLibrary.fss:1937:5-29 and (StandardIm [...]
overloading	fill	fill-crossed	component FortressLibrary	overloading	FortressLibrary.fss:1937,FortressLibrary.fss:2005	Invalid overloading of fill in trait Array3: (Array[\T,(ZZ32, ZZ32, ZZ32)\], (ZZ32, ZZ32, ZZ32)->T)->Array[\T,(ZZ32, ZZ32, ZZ32)\] @ FortressLibrary.fss:1937:5- [...]
overloading	fill	fill-crossed	component FortressLibrary	overloading	FortressLibrary.fss:1937,FortressLibrary.fss:2005	Invalid overloading of fill in trait Col: (Array[\T,ZZ32\], ZZ32->T)->Array[\T,ZZ32\] @ FortressLibrary.fss:1937:5-29 and (StandardImmutableArrayType[\Array1[\T [...]
overloading	fill	fill-crossed	component FortressLibrary	overloading	FortressLibrary.fss:1937,FortressLibrary.fss:2005	Invalid overloading of fill in trait Row: (Array[\T,ZZ32\], ZZ32->T)->Array[\T,ZZ32\] @ FortressLibrary.fss:1937:5-29 and (StandardImmutableArrayType[\Array1[\T [...]
overloading	fill	fill-crossed	component FortressLibrary	overloading	FortressLibrary.fss:1937,FortressLibrary.fss:2005	Invalid overloading of fill in trait StandardMutableArrayType: (Array[\E,I\], I->E)->Array[\E,I\] @ FortressLibrary.fss:1937:5-29 and (StandardImmutableArrayTyp [...]
overloading	fill	fill-crossed	component FortressLibrary	overloading	FortressLibrary.fss:1937,FortressLibrary.fss:2005	Invalid overloading of fill in trait SubArray2: (Array[\T,(ZZ32, ZZ32)\], (ZZ32, ZZ32)->T)->Array[\T,(ZZ32, ZZ32)\] @ FortressLibrary.fss:1937:5-29 and (Standar [...]
overloading	fill	fill-crossed	component FortressLibrary	overloading	FortressLibrary.fss:1937,FortressLibrary.fss:2005	Invalid overloading of fill in trait SubArray3: (Array[\T,(ZZ32, ZZ32, ZZ32)\], (ZZ32, ZZ32, ZZ32)->T)->Array[\T,(ZZ32, ZZ32, ZZ32)\] @ FortressLibrary.fss:1937 [...]
overloading	fill	fill-crossed	component FortressLibrary	overloading	FortressLibrary.fss:1937,FortressLibrary.fss:2005	Invalid overloading of fill in trait TransposedArray2: (Array[\T,(ZZ32, ZZ32)\], (ZZ32, ZZ32)->T)->Array[\T,(ZZ32, ZZ32)\] @ FortressLibrary.fss:1937:5-29 and ( [...]
overloading	fill	fill-crossed	component FortressLibrary	overloading	FortressLibrary.fss:1937,FortressLibrary.fss:2005	Invalid overloading of fill in trait TransposedMatrix: (Array[\T,(ZZ32, ZZ32)\], (ZZ32, ZZ32)->T)->Array[\T,(ZZ32, ZZ32)\] @ FortressLibrary.fss:1937:5-29 and ( [...]
overloading	fill	fill-crossed	component FortressLibrary	overloading	FortressLibrary.fss:1937,FortressLibrary.fss:2005	Invalid overloading of fill in trait __DefaultArray2: (Array[\T,(ZZ32, ZZ32)\], (ZZ32, ZZ32)->T)->Array[\T,(ZZ32, ZZ32)\] @ FortressLibrary.fss:1937:5-29 and (S [...]
overloading	fill	fill-crossed	component FortressLibrary	overloading	FortressLibrary.fss:1937,FortressLibrary.fss:2005	Invalid overloading of fill in trait __DefaultArray3: (Array[\T,(ZZ32, ZZ32, ZZ32)\], (ZZ32, ZZ32, ZZ32)->T)->Array[\T,(ZZ32, ZZ32, ZZ32)\] @ FortressLibrary.fs [...]
overloading	fill	fill-crossed	component FortressLibrary	overloading	FortressLibrary.fss:1937,FortressLibrary.fss:2005	Invalid overloading of fill in trait __DefaultMatrix: (Array[\T,(ZZ32, ZZ32)\], (ZZ32, ZZ32)->T)->Array[\T,(ZZ32, ZZ32)\] @ FortressLibrary.fss:1937:5-29 and (S [...]
overloading	fill	fill-crossed	component FortressLibrary	overloading	FortressLibrary.fss:1937,FortressLibrary.fss:2005	Invalid overloading of fill in trait __DefaultVector: (Array[\T,ZZ32\], ZZ32->T)->Array[\T,ZZ32\] @ FortressLibrary.fss:1937:5-29 and (StandardImmutableArrayTyp [...]
overloading	fill	fill-crossed	component FortressLibrary	overloading	FortressLibrary.fss:1937,FortressLibrary.fss:2005	Invalid overloading of fill in trait __SimpleSubArray1: (Array[\T,ZZ32\], ZZ32->T)->Array[\T,ZZ32\] @ FortressLibrary.fss:1937:5-29 and (StandardImmutableArrayT [...]
overloading	fill	fill-crossed	component FortressLibrary	overloading	FortressLibrary.fss:1938,FortressLibrary.fss:2001	Invalid overloading of fill in trait Array1: (Array[\T,ZZ32\], T)->Array[\T,ZZ32\] @ FortressLibrary.fss:1938:5-26 and (StandardImmutableArrayType[\Array1[\T,b0 [...]
overloading	fill	fill-crossed	component FortressLibrary	overloading	FortressLibrary.fss:1938,FortressLibrary.fss:2001	Invalid overloading of fill in trait Array2: (Array[\T,(ZZ32, ZZ32)\], T)->Array[\T,(ZZ32, ZZ32)\] @ FortressLibrary.fss:1938:5-26 and (StandardImmutableArrayTy [...]
overloading	fill	fill-crossed	component FortressLibrary	overloading	FortressLibrary.fss:1938,FortressLibrary.fss:2001	Invalid overloading of fill in trait Array3: (Array[\T,(ZZ32, ZZ32, ZZ32)\], T)->Array[\T,(ZZ32, ZZ32, ZZ32)\] @ FortressLibrary.fss:1938:5-26 and (StandardImmu [...]
overloading	fill	fill-crossed	component FortressLibrary	overloading	FortressLibrary.fss:1938,FortressLibrary.fss:2001	Invalid overloading of fill in trait Col: (Array[\T,ZZ32\], T)->Array[\T,ZZ32\] @ FortressLibrary.fss:1938:5-26 and (StandardImmutableArrayType[\Array1[\T,b0,s0 [...]
overloading	fill	fill-crossed	component FortressLibrary	overloading	FortressLibrary.fss:1938,FortressLibrary.fss:2001	Invalid overloading of fill in trait Row: (Array[\T,ZZ32\], T)->Array[\T,ZZ32\] @ FortressLibrary.fss:1938:5-26 and (StandardImmutableArrayType[\Array1[\T,b1,s1 [...]
overloading	fill	fill-crossed	component FortressLibrary	overloading	FortressLibrary.fss:1938,FortressLibrary.fss:2001	Invalid overloading of fill in trait StandardMutableArrayType: (Array[\E,I\], E)->Array[\E,I\] @ FortressLibrary.fss:1938:5-26 and (StandardImmutableArrayType[\ [...]
overloading	fill	fill-crossed	component FortressLibrary	overloading	FortressLibrary.fss:1938,FortressLibrary.fss:2001	Invalid overloading of fill in trait SubArray2: (Array[\T,(ZZ32, ZZ32)\], T)->Array[\T,(ZZ32, ZZ32)\] @ FortressLibrary.fss:1938:5-26 and (StandardImmutableArra [...]
overloading	fill	fill-crossed	component FortressLibrary	overloading	FortressLibrary.fss:1938,FortressLibrary.fss:2001	Invalid overloading of fill in trait SubArray3: (Array[\T,(ZZ32, ZZ32, ZZ32)\], T)->Array[\T,(ZZ32, ZZ32, ZZ32)\] @ FortressLibrary.fss:1938:5-26 and (StandardI [...]
overloading	fill	fill-crossed	component FortressLibrary	overloading	FortressLibrary.fss:1938,FortressLibrary.fss:2001	Invalid overloading of fill in trait TransposedArray2: (Array[\T,(ZZ32, ZZ32)\], T)->Array[\T,(ZZ32, ZZ32)\] @ FortressLibrary.fss:1938:5-26 and (StandardImmuta [...]
overloading	fill	fill-crossed	component FortressLibrary	overloading	FortressLibrary.fss:1938,FortressLibrary.fss:2001	Invalid overloading of fill in trait TransposedMatrix: (Array[\T,(ZZ32, ZZ32)\], T)->Array[\T,(ZZ32, ZZ32)\] @ FortressLibrary.fss:1938:5-26 and (StandardImmuta [...]
overloading	fill	fill-crossed	component FortressLibrary	overloading	FortressLibrary.fss:1938,FortressLibrary.fss:2001	Invalid overloading of fill in trait __DefaultArray2: (Array[\T,(ZZ32, ZZ32)\], T)->Array[\T,(ZZ32, ZZ32)\] @ FortressLibrary.fss:1938:5-26 and (StandardImmutab [...]
overloading	fill	fill-crossed	component FortressLibrary	overloading	FortressLibrary.fss:1938,FortressLibrary.fss:2001	Invalid overloading of fill in trait __DefaultArray3: (Array[\T,(ZZ32, ZZ32, ZZ32)\], T)->Array[\T,(ZZ32, ZZ32, ZZ32)\] @ FortressLibrary.fss:1938:5-26 and (Sta [...]
overloading	fill	fill-crossed	component FortressLibrary	overloading	FortressLibrary.fss:1938,FortressLibrary.fss:2001	Invalid overloading of fill in trait __DefaultMatrix: (Array[\T,(ZZ32, ZZ32)\], T)->Array[\T,(ZZ32, ZZ32)\] @ FortressLibrary.fss:1938:5-26 and (StandardImmutab [...]
overloading	fill	fill-crossed	component FortressLibrary	overloading	FortressLibrary.fss:1938,FortressLibrary.fss:2001	Invalid overloading of fill in trait __DefaultVector: (Array[\T,ZZ32\], T)->Array[\T,ZZ32\] @ FortressLibrary.fss:1938:5-26 and (StandardImmutableArrayType[\Arr [...]
overloading	fill	fill-crossed	component FortressLibrary	overloading	FortressLibrary.fss:1938,FortressLibrary.fss:2001	Invalid overloading of fill in trait __SimpleSubArray1: (Array[\T,ZZ32\], T)->Array[\T,ZZ32\] @ FortressLibrary.fss:1938:5-26 and (StandardImmutableArrayType[\A [...]
overloading	fill	fill-crossed	component FortressLibrary	overloading	FortressLibrary.fss:2001,FortressLibrary.fss:2005	Invalid overloading of fill in trait Array1: (StandardImmutableArrayType[\Array1[\T,b0,s0\],T,ZZ32\], T)->Array1[\T,b0,s0\] @ FortressLibrary.fss:2005:5-2008:8  [...]
overloading	fill	fill-crossed	component FortressLibrary	overloading	FortressLibrary.fss:2001,FortressLibrary.fss:2005	Invalid overloading of fill in trait Array2: (StandardImmutableArrayType[\Array2[\T,b0,s0,b1,s1\],T,(ZZ32, ZZ32)\], (ZZ32, ZZ32)->T)->Array2[\T,b0,s0,b1,s1\] @  [...]
overloading	fill	fill-crossed	component FortressLibrary	overloading	FortressLibrary.fss:2001,FortressLibrary.fss:2005	Invalid overloading of fill in trait Array3: (StandardImmutableArrayType[\Array3[\T,b0,s0,b1,s1,b2,s2\],T,(ZZ32, ZZ32, ZZ32)\], (ZZ32, ZZ32, ZZ32)->T)->Array3[\ [...]
overloading	fill	fill-crossed	component FortressLibrary	overloading	FortressLibrary.fss:2001,FortressLibrary.fss:2005	Invalid overloading of fill in trait Col: (StandardImmutableArrayType[\Array1[\T,b0,s0\],T,ZZ32\], T)->Array1[\T,b0,s0\] @ FortressLibrary.fss:2005:5-2008:8 and [...]
overloading	fill	fill-crossed	component FortressLibrary	overloading	FortressLibrary.fss:2001,FortressLibrary.fss:2005	Invalid overloading of fill in trait ImmutableArray1: (StandardImmutableArrayType[\ImmutableArray1[\T,b0,s0\],T,ZZ32\], T)->ImmutableArray1[\T,b0,s0\] @ Fortres [...]
overloading	fill	fill-crossed	component FortressLibrary	overloading	FortressLibrary.fss:2001,FortressLibrary.fss:2005	Invalid overloading of fill in trait Row: (StandardImmutableArrayType[\Array1[\T,b1,s1\],T,ZZ32\], T)->Array1[\T,b1,s1\] @ FortressLibrary.fss:2005:5-2008:8 and [...]
overloading	fill	fill-crossed	component FortressLibrary	overloading	FortressLibrary.fss:2001,FortressLibrary.fss:2005	Invalid overloading of fill in trait StandardImmutableArrayType: (StandardImmutableArrayType[\T,E,I\], E)->T @ FortressLibrary.fss:2005:5-2008:8 and (StandardIm [...]
overloading	fill	fill-crossed	component FortressLibrary	overloading	FortressLibrary.fss:2001,FortressLibrary.fss:2005	Invalid overloading of fill in trait StandardMutableArrayType: (StandardImmutableArrayType[\T,E,I\], E)->T @ FortressLibrary.fss:2005:5-2008:8 and (StandardImmu [...]
overloading	fill	fill-crossed	component FortressLibrary	overloading	FortressLibrary.fss:2001,FortressLibrary.fss:2005	Invalid overloading of fill in trait SubArray2: (StandardImmutableArrayType[\Array2[\T,b0,s0,b1,s1\],T,(ZZ32, ZZ32)\], (ZZ32, ZZ32)->T)->Array2[\T,b0,s0,b1,s1\] [...]
overloading	fill	fill-crossed	component FortressLibrary	overloading	FortressLibrary.fss:2001,FortressLibrary.fss:2005	Invalid overloading of fill in trait SubArray3: (StandardImmutableArrayType[\Array3[\T,b0,s0,b1,s1,b2,s2\],T,(ZZ32, ZZ32, ZZ32)\], (ZZ32, ZZ32, ZZ32)->T)->Array [...]
overloading	fill	fill-crossed	component FortressLibrary	overloading	FortressLibrary.fss:2001,FortressLibrary.fss:2005	Invalid overloading of fill in trait TransposedArray2: (StandardImmutableArrayType[\Array2[\T,b0,s0,b1,s1\],T,(ZZ32, ZZ32)\], (ZZ32, ZZ32)->T)->Array2[\T,b0,s0, [...]
overloading	fill	fill-crossed	component FortressLibrary	overloading	FortressLibrary.fss:2001,FortressLibrary.fss:2005	Invalid overloading of fill in trait TransposedMatrix: (StandardImmutableArrayType[\Array2[\T,0,s0,0,s1\],T,(ZZ32, ZZ32)\], (ZZ32, ZZ32)->T)->Array2[\T,0,s0,0,s [...]
overloading	fill	fill-crossed	component FortressLibrary	overloading	FortressLibrary.fss:2001,FortressLibrary.fss:2005	Invalid overloading of fill in trait __DefaultArray2: (StandardImmutableArrayType[\Array2[\T,b0,s0,b1,s1\],T,(ZZ32, ZZ32)\], (ZZ32, ZZ32)->T)->Array2[\T,b0,s0,b [...]
overloading	fill	fill-crossed	component FortressLibrary	overloading	FortressLibrary.fss:2001,FortressLibrary.fss:2005	Invalid overloading of fill in trait __DefaultArray3: (StandardImmutableArrayType[\Array3[\T,b0,s0,b1,s1,b2,s2\],T,(ZZ32, ZZ32, ZZ32)\], (ZZ32, ZZ32, ZZ32)->T)- [...]
overloading	fill	fill-crossed	component FortressLibrary	overloading	FortressLibrary.fss:2001,FortressLibrary.fss:2005	Invalid overloading of fill in trait __DefaultMatrix: (StandardImmutableArrayType[\Array2[\T,0,s0,0,s1\],T,(ZZ32, ZZ32)\], (ZZ32, ZZ32)->T)->Array2[\T,0,s0,0,s1 [...]
overloading	fill	fill-crossed	component FortressLibrary	overloading	FortressLibrary.fss:2001,FortressLibrary.fss:2005	Invalid overloading of fill in trait __DefaultVector: (StandardImmutableArrayType[\Array1[\T,0,s0\],T,ZZ32\], T)->Array1[\T,0,s0\] @ FortressLibrary.fss:2005:5- [...]
overloading	fill	fill-crossed	component FortressLibrary	overloading	FortressLibrary.fss:2001,FortressLibrary.fss:2005	Invalid overloading of fill in trait __ImmutableSubArray1: (StandardImmutableArrayType[\ImmutableArray1[\T,b0,s0\],T,ZZ32\], T)->ImmutableArray1[\T,b0,s0\] @ Fo [...]
overloading	fill	fill-crossed	component FortressLibrary	overloading	FortressLibrary.fss:2001,FortressLibrary.fss:2005	Invalid overloading of fill in trait __SimpleSubArray1: (StandardImmutableArrayType[\Array1[\T,b0,s0\],T,ZZ32\], T)->Array1[\T,b0,s0\] @ FortressLibrary.fss:200 [...]
overloading	fill	fill-same	api FortressLibrary	overloading	FortressLibrary.fsi:1339,FortressLibrary.fsi:1391	Invalid overloading of fill in trait ImmutableArray1: (ImmutableArray[\T,ZZ32\], ZZ32->T)->ImmutableArray[\T,ZZ32\] @ FortressLibrary.fsi:1339:5-47 and (Standar [...]
overloading	fill	fill-same	api FortressLibrary	overloading	FortressLibrary.fsi:1340,FortressLibrary.fsi:1392	Invalid overloading of fill in trait ImmutableArray1: (ImmutableArray[\T,ZZ32\], T)->ImmutableArray[\T,ZZ32\] @ FortressLibrary.fsi:1340:5-44 and (StandardImmut [...]
overloading	fill	fill-same	api FortressLibrary	overloading	FortressLibrary.fsi:1359,FortressLibrary.fsi:1391	Invalid overloading of fill in trait Array1: (Array[\T,ZZ32\], ZZ32->T)->Array[\T,ZZ32\] @ FortressLibrary.fsi:1359:5-38 and (StandardImmutableArrayType[\Array1 [...]
overloading	fill	fill-same	api FortressLibrary	overloading	FortressLibrary.fsi:1359,FortressLibrary.fsi:1391	Invalid overloading of fill in trait Array2: (Array[\T,(ZZ32, ZZ32)\], (ZZ32, ZZ32)->T)->Array[\T,(ZZ32, ZZ32)\] @ FortressLibrary.fsi:1359:5-38 and (StandardIm [...]
overloading	fill	fill-same	api FortressLibrary	overloading	FortressLibrary.fsi:1359,FortressLibrary.fsi:1391	Invalid overloading of fill in trait Array3: (Array[\T,(ZZ32, ZZ32, ZZ32)\], (ZZ32, ZZ32, ZZ32)->T)->Array[\T,(ZZ32, ZZ32, ZZ32)\] @ FortressLibrary.fsi:1359:5- [...]
overloading	fill	fill-same	api FortressLibrary	overloading	FortressLibrary.fsi:1359,FortressLibrary.fsi:1391	Invalid overloading of fill in trait Matrix: (Array[\T,(ZZ32, ZZ32)\], (ZZ32, ZZ32)->T)->Array[\T,(ZZ32, ZZ32)\] @ FortressLibrary.fsi:1359:5-38 and (StandardIm [...]
overloading	fill	fill-same	api FortressLibrary	overloading	FortressLibrary.fsi:1359,FortressLibrary.fsi:1391	Invalid overloading of fill in trait StandardMutableArrayType: (Array[\E,I\], I->E)->Array[\E,I\] @ FortressLibrary.fsi:1359:5-38 and (StandardImmutableArrayTyp [...]
overloading	fill	fill-same	api FortressLibrary	overloading	FortressLibrary.fsi:1359,FortressLibrary.fsi:1391	Invalid overloading of fill in trait Vector: (Array[\T,ZZ32\], ZZ32->T)->Array[\T,ZZ32\] @ FortressLibrary.fsi:1359:5-38 and (StandardImmutableArrayType[\Array1 [...]
overloading	fill	fill-same	api FortressLibrary	overloading	FortressLibrary.fsi:1360,FortressLibrary.fsi:1392	Invalid overloading of fill in trait Array1: (Array[\T,ZZ32\], T)->Array[\T,ZZ32\] @ FortressLibrary.fsi:1360:5-35 and (StandardImmutableArrayType[\Array1[\T,b0 [...]
overloading	fill	fill-same	api FortressLibrary	overloading	FortressLibrary.fsi:1360,FortressLibrary.fsi:1392	Invalid overloading of fill in trait Array2: (Array[\T,(ZZ32, ZZ32)\], T)->Array[\T,(ZZ32, ZZ32)\] @ FortressLibrary.fsi:1360:5-35 and (StandardImmutableArrayTy [...]
overloading	fill	fill-same	api FortressLibrary	overloading	FortressLibrary.fsi:1360,FortressLibrary.fsi:1392	Invalid overloading of fill in trait Array3: (Array[\T,(ZZ32, ZZ32, ZZ32)\], T)->Array[\T,(ZZ32, ZZ32, ZZ32)\] @ FortressLibrary.fsi:1360:5-35 and (StandardImmu [...]
overloading	fill	fill-same	api FortressLibrary	overloading	FortressLibrary.fsi:1360,FortressLibrary.fsi:1392	Invalid overloading of fill in trait Matrix: (Array[\T,(ZZ32, ZZ32)\], T)->Array[\T,(ZZ32, ZZ32)\] @ FortressLibrary.fsi:1360:5-35 and (StandardImmutableArrayTy [...]
overloading	fill	fill-same	api FortressLibrary	overloading	FortressLibrary.fsi:1360,FortressLibrary.fsi:1392	Invalid overloading of fill in trait StandardMutableArrayType: (Array[\E,I\], E)->Array[\E,I\] @ FortressLibrary.fsi:1360:5-35 and (StandardImmutableArrayType[\ [...]
overloading	fill	fill-same	api FortressLibrary	overloading	FortressLibrary.fsi:1360,FortressLibrary.fsi:1392	Invalid overloading of fill in trait Vector: (Array[\T,ZZ32\], T)->Array[\T,ZZ32\] @ FortressLibrary.fsi:1360:5-35 and (StandardImmutableArrayType[\Array1[\T,0, [...]
overloading	fill	fill-same	api NativeArray	overloading	FortressLibrary.fsi:1339,FortressLibrary.fsi:1391	Invalid overloading of fill in trait PrimImmutableArray: (ImmutableArray[\T,ZZ32\], ZZ32->T)->ImmutableArray[\T,ZZ32\] @ FortressLibrary.fsi:1339:5-47 and (Stan [...]
overloading	fill	fill-same	api NativeArray	overloading	FortressLibrary.fsi:1340,FortressLibrary.fsi:1392	Invalid overloading of fill in trait PrimImmutableArray: (ImmutableArray[\T,ZZ32\], T)->ImmutableArray[\T,ZZ32\] @ FortressLibrary.fsi:1340:5-44 and (StandardIm [...]
overloading	fill	fill-same	api NativeArray	overloading	FortressLibrary.fsi:1359,FortressLibrary.fsi:1391	Invalid overloading of fill in trait PrimitiveArray: (Array[\T,ZZ32\], ZZ32->T)->Array[\T,ZZ32\] @ FortressLibrary.fsi:1359:5-38 and (StandardImmutableArrayType [...]
overloading	fill	fill-same	api NativeArray	overloading	FortressLibrary.fsi:1360,FortressLibrary.fsi:1392	Invalid overloading of fill in trait PrimitiveArray: (Array[\T,ZZ32\], T)->Array[\T,ZZ32\] @ FortressLibrary.fsi:1360:5-35 and (StandardImmutableArrayType[\Arra [...]
overloading	fill	fill-same	component FortressLibrary	overloading	FortressLibrary.fss:1904,FortressLibrary.fss:2001	Invalid overloading of fill in trait ImmutableArray1: (ImmutableArray[\T,ZZ32\], ZZ32->T)->ImmutableArray[\T,ZZ32\] @ FortressLibrary.fss:1904:5-38 and (Standar [...]
overloading	fill	fill-same	component FortressLibrary	overloading	FortressLibrary.fss:1904,FortressLibrary.fss:2001	Invalid overloading of fill in trait __ImmutableSubArray1: (ImmutableArray[\T,ZZ32\], ZZ32->T)->ImmutableArray[\T,ZZ32\] @ FortressLibrary.fss:1904:5-38 and (St [...]
overloading	fill	fill-same	component FortressLibrary	overloading	FortressLibrary.fss:1905,FortressLibrary.fss:2005	Invalid overloading of fill in trait ImmutableArray1: (ImmutableArray[\T,ZZ32\], T)->ImmutableArray[\T,ZZ32\] @ FortressLibrary.fss:1905:5-35 and (StandardImmut [...]
overloading	fill	fill-same	component FortressLibrary	overloading	FortressLibrary.fss:1905,FortressLibrary.fss:2005	Invalid overloading of fill in trait __ImmutableSubArray1: (ImmutableArray[\T,ZZ32\], T)->ImmutableArray[\T,ZZ32\] @ FortressLibrary.fss:1905:5-35 and (Standard [...]
overloading	fill	fill-same	component FortressLibrary	overloading	FortressLibrary.fss:1937,FortressLibrary.fss:2001	Invalid overloading of fill in trait Array1: (Array[\T,ZZ32\], ZZ32->T)->Array[\T,ZZ32\] @ FortressLibrary.fss:1937:5-29 and (StandardImmutableArrayType[\Array1 [...]
overloading	fill	fill-same	component FortressLibrary	overloading	FortressLibrary.fss:1937,FortressLibrary.fss:2001	Invalid overloading of fill in trait Array2: (Array[\T,(ZZ32, ZZ32)\], (ZZ32, ZZ32)->T)->Array[\T,(ZZ32, ZZ32)\] @ FortressLibrary.fss:1937:5-29 and (StandardIm [...]
overloading	fill	fill-same	component FortressLibrary	overloading	FortressLibrary.fss:1937,FortressLibrary.fss:2001	Invalid overloading of fill in trait Array3: (Array[\T,(ZZ32, ZZ32, ZZ32)\], (ZZ32, ZZ32, ZZ32)->T)->Array[\T,(ZZ32, ZZ32, ZZ32)\] @ FortressLibrary.fss:1937:5- [...]
overloading	fill	fill-same	component FortressLibrary	overloading	FortressLibrary.fss:1937,FortressLibrary.fss:2001	Invalid overloading of fill in trait Col: (Array[\T,ZZ32\], ZZ32->T)->Array[\T,ZZ32\] @ FortressLibrary.fss:1937:5-29 and (StandardImmutableArrayType[\Array1[\T [...]
overloading	fill	fill-same	component FortressLibrary	overloading	FortressLibrary.fss:1937,FortressLibrary.fss:2001	Invalid overloading of fill in trait Matrix: (Array[\T,(ZZ32, ZZ32)\], (ZZ32, ZZ32)->T)->Array[\T,(ZZ32, ZZ32)\] @ FortressLibrary.fss:1937:5-29 and (StandardIm [...]
overloading	fill	fill-same	component FortressLibrary	overloading	FortressLibrary.fss:1937,FortressLibrary.fss:2001	Invalid overloading of fill in trait Row: (Array[\T,ZZ32\], ZZ32->T)->Array[\T,ZZ32\] @ FortressLibrary.fss:1937:5-29 and (StandardImmutableArrayType[\Array1[\T [...]
overloading	fill	fill-same	component FortressLibrary	overloading	FortressLibrary.fss:1937,FortressLibrary.fss:2001	Invalid overloading of fill in trait StandardMutableArrayType: (Array[\E,I\], I->E)->Array[\E,I\] @ FortressLibrary.fss:1937:5-29 and (StandardImmutableArrayTyp [...]
overloading	fill	fill-same	component FortressLibrary	overloading	FortressLibrary.fss:1937,FortressLibrary.fss:2001	Invalid overloading of fill in trait SubArray2: (Array[\T,(ZZ32, ZZ32)\], (ZZ32, ZZ32)->T)->Array[\T,(ZZ32, ZZ32)\] @ FortressLibrary.fss:1937:5-29 and (Standar [...]
overloading	fill	fill-same	component FortressLibrary	overloading	FortressLibrary.fss:1937,FortressLibrary.fss:2001	Invalid overloading of fill in trait SubArray3: (Array[\T,(ZZ32, ZZ32, ZZ32)\], (ZZ32, ZZ32, ZZ32)->T)->Array[\T,(ZZ32, ZZ32, ZZ32)\] @ FortressLibrary.fss:1937 [...]
overloading	fill	fill-same	component FortressLibrary	overloading	FortressLibrary.fss:1937,FortressLibrary.fss:2001	Invalid overloading of fill in trait TransposedArray2: (Array[\T,(ZZ32, ZZ32)\], (ZZ32, ZZ32)->T)->Array[\T,(ZZ32, ZZ32)\] @ FortressLibrary.fss:1937:5-29 and ( [...]
overloading	fill	fill-same	component FortressLibrary	overloading	FortressLibrary.fss:1937,FortressLibrary.fss:2001	Invalid overloading of fill in trait TransposedMatrix: (Array[\T,(ZZ32, ZZ32)\], (ZZ32, ZZ32)->T)->Array[\T,(ZZ32, ZZ32)\] @ FortressLibrary.fss:1937:5-29 and ( [...]
overloading	fill	fill-same	component FortressLibrary	overloading	FortressLibrary.fss:1937,FortressLibrary.fss:2001	Invalid overloading of fill in trait Vector: (Array[\T,ZZ32\], ZZ32->T)->Array[\T,ZZ32\] @ FortressLibrary.fss:1937:5-29 and (StandardImmutableArrayType[\Array1 [...]
overloading	fill	fill-same	component FortressLibrary	overloading	FortressLibrary.fss:1937,FortressLibrary.fss:2001	Invalid overloading of fill in trait __DefaultArray2: (Array[\T,(ZZ32, ZZ32)\], (ZZ32, ZZ32)->T)->Array[\T,(ZZ32, ZZ32)\] @ FortressLibrary.fss:1937:5-29 and (S [...]
overloading	fill	fill-same	component FortressLibrary	overloading	FortressLibrary.fss:1937,FortressLibrary.fss:2001	Invalid overloading of fill in trait __DefaultArray3: (Array[\T,(ZZ32, ZZ32, ZZ32)\], (ZZ32, ZZ32, ZZ32)->T)->Array[\T,(ZZ32, ZZ32, ZZ32)\] @ FortressLibrary.fs [...]
overloading	fill	fill-same	component FortressLibrary	overloading	FortressLibrary.fss:1937,FortressLibrary.fss:2001	Invalid overloading of fill in trait __DefaultMatrix: (Array[\T,(ZZ32, ZZ32)\], (ZZ32, ZZ32)->T)->Array[\T,(ZZ32, ZZ32)\] @ FortressLibrary.fss:1937:5-29 and (S [...]
overloading	fill	fill-same	component FortressLibrary	overloading	FortressLibrary.fss:1937,FortressLibrary.fss:2001	Invalid overloading of fill in trait __DefaultVector: (Array[\T,ZZ32\], ZZ32->T)->Array[\T,ZZ32\] @ FortressLibrary.fss:1937:5-29 and (StandardImmutableArrayTyp [...]
overloading	fill	fill-same	component FortressLibrary	overloading	FortressLibrary.fss:1937,FortressLibrary.fss:2001	Invalid overloading of fill in trait __SimpleSubArray1: (Array[\T,ZZ32\], ZZ32->T)->Array[\T,ZZ32\] @ FortressLibrary.fss:1937:5-29 and (StandardImmutableArrayT [...]
overloading	fill	fill-same	component FortressLibrary	overloading	FortressLibrary.fss:1938,FortressLibrary.fss:2005	Invalid overloading of fill in trait Array1: (Array[\T,ZZ32\], T)->Array[\T,ZZ32\] @ FortressLibrary.fss:1938:5-26 and (StandardImmutableArrayType[\Array1[\T,b0 [...]
overloading	fill	fill-same	component FortressLibrary	overloading	FortressLibrary.fss:1938,FortressLibrary.fss:2005	Invalid overloading of fill in trait Array2: (Array[\T,(ZZ32, ZZ32)\], T)->Array[\T,(ZZ32, ZZ32)\] @ FortressLibrary.fss:1938:5-26 and (StandardImmutableArrayTy [...]
overloading	fill	fill-same	component FortressLibrary	overloading	FortressLibrary.fss:1938,FortressLibrary.fss:2005	Invalid overloading of fill in trait Array3: (Array[\T,(ZZ32, ZZ32, ZZ32)\], T)->Array[\T,(ZZ32, ZZ32, ZZ32)\] @ FortressLibrary.fss:1938:5-26 and (StandardImmu [...]
overloading	fill	fill-same	component FortressLibrary	overloading	FortressLibrary.fss:1938,FortressLibrary.fss:2005	Invalid overloading of fill in trait Col: (Array[\T,ZZ32\], T)->Array[\T,ZZ32\] @ FortressLibrary.fss:1938:5-26 and (StandardImmutableArrayType[\Array1[\T,b0,s0 [...]
overloading	fill	fill-same	component FortressLibrary	overloading	FortressLibrary.fss:1938,FortressLibrary.fss:2005	Invalid overloading of fill in trait Matrix: (Array[\T,(ZZ32, ZZ32)\], T)->Array[\T,(ZZ32, ZZ32)\] @ FortressLibrary.fss:1938:5-26 and (StandardImmutableArrayTy [...]
overloading	fill	fill-same	component FortressLibrary	overloading	FortressLibrary.fss:1938,FortressLibrary.fss:2005	Invalid overloading of fill in trait Row: (Array[\T,ZZ32\], T)->Array[\T,ZZ32\] @ FortressLibrary.fss:1938:5-26 and (StandardImmutableArrayType[\Array1[\T,b1,s1 [...]
overloading	fill	fill-same	component FortressLibrary	overloading	FortressLibrary.fss:1938,FortressLibrary.fss:2005	Invalid overloading of fill in trait StandardMutableArrayType: (Array[\E,I\], E)->Array[\E,I\] @ FortressLibrary.fss:1938:5-26 and (StandardImmutableArrayType[\ [...]
overloading	fill	fill-same	component FortressLibrary	overloading	FortressLibrary.fss:1938,FortressLibrary.fss:2005	Invalid overloading of fill in trait SubArray2: (Array[\T,(ZZ32, ZZ32)\], T)->Array[\T,(ZZ32, ZZ32)\] @ FortressLibrary.fss:1938:5-26 and (StandardImmutableArra [...]
overloading	fill	fill-same	component FortressLibrary	overloading	FortressLibrary.fss:1938,FortressLibrary.fss:2005	Invalid overloading of fill in trait SubArray3: (Array[\T,(ZZ32, ZZ32, ZZ32)\], T)->Array[\T,(ZZ32, ZZ32, ZZ32)\] @ FortressLibrary.fss:1938:5-26 and (StandardI [...]
overloading	fill	fill-same	component FortressLibrary	overloading	FortressLibrary.fss:1938,FortressLibrary.fss:2005	Invalid overloading of fill in trait TransposedArray2: (Array[\T,(ZZ32, ZZ32)\], T)->Array[\T,(ZZ32, ZZ32)\] @ FortressLibrary.fss:1938:5-26 and (StandardImmuta [...]
overloading	fill	fill-same	component FortressLibrary	overloading	FortressLibrary.fss:1938,FortressLibrary.fss:2005	Invalid overloading of fill in trait TransposedMatrix: (Array[\T,(ZZ32, ZZ32)\], T)->Array[\T,(ZZ32, ZZ32)\] @ FortressLibrary.fss:1938:5-26 and (StandardImmuta [...]
overloading	fill	fill-same	component FortressLibrary	overloading	FortressLibrary.fss:1938,FortressLibrary.fss:2005	Invalid overloading of fill in trait Vector: (Array[\T,ZZ32\], T)->Array[\T,ZZ32\] @ FortressLibrary.fss:1938:5-26 and (StandardImmutableArrayType[\Array1[\T,0, [...]
overloading	fill	fill-same	component FortressLibrary	overloading	FortressLibrary.fss:1938,FortressLibrary.fss:2005	Invalid overloading of fill in trait __DefaultArray2: (Array[\T,(ZZ32, ZZ32)\], T)->Array[\T,(ZZ32, ZZ32)\] @ FortressLibrary.fss:1938:5-26 and (StandardImmutab [...]
overloading	fill	fill-same	component FortressLibrary	overloading	FortressLibrary.fss:1938,FortressLibrary.fss:2005	Invalid overloading of fill in trait __DefaultArray3: (Array[\T,(ZZ32, ZZ32, ZZ32)\], T)->Array[\T,(ZZ32, ZZ32, ZZ32)\] @ FortressLibrary.fss:1938:5-26 and (Sta [...]
overloading	fill	fill-same	component FortressLibrary	overloading	FortressLibrary.fss:1938,FortressLibrary.fss:2005	Invalid overloading of fill in trait __DefaultMatrix: (Array[\T,(ZZ32, ZZ32)\], T)->Array[\T,(ZZ32, ZZ32)\] @ FortressLibrary.fss:1938:5-26 and (StandardImmutab [...]
overloading	fill	fill-same	component FortressLibrary	overloading	FortressLibrary.fss:1938,FortressLibrary.fss:2005	Invalid overloading of fill in trait __DefaultVector: (Array[\T,ZZ32\], T)->Array[\T,ZZ32\] @ FortressLibrary.fss:1938:5-26 and (StandardImmutableArrayType[\Arr [...]
overloading	fill	fill-same	component FortressLibrary	overloading	FortressLibrary.fss:1938,FortressLibrary.fss:2005	Invalid overloading of fill in trait __SimpleSubArray1: (Array[\T,ZZ32\], T)->Array[\T,ZZ32\] @ FortressLibrary.fss:1938:5-26 and (StandardImmutableArrayType[\A [...]
overloading	generate	same-sparams	api FortressLibrary	overloading	FortressLibrary.fsi:646,FortressLibrary.fsi:811	Invalid overloading of generate in trait NoReductionPair: [\G\](Condition[\SomeReductionPair[\R\]\], Reduction[\G\], SomeReductionPair[\R\]->G)->G @ FortressLib [...]
overloading	generate	same-sparams	api FortressLibrary	overloading	FortressLibrary.fsi:646,FortressLibrary.fsi:811	Invalid overloading of generate in trait PossibleReductionPair: [\G\](Condition[\SomeReductionPair[\R\]\], Reduction[\G\], SomeReductionPair[\R\]->G)->G @ Fortr [...]
overloading	generate	same-sparams	api FortressLibrary	overloading	FortressLibrary.fsi:646,FortressLibrary.fsi:811	Invalid overloading of generate in trait ReductionPair: [\G\](Condition[\SomeReductionPair[\R\]\], Reduction[\G\], SomeReductionPair[\R\]->G)->G @ FortressLibra [...]
overloading	generate	same-sparams	api FortressLibrary	overloading	FortressLibrary.fsi:646,FortressLibrary.fsi:811	Invalid overloading of generate in trait SomeReductionPair: [\G\](Condition[\SomeReductionPair[\R\]\], Reduction[\G\], SomeReductionPair[\R\]->G)->G @ FortressL [...]
overloading	generate	same-sparams	component FortressLibrary	overloading	FortressLibrary.fss:1007,FortressLibrary.fss:1248	Invalid overloading of generate in trait NoReductionPair: [\G\](Condition[\PossibleReductionPair[\R\]\], Reduction[\G\], PossibleReductionPair[\R\]->G)->G @ For [...]
overloading	generate	same-sparams	component FortressLibrary	overloading	FortressLibrary.fss:1007,FortressLibrary.fss:1248	Invalid overloading of generate in trait PossibleReductionPair: [\G\](Condition[\PossibleReductionPair[\R\]\], Reduction[\G\], PossibleReductionPair[\R\]->G)->G [...]
overloading	generate	same-sparams	component FortressLibrary	overloading	FortressLibrary.fss:1007,FortressLibrary.fss:1248	Invalid overloading of generate in trait SomeReductionPair: [\G\](Condition[\PossibleReductionPair[\R\]\], Reduction[\G\], PossibleReductionPair[\R\]->G)->G @ F [...]
overloading	isLeftZero	same-sparams	api FortressLibrary	overloading	FortressLibrary.fsi:1810,FortressLibrary.fsi:93	Invalid overloading of isLeftZero in trait LexicographicReduction: (LexicographicReduction, Comparison)->Boolean @ FortressLibrary.fsi:93:5-94:1 and (ReductionW [...]
overloading	isLeftZero	same-sparams	component FortressLibrary	overloading	FortressLibrary.fss:123,FortressLibrary.fss:2995	Invalid overloading of isLeftZero in trait LexicographicReduction: (LexicographicReduction, Comparison)->Boolean @ FortressLibrary.fss:123:5-44 and (ReductionWi [...]
overloading	ivmap	same-sparams	api FortressLibrary	overloading	FortressLibrary.fsi:1199,FortressLibrary.fsi:813	Invalid overloading of ivmap in trait Just: [\G\](Condition[\T\], (ZZ32, T)->G)->Generator[\G\] @ FortressLibrary.fsi:813:5-46 and [\R\](Indexed[\T,ZZ32\], (ZZ3 [...]
overloading	ivmap	same-sparams	api FortressLibrary	overloading	FortressLibrary.fsi:1199,FortressLibrary.fsi:813	Invalid overloading of ivmap in trait Maybe: [\G\](Condition[\T\], (ZZ32, T)->G)->Generator[\G\] @ FortressLibrary.fsi:813:5-46 and [\R\](Indexed[\T,ZZ32\], (ZZ [...]
overloading	ivmap	same-sparams	api FortressLibrary	overloading	FortressLibrary.fsi:1199,FortressLibrary.fsi:813	Invalid overloading of ivmap in trait Nothing: [\G\](Condition[\T\], (ZZ32, T)->G)->Generator[\G\] @ FortressLibrary.fsi:813:5-46 and [\R\](Indexed[\T,ZZ32\], ( [...]
overloading	ivmap	same-sparams	component FortressLibrary	overloading	FortressLibrary.fss:1253,FortressLibrary.fss:1729	Invalid overloading of ivmap in trait NoReductionPair: [\G\](Condition[\PossibleReductionPair[\R\]\], (ZZ32, PossibleReductionPair[\R\])->G)->Condition[\G\] @ F [...]
overloading	ivmap	same-sparams	component FortressLibrary	overloading	FortressLibrary.fss:1253,FortressLibrary.fss:1729	Invalid overloading of ivmap in trait PossibleReductionPair: [\G\](Condition[\PossibleReductionPair[\R\]\], (ZZ32, PossibleReductionPair[\R\])->G)->Condition[\G [...]
overloading	ivmap	same-sparams	component FortressLibrary	overloading	FortressLibrary.fss:1253,FortressLibrary.fss:1729	Invalid overloading of ivmap in trait SomeReductionPair: [\G\](Condition[\PossibleReductionPair[\R\]\], (ZZ32, PossibleReductionPair[\R\])->G)->Condition[\G\] @ [...]
overloading	juxtaposition	same-sparams	api FortressLibrary	overloading	FortressLibrary.fsi:2375,FortressLibrary.fsi:2377	Invalid overloading of juxtaposition in API FortressLibrary: (Any, String)->String @ FortressLibrary.fsi:2375:5-41 and (String, Any)->String @ FortressLibrary.f [...]
overloading	juxtaposition	same-sparams	component FortressLibrary	overloading	FortressLibrary.fss:347,FortressLibrary.fss:381	Invalid overloading of juxtaposition in trait RR64: (MultiplicativeRing[\RR64\], RR64)->RR64 @ FortressLibrary.fss:347:5-348:65 and (Number, Number)->RR64 @ For [...]
overloading	juxtaposition	same-sparams	component FortressLibrary	overloading	FortressLibrary.fss:4072,FortressLibrary.fss:4074	Invalid overloading of juxtaposition in component FortressLibrary: (Any, String)->String @ FortressLibrary.fss:4072:5-59 and (String, Any)->String @ FortressLib [...]
overloading	juxtaposition	same-sparams	component FortressLibrary	overloading	FortressLibrary.fss:4072,FortressLibrary.fss:4074	Invalid overloading of juxtaposition in trait String: (Any, String)->String @ FortressLibrary.fss:4072:5-59 and (String, Any)->String @ FortressLibrary.fss:4074 [...]
overloading	juxtaposition	sentence	api FortressLibrary	overloading	FortressLibrary.fsi:2375,FortressLibrary.fsi:271	Invalid overloading of juxtaposition in API FortressLibrary: (Any, String)->String @ FortressLibrary.fsi:2375:5-41 and [\T extends MultiplicativeRing[\T\]\](Mul [...]
overloading	juxtaposition	sentence	api FortressLibrary	overloading	FortressLibrary.fsi:2376,FortressLibrary.fsi:271	Invalid overloading of juxtaposition in API FortressLibrary: (String, String)->String @ FortressLibrary.fsi:2376:5-44 and [\T extends MultiplicativeRing[\T\]\]( [...]
overloading	juxtaposition	sentence	api FortressLibrary	overloading	FortressLibrary.fsi:2377,FortressLibrary.fsi:271	Invalid overloading of juxtaposition in API FortressLibrary: (String, Any)->String @ FortressLibrary.fsi:2377:5-2379:64 and [\T extends MultiplicativeRing[\T\]\ [...]
overloading	juxtaposition	sentence	api FortressLibrary	overloading	FortressLibrary.fsi:271,FortressLibrary.fsi:296	Invalid overloading of juxtaposition in API FortressLibrary: (Number, Number)->RR64 @ FortressLibrary.fsi:296:5-297:29 and [\T extends MultiplicativeRing[\T\]\] [...]
overloading	juxtaposition	sentence	api FortressLibrary	overloading	FortressLibrary.fsi:271,FortressLibrary.fsi:435	Invalid overloading of juxtaposition in API FortressLibrary: [\I extends Integral[\I\]\](Integral[\I\], I)->I @ FortressLibrary.fsi:435:5-33 and [\T extends Mul [...]
overloading	juxtaposition	sentence	api FortressLibrary	overloading	FortressLibrary.fsi:296,FortressLibrary.fsi:435	Invalid overloading of juxtaposition in API FortressLibrary: (Number, Number)->RR64 @ FortressLibrary.fsi:296:5-297:29 and [\I extends Integral[\I\]\](Integral[ [...]
overloading	juxtaposition	sentence	component FortressLibrary	overloading	FortressLibrary.fss:347,FortressLibrary.fss:381	Invalid overloading of juxtaposition in component FortressLibrary: (Number, Number)->RR64 @ FortressLibrary.fss:381:5-382:56 and [\T extends MultiplicativeRing[ [...]
overloading	lift	same-sparams	api FortressLibrary	overloading	FortressLibrary.fsi:1752,FortressLibrary.fsi:1791	Invalid overloading of lift in trait AssociativeReduction: (ActualReduction[\R,AnyMaybe\], R)->AnyMaybe @ FortressLibrary.fsi:1752:5-25 and (AssociativeReductio [...]
overloading	lift	same-sparams	api FortressLibrary	overloading	FortressLibrary.fsi:1752,FortressLibrary.fsi:1791	Invalid overloading of lift in trait CommutativeReduction: (ActualReduction[\R,AnyMaybe\], R)->AnyMaybe @ FortressLibrary.fsi:1752:5-25 and (AssociativeReductio [...]
overloading	lift	same-sparams	api FortressLibrary	overloading	FortressLibrary.fsi:1752,FortressLibrary.fsi:1791	Invalid overloading of lift in trait MaxReduction: (ActualReduction[\T,AnyMaybe\], T)->AnyMaybe @ FortressLibrary.fsi:1752:5-25 and (AssociativeReduction[\T\],  [...]
overloading	lift	same-sparams	api FortressLibrary	overloading	FortressLibrary.fsi:1752,FortressLibrary.fsi:1791	Invalid overloading of lift in trait MinMaxReduction: (ActualReduction[\(T, T),AnyMaybe\], (T, T))->AnyMaybe @ FortressLibrary.fsi:1752:5-25 and (AssociativeRed [...]
overloading	lift	same-sparams	api FortressLibrary	overloading	FortressLibrary.fsi:1752,FortressLibrary.fsi:1791	Invalid overloading of lift in trait MinReduction: (ActualReduction[\T,AnyMaybe\], T)->AnyMaybe @ FortressLibrary.fsi:1752:5-25 and (AssociativeReduction[\T\],  [...]
overloading	lift	same-sparams	api FortressLibrary	overloading	FortressLibrary.fsi:1752,FortressLibrary.fsi:1791	Invalid overloading of lift in trait NewlineReduction: (ActualReduction[\String,AnyMaybe\], String)->AnyMaybe @ FortressLibrary.fsi:1752:5-25 and (AssociativeRe [...]
overloading	map	same-sparams	api FortressLibrary	overloading	FortressLibrary.fsi:1200,FortressLibrary.fsi:785	Invalid overloading of map in trait Maybe: [\G\](SequentialGenerator[\T\], T->G)->SequentialGenerator[\G\] @ FortressLibrary.fsi:785:5-47 and [\R\](Indexed[\T,Z [...]
overloading	map	same-sparams	api FortressLibrary	overloading	FortressLibrary.fsi:1200,FortressLibrary.fsi:812	Invalid overloading of map in trait Maybe: [\G\](Condition[\T\], T->G)->Condition[\G\] @ FortressLibrary.fsi:812:5-813:4 and [\R\](Indexed[\T,ZZ32\], T->R)->Ind [...]
overloading	map	same-sparams	api RangeInternals	overloading	FortressLibrary.fsi:1200,FortressLibrary.fsi:785	Invalid overloading of map in trait CompactFullSeqScalarRange: [\G\](SequentialGenerator[\I\], I->G)->SequentialGenerator[\G\] @ FortressLibrary.fsi:785:5-47 an [...]
overloading	map	same-sparams	api RangeInternals	overloading	FortressLibrary.fsi:1200,FortressLibrary.fsi:785	Invalid overloading of map in trait StridedFullSeqScalarRange: [\G\](SequentialGenerator[\I\], I->G)->SequentialGenerator[\G\] @ FortressLibrary.fsi:785:5-47 an [...]
overloading	map	same-sparams	component FortressLibrary	overloading	FortressLibrary.fss:1014,FortressLibrary.fss:1730	Invalid overloading of map in trait NoReductionPair: [\G\](Generator[\PossibleReductionPair[\R\]\], PossibleReductionPair[\R\]->G)->Generator[\G\] @ FortressLib [...]
overloading	map	same-sparams	component FortressLibrary	overloading	FortressLibrary.fss:1014,FortressLibrary.fss:1730	Invalid overloading of map in trait PossibleReductionPair: [\G\](Generator[\PossibleReductionPair[\R\]\], PossibleReductionPair[\R\]->G)->Generator[\G\] @ Fortr [...]
overloading	map	same-sparams	component FortressLibrary	overloading	FortressLibrary.fss:1014,FortressLibrary.fss:1730	Invalid overloading of map in trait SomeReductionPair: [\G\](Generator[\PossibleReductionPair[\R\]\], PossibleReductionPair[\R\]->G)->Generator[\G\] @ FortressL [...]
overloading	map	same-sparams	component FortressLibrary	overloading	FortressLibrary.fss:1206,FortressLibrary.fss:1730	Invalid overloading of map in trait NoReductionPair: [\G\](SequentialGenerator[\PossibleReductionPair[\R\]\], PossibleReductionPair[\R\]->G)->SequentialGenerato [...]
overloading	map	same-sparams	component FortressLibrary	overloading	FortressLibrary.fss:1206,FortressLibrary.fss:1730	Invalid overloading of map in trait PossibleReductionPair: [\G\](SequentialGenerator[\PossibleReductionPair[\R\]\], PossibleReductionPair[\R\]->G)->SequentialGe [...]
overloading	map	same-sparams	component FortressLibrary	overloading	FortressLibrary.fss:1206,FortressLibrary.fss:1730	Invalid overloading of map in trait SomeReductionPair: [\G\](SequentialGenerator[\PossibleReductionPair[\R\]\], PossibleReductionPair[\R\]->G)->SequentialGenera [...]
overloading	map	same-sparams	component FortressLibrary	overloading	FortressLibrary.fss:1206,FortressLibrary.fss:3414	Invalid overloading of map in trait SimpleMappedSeqGenerator: [\G\](MappedGenerator[\E,F\], F->G)->SimpleMappedGenerator[\E,G\] @ FortressLibrary.fss:3414:5-341 [...]
overloading	map	same-sparams	component FortressLibrary	overloading	FortressLibrary.fss:1206,FortressLibrary.fss:3500	Invalid overloading of map in trait SimpleNestedSeqGenerator: [\G\](NestedGenerator[\E,F\], F->G)->Generator[\G\] @ FortressLibrary.fss:3500:5-3501:77 and [\G\] [...]
overloading	map	same-sparams	component FortressLibrary	overloading	FortressLibrary.fss:1251,FortressLibrary.fss:1730	Invalid overloading of map in trait NoReductionPair: [\G\](Condition[\PossibleReductionPair[\R\]\], PossibleReductionPair[\R\]->G)->Condition[\G\] @ FortressLib [...]
overloading	map	same-sparams	component FortressLibrary	overloading	FortressLibrary.fss:1251,FortressLibrary.fss:1730	Invalid overloading of map in trait PossibleReductionPair: [\G\](Condition[\PossibleReductionPair[\R\]\], PossibleReductionPair[\R\]->G)->Condition[\G\] @ Fortr [...]
overloading	map	same-sparams	component FortressLibrary	overloading	FortressLibrary.fss:1251,FortressLibrary.fss:1730	Invalid overloading of map in trait SomeReductionPair: [\G\](Condition[\PossibleReductionPair[\R\]\], PossibleReductionPair[\R\]->G)->Condition[\G\] @ FortressL [...]
overloading	nest	same-sparams	component FortressLibrary	overloading	FortressLibrary.fss:1209,FortressLibrary.fss:3502	Invalid overloading of nest in trait SimpleNestedSeqGenerator: [\G\](NestedGenerator[\E,F\], F->Generator[\G\])->Generator[\G\] @ FortressLibrary.fss:3502:5-350 [...]
overloading	openRangeHelper	sentence	api RangeInternals	overloading	RangeInternals.fsi:612,RangeInternals.fsi:614	Invalid overloading of openRangeHelper in API RangeInternals: [\I extends Integral[\I\], J extends Integral[\J\]\]()->(I, J)->RangeInternals.OpenRange2D[\I,J\]  [...]
overloading	openRangeHelper	sentence	api RangeInternals	overloading	RangeInternals.fsi:612,RangeInternals.fsi:616	Invalid overloading of openRangeHelper in API RangeInternals: [\I extends Integral[\I\], J extends Integral[\J\], K extends Integral[\K\]\]()->(I, J, K)->RangeI [...]
overloading	openRangeHelper	sentence	api RangeInternals	overloading	RangeInternals.fsi:614,RangeInternals.fsi:616	Invalid overloading of openRangeHelper in API RangeInternals: [\I extends Integral[\I\], J extends Integral[\J\], K extends Integral[\K\]\]()->(I, J, K)->RangeI [...]
overloading	round	same-sparams	component FortressLibrary	overloading	FortressLibrary.fss:420,FortressLibrary.fss:658	Invalid overloading of round in trait NN64: Integral[\NN64\]->NN64 @ FortressLibrary.fss:658:5-25 and Number->ZZ @ FortressLibrary.fss:420:5-42
overloading	round	same-sparams	component FortressLibrary	overloading	FortressLibrary.fss:420,FortressLibrary.fss:658	Invalid overloading of round in trait ZZ32: Integral[\ZZ32\]->ZZ32 @ FortressLibrary.fss:658:5-25 and Number->ZZ @ FortressLibrary.fss:420:5-42
overloading	round	same-sparams	component FortressLibrary	overloading	FortressLibrary.fss:420,FortressLibrary.fss:658	Invalid overloading of round in trait ZZ64: Integral[\ZZ64\]->ZZ64 @ FortressLibrary.fss:658:5-25 and Number->ZZ @ FortressLibrary.fss:420:5-42
overloading	round	same-sparams	component FortressLibrary	overloading	FortressLibrary.fss:420,FortressLibrary.fss:658	Invalid overloading of round in trait ZZ: Integral[\ZZ\]->ZZ @ FortressLibrary.fss:658:5-25 and Number->ZZ @ FortressLibrary.fss:420:5-42
overloading	round	sentence	component FortressLibrary	overloading	FortressLibrary.fss:420,FortressLibrary.fss:658	Invalid overloading of round in component FortressLibrary: Number->ZZ @ FortressLibrary.fss:420:5-42 and [\I extends Integral[\I\]\]Integral[\I\]->I @ FortressL [...]
overloading	seq	same-sparams	api FortressLibrary	overloading	FortressLibrary.fsi:2058,FortressLibrary.fsi:784	Invalid overloading of seq in API FortressLibrary: [\E\]FilterGenerator[\E\]->SequentialGenerator[\E\] @ FortressLibrary.fsi:2058:5-2059:1 and [\E\]SequentialGe [...]
overloading	seq	same-sparams	component FortressLibrary	overloading	FortressLibrary.fss:1205,FortressLibrary.fss:3464	Invalid overloading of seq in component FortressLibrary: [\E\]FilterGenerator[\E\]->SequentialGenerator[\E\] @ FortressLibrary.fss:3464:5-91 and [\E\]Sequential [...]
overloading	seq	same-sparams	component FortressLibrary	overloading	FortressLibrary.fss:1799,FortressLibrary.fss:3416	Invalid overloading of seq in component FortressLibrary: [\E, F\]MappedGenerator[\E,F\]->SimpleMappedSeqGenerator[\E,F\] @ FortressLibrary.fss:3416:5-100 and [\ [...]
overloading	seq	same-sparams	component FortressLibrary	overloading	FortressLibrary.fss:1854,FortressLibrary.fss:3416	Invalid overloading of seq in component FortressLibrary: [\E, F\]MappedGenerator[\E,F\]->SimpleMappedSeqGenerator[\E,F\] @ FortressLibrary.fss:3416:5-100 and [\ [...]
overloading	seq	sentence	api FortressLibrary	overloading	FortressLibrary.fsi:1245,FortressLibrary.fsi:2058	Invalid overloading of seq in API FortressLibrary: [\E, I\]DelegatedIndexed[\E,I\]->SequentialGenerator[\E\] @ FortressLibrary.fsi:1245:5-39 and [\E\]FilterGene [...]
overloading	seq	sentence	api FortressLibrary	overloading	FortressLibrary.fsi:1245,FortressLibrary.fsi:784	Invalid overloading of seq in API FortressLibrary: [\E, I\]DelegatedIndexed[\E,I\]->SequentialGenerator[\E\] @ FortressLibrary.fsi:1245:5-39 and [\E\]Sequential [...]
overloading	seq	sentence	api FortressLibrary	overloading	FortressLibrary.fsi:1295,FortressLibrary.fsi:2058	Invalid overloading of seq in API FortressLibrary: [\E, I\]ReadableArray[\E,I\]->SequentialGenerator[\E\] @ FortressLibrary.fsi:1295:5-1297:48 and [\E\]FilterGe [...]
overloading	seq	sentence	api FortressLibrary	overloading	FortressLibrary.fsi:1295,FortressLibrary.fsi:784	Invalid overloading of seq in API FortressLibrary: [\E, I\]ReadableArray[\E,I\]->SequentialGenerator[\E\] @ FortressLibrary.fsi:1295:5-1297:48 and [\E\]Sequenti [...]
overloading	seq	sentence	component FortressLibrary	overloading	FortressLibrary.fss:1205,FortressLibrary.fss:1799	Invalid overloading of seq in component FortressLibrary: [\E, I\]DelegatedIndexed[\E,I\]->SequentialGenerator[\E\] @ FortressLibrary.fss:1799:5-61 and [\E\]Sequ [...]
overloading	seq	sentence	component FortressLibrary	overloading	FortressLibrary.fss:1205,FortressLibrary.fss:1854	Invalid overloading of seq in component FortressLibrary: [\E, I\]ReadableArray[\E,I\]->SequentialGenerator[\E\] @ FortressLibrary.fss:1854:5-1856:47 and [\E\]Se [...]
overloading	seq	sentence	component FortressLibrary	overloading	FortressLibrary.fss:1205,FortressLibrary.fss:3416	Invalid overloading of seq in component FortressLibrary: [\E, F\]MappedGenerator[\E,F\]->SimpleMappedSeqGenerator[\E,F\] @ FortressLibrary.fss:3416:5-100 and [\ [...]
overloading	seq	sentence	component FortressLibrary	overloading	FortressLibrary.fss:1799,FortressLibrary.fss:3464	Invalid overloading of seq in component FortressLibrary: [\E, I\]DelegatedIndexed[\E,I\]->SequentialGenerator[\E\] @ FortressLibrary.fss:1799:5-61 and [\E\]Filt [...]
overloading	seq	sentence	component FortressLibrary	overloading	FortressLibrary.fss:1854,FortressLibrary.fss:3464	Invalid overloading of seq in component FortressLibrary: [\E, I\]ReadableArray[\E,I\]->SequentialGenerator[\E\] @ FortressLibrary.fss:1854:5-1856:47 and [\E\]Fi [...]
overloading	seq	sentence	component FortressLibrary	overloading	FortressLibrary.fss:3416,FortressLibrary.fss:3464	Invalid overloading of seq in component FortressLibrary: [\E, F\]MappedGenerator[\E,F\]->SimpleMappedSeqGenerator[\E,F\] @ FortressLibrary.fss:3416:5-100 and [\ [...]
return-type	BY	-	api FortressLibrary	overloading	FortressLibrary.fsi:295,FortressLibrary.fsi:410	For BY, the return type of (QQ, QQ)->QQ @ FortressLibrary.fsi:410:5-31 should be a subtype of the return type of (Number, Number)->RR64 @ FortressLibrary.fsi:29 [...]
return-type	BY	-	api FortressLibrary	overloading	FortressLibrary.fsi:295,FortressLibrary.fsi:462	For BY, the return type of ((NN64 & {UnsignedLong}), NN64)->NN64 @ FortressLibrary.fsi:462:5-31 should be a subtype of the return type of (Number, Number)->RR64 [...]
return-type	BY	-	api FortressLibrary	overloading	FortressLibrary.fsi:295,FortressLibrary.fsi:536	For BY, the return type of ((ZZ64 & {Long}), ZZ64)->ZZ64 @ FortressLibrary.fsi:536:5-31 should be a subtype of the return type of (Number, Number)->RR64 @ Fortr [...]
return-type	BY	-	component FortressLibrary	overloading	FortressLibrary.fss:380,FortressLibrary.fss:586	For BY, the return type of ((QQ & {Ratio}), QQ)->QQ @ FortressLibrary.fss:586:5-48 should be a subtype of the return type of (Number, Number)->RR64 @ FortressLi [...]
return-type	BY	-	component FortressLibrary	overloading	FortressLibrary.fss:380,FortressLibrary.fss:681	For BY, the return type of ((ZZ32 & {Int, IntLiteral}), ZZ32)->ZZ32 @ FortressLibrary.fss:681:5-682:74 should be a subtype of the return type of (Number, Number [...]
return-type	BY	-	component FortressLibrary	overloading	FortressLibrary.fss:380,FortressLibrary.fss:750	For BY, the return type of ((ZZ64 & {Long}), ZZ64)->ZZ64 @ FortressLibrary.fss:750:5-751:75 should be a subtype of the return type of (Number, Number)->RR64 @ F [...]
return-type	BY	-	component FortressLibrary	overloading	FortressLibrary.fss:380,FortressLibrary.fss:805	For BY, the return type of ((NN64 & {UnsignedLong}), NN64)->NN64 @ FortressLibrary.fss:805:5-806:83 should be a subtype of the return type of (Number, Number)-> [...]
return-type	BY	-	component FortressLibrary	overloading	FortressLibrary.fss:380,FortressLibrary.fss:874	For BY, the return type of ((ZZ & {BigNum}), ZZ)->ZZ @ FortressLibrary.fss:874:5-875:77 should be a subtype of the return type of (Number, Number)->RR64 @ Fortr [...]
return-type	CMP	-	api FortressLibrary	overloading	FortressLibrary.fsi:134,FortressLibrary.fsi:135	For CMP, the return type of (LessThan, LessThan)->Comparison @ FortressLibrary.fsi:134:5-45 should be a subtype of the return type of (LessThan, TotalComparison [...]
return-type	CMP	-	api FortressLibrary	overloading	FortressLibrary.fsi:145,FortressLibrary.fsi:146	For CMP, the return type of (GreaterThan, GreaterThan)->Comparison @ FortressLibrary.fsi:145:5-48 should be a subtype of the return type of (GreaterThan, TotalC [...]
return-type	DOT	-	api FortressLibrary	overloading	FortressLibrary.fsi:294,FortressLibrary.fsi:409	For DOT, the return type of (QQ, QQ)->QQ @ FortressLibrary.fsi:409:5-29 should be a subtype of the return type of (Number, Number)->RR64 @ FortressLibrary.fsi:2 [...]
return-type	DOT	-	api FortressLibrary	overloading	FortressLibrary.fsi:294,FortressLibrary.fsi:461	For DOT, the return type of ((NN64 & {UnsignedLong}), NN64)->NN64 @ FortressLibrary.fsi:461:5-29 should be a subtype of the return type of (Number, Number)->RR6 [...]
return-type	DOT	-	api FortressLibrary	overloading	FortressLibrary.fsi:294,FortressLibrary.fsi:496	For DOT, the return type of ((ZZ32 & {Int, IntLiteral}), ZZ32)->ZZ32 @ FortressLibrary.fsi:496:5-29 should be a subtype of the return type of (Number, Number)-> [...]
return-type	DOT	-	api FortressLibrary	overloading	FortressLibrary.fsi:294,FortressLibrary.fsi:535	For DOT, the return type of ((ZZ64 & {Long}), ZZ64)->ZZ64 @ FortressLibrary.fsi:535:5-29 should be a subtype of the return type of (Number, Number)->RR64 @ Fort [...]
return-type	DOT	-	component FortressLibrary	overloading	FortressLibrary.fss:379,FortressLibrary.fss:581	For DOT, the return type of ((QQ & {Ratio}), QQ)->QQ @ FortressLibrary.fss:581:5-585:6 should be a subtype of the return type of (Number, Number)->RR64 @ Fortre [...]
return-type	DOT	-	component FortressLibrary	overloading	FortressLibrary.fss:379,FortressLibrary.fss:679	For DOT, the return type of ((ZZ32 & {Int, IntLiteral}), ZZ32)->ZZ32 @ FortressLibrary.fss:679:5-680:74 should be a subtype of the return type of (Number, Numbe [...]
return-type	DOT	-	component FortressLibrary	overloading	FortressLibrary.fss:379,FortressLibrary.fss:748	For DOT, the return type of ((ZZ64 & {Long}), ZZ64)->ZZ64 @ FortressLibrary.fss:748:5-749:75 should be a subtype of the return type of (Number, Number)->RR64 @  [...]
return-type	DOT	-	component FortressLibrary	overloading	FortressLibrary.fss:379,FortressLibrary.fss:803	For DOT, the return type of ((NN64 & {UnsignedLong}), NN64)->NN64 @ FortressLibrary.fss:803:5-804:83 should be a subtype of the return type of (Number, Number)- [...]
return-type	DOT	-	component FortressLibrary	overloading	FortressLibrary.fss:379,FortressLibrary.fss:870	For DOT, the return type of ((ZZ & {BigNum}), ZZ)->ZZ @ FortressLibrary.fss:870:5-871:77 should be a subtype of the return type of (Number, Number)->RR64 @ Fort [...]
return-type	MAX	-	api FortressLibrary	overloading	FortressLibrary.fsi:196,FortressLibrary.fsi:210	For MAX, the return type of [\T extends StandardMinMax[\T\]\](StandardMinMax[\T\], T)->(T, T) @ FortressLibrary.fsi:210:5-211:1 should be a subtype of the retur [...]
return-type	MAX	-	api FortressLibrary	overloading	FortressLibrary.fsi:210,FortressLibrary.fsi:404	For MAX, the return type of (QQ, QQ)->QQ @ FortressLibrary.fsi:404:5-30 should be a subtype of the return type of [\T extends StandardMinMax[\T\]\](StandardMinM [...]
return-type	MAX	-	component FortressLibrary	overloading	FortressLibrary.fss:261,FortressLibrary.fss:280	For MAX, the return type of (StandardTotalOrder[\I\], I)->I @ FortressLibrary.fss:280:5-71 should be a subtype of the return type of (StandardMinMax[\I\], I)->( [...]
return-type	MAX	-	component FortressLibrary	overloading	FortressLibrary.fss:261,FortressLibrary.fss:280	For MAX, the return type of (StandardTotalOrder[\NN64\], NN64)->NN64 @ FortressLibrary.fss:280:5-71 should be a subtype of the return type of (StandardMinMax[\N [...]
return-type	MAX	-	component FortressLibrary	overloading	FortressLibrary.fss:261,FortressLibrary.fss:280	For MAX, the return type of (StandardTotalOrder[\String\], String)->String @ FortressLibrary.fss:280:5-71 should be a subtype of the return type of (StandardMin [...]
return-type	MAX	-	component FortressLibrary	overloading	FortressLibrary.fss:261,FortressLibrary.fss:280	For MAX, the return type of (StandardTotalOrder[\T\], T)->T @ FortressLibrary.fss:280:5-71 should be a subtype of the return type of (StandardMinMax[\T\], T)->( [...]
return-type	MAX	-	component FortressLibrary	overloading	FortressLibrary.fss:261,FortressLibrary.fss:280	For MAX, the return type of (StandardTotalOrder[\ZZ32\], ZZ32)->ZZ32 @ FortressLibrary.fss:280:5-71 should be a subtype of the return type of (StandardMinMax[\Z [...]
return-type	MAX	-	component FortressLibrary	overloading	FortressLibrary.fss:261,FortressLibrary.fss:280	For MAX, the return type of (StandardTotalOrder[\ZZ64\], ZZ64)->ZZ64 @ FortressLibrary.fss:280:5-71 should be a subtype of the return type of (StandardMinMax[\Z [...]
return-type	MAX	-	component FortressLibrary	overloading	FortressLibrary.fss:261,FortressLibrary.fss:280	For MAX, the return type of (StandardTotalOrder[\ZZ\], ZZ)->ZZ @ FortressLibrary.fss:280:5-71 should be a subtype of the return type of (StandardMinMax[\ZZ\], Z [...]
return-type	MAX	-	component FortressLibrary	overloading	FortressLibrary.fss:261,FortressLibrary.fss:280	For MAX, the return type of [\T extends StandardTotalOrder[\T\]\](StandardTotalOrder[\T\], T)->T @ FortressLibrary.fss:280:5-71 should be a subtype of the retur [...]
return-type	MAX	-	component FortressLibrary	overloading	FortressLibrary.fss:261,FortressLibrary.fss:564	For MAX, the return type of ((QQ & {Ratio}), QQ)->QQ @ FortressLibrary.fss:564:5-565:102 should be a subtype of the return type of (StandardMinMax[\QQ\], QQ)->( [...]
return-type	MAX	-	component FortressLibrary	overloading	FortressLibrary.fss:261,FortressLibrary.fss:564	For MAX, the return type of ((QQ & {Ratio}), QQ)->QQ @ FortressLibrary.fss:564:5-565:102 should be a subtype of the return type of [\T extends StandardMinMax[\T [...]
return-type	MIN	-	api FortressLibrary	overloading	FortressLibrary.fsi:185,FortressLibrary.fsi:209	For MIN, the return type of [\T extends StandardMinMax[\T\]\](StandardMinMax[\T\], T)->(T, T) @ FortressLibrary.fsi:209:5-33 should be a subtype of the return t [...]
return-type	MIN	-	api FortressLibrary	overloading	FortressLibrary.fsi:209,FortressLibrary.fsi:403	For MIN, the return type of (QQ, QQ)->QQ @ FortressLibrary.fsi:403:5-30 should be a subtype of the return type of [\T extends StandardMinMax[\T\]\](StandardMinM [...]
return-type	MIN	-	component FortressLibrary	overloading	FortressLibrary.fss:260,FortressLibrary.fss:279	For MIN, the return type of (StandardTotalOrder[\I\], I)->I @ FortressLibrary.fss:279:5-71 should be a subtype of the return type of (StandardMinMax[\I\], I)->( [...]
return-type	MIN	-	component FortressLibrary	overloading	FortressLibrary.fss:260,FortressLibrary.fss:279	For MIN, the return type of (StandardTotalOrder[\NN64\], NN64)->NN64 @ FortressLibrary.fss:279:5-71 should be a subtype of the return type of (StandardMinMax[\N [...]
return-type	MIN	-	component FortressLibrary	overloading	FortressLibrary.fss:260,FortressLibrary.fss:279	For MIN, the return type of (StandardTotalOrder[\String\], String)->String @ FortressLibrary.fss:279:5-71 should be a subtype of the return type of (StandardMin [...]
return-type	MIN	-	component FortressLibrary	overloading	FortressLibrary.fss:260,FortressLibrary.fss:279	For MIN, the return type of (StandardTotalOrder[\T\], T)->T @ FortressLibrary.fss:279:5-71 should be a subtype of the return type of (StandardMinMax[\T\], T)->( [...]
return-type	MIN	-	component FortressLibrary	overloading	FortressLibrary.fss:260,FortressLibrary.fss:279	For MIN, the return type of (StandardTotalOrder[\ZZ32\], ZZ32)->ZZ32 @ FortressLibrary.fss:279:5-71 should be a subtype of the return type of (StandardMinMax[\Z [...]
return-type	MIN	-	component FortressLibrary	overloading	FortressLibrary.fss:260,FortressLibrary.fss:279	For MIN, the return type of (StandardTotalOrder[\ZZ64\], ZZ64)->ZZ64 @ FortressLibrary.fss:279:5-71 should be a subtype of the return type of (StandardMinMax[\Z [...]
return-type	MIN	-	component FortressLibrary	overloading	FortressLibrary.fss:260,FortressLibrary.fss:279	For MIN, the return type of (StandardTotalOrder[\ZZ\], ZZ)->ZZ @ FortressLibrary.fss:279:5-71 should be a subtype of the return type of (StandardMinMax[\ZZ\], Z [...]
return-type	MIN	-	component FortressLibrary	overloading	FortressLibrary.fss:260,FortressLibrary.fss:279	For MIN, the return type of [\T extends StandardTotalOrder[\T\]\](StandardTotalOrder[\T\], T)->T @ FortressLibrary.fss:279:5-71 should be a subtype of the retur [...]
return-type	MIN	-	component FortressLibrary	overloading	FortressLibrary.fss:260,FortressLibrary.fss:562	For MIN, the return type of ((QQ & {Ratio}), QQ)->QQ @ FortressLibrary.fss:562:5-563:103 should be a subtype of the return type of (StandardMinMax[\QQ\], QQ)->( [...]
return-type	MIN	-	component FortressLibrary	overloading	FortressLibrary.fss:260,FortressLibrary.fss:562	For MIN, the return type of ((QQ & {Ratio}), QQ)->QQ @ FortressLibrary.fss:562:5-563:103 should be a subtype of the return type of [\T extends StandardMinMax[\T [...]
return-type	array1	-	api FortressLibrary	overloading	FortressLibrary.fsi:1511,FortressLibrary.fsi:1512	For array1, the return type of [\T, nat s0\]ZZ32->T->Array1[\T,0,s0\] @ FortressLibrary.fsi:1512:1-1513:1 should be a subtype of the return type of [\T, nat s0\ [...]
return-type	array1	-	component FortressLibrary	overloading	FortressLibrary.fss:2272,FortressLibrary.fss:2273	For array1, the return type of [\T, nat s0\]ZZ32->T->Array1[\T,0,s0\] @ FortressLibrary.fss:2273:1-75 should be a subtype of the return type of [\T, nat s0\]T-> [...]
return-type	array2	-	api FortressLibrary	overloading	FortressLibrary.fsi:1621,FortressLibrary.fsi:1622	For array2, the return type of [\T, nat s0, nat s1\](ZZ32, ZZ32)->T->Array2[\T,0,s0,0,s1\] @ FortressLibrary.fsi:1622:1-1626:51 should be a subtype of the retur [...]
return-type	array2	-	component FortressLibrary	overloading	FortressLibrary.fss:2632,FortressLibrary.fss:2634	For array2, the return type of [\T, nat s0, nat s1\](ZZ32, ZZ32)->T->Array2[\T,0,s0,0,s1\] @ FortressLibrary.fss:2634:1-2639:50 should be a subtype of the retur [...]
return-type	array3	-	component FortressLibrary	overloading	FortressLibrary.fss:2849,FortressLibrary.fss:2851	For array3, the return type of [\T, nat s0, nat s1, nat s2\](ZZ32, ZZ32)->T->Array3[\T,0,s0,0,s1,0,s2\] @ FortressLibrary.fss:2851:1-2866:62 should be a subtype [...]
return-type	atMost	-	api RangeInternals	overloading	FortressLibrary.fsi:2135,RangeInternals.fsi:259	For atMost, the return type of (RangeInternals.LeftScalarRange[\I\], I)->RangeInternals.ScalarRange[\I\] @ RangeInternals.fsi:259:5-34 should be a subtype of th [...]
return-type	atMost	-	api RangeInternals	overloading	FortressLibrary.fsi:2135,RangeInternals.fsi:319	For atMost, the return type of (RangeInternals.RightScalarRange[\I\], I)->RangeInternals.ScalarRange[\I\] @ RangeInternals.fsi:319:5-34 should be a subtype of t [...]
return-type	ceiling	-	api FortressLibrary	overloading	FortressLibrary.fsi:331,FortressLibrary.fsi:416	For ceiling, the return type of QQ->ZZ @ FortressLibrary.fsi:416:5-20 should be a subtype of the return type of Number->RR64 @ FortressLibrary.fsi:331:5-22
return-type	ceiling	-	component FortressLibrary	overloading	FortressLibrary.fss:417,FortressLibrary.fss:601	For ceiling, the return type of (QQ & {Ratio})->ZZ @ FortressLibrary.fss:601:5-604:6 should be a subtype of the return type of Number->RR64 @ FortressLibrary.fs [...]
return-type	distribute	-	component FortressLibrary	overloading	FortressLibrary.fss:2899,FortressLibrary.fss:3058	For distribute, the return type of (SumReduction, MaxReduction[\Number\])->PossibleReductionPair[\AnyMaybe\] @ FortressLibrary.fss:3058:5-3059:23 should be a su [...]
return-type	distribute	-	component FortressLibrary	overloading	FortressLibrary.fss:2899,FortressLibrary.fss:3060	For distribute, the return type of (SumReduction, MinReduction[\Number\])->PossibleReductionPair[\AnyMaybe\] @ FortressLibrary.fss:3060:5-3061:23 should be a su [...]
return-type	distribute	-	component FortressLibrary	overloading	FortressLibrary.fss:2899,FortressLibrary.fss:3062	For distribute, the return type of (SumReduction, MaxReductionN)->PossibleReductionPair[\AnyMaybe\] @ FortressLibrary.fss:3062:5-3063:24 should be a subtype of  [...]
return-type	distribute	-	component FortressLibrary	overloading	FortressLibrary.fss:2899,FortressLibrary.fss:3064	For distribute, the return type of (SumReduction, MinReductionN)->PossibleReductionPair[\AnyMaybe\] @ FortressLibrary.fss:3064:5-3065:24 should be a subtype of  [...]
return-type	empty	-	api FortressLibrary	overloading	FortressLibrary.fsi:1741,FortressLibrary.fsi:1880	For empty, the return type of MinMaxReductionN->Number @ FortressLibrary.fsi:1880:5-19 should be a subtype of the return type of Reduction[\(Number, Number)\]-> [...]
return-type	empty	-	api FortressLibrary	overloading	FortressLibrary.fsi:1750,FortressLibrary.fsi:1880	For empty, the return type of MinMaxReductionN->Number @ FortressLibrary.fsi:1880:5-19 should be a subtype of the return type of ActualReduction[\(Number, Numbe [...]
return-type	empty	-	component FortressLibrary	overloading	FortressLibrary.fss:2870,FortressLibrary.fss:3113	For empty, the return type of MinMaxReductionN->Number @ FortressLibrary.fss:3113:5-32 should be a subtype of the return type of Reduction[\(Number, Number)\]-> [...]
return-type	every	-	api RangeInternals	overloading	FortressLibrary.fsi:2134,RangeInternals.fsi:257	For every, the return type of (RangeInternals.LeftScalarRange[\I\], I)->RangeInternals.ScalarRange[\I\] @ RangeInternals.fsi:257:5-258:4 should be a subtype of  [...]
return-type	filter	-	component FortressLibrary	overloading	FortressLibrary.fss:3462,FortressLibrary.fss:4445	For filter, the return type of (FilterGenerator2[\E\], Generator[\E\]->Condition[\()\])->SimpleFilterGenerator2[\E\] @ FortressLibrary.fss:4445:3-4446:56 should [...]
return-type	floor	-	api FortressLibrary	overloading	FortressLibrary.fsi:329,FortressLibrary.fsi:414	For floor, the return type of QQ->ZZ @ FortressLibrary.fsi:414:5-18 should be a subtype of the return type of Number->RR64 @ FortressLibrary.fsi:329:5-20
return-type	floor	-	component FortressLibrary	overloading	FortressLibrary.fss:415,FortressLibrary.fss:599	For floor, the return type of (QQ & {Ratio})->ZZ @ FortressLibrary.fss:599:5-76 should be a subtype of the return type of Number->RR64 @ FortressLibrary.fss:415 [...]
return-type	juxtaposition	-	api FortressLibrary	overloading	FortressLibrary.fsi:296,FortressLibrary.fsi:411	For juxtaposition, the return type of (QQ, QQ)->QQ @ FortressLibrary.fsi:411:5-40 should be a subtype of the return type of (Number, Number)->RR64 @ FortressLib [...]
return-type	juxtaposition	-	api FortressLibrary	overloading	FortressLibrary.fsi:296,FortressLibrary.fsi:463	For juxtaposition, the return type of ((NN64 & {UnsignedLong}), NN64)->NN64 @ FortressLibrary.fsi:463:5-39 should be a subtype of the return type of (Number, Nu [...]
return-type	juxtaposition	-	api FortressLibrary	overloading	FortressLibrary.fsi:296,FortressLibrary.fsi:497	For juxtaposition, the return type of ((ZZ32 & {Int, IntLiteral}), ZZ32)->ZZ32 @ FortressLibrary.fsi:497:5-39 should be a subtype of the return type of (Number, [...]
return-type	juxtaposition	-	api FortressLibrary	overloading	FortressLibrary.fsi:296,FortressLibrary.fsi:537	For juxtaposition, the return type of ((ZZ64 & {Long}), ZZ64)->ZZ64 @ FortressLibrary.fsi:537:5-39 should be a subtype of the return type of (Number, Number)->R [...]
return-type	juxtaposition	-	component FortressLibrary	overloading	FortressLibrary.fss:381,FortressLibrary.fss:587	For juxtaposition, the return type of ((QQ & {Ratio}), QQ)->QQ @ FortressLibrary.fss:587:5-57 should be a subtype of the return type of (Number, Number)->RR64 @ [...]
return-type	juxtaposition	-	component FortressLibrary	overloading	FortressLibrary.fss:381,FortressLibrary.fss:683	For juxtaposition, the return type of ((ZZ32 & {Int, IntLiteral}), ZZ32)->ZZ32 @ FortressLibrary.fss:683:5-684:74 should be a subtype of the return type of (Num [...]
return-type	juxtaposition	-	component FortressLibrary	overloading	FortressLibrary.fss:381,FortressLibrary.fss:752	For juxtaposition, the return type of ((ZZ64 & {Long}), ZZ64)->ZZ64 @ FortressLibrary.fss:752:5-753:75 should be a subtype of the return type of (Number, Number [...]
return-type	juxtaposition	-	component FortressLibrary	overloading	FortressLibrary.fss:381,FortressLibrary.fss:807	For juxtaposition, the return type of ((NN64 & {UnsignedLong}), NN64)->NN64 @ FortressLibrary.fss:807:5-808:83 should be a subtype of the return type of (Number [...]
return-type	juxtaposition	-	component FortressLibrary	overloading	FortressLibrary.fss:381,FortressLibrary.fss:872	For juxtaposition, the return type of ((ZZ & {BigNum}), ZZ)->ZZ @ FortressLibrary.fss:872:5-873:77 should be a subtype of the return type of (Number, Number)->R [...]
return-type	map	-	component FortressLibrary	overloading	FortressLibrary.fss:3414,FortressLibrary.fss:3441	For map, the return type of [\G\](SimpleMappedIndexed[\E,F,I\], F->G)->SimpleMappedIndexed[\E,G,I\] @ FortressLibrary.fss:3441:5-3442:63 should be a subtype of  [...]
return-type	relation	-	component FortressLibrary	overloading	FortressLibrary.fss:4466,FortressLibrary.fss:4483	For relation, the return type of ConcreteRelationalPredicateCondition[\E\]->(E, E)->Boolean @ FortressLibrary.fss:4483:3-36 should be a subtype of the return ty [...]
return-type	seq	-	component FortressLibrary	overloading	FortressLibrary.fss:1017,FortressLibrary.fss:3511	For seq, the return type of SimpleNestedGenerator[\E,F\]->SequentialGenerator[\E\] @ FortressLibrary.fss:3511:5-3520:6 should be a subtype of the return type of [...]
return-type	seq	-	component FortressLibrary	overloading	FortressLibrary.fss:1017,FortressLibrary.fss:3511	For seq, the return type of [\E, F\]SimpleNestedGenerator[\E,F\]->SequentialGenerator[\E\] @ FortressLibrary.fss:3511:5-3520:6 should be a subtype of the return [...]
return-type	seq	-	component FortressLibrary	overloading	FortressLibrary.fss:1017,FortressLibrary.fss:3549	For seq, the return type of SimplePairGenerator[\E,F\]->SequentialGenerator[\E\] @ FortressLibrary.fss:3549:5-88 should be a subtype of the return type of Gener [...]
return-type	seq	-	component FortressLibrary	overloading	FortressLibrary.fss:1017,FortressLibrary.fss:3549	For seq, the return type of [\E, F\]SimplePairGenerator[\E,F\]->SequentialGenerator[\E\] @ FortressLibrary.fss:3549:5-88 should be a subtype of the return type  [...]
return-type	shift	-	api FortressLibrary	overloading	FortressLibrary.fsi:1315,FortressLibrary.fsi:1709	For shift, the return type of (Array3[\T,b0,s0,b1,s1,b2,s2\], (ZZ32, ZZ32, ZZ32))->Array[\T,(ZZ32, ZZ32)\] @ FortressLibrary.fsi:1709:5-1715:8 should be a subty [...]
return-type	shift	-	api FortressLibrary	overloading	FortressLibrary.fsi:1358,FortressLibrary.fsi:1709	For shift, the return type of (Array3[\T,b0,s0,b1,s1,b2,s2\], (ZZ32, ZZ32, ZZ32))->Array[\T,(ZZ32, ZZ32)\] @ FortressLibrary.fsi:1709:5-1715:8 should be a subty [...]
return-type	shift	-	component FortressLibrary	overloading	FortressLibrary.fss:1874,FortressLibrary.fss:2762	For shift, the return type of (Array3[\T,b0,s0,b1,s1,b2,s2\], (ZZ32, ZZ32, ZZ32))->Array[\T,(ZZ32, ZZ32)\] @ FortressLibrary.fss:2762:5-2771:8 should be a subty [...]
return-type	shift	-	component FortressLibrary	overloading	FortressLibrary.fss:1936,FortressLibrary.fss:2762	For shift, the return type of (Array3[\T,b0,s0,b1,s1,b2,s2\], (ZZ32, ZZ32, ZZ32))->Array[\T,(ZZ32, ZZ32)\] @ FortressLibrary.fss:2762:5-2771:8 should be a subty [...]
return-type	subarray	-	component FortressLibrary	overloading	FortressLibrary.fss:2147,FortressLibrary.fss:2507	For subarray, the return type of [\nat b, nat s, nat o\](Col[\T,b0,s0\], ZZ32)->ReadableArray1[\T,b,s\] @ FortressLibrary.fss:2507:5-2508:54 should be a subtype [...]
return-type	subarray	-	component FortressLibrary	overloading	FortressLibrary.fss:2147,FortressLibrary.fss:2518	For subarray, the return type of [\nat b, nat s, nat o\](Row[\T,b1,s1\], ZZ32)->ReadableArray1[\T,b,s\] @ FortressLibrary.fss:2518:5-2519:54 should be a subtype [...]
return-type	target	-	component FortressLibrary	overloading	FortressLibrary.fss:4467,FortressLibrary.fss:4484	For target, the return type of ConcreteRelationalPredicateCondition[\E\]->Generator[\E\] @ FortressLibrary.fss:4484:3-33 should be a subtype of the return type  [...]
return-type	truncate	-	api FortressLibrary	overloading	FortressLibrary.fsi:333,FortressLibrary.fsi:418	For truncate, the return type of QQ->ZZ @ FortressLibrary.fsi:418:5-419:4 should be a subtype of the return type of Number->ZZ64 @ FortressLibrary.fsi:333:5-334 [...]
return-type	truncate	-	component FortressLibrary	overloading	FortressLibrary.fss:419,FortressLibrary.fss:606	For truncate, the return type of (QQ & {Ratio})->ZZ @ FortressLibrary.fss:606:5-104 should be a subtype of the return type of Number->RR64 @ FortressLibrary.fss [...]
return-type	unsigned	-	api FortressLibrary	overloading	FortressLibrary.fsi:450,FortressLibrary.fsi:512	For unsigned, the return type of (ZZ32 & {Int, IntLiteral})->NN32 @ FortressLibrary.fsi:512:5-513:1 should be a subtype of the return type of [\I extends Integr [...]
typecheck	-	-	component FortressLibrary	typecheck	FortressLibrary.fss:459	(RR64, RR64) has no getter called isNaN
typecheck	-	-	component FortressLibrary	typecheck	FortressLibrary.fss:298	Any has no getter called asDebugString
typecheck	-	-	component FortressLibrary	typecheck	FortressLibrary.fss:308	Any has no getter called asDebugString
typecheck	-	-	component FortressLibrary	typecheck	FortressLibrary.fss:4057	Any has no getter called asString
typecheck	-	-	component FortressLibrary	typecheck	FortressLibrary.fss:4058	Any has no getter called asString
typecheck	-	-	component FortressLibrary	typecheck	FortressLibrary.fss:3157	Could not check call to function Comprehension - [\T, AnyMaybe, AnyMaybe, AnyMaybe\](AnyMaybe->AnyMaybe, ActualReduction[\AnyMaybe,AnyMaybe\], T->AnyMaybe)->Com [...]
typecheck	-	-	component FortressLibrary	typecheck	FortressLibrary.fss:3397	Could not check call to function Comprehension - [\T, T, Any, Any\](Any->T, ActualReduction[\Any,Any\], T->Any)->Comprehension[\T,T,Any,Any\] is not applicable  [...]
typecheck	-	-	component FortressLibrary	typecheck	FortressLibrary.fss:3463	Could not check call to function SimpleFilterGenerator - [\E\](Generator[\E\], E->Condition[\()\])->SimpleFilterGenerator[\E\] is not applicable to an argument  [...]
typecheck	-	-	component FortressLibrary	typecheck	FortressLibrary.fss:4446	Could not check call to function SimpleFilterGenerator2 - [\E\](Generator2[\E\], Generator[\E\]->Condition[\()\])->SimpleFilterGenerator2[\E\] is not applicable [...]
typecheck	-	-	component FortressLibrary	typecheck	FortressLibrary.fss:3415	Could not check call to function SimpleMappedGenerator - [\E, G\](Generator[\E\], E->G)->SimpleMappedGenerator[\E,G\] is not applicable to an argument of type ( [...]
typecheck	-	-	component FortressLibrary	typecheck	FortressLibrary.fss:3442	Could not check call to function SimpleMappedIndexed - [\E, G, I\](Indexed[\E,I\], E->G)->SimpleMappedIndexed[\E,G,I\] is not applicable to an argument of type  [...]
typecheck	-	-	component FortressLibrary	typecheck	FortressLibrary.fss:1949	Could not check call to function __arr1 - [\E, nat n\](()->E, NatReflect.N[\n\])->Array1[\E,0,n\] is not applicable to an argument of type (()->E, NatReflect.Na [...]
typecheck	-	-	component FortressLibrary	typecheck	FortressLibrary.fss:1951	Could not check call to function __arr2 - [\E, nat n, nat m\](()->E, NatReflect.N[\n\], NatReflect.N[\m\])->Array2[\E,0,n,0,m\] is not applicable to an argument [...]
typecheck	-	-	component FortressLibrary	typecheck	FortressLibrary.fss:1953	Could not check call to function __arr3 - [\E, nat n, nat m, nat p\](()->E, NatReflect.N[\n\], NatReflect.N[\m\], NatReflect.N[\p\])->Array3[\E,0,n,0,m,0,p\] is [...]
typecheck	-	-	component FortressLibrary	typecheck	FortressLibrary.fss:2228	Could not check call to function __bigOperator - [\I, O, R, L\](BigOperator[\I,O,R,L\], (Reduction[\L\], I->L)->L)->O is not applicable to any type of the form  [...]
typecheck	-	-	component FortressLibrary	typecheck	FortressLibrary.fss:2578	Could not check call to function __bigOperator - [\I, O, R, L\](BigOperator[\I,O,R,L\], (Reduction[\L\], I->L)->L)->O is not applicable to any type of the form  [...]
typecheck	-	-	component FortressLibrary	typecheck	FortressLibrary.fss:2583	Could not check call to function __bigOperator - [\I, O, R, L\](BigOperator[\I,O,R,L\], (Reduction[\L\], I->L)->L)->O is not applicable to any type of the form  [...]
typecheck	-	-	component FortressLibrary	typecheck	FortressLibrary.fss:3159	Could not check call to function __bigOperatorSugar - [\T, (T, T), (T, T), AnyMaybe\](BigOperator[\T,(T, T),(T, T),AnyMaybe\], Generator[\T\])->(T, T) is not ap [...]
typecheck	-	-	component FortressLibrary	typecheck	FortressLibrary.fss:2957	Could not check call to function __cond - [\E, R\](Condition[\E\], E->R, ()->R)->R is not applicable to any type of the form (AnyMaybe, _->_, ()->Nothing[\R\]). [...]
typecheck	-	-	component FortressLibrary	typecheck	FortressLibrary.fss:2931	Could not check call to function __cond - [\E, R\](Condition[\E\], E->R, ()->R)->R is not applicable to any type of the form (AnyMaybe, _->_, ()->AnyMaybe). - [ [...]
typecheck	-	-	component FortressLibrary	typecheck	FortressLibrary.fss:2943	Could not check call to function __cond - [\E, R\](Condition[\E\], E->R, ()->R)->R is not applicable to any type of the form (AnyMaybe, _->_, ()->BottomType). - [...]
typecheck	-	-	component FortressLibrary	typecheck	FortressLibrary.fss:2968	Could not check call to function __cond - [\E, R\](Condition[\E\], E->R, ()->R)->R is not applicable to any type of the form (AnyMaybe, _->_, ()->BottomType). - [...]
typecheck	-	-	component FortressLibrary	typecheck	FortressLibrary.fss:3731	Could not check call to function __cond - [\E, R\](Condition[\E\], E->R, ()->R)->R: FortressLibrary.fss:3732:15-28: Could not check call to operator PCMP - [\I  [...]
typecheck	-	-	component FortressLibrary	typecheck	FortressLibrary.fss:3764	Could not check call to function __cond - [\E, R\](Condition[\E\], E->R, ()->R)->R: FortressLibrary.fss:3766:22: Could not check call to operator PCMP - [\I ext [...]
typecheck	-	-	component FortressLibrary	typecheck	FortressLibrary.fss:3789	Could not check call to function __cond - [\E, R\](Condition[\E\], E->R, ()->R)->R: FortressLibrary.fss:3791:22: Could not check call to operator PCMP - [\I ext [...]
typecheck	-	-	component FortressLibrary	typecheck	FortressLibrary.fss:1967	Could not check call to function __imm1 - [\E, nat n\](()->E, NatReflect.N[\n\])->ImmutableArray1[\E,0,n\] is not applicable to an argument of type (()->E, NatR [...]
typecheck	-	-	component FortressLibrary	typecheck	FortressLibrary.fss:1986	Could not check call to function __parr - [\E, nat n\](()->E, NatReflect.N[\n\])->NativeArray.PrimitiveArray[\E,n\] is not applicable to an argument of type (() [...]
typecheck	-	-	component FortressLibrary	typecheck	FortressLibrary.fss:1991	Could not check call to function __piarr - [\E, nat n\](()->E, NatReflect.N[\n\])->NativeArray.PrimImmutableArray[\E,n\] is not applicable to an argument of typ [...]
typecheck	-	-	component FortressLibrary	typecheck	FortressLibrary.fss:2131	Could not check call to function __subarray - [\T, nat b0, nat s0, nat b, nat s, nat o\](Array1[\T,b0,s0\], NatReflect.N[\b\], NatReflect.N[\s\], NatReflect.N[\ [...]
typecheck	-	-	component FortressLibrary	typecheck	FortressLibrary.fss:2139	Could not check call to function __subarray - [\T, nat b0, nat s0, nat b, nat s, nat o\](Array1[\T,b0,s0\], NatReflect.N[\b\], NatReflect.N[\s\], NatReflect.N[\ [...]
typecheck	-	-	component FortressLibrary	typecheck	FortressLibrary.fss:2081	Could not check call to function __subarrayI - [\T, nat b0, nat s0, nat b, nat s, nat o\](ImmutableArray1[\T,b0,s0\], NatReflect.N[\b\], NatReflect.N[\s\], NatR [...]
typecheck	-	-	component FortressLibrary	typecheck	FortressLibrary.fss:538	Could not check call to function big - (ZZ64 & {Long})->ZZ is not applicable to an argument of type NN64.
typecheck	-	-	component FortressLibrary	typecheck	FortressLibrary.fss:848	Could not check call to function big - (ZZ64 & {Long})->ZZ is not applicable to an argument of type NN64.
typecheck	-	-	component FortressLibrary	typecheck	FortressLibrary.fss:3848	Could not check call to function bounded1Range - [\I extends Integral[\I\]\](I, I, I)->RangeInternals.CompactFullParScalarRange[\I\] is not applicable to an arg [...]
typecheck	-	-	component FortressLibrary	typecheck	FortressLibrary.fss:3851	Could not check call to function bounded2Range - [\I extends Integral[\I\], J extends Integral[\J\]\](I, J, I, J, I, J)->RangeInternals.CompactFullRange2D[\I,J\ [...]
typecheck	-	-	component FortressLibrary	typecheck	FortressLibrary.fss:3855	Could not check call to function bounded3Range - [\I extends Integral[\I\], J extends Integral[\J\], K extends Integral[\K\]\](I, J, K, I, J, K, I, J, K)->Range [...]
typecheck	-	-	component FortressLibrary	typecheck	FortressLibrary.fss:4132	Could not check call to function builtinPrimitive - Could not infer static argument T without context.
typecheck	-	-	component FortressLibrary	typecheck	FortressLibrary.fss:4133	Could not check call to function builtinPrimitive - Could not infer static argument T without context.
typecheck	-	-	component FortressLibrary	typecheck	FortressLibrary.fss:4145	Could not check call to function builtinPrimitive - Could not infer static argument T without context.
typecheck	-	-	component FortressLibrary	typecheck	FortressLibrary.fss:4147	Could not check call to function builtinPrimitive - Could not infer static argument T without context.
typecheck	-	-	component FortressLibrary	typecheck	FortressLibrary.fss:4150	Could not check call to function builtinPrimitive - Could not infer static argument T without context.
typecheck	-	-	component FortressLibrary	typecheck	FortressLibrary.fss:4225	Could not check call to function builtinPrimitive - Could not infer static argument T without context.
typecheck	-	-	component FortressLibrary	typecheck	FortressLibrary.fss:4238	Could not check call to function builtinPrimitive - Could not infer static argument T without context.
typecheck	-	-	component FortressLibrary	typecheck	FortressLibrary.fss:4239	Could not check call to function builtinPrimitive - Could not infer static argument T without context.
typecheck	-	-	component FortressLibrary	typecheck	FortressLibrary.fss:4241	Could not check call to function builtinPrimitive - Could not infer static argument T without context.
typecheck	-	-	component FortressLibrary	typecheck	FortressLibrary.fss:4242	Could not check call to function builtinPrimitive - Could not infer static argument T without context.
typecheck	-	-	component FortressLibrary	typecheck	FortressLibrary.fss:4249	Could not check call to function builtinPrimitive - Could not infer static argument T without context.
typecheck	-	-	component FortressLibrary	typecheck	FortressLibrary.fss:669	Could not check call to function builtinPrimitive - Could not infer static argument T without context.
typecheck	-	-	component FortressLibrary	typecheck	FortressLibrary.fss:671	Could not check call to function builtinPrimitive - Could not infer static argument T without context.
typecheck	-	-	component FortressLibrary	typecheck	FortressLibrary.fss:674	Could not check call to function builtinPrimitive - Could not infer static argument T without context.
typecheck	-	-	component FortressLibrary	typecheck	FortressLibrary.fss:676	Could not check call to function builtinPrimitive - Could not infer static argument T without context.
typecheck	-	-	component FortressLibrary	typecheck	FortressLibrary.fss:678	Could not check call to function builtinPrimitive - Could not infer static argument T without context.
typecheck	-	-	component FortressLibrary	typecheck	FortressLibrary.fss:680	Could not check call to function builtinPrimitive - Could not infer static argument T without context.
typecheck	-	-	component FortressLibrary	typecheck	FortressLibrary.fss:682	Could not check call to function builtinPrimitive - Could not infer static argument T without context.
typecheck	-	-	component FortressLibrary	typecheck	FortressLibrary.fss:684	Could not check call to function builtinPrimitive - Could not infer static argument T without context.
typecheck	-	-	component FortressLibrary	typecheck	FortressLibrary.fss:686	Could not check call to function builtinPrimitive - Could not infer static argument T without context.
typecheck	-	-	component FortressLibrary	typecheck	FortressLibrary.fss:688	Could not check call to function builtinPrimitive - Could not infer static argument T without context.
typecheck	-	-	component FortressLibrary	typecheck	FortressLibrary.fss:690	Could not check call to function builtinPrimitive - Could not infer static argument T without context.
typecheck	-	-	component FortressLibrary	typecheck	FortressLibrary.fss:692	Could not check call to function builtinPrimitive - Could not infer static argument T without context.
typecheck	-	-	component FortressLibrary	typecheck	FortressLibrary.fss:694	Could not check call to function builtinPrimitive - Could not infer static argument T without context.
typecheck	-	-	component FortressLibrary	typecheck	FortressLibrary.fss:696	Could not check call to function builtinPrimitive - Could not infer static argument T without context.
typecheck	-	-	component FortressLibrary	typecheck	FortressLibrary.fss:698	Could not check call to function builtinPrimitive - Could not infer static argument T without context.
typecheck	-	-	component FortressLibrary	typecheck	FortressLibrary.fss:700	Could not check call to function builtinPrimitive - Could not infer static argument T without context.
typecheck	-	-	component FortressLibrary	typecheck	FortressLibrary.fss:702	Could not check call to function builtinPrimitive - Could not infer static argument T without context.
typecheck	-	-	component FortressLibrary	typecheck	FortressLibrary.fss:704	Could not check call to function builtinPrimitive - Could not infer static argument T without context.
typecheck	-	-	component FortressLibrary	typecheck	FortressLibrary.fss:706	Could not check call to function builtinPrimitive - Could not infer static argument T without context.
typecheck	-	-	component FortressLibrary	typecheck	FortressLibrary.fss:708	Could not check call to function builtinPrimitive - Could not infer static argument T without context.
typecheck	-	-	component FortressLibrary	typecheck	FortressLibrary.fss:710	Could not check call to function builtinPrimitive - Could not infer static argument T without context.
typecheck	-	-	component FortressLibrary	typecheck	FortressLibrary.fss:712	Could not check call to function builtinPrimitive - Could not infer static argument T without context.
typecheck	-	-	component FortressLibrary	typecheck	FortressLibrary.fss:714	Could not check call to function builtinPrimitive - Could not infer static argument T without context.
typecheck	-	-	component FortressLibrary	typecheck	FortressLibrary.fss:716	Could not check call to function builtinPrimitive - Could not infer static argument T without context.
typecheck	-	-	component FortressLibrary	typecheck	FortressLibrary.fss:729	Could not check call to function builtinPrimitive - Could not infer static argument T without context.
typecheck	-	-	component FortressLibrary	typecheck	FortressLibrary.fss:731	Could not check call to function builtinPrimitive - Could not infer static argument T without context.
typecheck	-	-	component FortressLibrary	typecheck	FortressLibrary.fss:743	Could not check call to function builtinPrimitive - Could not infer static argument T without context.
typecheck	-	-	component FortressLibrary	typecheck	FortressLibrary.fss:745	Could not check call to function builtinPrimitive - Could not infer static argument T without context.
typecheck	-	-	component FortressLibrary	typecheck	FortressLibrary.fss:747	Could not check call to function builtinPrimitive - Could not infer static argument T without context.
typecheck	-	-	component FortressLibrary	typecheck	FortressLibrary.fss:749	Could not check call to function builtinPrimitive - Could not infer static argument T without context.
typecheck	-	-	component FortressLibrary	typecheck	FortressLibrary.fss:751	Could not check call to function builtinPrimitive - Could not infer static argument T without context.
typecheck	-	-	component FortressLibrary	typecheck	FortressLibrary.fss:753	Could not check call to function builtinPrimitive - Could not infer static argument T without context.
typecheck	-	-	component FortressLibrary	typecheck	FortressLibrary.fss:755	Could not check call to function builtinPrimitive - Could not infer static argument T without context.
typecheck	-	-	component FortressLibrary	typecheck	FortressLibrary.fss:757	Could not check call to function builtinPrimitive - Could not infer static argument T without context.
typecheck	-	-	component FortressLibrary	typecheck	FortressLibrary.fss:759	Could not check call to function builtinPrimitive - Could not infer static argument T without context.
typecheck	-	-	component FortressLibrary	typecheck	FortressLibrary.fss:761	Could not check call to function builtinPrimitive - Could not infer static argument T without context.
typecheck	-	-	component FortressLibrary	typecheck	FortressLibrary.fss:763	Could not check call to function builtinPrimitive - Could not infer static argument T without context.
typecheck	-	-	component FortressLibrary	typecheck	FortressLibrary.fss:765	Could not check call to function builtinPrimitive - Could not infer static argument T without context.
typecheck	-	-	component FortressLibrary	typecheck	FortressLibrary.fss:767	Could not check call to function builtinPrimitive - Could not infer static argument T without context.
typecheck	-	-	component FortressLibrary	typecheck	FortressLibrary.fss:769	Could not check call to function builtinPrimitive - Could not infer static argument T without context.
typecheck	-	-	component FortressLibrary	typecheck	FortressLibrary.fss:771	Could not check call to function builtinPrimitive - Could not infer static argument T without context.
typecheck	-	-	component FortressLibrary	typecheck	FortressLibrary.fss:773	Could not check call to function builtinPrimitive - Could not infer static argument T without context.
typecheck	-	-	component FortressLibrary	typecheck	FortressLibrary.fss:775	Could not check call to function builtinPrimitive - Could not infer static argument T without context.
typecheck	-	-	component FortressLibrary	typecheck	FortressLibrary.fss:777	Could not check call to function builtinPrimitive - Could not infer static argument T without context.
typecheck	-	-	component FortressLibrary	typecheck	FortressLibrary.fss:779	Could not check call to function builtinPrimitive - Could not infer static argument T without context.
typecheck	-	-	component FortressLibrary	typecheck	FortressLibrary.fss:781	Could not check call to function builtinPrimitive - Could not infer static argument T without context.
typecheck	-	-	component FortressLibrary	typecheck	FortressLibrary.fss:783	Could not check call to function builtinPrimitive - Could not infer static argument T without context.
typecheck	-	-	component FortressLibrary	typecheck	FortressLibrary.fss:785	Could not check call to function builtinPrimitive - Could not infer static argument T without context.
typecheck	-	-	component FortressLibrary	typecheck	FortressLibrary.fss:787	Could not check call to function builtinPrimitive - Could not infer static argument T without context.
typecheck	-	-	component FortressLibrary	typecheck	FortressLibrary.fss:794	Could not check call to function builtinPrimitive - Could not infer static argument T without context.
typecheck	-	-	component FortressLibrary	typecheck	FortressLibrary.fss:796	Could not check call to function builtinPrimitive - Could not infer static argument T without context.
typecheck	-	-	component FortressLibrary	typecheck	FortressLibrary.fss:798	Could not check call to function builtinPrimitive - Could not infer static argument T without context.
typecheck	-	-	component FortressLibrary	typecheck	FortressLibrary.fss:800	Could not check call to function builtinPrimitive - Could not infer static argument T without context.
typecheck	-	-	component FortressLibrary	typecheck	FortressLibrary.fss:802	Could not check call to function builtinPrimitive - Could not infer static argument T without context.
typecheck	-	-	component FortressLibrary	typecheck	FortressLibrary.fss:804	Could not check call to function builtinPrimitive - Could not infer static argument T without context.
typecheck	-	-	component FortressLibrary	typecheck	FortressLibrary.fss:806	Could not check call to function builtinPrimitive - Could not infer static argument T without context.
typecheck	-	-	component FortressLibrary	typecheck	FortressLibrary.fss:808	Could not check call to function builtinPrimitive - Could not infer static argument T without context.
typecheck	-	-	component FortressLibrary	typecheck	FortressLibrary.fss:810	Could not check call to function builtinPrimitive - Could not infer static argument T without context.
typecheck	-	-	component FortressLibrary	typecheck	FortressLibrary.fss:812	Could not check call to function builtinPrimitive - Could not infer static argument T without context.
typecheck	-	-	component FortressLibrary	typecheck	FortressLibrary.fss:814	Could not check call to function builtinPrimitive - Could not infer static argument T without context.
typecheck	-	-	component FortressLibrary	typecheck	FortressLibrary.fss:816	Could not check call to function builtinPrimitive - Could not infer static argument T without context.
typecheck	-	-	component FortressLibrary	typecheck	FortressLibrary.fss:818	Could not check call to function builtinPrimitive - Could not infer static argument T without context.
typecheck	-	-	component FortressLibrary	typecheck	FortressLibrary.fss:820	Could not check call to function builtinPrimitive - Could not infer static argument T without context.
typecheck	-	-	component FortressLibrary	typecheck	FortressLibrary.fss:822	Could not check call to function builtinPrimitive - Could not infer static argument T without context.
typecheck	-	-	component FortressLibrary	typecheck	FortressLibrary.fss:824	Could not check call to function builtinPrimitive - Could not infer static argument T without context.
typecheck	-	-	component FortressLibrary	typecheck	FortressLibrary.fss:826	Could not check call to function builtinPrimitive - Could not infer static argument T without context.
typecheck	-	-	component FortressLibrary	typecheck	FortressLibrary.fss:828	Could not check call to function builtinPrimitive - Could not infer static argument T without context.
typecheck	-	-	component FortressLibrary	typecheck	FortressLibrary.fss:830	Could not check call to function builtinPrimitive - Could not infer static argument T without context.
typecheck	-	-	component FortressLibrary	typecheck	FortressLibrary.fss:832	Could not check call to function builtinPrimitive - Could not infer static argument T without context.
typecheck	-	-	component FortressLibrary	typecheck	FortressLibrary.fss:834	Could not check call to function builtinPrimitive - Could not infer static argument T without context.
typecheck	-	-	component FortressLibrary	typecheck	FortressLibrary.fss:836	Could not check call to function builtinPrimitive - Could not infer static argument T without context.
typecheck	-	-	component FortressLibrary	typecheck	FortressLibrary.fss:838	Could not check call to function builtinPrimitive - Could not infer static argument T without context.
typecheck	-	-	component FortressLibrary	typecheck	FortressLibrary.fss:840	Could not check call to function builtinPrimitive - Could not infer static argument T without context.
typecheck	-	-	component FortressLibrary	typecheck	FortressLibrary.fss:855	Could not check call to function builtinPrimitive - Could not infer static argument T without context.
typecheck	-	-	component FortressLibrary	typecheck	FortressLibrary.fss:862	Could not check call to function builtinPrimitive - Could not infer static argument T without context.
typecheck	-	-	component FortressLibrary	typecheck	FortressLibrary.fss:865	Could not check call to function builtinPrimitive - Could not infer static argument T without context.
typecheck	-	-	component FortressLibrary	typecheck	FortressLibrary.fss:867	Could not check call to function builtinPrimitive - Could not infer static argument T without context.
typecheck	-	-	component FortressLibrary	typecheck	FortressLibrary.fss:869	Could not check call to function builtinPrimitive - Could not infer static argument T without context.
typecheck	-	-	component FortressLibrary	typecheck	FortressLibrary.fss:871	Could not check call to function builtinPrimitive - Could not infer static argument T without context.
typecheck	-	-	component FortressLibrary	typecheck	FortressLibrary.fss:873	Could not check call to function builtinPrimitive - Could not infer static argument T without context.
typecheck	-	-	component FortressLibrary	typecheck	FortressLibrary.fss:875	Could not check call to function builtinPrimitive - Could not infer static argument T without context.
typecheck	-	-	component FortressLibrary	typecheck	FortressLibrary.fss:885	Could not check call to function builtinPrimitive - Could not infer static argument T without context.
typecheck	-	-	component FortressLibrary	typecheck	FortressLibrary.fss:887	Could not check call to function builtinPrimitive - Could not infer static argument T without context.
typecheck	-	-	component FortressLibrary	typecheck	FortressLibrary.fss:889	Could not check call to function builtinPrimitive - Could not infer static argument T without context.
typecheck	-	-	component FortressLibrary	typecheck	FortressLibrary.fss:891	Could not check call to function builtinPrimitive - Could not infer static argument T without context.
typecheck	-	-	component FortressLibrary	typecheck	FortressLibrary.fss:893	Could not check call to function builtinPrimitive - Could not infer static argument T without context.
typecheck	-	-	component FortressLibrary	typecheck	FortressLibrary.fss:895	Could not check call to function builtinPrimitive - Could not infer static argument T without context.
typecheck	-	-	component FortressLibrary	typecheck	FortressLibrary.fss:897	Could not check call to function builtinPrimitive - Could not infer static argument T without context.
typecheck	-	-	component FortressLibrary	typecheck	FortressLibrary.fss:899	Could not check call to function builtinPrimitive - Could not infer static argument T without context.
typecheck	-	-	component FortressLibrary	typecheck	FortressLibrary.fss:901	Could not check call to function builtinPrimitive - Could not infer static argument T without context.
typecheck	-	-	component FortressLibrary	typecheck	FortressLibrary.fss:903	Could not check call to function builtinPrimitive - Could not infer static argument T without context.
typecheck	-	-	component FortressLibrary	typecheck	FortressLibrary.fss:905	Could not check call to function builtinPrimitive - Could not infer static argument T without context.
typecheck	-	-	component FortressLibrary	typecheck	FortressLibrary.fss:907	Could not check call to function builtinPrimitive - Could not infer static argument T without context.
typecheck	-	-	component FortressLibrary	typecheck	FortressLibrary.fss:909	Could not check call to function builtinPrimitive - Could not infer static argument T without context.
typecheck	-	-	component FortressLibrary	typecheck	FortressLibrary.fss:911	Could not check call to function builtinPrimitive - Could not infer static argument T without context.
typecheck	-	-	component FortressLibrary	typecheck	FortressLibrary.fss:913	Could not check call to function builtinPrimitive - Could not infer static argument T without context.
typecheck	-	-	component FortressLibrary	typecheck	FortressLibrary.fss:916	Could not check call to function builtinPrimitive - Could not infer static argument T without context.
typecheck	-	-	component FortressLibrary	typecheck	FortressLibrary.fss:1236	Could not check call to function cond - [\E\](E->E, ()->E)->E is not applicable to an argument of type (E->Just[\(ZZ32, E)\], ()->Nothing[\(ZZ32, E)\]).
typecheck	-	-	component FortressLibrary	typecheck	FortressLibrary.fss:1241	Could not check call to function cond - [\E\](E->E, ()->E)->E is not applicable to an argument of type (E->Condition[\E\], ()->Condition[\E\]).
typecheck	-	-	component FortressLibrary	typecheck	FortressLibrary.fss:1252	Could not check call to function cond - [\G\](E->G, ()->G)->G is not applicable to an argument of type (E->Just[\G\], ()->Nothing[\G\]).
typecheck	-	-	component FortressLibrary	typecheck	FortressLibrary.fss:1254	Could not check call to function cond - [\G\](E->G, ()->G)->G is not applicable to an argument of type (E->Just[\G\], ()->Nothing[\G\]).
typecheck	-	-	component FortressLibrary	typecheck	FortressLibrary.fss:1256	Could not check call to function cond - [\G\](E->G, ()->G)->G is not applicable to an argument of type (E->Generator[\G\], ()->Nothing[\G\]).
typecheck	-	-	component FortressLibrary	typecheck	FortressLibrary.fss:1258	Could not check call to function cond - [\G\](E->G, ()->G)->G is not applicable to an argument of type (E->Generator[\(E, G)\], ()->Nothing[\(E, G)\]).
typecheck	-	-	component FortressLibrary	typecheck	FortressLibrary.fss:1348	Could not check call to function fail - Could not infer static argument T without context.
typecheck	-	-	component FortressLibrary	typecheck	FortressLibrary.fss:1378	Could not check call to function fail - Could not infer static argument T without context.
typecheck	-	-	component FortressLibrary	typecheck	FortressLibrary.fss:1424	Could not check call to function fail - Could not infer static argument T without context.
typecheck	-	-	component FortressLibrary	typecheck	FortressLibrary.fss:1607	Could not check call to function fail - Could not infer static argument T without context.
typecheck	-	-	component FortressLibrary	typecheck	FortressLibrary.fss:1926	Could not check call to function fail - Could not infer static argument T without context.
typecheck	-	-	component FortressLibrary	typecheck	FortressLibrary.fss:288	Could not check call to function fail - Could not infer static argument T without context.
typecheck	-	-	component FortressLibrary	typecheck	FortressLibrary.fss:293	Could not check call to function fail - Could not infer static argument T without context.
typecheck	-	-	component FortressLibrary	typecheck	FortressLibrary.fss:3811	Could not check call to function fail - Could not infer static argument T without context.
typecheck	-	-	component FortressLibrary	typecheck	FortressLibrary.fss:4198	Could not check call to function fail - Could not infer static argument T without context.
typecheck	-	-	component FortressLibrary	typecheck	FortressLibrary.fss:940	Could not check call to function fail - Could not infer static argument T without context.
typecheck	-	-	component FortressLibrary	typecheck	FortressLibrary.fss:2224	Could not check call to function map - [\T\]T->T->Array1[\T,0,s0\] is not applicable to any type of the form _->_. - [\T\]T->T->Array[\T,ZZ32\] is not applicabl [...]
typecheck	-	-	component FortressLibrary	typecheck	FortressLibrary.fss:607	Could not check call to function odd - (ZZ & {BigNum})->Boolean is not applicable to an argument of type RR64.
typecheck	-	-	component FortressLibrary	typecheck	FortressLibrary.fss:3895	Could not check call to function openRangeHelper - [\I extends Integral[\I\], J extends Integral[\J\], K extends Integral[\K\]\]()->(I, J, K)->RangeInternals.Op [...]
typecheck	-	-	component FortressLibrary	typecheck	FortressLibrary.fss:2032	Could not check call to function partitionL - (NN64 & {UnsignedLong})->NN64 is not applicable to an argument of type I. - (ZZ32 & {Int, IntLiteral})->ZZ32 is no [...]
typecheck	-	-	component FortressLibrary	typecheck	FortressLibrary.fss:4513	Could not check call to function seq - DelegatedIndexed[\E,I\]->SequentialGenerator[\E\] is not applicable to an argument of type Range[\ZZ32\]. - FilterGenerat [...]
typecheck	-	-	component FortressLibrary	typecheck	FortressLibrary.fss:538	Could not check call to function signed - (NN64 & {UnsignedLong})->NN64 is not applicable to an argument of type Number. - NN32->ZZ32 is not applicable to an ar [...]
typecheck	-	-	component FortressLibrary	typecheck	FortressLibrary.fss:539	Could not check call to function signed - (NN64 & {UnsignedLong})->NN64 is not applicable to an argument of type Number. - NN32->ZZ32 is not applicable to an ar [...]
typecheck	-	-	component FortressLibrary	typecheck	FortressLibrary.fss:3837	Could not check call to function sized1Range - [\I extends Integral[\I\]\](I, I, I)->RangeInternals.CompactFullParScalarRange[\I\] is not applicable to an argum [...]
typecheck	-	-	component FortressLibrary	typecheck	FortressLibrary.fss:3840	Could not check call to function sized2Range - [\I extends Integral[\I\], J extends Integral[\J\]\](I, J, I, J, I, J)->RangeInternals.CompactFullRange2D[\I,J\]  [...]
typecheck	-	-	component FortressLibrary	typecheck	FortressLibrary.fss:3844	Could not check call to function sized3Range - [\I extends Integral[\I\], J extends Integral[\J\], K extends Integral[\K\]\](I, J, K, I, J, K, I, J, K)->RangeIn [...]
typecheck	-	-	component FortressLibrary	typecheck	FortressLibrary.fss:3708	Could not check call to operator # - [\I extends AnyIntegral, J extends AnyIntegral, K extends AnyIntegral\](I, J, K)->LeftRange[\(I, J, K)\] is not applicable  [...]
typecheck	-	-	component FortressLibrary	typecheck	FortressLibrary.fss:3714	Could not check call to operator # - [\I extends AnyIntegral, J extends AnyIntegral, K extends AnyIntegral\](I, J, K)->ExtentRange[\(I, J, K)\] is not applicabl [...]
typecheck	-	-	component FortressLibrary	typecheck	FortressLibrary.fss:3870	Could not check call to operator # - [\I extends AnyIntegral, J extends AnyIntegral, K extends AnyIntegral\](I, J, K)->LeftRange[\(I, J, K)\] is not applicable  [...]
typecheck	-	-	component FortressLibrary	typecheck	FortressLibrary.fss:3906	Could not check call to operator # - [\I extends AnyIntegral, J extends AnyIntegral, K extends AnyIntegral\](I, J, K)->LeftRange[\(I, J, K)\] is not applicable  [...]
typecheck	-	-	component FortressLibrary	typecheck	FortressLibrary.fss:3997	Could not check call to operator # - [\I extends AnyIntegral, J extends AnyIntegral, K extends AnyIntegral\]((I, J, K), (I, J, K))->RangeInternals.CompactFullRa [...]
typecheck	-	-	component FortressLibrary	typecheck	FortressLibrary.fss:4000	Could not check call to operator # - [\I extends AnyIntegral, J extends AnyIntegral, K extends AnyIntegral\]((I, J, K), (I, J, K))->RangeInternals.CompactFullRa [...]
typecheck	-	-	component FortressLibrary	typecheck	FortressLibrary.fss:332	Could not check call to operator - - ((NN64 & {UnsignedLong}), NN64)->NN64 is not applicable to an argument of type (AdditiveGroup[\T\], AdditiveGroup[\T\]). -  [...]
typecheck	-	-	component FortressLibrary	typecheck	FortressLibrary.fss:335	Could not check call to operator - - ((NN64 & {UnsignedLong}), NN64)->NN64 is not applicable to an argument of type (T, AdditiveGroup[\T\]). - ((QQ & {Ratio}),  [...]
typecheck	-	-	component FortressLibrary	typecheck	FortressLibrary.fss:3826	Could not check call to operator - - ((NN64 & {UnsignedLong}), NN64)->NN64 is not applicable to an argument of type (I, AND(ZZ32,I)). - ((QQ & {Ratio}), QQ)->QQ [...]
typecheck	-	-	component FortressLibrary	typecheck	FortressLibrary.fss:3709	Could not check call to operator : - [\I extends AnyIntegral, J extends AnyIntegral, K extends AnyIntegral\](I, J, K)->RightRange[\(I, J, K)\] is not applicable [...]
typecheck	-	-	component FortressLibrary	typecheck	FortressLibrary.fss:3915	Could not check call to operator : - [\I extends AnyIntegral, J extends AnyIntegral, K extends AnyIntegral\]((I, J, K), (I, J, K))->RangeInternals.CompactFullRa [...]
typecheck	-	-	component FortressLibrary	typecheck	FortressLibrary.fss:3712	Could not check call to operator :: - [\I extends AnyIntegral, J extends AnyIntegral, K extends AnyIntegral\](I, J, K)->OpenRange[\(I, J, K)\] is not applicable [...]
typecheck	-	-	component FortressLibrary	typecheck	FortressLibrary.fss:3713	Could not check call to operator :: - [\I extends AnyIntegral, J extends AnyIntegral, K extends AnyIntegral\](I, J, K)->OpenRange[\(I, J, K)\] is not applicable [...]
typecheck	-	-	component FortressLibrary	typecheck	FortressLibrary.fss:217	Could not check call to operator < - ((NN64 & {UnsignedLong}), NN64)->Boolean is not applicable to an argument of type (T, StandardPartialOrder[\T\]). - ((QQ &  [...]
typecheck	-	-	component FortressLibrary	typecheck	FortressLibrary.fss:222	Could not check call to operator < - ((NN64 & {UnsignedLong}), NN64)->Boolean is not applicable to an argument of type (T, StandardPartialOrder[\T\]). - ((QQ &  [...]
typecheck	-	-	component FortressLibrary	typecheck	FortressLibrary.fss:274	Could not check call to operator < - ((NN64 & {UnsignedLong}), NN64)->Boolean is not applicable to an argument of type (T, StandardTotalOrder[\T\]). - ((QQ & {R [...]
typecheck	-	-	component FortressLibrary	typecheck	FortressLibrary.fss:278	Could not check call to operator < - ((NN64 & {UnsignedLong}), NN64)->Boolean is not applicable to an argument of type (T, StandardTotalOrder[\T\]). - ((QQ & {R [...]
typecheck	-	-	component FortressLibrary	typecheck	FortressLibrary.fss:279	Could not check call to operator < - ((NN64 & {UnsignedLong}), NN64)->Boolean is not applicable to an argument of type (T, StandardTotalOrder[\T\]). - ((QQ & {R [...]
typecheck	-	-	component FortressLibrary	typecheck	FortressLibrary.fss:280	Could not check call to operator < - ((NN64 & {UnsignedLong}), NN64)->Boolean is not applicable to an argument of type (T, StandardTotalOrder[\T\]). - ((QQ & {R [...]
typecheck	-	-	component FortressLibrary	typecheck	FortressLibrary.fss:282	Could not check call to operator < - ((NN64 & {UnsignedLong}), NN64)->Boolean is not applicable to an argument of type (T, StandardTotalOrder[\T\]). - ((QQ & {R [...]
typecheck	-	-	component FortressLibrary	typecheck	FortressLibrary.fss:224	Could not check call to operator >= - ((QQ & {Ratio}), QQ)->Boolean is not applicable to an argument of type (T, StandardPartialOrder[\T\]). - ((TotalComparison [...]
typecheck	-	-	component FortressLibrary	typecheck	FortressLibrary.fss:298	Could not check call to operator BIG || - ()->Comprehension[\Any,String,String,String\] is not applicable to an argument of type Any. - [\T\]Generator[\T\]->Str [...]
typecheck	-	-	component FortressLibrary	typecheck	FortressLibrary.fss:308	Could not check call to operator BIG || - ()->Comprehension[\Any,String,String,String\] is not applicable to an argument of type Any. - [\T\]Generator[\T\]->Str [...]
typecheck	-	-	component FortressLibrary	typecheck	FortressLibrary.fss:1767	Could not check call to operator CMP - ((TotalComparison & {LessThan, EqualTo, GreaterThan}), Unordered)->Comparison is not applicable to an argument of type (E [...]
typecheck	-	-	component FortressLibrary	typecheck	FortressLibrary.fss:4277	Could not check call to operator CMP - ((TotalComparison & {LessThan, EqualTo, GreaterThan}), Unordered)->Comparison is not applicable to an argument of type (A [...]
typecheck	-	-	component FortressLibrary	typecheck	FortressLibrary.fss:4287	Could not check call to operator CMP - ((TotalComparison & {LessThan, EqualTo, GreaterThan}), Unordered)->Comparison is not applicable to an argument of type (A [...]
typecheck	-	-	component FortressLibrary	typecheck	FortressLibrary.fss:4297	Could not check call to operator CMP - ((TotalComparison & {LessThan, EqualTo, GreaterThan}), Unordered)->Comparison is not applicable to an argument of type (A [...]
typecheck	-	-	component FortressLibrary	typecheck	FortressLibrary.fss:4307	Could not check call to operator CMP - ((TotalComparison & {LessThan, EqualTo, GreaterThan}), Unordered)->Comparison is not applicable to an argument of type (A [...]
typecheck	-	-	component FortressLibrary	typecheck	FortressLibrary.fss:4317	Could not check call to operator CMP - ((TotalComparison & {LessThan, EqualTo, GreaterThan}), Unordered)->Comparison is not applicable to an argument of type (A [...]
typecheck	-	-	component FortressLibrary	typecheck	FortressLibrary.fss:4317	Could not check call to operator CMP - ((TotalComparison & {LessThan, EqualTo, GreaterThan}), Unordered)->Comparison is not applicable to an argument of type (B [...]
typecheck	-	-	component FortressLibrary	typecheck	FortressLibrary.fss:4329	Could not check call to operator CMP - ((TotalComparison & {LessThan, EqualTo, GreaterThan}), Unordered)->Comparison is not applicable to an argument of type (A [...]
typecheck	-	-	component FortressLibrary	typecheck	FortressLibrary.fss:4329	Could not check call to operator CMP - ((TotalComparison & {LessThan, EqualTo, GreaterThan}), Unordered)->Comparison is not applicable to an argument of type (B [...]
typecheck	-	-	component FortressLibrary	typecheck	FortressLibrary.fss:4339	Could not check call to operator CMP - ((TotalComparison & {LessThan, EqualTo, GreaterThan}), Unordered)->Comparison is not applicable to an argument of type (A [...]
typecheck	-	-	component FortressLibrary	typecheck	FortressLibrary.fss:4339	Could not check call to operator CMP - ((TotalComparison & {LessThan, EqualTo, GreaterThan}), Unordered)->Comparison is not applicable to an argument of type (B [...]
typecheck	-	-	component FortressLibrary	typecheck	FortressLibrary.fss:4349	Could not check call to operator CMP - ((TotalComparison & {LessThan, EqualTo, GreaterThan}), Unordered)->Comparison is not applicable to an argument of type (A [...]
typecheck	-	-	component FortressLibrary	typecheck	FortressLibrary.fss:4349	Could not check call to operator CMP - ((TotalComparison & {LessThan, EqualTo, GreaterThan}), Unordered)->Comparison is not applicable to an argument of type (B [...]
typecheck	-	-	component FortressLibrary	typecheck	FortressLibrary.fss:4359	Could not check call to operator CMP - ((TotalComparison & {LessThan, EqualTo, GreaterThan}), Unordered)->Comparison is not applicable to an argument of type (A [...]
typecheck	-	-	component FortressLibrary	typecheck	FortressLibrary.fss:4359	Could not check call to operator CMP - ((TotalComparison & {LessThan, EqualTo, GreaterThan}), Unordered)->Comparison is not applicable to an argument of type (B [...]
typecheck	-	-	component FortressLibrary	typecheck	FortressLibrary.fss:4369	Could not check call to operator CMP - ((TotalComparison & {LessThan, EqualTo, GreaterThan}), Unordered)->Comparison is not applicable to an argument of type (A [...]
typecheck	-	-	component FortressLibrary	typecheck	FortressLibrary.fss:4369	Could not check call to operator CMP - ((TotalComparison & {LessThan, EqualTo, GreaterThan}), Unordered)->Comparison is not applicable to an argument of type (B [...]
typecheck	-	-	component FortressLibrary	typecheck	FortressLibrary.fss:4369	Could not check call to operator CMP - ((TotalComparison & {LessThan, EqualTo, GreaterThan}), Unordered)->Comparison is not applicable to an argument of type (C [...]
typecheck	-	-	component FortressLibrary	typecheck	FortressLibrary.fss:4141	Could not check call to operator DIV - ((NN64 & {UnsignedLong}), NN64)->NN64 is not applicable to an argument of type (RR64, IntLiteral). - ((ZZ & {BigNum}), ZZ [...]
typecheck	-	-	component FortressLibrary	typecheck	FortressLibrary.fss:603	Could not check call to operator DIV - ((NN64 & {UnsignedLong}), NN64)->NN64 is not applicable to an argument of type (RR64, ZZ). - ((ZZ & {BigNum}), ZZ)->ZZ is [...]
typecheck	-	-	component FortressLibrary	typecheck	FortressLibrary.fss:647	Could not check call to operator MOD - ((NN64 & {UnsignedLong}), NN64)->NN64 is not applicable to an argument of type (I, Integral[\I\]). - ((ZZ & {BigNum}), ZZ [...]
typecheck	-	-	component FortressLibrary	typecheck	FortressLibrary.fss:3816	Could not check call to operator PCMP - [\I extends Integral[\I\], J extends Integral[\J\], K extends Integral[\K\]\]((I, J, K), (I, J, K))->Comparison is not a [...]
typecheck	-	-	component FortressLibrary	typecheck	FortressLibrary.fss:3817	Could not check call to operator PCMP - [\I extends Integral[\I\], J extends Integral[\J\], K extends Integral[\K\]\]((I, J, K), (I, J, K))->Comparison is not a [...]
typecheck	-	-	component FortressLibrary	typecheck	FortressLibrary.fss:3678	Could not check call to operator SCMP - [\I extends Integral[\I\], J extends Integral[\J\], K extends Integral[\K\]\]((I, J, K), (I, J, K))->Comparison is not a [...]
typecheck	-	-	component FortressLibrary	typecheck	FortressLibrary.fss:3440	Could not check call to operator juxtaposition - ((NN64 & {UnsignedLong}), NN64)->NN64 is not applicable to an argument of type (Indexed[\E,I\], ()). - ((QQ & { [...]
typecheck	-	-	component FortressLibrary	typecheck	FortressLibrary.fss:1796	Could not check call to operator |_| - (NN64 & {UnsignedLong})->NN64 is not applicable to an argument of type Generator[\I\]. - (PairGenerator[\E,F\] & {SimpleP [...]
typecheck	-	-	component FortressLibrary	typecheck	FortressLibrary.fss:3538	Could not check call to operator |_| - (NN64 & {UnsignedLong})->NN64 is not applicable to an argument of type Generator[\E\]. - (PairGenerator[\E,F\] & {SimpleP [...]
typecheck	-	-	component FortressLibrary	typecheck	FortressLibrary.fss:3538	Could not check call to operator |_| - (NN64 & {UnsignedLong})->NN64 is not applicable to an argument of type Generator[\F\]. - (PairGenerator[\E,F\] & {SimpleP [...]
typecheck	-	-	component FortressLibrary	typecheck	FortressLibrary.fss:3616	Could not check call to operator |_| - (NN64 & {UnsignedLong})->NN64 is not applicable to an argument of type Generator[\E\]. - (PairGenerator[\E,F\] & {SimpleP [...]
typecheck	-	-	component FortressLibrary	typecheck	FortressLibrary.fss:3618	Could not check call to operator |_| - (NN64 & {UnsignedLong})->NN64 is not applicable to an argument of type Generator[\E\]. - (PairGenerator[\E,F\] & {SimpleP [...]
typecheck	-	-	component FortressLibrary	typecheck	FortressLibrary.fss:4396	Could not check call to operator |_| - (NN64 & {UnsignedLong})->NN64 is not applicable to an argument of type Generator[\((ActualReduction[\R,L1\], ActualReduct [...]
typecheck	-	-	component FortressLibrary	typecheck	FortressLibrary.fss:4421	Could not check call to operator |_| - (NN64 & {UnsignedLong})->NN64 is not applicable to an argument of type Generator[\((ActualReduction[\R,L1\], ActualReduct [...]
typecheck	-	-	component FortressLibrary	typecheck	FortressLibrary.fss:4032	Could not check function application - BottomType->AnyMaybe is not applicable to an argument of type ZZ32. FortressLibrary.fss:4032:21-45: Possibly because i: Z [...]
typecheck	-	-	component FortressLibrary	typecheck	FortressLibrary.fss:4038	Could not check function application - BottomType->AnyMaybe is not applicable to an argument of type ZZ32. FortressLibrary.fss:4038:21-45: Possibly because i: Z [...]
typecheck	-	-	component FortressLibrary	typecheck	FortressLibrary.fss:1185	Could not check method invocation AND(Generator2[\E\],Generator[\F\]).generate2 - [\I0, L0, L1\](ActualReduction[\I0,L0\], ActualReduction[\I0,L1\], E->I0)->I0  [...]
typecheck	-	-	component FortressLibrary	typecheck	FortressLibrary.fss:2852	Could not check method invocation Array3[\T,0,s0,0,s1,0,s2\].fill - (ZZ32, ZZ32, ZZ32)->T->Array3[\T,0,s0,0,s1,0,s2\] is not applicable to an argument of type ( [...]
typecheck	-	-	component FortressLibrary	typecheck	FortressLibrary.fss:1258	Could not check method invocation Generator[\G\].map - [\(E, G)\](E, G)->(E, G)->Generator[\(E, G)\] is not applicable to an argument of type G->(E, G).
typecheck	-	-	component FortressLibrary	typecheck	FortressLibrary.fss:1352	Could not check method invocation Generator[\G\].map - [\(T, G)\](T, G)->(T, G)->Generator[\(T, G)\] is not applicable to an argument of type G->(T, G).
typecheck	-	-	component FortressLibrary	typecheck	FortressLibrary.fss:3411	Could not check method invocation Generator[\E\].generate - [\R\](Reduction[\R\], E->R)->R is not applicable to an argument of type (Reduction[\R\], BottomType- [...]
typecheck	-	-	component FortressLibrary	typecheck	FortressLibrary.fss:1098	Could not check method invocation Generator[\E\].loop - E->()->() is not applicable to an argument of type E->R.
typecheck	-	-	component FortressLibrary	typecheck	FortressLibrary.fss:2540	Could not check method invocation Matrix[\T,s0,s2\].put - ((ZZ32, ZZ32), T)->() is not applicable to an argument of type ((ZZ32, ZZ32), RR64). - ((ZZ32, ZZ32),  [...]
typecheck	-	-	component FortressLibrary	typecheck	FortressLibrary.fss:2556	Could not check method invocation Matrix[\T,s0,s2\].put - ((ZZ32, ZZ32), T)->() is not applicable to an argument of type ((ZZ32, ZZ32), RR64). - ((ZZ32, ZZ32),  [...]
typecheck	-	-	component FortressLibrary	typecheck	FortressLibrary.fss:1242	Could not check method invocation RangeInternals.CompactFullParScalarRange[\IntLiteral\].narrowToRange - OpenRange[\IntLiteral\]->BoundedRange[\IntLiteral\] is  [...]
typecheck	-	-	component FortressLibrary	typecheck	FortressLibrary.fss:1245	Could not check method invocation RangeInternals.CompactFullParScalarRange[\IntLiteral\].narrowToRange - OpenRange[\IntLiteral\]->BoundedRange[\IntLiteral\] is  [...]
typecheck	-	-	component FortressLibrary	typecheck	FortressLibrary.fss:4020	Could not check method invocation String._[_] - Range[\ZZ32\]->Indexed[\Char,ZZ32\] is not applicable to an argument of type LeftRange[\IntLiteral\]. - Range[\Z [...]
typecheck	-	-	component FortressLibrary	typecheck	FortressLibrary.fss:990	Could not check method invocation String._[_] - Range[\ZZ32\]->Indexed[\Char,ZZ32\] is not applicable to an argument of type LeftRange[\IntLiteral\]. - Range[\Z [...]
typecheck	-	-	component FortressLibrary	typecheck	FortressLibrary.fss:4015	Could not check method invocation String.uncheckedSubstring - Range[\ZZ32\]->String is not applicable to an argument of type Indexed[\ZZ32,ZZ32\].
typecheck	-	-	component FortressLibrary	typecheck	FortressLibrary.fss:4396	Filter expressions in generator clauses must have type Boolean, but OpExpr at FortressLibrary.fss:4396.11 was not well typed.
typecheck	-	-	component FortressLibrary	typecheck	FortressLibrary.fss:4421	Filter expressions in generator clauses must have type Boolean, but OpExpr at FortressLibrary.fss:4421.11 was not well typed.
typecheck	-	-	component FortressLibrary	typecheck	FortressLibrary.fss:282	Filter expressions in generator clauses must have type Boolean, but OpExpr at FortressLibrary.fss:282.12 was not well typed.
typecheck	-	-	component FortressLibrary	typecheck	FortressLibrary.fss:217	Filter expressions in generator clauses must have type Boolean, but OpExpr at FortressLibrary.fss:217.14 was not well typed.
typecheck	-	-	component FortressLibrary	typecheck	FortressLibrary.fss:274	Filter expressions in generator clauses must have type Boolean, but OpExpr at FortressLibrary.fss:274.14 was not well typed.
typecheck	-	-	component FortressLibrary	typecheck	FortressLibrary.fss:279	Filter expressions in generator clauses must have type Boolean, but OpExpr at FortressLibrary.fss:279.36 was not well typed.
typecheck	-	-	component FortressLibrary	typecheck	FortressLibrary.fss:280	Filter expressions in generator clauses must have type Boolean, but OpExpr at FortressLibrary.fss:280.36 was not well typed.
typecheck	-	-	component FortressLibrary	typecheck	FortressLibrary.fss:607	Filter expressions in generator clauses must have type Boolean, but OpExpr at FortressLibrary.fss:607.59 was not well typed.
typecheck	-	-	component FortressLibrary	typecheck	FortressLibrary.fss:4471	Filter expressions in generator clauses must have type Boolean, but OpExpr at FortressLibrary.fss:4471.8 was not well typed.
typecheck	-	-	component FortressLibrary	typecheck	FortressLibrary.fss:459	Filter expressions in generator clauses must have type Boolean, but r.isNaN was not well typed.
typecheck	-	-	component FortressLibrary	typecheck	FortressLibrary.fss:469	Filter expressions in generator clauses must have type Boolean, but r.isNaN was not well typed.
typecheck	-	-	component FortressLibrary	typecheck	FortressLibrary.fss:2087	FullRange[\ZZ32\] has no getter called lower
typecheck	-	-	component FortressLibrary	typecheck	FortressLibrary.fss:3149	Function body has type ((T, T), (T, T)), but declared return type is (T, T).
typecheck	-	-	component FortressLibrary	typecheck	FortressLibrary.fss:606	Function body has type (QQ & {Ratio}), but declared return type is ZZ.
typecheck	-	-	component FortressLibrary	typecheck	FortressLibrary.fss:3113	Function body has type (RR64, RR64), but declared return type is Number.
typecheck	-	-	component FortressLibrary	typecheck	FortressLibrary.fss:372	Function body has type (RR64, RR64), but declared return type is Number.
typecheck	-	-	component FortressLibrary	typecheck	FortressLibrary.fss:1756	Function body has type (ZZ32, ZZ32), but declared return type is ZZ32.
typecheck	-	-	component FortressLibrary	typecheck	FortressLibrary.fss:2986	Function body has type Any, but declared return type is R.
typecheck	-	-	component FortressLibrary	typecheck	FortressLibrary.fss:3384	Function body has type Any, but declared return type is R.
typecheck	-	-	component FortressLibrary	typecheck	FortressLibrary.fss:2220	Function body has type Array1[\T,0,s0\], but declared return type is Vector[\T,s0\].
typecheck	-	-	component FortressLibrary	typecheck	FortressLibrary.fss:2222	Function body has type Array1[\T,0,s0\], but declared return type is Vector[\T,s0\].
typecheck	-	-	component FortressLibrary	typecheck	FortressLibrary.fss:2223	Function body has type Array1[\T,0,s0\], but declared return type is Vector[\T,s0\].
typecheck	-	-	component FortressLibrary	typecheck	FortressLibrary.fss:2226	Function body has type Array1[\T,0,s0\], but declared return type is Vector[\T,s0\].
typecheck	-	-	component FortressLibrary	typecheck	FortressLibrary.fss:2281	Function body has type Array1[\T,0,s0\], but declared return type is Vector[\T,s0\].
typecheck	-	-	component FortressLibrary	typecheck	FortressLibrary.fss:2576	Function body has type Array1[\T,0,s0\], but declared return type is Vector[\T,s0\].
typecheck	-	-	component FortressLibrary	typecheck	FortressLibrary.fss:2528	Function body has type Array2[\T,0,s0,0,s1\], but declared return type is Matrix[\T,s0,s1\].
typecheck	-	-	component FortressLibrary	typecheck	FortressLibrary.fss:2530	Function body has type Array2[\T,0,s0,0,s1\], but declared return type is Matrix[\T,s0,s1\].
typecheck	-	-	component FortressLibrary	typecheck	FortressLibrary.fss:2531	Function body has type Array2[\T,0,s0,0,s1\], but declared return type is Matrix[\T,s0,s1\].
typecheck	-	-	component FortressLibrary	typecheck	FortressLibrary.fss:2532	Function body has type Array2[\T,0,s0,0,s1\], but declared return type is Matrix[\T,s0,s1\].
typecheck	-	-	component FortressLibrary	typecheck	FortressLibrary.fss:2643	Function body has type Array2[\T,0,s0,0,s1\], but declared return type is Matrix[\T,s0,s1\].
typecheck	-	-	component FortressLibrary	typecheck	FortressLibrary.fss:2110	Function body has type Array[\T,ZZ32\], but declared return type is Array1[\T,b0,s0\].
typecheck	-	-	component FortressLibrary	typecheck	FortressLibrary.fss:2157	Function body has type Array[\T,ZZ32\], but declared return type is Array1[\T,b0,s0\].
typecheck	-	-	component FortressLibrary	typecheck	FortressLibrary.fss:2163	Function body has type Array[\R,ZZ32\], but declared return type is Array1[\R,b0,s0\].
typecheck	-	-	component FortressLibrary	typecheck	FortressLibrary.fss:2165	Function body has type Array[\R,ZZ32\], but declared return type is Array1[\R,b0,s0\].
typecheck	-	-	component FortressLibrary	typecheck	FortressLibrary.fss:2272	Function body has type Array[\T,ZZ32\], but declared return type is Array1[\T,0,s0\].
typecheck	-	-	component FortressLibrary	typecheck	FortressLibrary.fss:2283	Function body has type Array[\T,ZZ32\], but declared return type is Vector[\T,s0\].
typecheck	-	-	component FortressLibrary	typecheck	FortressLibrary.fss:2581	Function body has type Array[\T,ZZ32\], but declared return type is Vector[\T,s1\].
typecheck	-	-	component FortressLibrary	typecheck	FortressLibrary.fss:2633	Function body has type Array[\T,(ZZ32, ZZ32)\], but declared return type is Array2[\T,0,s0,0,s1\].
typecheck	-	-	component FortressLibrary	typecheck	FortressLibrary.fss:1105	Function body has type Boolean, but declared return type is ().
typecheck	-	-	component FortressLibrary	typecheck	FortressLibrary.fss:3273	Function body has type Boolean, but declared return type is BigReduction[\Boolean,Boolean\].
typecheck	-	-	component FortressLibrary	typecheck	FortressLibrary.fss:3806	Function body has type BoundedRange[\I\], but declared return type is FullRange[\I\].
typecheck	-	-	component FortressLibrary	typecheck	FortressLibrary.fss:4498	Function body has type ConcreteRelationalPredicateCondition[\E\], but declared return type is RelationalPredicateCondition[\E\].
typecheck	-	-	component FortressLibrary	typecheck	FortressLibrary.fss:3872	Function body has type ExtentRange[\OR(ZZ32,I)\], but declared return type is ExtentRange[\I\].
typecheck	-	-	component FortressLibrary	typecheck	FortressLibrary.fss:3874	Function body has type ExtentRange[\(OR(ZZ32,I), OR(ZZ32,J))\], but declared return type is ExtentRange[\(I, J)\].
typecheck	-	-	component FortressLibrary	typecheck	FortressLibrary.fss:3877	Function body has type ExtentRange[\(OR(ZZ32,I), OR(ZZ32,J), OR(ZZ32,K))\], but declared return type is ExtentRange[\(I, J, K)\].
typecheck	-	-	component FortressLibrary	typecheck	FortressLibrary.fss:1683	Function body has type Generator[\(I, E)\], but declared return type is Indexed[\(I, E),I\].
typecheck	-	-	component FortressLibrary	typecheck	FortressLibrary.fss:4498	Function body has type Generator[\E\]->RelationalPredicateCondition[\E\], but declared return type is E->RelationalPredicateCondition[\E\].
typecheck	-	-	component FortressLibrary	typecheck	FortressLibrary.fss:3785	Function body has type I, but declared return type is Just[\I\].
typecheck	-	-	component FortressLibrary	typecheck	FortressLibrary.fss:2115	Function body has type ImmutableArray[\R,ZZ32\], but declared return type is ImmutableArray1[\R,b0,s0\].
typecheck	-	-	component FortressLibrary	typecheck	FortressLibrary.fss:656	Function body has type Integral[\I\], but declared return type is I.
typecheck	-	-	component FortressLibrary	typecheck	FortressLibrary.fss:657	Function body has type Integral[\I\], but declared return type is I.
typecheck	-	-	component FortressLibrary	typecheck	FortressLibrary.fss:658	Function body has type Integral[\I\], but declared return type is I.
typecheck	-	-	component FortressLibrary	typecheck	FortressLibrary.fss:2955	Function body has type Just[\R\], but declared return type is Nothing[\R\].
typecheck	-	-	component FortressLibrary	typecheck	FortressLibrary.fss:3859	Function body has type LeftRange[\OR(ZZ32,I)\], but declared return type is LeftRange[\I\].
typecheck	-	-	component FortressLibrary	typecheck	FortressLibrary.fss:3860	Function body has type LeftRange[\(OR(ZZ32,I), OR(ZZ32,J))\], but declared return type is LeftRange[\(I, J)\].
typecheck	-	-	component FortressLibrary	typecheck	FortressLibrary.fss:3865	Function body has type LeftRange[\(OR(ZZ32,I), OR(ZZ32,J), OR(ZZ32,K))\], but declared return type is LeftRange[\(I, J, K)\].
typecheck	-	-	component FortressLibrary	typecheck	FortressLibrary.fss:3109	Function body has type Number, but declared return type is Comprehension[\T,Number,Number,Number\].
typecheck	-	-	component FortressLibrary	typecheck	FortressLibrary.fss:467	Function body has type Number, but declared return type is RR64.
typecheck	-	-	component FortressLibrary	typecheck	FortressLibrary.fss:4530	Function body has type Number, but declared return type is T.
typecheck	-	-	component FortressLibrary	typecheck	FortressLibrary.fss:4531	Function body has type Number, but declared return type is T.
typecheck	-	-	component FortressLibrary	typecheck	FortressLibrary.fss:4532	Function body has type Number, but declared return type is T.
typecheck	-	-	component FortressLibrary	typecheck	FortressLibrary.fss:4533	Function body has type Number, but declared return type is T.
typecheck	-	-	component FortressLibrary	typecheck	FortressLibrary.fss:2536	Function body has type OR(((), ()),()), but declared return type is ().
typecheck	-	-	component FortressLibrary	typecheck	FortressLibrary.fss:2554	Function body has type OR(((), ()),()), but declared return type is ().
typecheck	-	-	component FortressLibrary	typecheck	FortressLibrary.fss:457	Function body has type OR((RR64, RR64),RR64), but declared return type is RR64.
typecheck	-	-	component FortressLibrary	typecheck	FortressLibrary.fss:282	Function body has type OR((StandardTotalOrder[\T\], T),(T, StandardTotalOrder[\T\])), but declared return type is (T, T).
typecheck	-	-	component FortressLibrary	typecheck	FortressLibrary.fss:3182	Function body has type OR((T, (U, U)),(T, U)), but declared return type is (T, U).
typecheck	-	-	component FortressLibrary	typecheck	FortressLibrary.fss:3202	Function body has type OR((T, (U, U)),(T, U)), but declared return type is (T, U).
typecheck	-	-	component FortressLibrary	typecheck	FortressLibrary.fss:3222	Function body has type OR((T, (U, U)),(T, U)), but declared return type is (T, U).
typecheck	-	-	component FortressLibrary	typecheck	FortressLibrary.fss:3242	Function body has type OR((T, (U, U)),(T, U)), but declared return type is (T, U).
typecheck	-	-	component FortressLibrary	typecheck	FortressLibrary.fss:513	Function body has type OR((ZZ, ZZ),(RR64, IntLiteral),(ZZ, IntLiteral)), but declared return type is (ZZ, ZZ).
typecheck	-	-	component FortressLibrary	typecheck	FortressLibrary.fss:2245	Function body has type OR(Array1[\T,0,s0\],Array1[\T,b0,s0\]), but declared return type is Array1[\T,b0,s0\].
typecheck	-	-	component FortressLibrary	typecheck	FortressLibrary.fss:2256	Function body has type OR(ImmutableArray1[\T,0,s0\],ImmutableArray1[\T,b0,s0\]), but declared return type is ReadableArray1[\T,b0,s0\].
typecheck	-	-	component FortressLibrary	typecheck	FortressLibrary.fss:2643	Function body has type OR(IntLiteral,T), but declared return type is T.
typecheck	-	-	component FortressLibrary	typecheck	FortressLibrary.fss:2619	Function body has type OR(__DefaultArray2[\T,b0,s0,b1,s1\],Array2[\T,0,s0,0,s1\]), but declared return type is Array2[\T,b0,s0,b1,s1\].
typecheck	-	-	component FortressLibrary	typecheck	FortressLibrary.fss:3908	Function body has type OpenRange[\OR(ZZ32,I)\], but declared return type is OpenRange[\I\].
typecheck	-	-	component FortressLibrary	typecheck	FortressLibrary.fss:3910	Function body has type OpenRange[\(OR(ZZ32,I), OR(ZZ32,J))\], but declared return type is OpenRange[\(I, J)\].
typecheck	-	-	component FortressLibrary	typecheck	FortressLibrary.fss:3913	Function body has type OpenRange[\(OR(ZZ32,I), OR(ZZ32,J), OR(ZZ32,K))\], but declared return type is OpenRange[\(I, J, K)\].
typecheck	-	-	component FortressLibrary	typecheck	FortressLibrary.fss:3173	Function body has type RR64, but declared return type is BigReduction[\RR64,RR64\].
typecheck	-	-	component FortressLibrary	typecheck	FortressLibrary.fss:594	Function body has type RR64, but declared return type is QQ.
typecheck	-	-	component FortressLibrary	typecheck	FortressLibrary.fss:2220	Function body has type RR64, but declared return type is T.
typecheck	-	-	component FortressLibrary	typecheck	FortressLibrary.fss:2222	Function body has type RR64, but declared return type is T.
typecheck	-	-	component FortressLibrary	typecheck	FortressLibrary.fss:2223	Function body has type RR64, but declared return type is T.
typecheck	-	-	component FortressLibrary	typecheck	FortressLibrary.fss:2226	Function body has type RR64, but declared return type is T.
typecheck	-	-	component FortressLibrary	typecheck	FortressLibrary.fss:2528	Function body has type RR64, but declared return type is T.
typecheck	-	-	component FortressLibrary	typecheck	FortressLibrary.fss:2530	Function body has type RR64, but declared return type is T.
typecheck	-	-	component FortressLibrary	typecheck	FortressLibrary.fss:2531	Function body has type RR64, but declared return type is T.
typecheck	-	-	component FortressLibrary	typecheck	FortressLibrary.fss:2532	Function body has type RR64, but declared return type is T.
typecheck	-	-	component FortressLibrary	typecheck	FortressLibrary.fss:4523	Function body has type RR64, but declared return type is T.
typecheck	-	-	component FortressLibrary	typecheck	FortressLibrary.fss:4524	Function body has type RR64, but declared return type is T.
typecheck	-	-	component FortressLibrary	typecheck	FortressLibrary.fss:4525	Function body has type RR64, but declared return type is T.
typecheck	-	-	component FortressLibrary	typecheck	FortressLibrary.fss:4529	Function body has type RR64, but declared return type is T.
typecheck	-	-	component FortressLibrary	typecheck	FortressLibrary.fss:607	Function body has type RR64, but declared return type is ZZ.
typecheck	-	-	component FortressLibrary	typecheck	FortressLibrary.fss:851	Function body has type RR64, but declared return type is ZZ.
typecheck	-	-	component FortressLibrary	typecheck	FortressLibrary.fss:3648	Function body has type Range[\I\], but declared return type is RangeWithRight[\I\].
typecheck	-	-	component FortressLibrary	typecheck	FortressLibrary.fss:3695	Function body has type Range[\I\], but declared return type is OpenRange[\I\].
typecheck	-	-	component FortressLibrary	typecheck	FortressLibrary.fss:2104	Function body has type ReadableArray1[\U,b0,s0\], but declared return type is ImmutableArray1[\U,b0,s0\].
typecheck	-	-	component FortressLibrary	typecheck	FortressLibrary.fss:2160	Function body has type ReadableArray[\T,ZZ32\], but declared return type is ImmutableArray1[\T,b0,s0\].
typecheck	-	-	component FortressLibrary	typecheck	FortressLibrary.fss:3879	Function body has type RightRange[\OR(ZZ32,I)\], but declared return type is RightRange[\I\].
typecheck	-	-	component FortressLibrary	typecheck	FortressLibrary.fss:3881	Function body has type RightRange[\(OR(ZZ32,I), OR(ZZ32,J))\], but declared return type is RightRange[\(I, J)\].
typecheck	-	-	component FortressLibrary	typecheck	FortressLibrary.fss:3884	Function body has type RightRange[\(OR(ZZ32,I), OR(ZZ32,J), OR(ZZ32,K))\], but declared return type is RightRange[\(I, J, K)\].
typecheck	-	-	component FortressLibrary	typecheck	FortressLibrary.fss:3511	Function body has type SimpleNestedSeqGenerator[\E,F\], but declared return type is SequentialGenerator[\E\].
typecheck	-	-	component FortressLibrary	typecheck	FortressLibrary.fss:3549	Function body has type SimplePairSeqGenerator[\E,F\], but declared return type is SequentialGenerator[\E\].
typecheck	-	-	component FortressLibrary	typecheck	FortressLibrary.fss:2001	Function body has type StandardImmutableArrayType[\T,E,I\], but declared return type is T.
typecheck	-	-	component FortressLibrary	typecheck	FortressLibrary.fss:2005	Function body has type StandardImmutableArrayType[\T,E,I\], but declared return type is T.
typecheck	-	-	component FortressLibrary	typecheck	FortressLibrary.fss:2016	Function body has type StandardMutableArrayType[\T,E,I\], but declared return type is T.
typecheck	-	-	component FortressLibrary	typecheck	FortressLibrary.fss:2020	Function body has type StandardMutableArrayType[\T,E,I\], but declared return type is T.
typecheck	-	-	component FortressLibrary	typecheck	FortressLibrary.fss:279	Function body has type StandardTotalOrder[\T\], but declared return type is T.
typecheck	-	-	component FortressLibrary	typecheck	FortressLibrary.fss:280	Function body has type StandardTotalOrder[\T\], but declared return type is T.
typecheck	-	-	component FortressLibrary	typecheck	FortressLibrary.fss:3368	Function body has type String, but declared return type is Comprehension[\Any,String,String,AnyMaybe\].
typecheck	-	-	component FortressLibrary	typecheck	FortressLibrary.fss:260	Function body has type T, but declared return type is (T, T).
typecheck	-	-	component FortressLibrary	typecheck	FortressLibrary.fss:261	Function body has type T, but declared return type is (T, T).
typecheck	-	-	component FortressLibrary	typecheck	FortressLibrary.fss:3145	Function body has type T, but declared return type is (T, T).
typecheck	-	-	component FortressLibrary	typecheck	FortressLibrary.fss:3136	Function body has type T, but declared return type is BigReduction[\T,AnyMaybe\].
typecheck	-	-	component FortressLibrary	typecheck	FortressLibrary.fss:1468	Function body has type UniqueItem[\T\], but declared return type is BigReduction[\UniqueItem[\T\],UniqueItem[\T\]\].
typecheck	-	-	component FortressLibrary	typecheck	FortressLibrary.fss:4471	Generator[\E\] has no getter called size
typecheck	-	-	component FortressLibrary	typecheck	FortressLibrary.fss:4474	Generator[\E\] has no getter called size
typecheck	-	-	component FortressLibrary	typecheck	FortressLibrary.fss:4414	No such method Condition[\()\].holds. FortressLibrary.fss:4414:185-294: Possibly because x: Generator[\E\] after argument inference
typecheck	-	-	component FortressLibrary	typecheck	FortressLibrary.fss:4460	No such method Generator2[\E\].seed.
typecheck	-	-	component FortressLibrary	typecheck	FortressLibrary.fss:4397	No such method Generator[\((ActualReduction[\R,L1\], ActualReduction[\R,L2\], E->R)->Boolean, (ActualReduction[\R,L1\], ActualReduction[\R,L1\], E->R)->R)\]._[_ [...]
typecheck	-	-	component FortressLibrary	typecheck	FortressLibrary.fss:4422	No such method Generator[\((ActualReduction[\R,L1\], ActualReduction[\R,L2\], Generator[\E\]->Condition[\()\], E->R)->Boolean, (ActualReduction[\R,L1\], ActualR [...]
typecheck	-	-	component FortressLibrary	typecheck	FortressLibrary.fss:4447	No such method Generator[\Generator[\E\]\].__generate2filtered.
typecheck	-	-	component FortressLibrary	typecheck	FortressLibrary.fss:4448	No such method Generator[\Generator[\E\]\].__generate2filtered.
typecheck	-	-	component FortressLibrary	typecheck	FortressLibrary.fss:4452	No such method Generator[\Generator[\E\]\].theorems.
typecheck	-	-	component FortressLibrary	typecheck	FortressLibrary.fss:4450	No such method Generator[\Generator[\E\]\].theoremsFiltered.
typecheck	-	-	component FortressLibrary	typecheck	FortressLibrary.fss:2205	No such method ImmutableArray1[\T,b_a,s_a\].put.
typecheck	-	-	component FortressLibrary	typecheck	FortressLibrary.fss:2606	No such method Matrix[\T,s1,s0\].add.
typecheck	-	-	component FortressLibrary	typecheck	FortressLibrary.fss:2608	No such method Matrix[\T,s1,s0\].negate.
typecheck	-	-	component FortressLibrary	typecheck	FortressLibrary.fss:2607	No such method Matrix[\T,s1,s0\].subtract.
typecheck	-	-	component FortressLibrary	typecheck	FortressLibrary.fss:3487	No such method NestedGenerator[\E,F\].f.
typecheck	-	-	component FortressLibrary	typecheck	FortressLibrary.fss:3985	No such method String.get.
typecheck	-	-	component FortressLibrary	typecheck	FortressLibrary.fss:3986	No such method String.get.
typecheck	-	-	component FortressLibrary	typecheck	FortressLibrary.fss:4007	No such method String.get.
typecheck	-	-	component FortressLibrary	typecheck	FortressLibrary.fss:4126	No such method String.reverse. FortressLibrary.fss:4126:35-4130:62: Possibly because (reduction?21, unit?22): (Reduction[\String\], Any->String) after argument  [...]
typecheck	-	-	component FortressLibrary	typecheck	FortressLibrary.fss:487	Non-last expression in a block has type OR((),BottomType,QQ), but it must have () type.
typecheck	-	-	component FortressLibrary	typecheck	FortressLibrary.fss:469	Number has no getter called isNaN
typecheck	-	-	component FortressLibrary	typecheck	FortressLibrary.fss:2264	'throw' can only throw objects of Exception type. This expression is of type Exception->ForbiddenException.
typecheck	-	-	component FortressLibrary	typecheck	FortressLibrary.fss:315	'throw' can only throw objects of Exception type. This expression is of type Exception->ForbiddenException.
typecheck	-	-	component FortressLibrary	typecheck	FortressLibrary.fss:3827	Right-hand side has type AND((ZZ32, ZZ32),I), but left-hand side is a tuple of 2 variables.
typecheck	-	-	component FortressLibrary	typecheck	FortressLibrary.fss:3828	Right-hand side has type AND((ZZ32, ZZ32, ZZ32),I), but left-hand side is a tuple of 3 variables.
typecheck	-	-	component FortressLibrary	typecheck	FortressLibrary.fss:2538	Right-hand side has type RR64, but declared type is T.
typecheck	-	-	component FortressLibrary	typecheck	FortressLibrary.fss:2248,NatReflect.fsi:27	The typecase clause, NatReflect.N[\0\], is unreachable.
typecheck	-	-	component FortressLibrary	typecheck	FortressLibrary.fss:2259,NatReflect.fsi:27	The typecase clause, NatReflect.N[\0\], is unreachable.
wellformed	-	-	component FortressLibrary	wellformed1+wellformed2	FortressLibrary.fss:2444	Ill-formed static argument: s0 s1 Arithmetic on nat static arguments is not supported by the type checker; use a nat parameter or a literal.
wellformed	-	-	component FortressLibrary	wellformed1+wellformed2	FortressLibrary.fss:2592	Ill-formed static argument: s0 s1 Arithmetic on nat static arguments is not supported by the type checker; use a nat parameter or a literal.
wellformed	-	-	component FortressLibrary	wellformed1+wellformed2	FortressLibrary.fss:2815	Ill-formed static argument: s0 s1 s2 Arithmetic on nat static arguments is not supported by the type checker; use a nat parameter or a literal.
wellformed	-	-	component FortressLibrary	wellformed1+wellformed2	FortressLibrary.fss:2591	Ill-formed type: Matrix[\T,s0,s1\] The static argument T does not satisfy the corresponding bound Number.
wellformed	-	-	component FortressLibrary	wellformed1+wellformed2	FortressLibrary.fss:2598	Ill-formed type: Matrix[\T,s1,s0\] The static argument T does not satisfy the corresponding bound Number.
wellformed	-	-	component FortressLibrary	wellformed1+wellformed2	FortressLibrary.fss:2599	Ill-formed type: Matrix[\T,s0,s1\] The static argument T does not satisfy the corresponding bound Number.
wellformed	-	-	component FortressLibrary	wellformed1+wellformed2	FortressLibrary.fss:2605	Ill-formed type: Matrix[\T,s1,s0\] The static argument T does not satisfy the corresponding bound Number.
wellformed	-	-	component FortressLibrary	wellformed1+wellformed2	FortressLibrary.fss:2606	Ill-formed type: Matrix[\T,s0,s1\] The static argument T does not satisfy the corresponding bound Number.
wellformed	-	-	component FortressLibrary	wellformed1+wellformed2	FortressLibrary.fss:2607	Ill-formed type: Matrix[\T,s0,s1\] The static argument T does not satisfy the corresponding bound Number.
wellformed	-	-	component FortressLibrary	wellformed1+wellformed2	FortressLibrary.fss:2608	Ill-formed type: Matrix[\T,s0,s1\] The static argument T does not satisfy the corresponding bound Number.
wellformed	-	-	component FortressLibrary	wellformed1+wellformed2	FortressLibrary.fss:2609	Ill-formed type: Matrix[\T,s0,s1\] The static argument T does not satisfy the corresponding bound Number.
wellformed	-	-	component FortressLibrary	wellformed2	FortressLibrary.fss:2532	Ill-formed type: Matrix[\T,s1,s0\] The static argument T does not satisfy the corresponding bound Number.
wellformed	-	-	component FortressLibrary	wellformed2	FortressLibrary.fss:2586	Ill-formed type: Matrix[\T,s0,s1\] The static argument T does not satisfy the corresponding bound Number.
wellformed	-	-	component FortressLibrary	wellformed2	FortressLibrary.fss:2640	Ill-formed type: Matrix[\T,s0,s1\] The static argument T does not satisfy the corresponding bound Number.
wellformed	-	-	component FortressLibrary	wellformed1+wellformed2	FortressLibrary.fss:3058	Ill-formed type: MaxReduction[\Number\] The static argument Number does not satisfy the corresponding bound StandardMax[\Number\].
wellformed	-	-	component FortressLibrary	wellformed2	FortressLibrary.fss:3138	Ill-formed type: MaxReduction[\Number\] The static argument Number does not satisfy the corresponding bound StandardMax[\Number\].
wellformed	-	-	component FortressLibrary	wellformed1+wellformed2	FortressLibrary.fss:3060	Ill-formed type: MinReduction[\Number\] The static argument Number does not satisfy the corresponding bound StandardMin[\Number\].
wellformed	-	-	component FortressLibrary	wellformed2	FortressLibrary.fss:3129	Ill-formed type: MinReduction[\Number\] The static argument Number does not satisfy the corresponding bound StandardMin[\Number\].
wellformed	-	-	component FortressLibrary	wellformed1+wellformed2	FortressLibrary.fss:2444	Ill-formed type: NativeArray.PrimitiveArray[\T,s0 s1\] Arithmetic on nat static arguments is not supported by the type checker; use a nat parameter or a literal [...]
wellformed	-	-	component FortressLibrary	wellformed1+wellformed2	FortressLibrary.fss:2592	Ill-formed type: NativeArray.PrimitiveArray[\T,s0 s1\] Arithmetic on nat static arguments is not supported by the type checker; use a nat parameter or a literal [...]
wellformed	-	-	component FortressLibrary	wellformed1+wellformed2	FortressLibrary.fss:2815	Ill-formed type: NativeArray.PrimitiveArray[\T,s0 s1 s2\] Arithmetic on nat static arguments is not supported by the type checker; use a nat parameter or a lite [...]
wellformed	-	-	component FortressLibrary	wellformed2	NativeArray.fsi:12	Ill-formed type: NativeArray.PrimitiveArray[\T,s0 s1 s2\] Arithmetic on nat static arguments is not supported by the type checker; use a nat parameter or a lite [...]
wellformed	-	-	component FortressLibrary	wellformed2	NativeArray.fsi:12	Ill-formed type: NativeArray.PrimitiveArray[\T,s0 s1\] Arithmetic on nat static arguments is not supported by the type checker; use a nat parameter or a literal [...]
wellformed	-	-	component FortressLibrary	wellformed1+wellformed2	FortressLibrary.fss:3837	Ill-formed type: RangeInternals.CompactFullParScalarRange[\I\] The static argument I does not satisfy the corresponding bound Integral[\I\].
wellformed	-	-	component FortressLibrary	wellformed1+wellformed2	FortressLibrary.fss:3847	Ill-formed type: RangeInternals.CompactFullParScalarRange[\I\] The static argument I does not satisfy the corresponding bound Integral[\I\].
wellformed	-	-	component FortressLibrary	wellformed1+wellformed2	FortressLibrary.fss:3839	Ill-formed type: RangeInternals.CompactFullRange2D[\I,J\] The static argument I does not satisfy the corresponding bound Integral[\I\].
wellformed	-	-	component FortressLibrary	wellformed1+wellformed2	FortressLibrary.fss:3839	Ill-formed type: RangeInternals.CompactFullRange2D[\I,J\] The static argument J does not satisfy the corresponding bound Integral[\J\].
wellformed	-	-	component FortressLibrary	wellformed1+wellformed2	FortressLibrary.fss:3850	Ill-formed type: RangeInternals.CompactFullRange2D[\I,J\] The static argument I does not satisfy the corresponding bound Integral[\I\].
wellformed	-	-	component FortressLibrary	wellformed1+wellformed2	FortressLibrary.fss:3850	Ill-formed type: RangeInternals.CompactFullRange2D[\I,J\] The static argument J does not satisfy the corresponding bound Integral[\J\].
wellformed	-	-	component FortressLibrary	wellformed1+wellformed2	FortressLibrary.fss:3842	Ill-formed type: RangeInternals.CompactFullRange3D[\I,J,K\] The static argument I does not satisfy the corresponding bound Integral[\I\].
wellformed	-	-	component FortressLibrary	wellformed1+wellformed2	FortressLibrary.fss:3842	Ill-formed type: RangeInternals.CompactFullRange3D[\I,J,K\] The static argument J does not satisfy the corresponding bound Integral[\J\].
wellformed	-	-	component FortressLibrary	wellformed1+wellformed2	FortressLibrary.fss:3842	Ill-formed type: RangeInternals.CompactFullRange3D[\I,J,K\] The static argument K does not satisfy the corresponding bound Integral[\K\].
wellformed	-	-	component FortressLibrary	wellformed1+wellformed2	FortressLibrary.fss:3853	Ill-formed type: RangeInternals.CompactFullRange3D[\I,J,K\] The static argument I does not satisfy the corresponding bound Integral[\I\].
wellformed	-	-	component FortressLibrary	wellformed1+wellformed2	FortressLibrary.fss:3853	Ill-formed type: RangeInternals.CompactFullRange3D[\I,J,K\] The static argument J does not satisfy the corresponding bound Integral[\J\].
wellformed	-	-	component FortressLibrary	wellformed1+wellformed2	FortressLibrary.fss:3853	Ill-formed type: RangeInternals.CompactFullRange3D[\I,J,K\] The static argument K does not satisfy the corresponding bound Integral[\K\].
wellformed	-	-	component FortressLibrary	wellformed1+wellformed2	FortressLibrary.fss:2231	Ill-formed type: Vector[\T,s0\] The static argument T does not satisfy the corresponding bound Number.
wellformed	-	-	component FortressLibrary	wellformed1+wellformed2	FortressLibrary.fss:2610	Ill-formed type: Vector[\T,s0\] The static argument T does not satisfy the corresponding bound Number.
wellformed	-	-	component FortressLibrary	wellformed1+wellformed2	FortressLibrary.fss:2610	Ill-formed type: Vector[\T,s1\] The static argument T does not satisfy the corresponding bound Number.
wellformed	-	-	component FortressLibrary	wellformed1+wellformed2	FortressLibrary.fss:2611	Ill-formed type: Vector[\T,s0\] The static argument T does not satisfy the corresponding bound Number.
wellformed	-	-	component FortressLibrary	wellformed1+wellformed2	FortressLibrary.fss:2611	Ill-formed type: Vector[\T,s1\] The static argument T does not satisfy the corresponding bound Number.
wellformed	-	-	component FortressLibrary	wellformed2	FortressLibrary.fss:2279	Ill-formed type: Vector[\T,s0\] The static argument T does not satisfy the corresponding bound Number.
wellformed	-	-	component FortressLibrary	wellformed2	FortressLibrary.fss:2576	Ill-formed type: Vector[\T,s0\] The static argument T does not satisfy the corresponding bound Number.
wellformed	-	-	component FortressLibrary	wellformed2	FortressLibrary.fss:2576	Ill-formed type: Vector[\T,s1\] The static argument T does not satisfy the corresponding bound Number.
wellformed	-	-	component FortressLibrary	wellformed2	FortressLibrary.fss:2581	Ill-formed type: Vector[\T,s0\] The static argument T does not satisfy the corresponding bound Number.
wellformed	-	-	component FortressLibrary	wellformed2	FortressLibrary.fss:2581	Ill-formed type: Vector[\T,s1\] The static argument T does not satisfy the corresponding bound Number.
