# kind	family	subclass	unit(s)	stage(s)	location	message
abstract-method	+	-	component FortressLibrary	overloading	FortressLibrary.fss:2210	The inherited abstract method +(self:AdditiveGroup[\T\],other:T):T from the trait AdditiveGroup[\Vector[\T,s0\]\] has no concrete implementation in the object _ [...]
abstract-method	+	-	component FortressLibrary	overloading	FortressLibrary.fss:2569	The inherited abstract method +(self:AdditiveGroup[\T\],other:T):T from the trait AdditiveGroup[\Matrix[\T,s0,s1\]\] has no concrete implementation in the objec [...]
abstract-method	+	-	component FortressLibrary	overloading	FortressLibrary.fss:2577	The inherited abstract method +(self:AdditiveGroup[\T\],other:T):T from the trait AdditiveGroup[\Matrix[\T,s0,s1\]\] has no concrete implementation in the objec [...]
abstract-method	CAP	-	component RangeInternals	overloading	RangeInternals.fss:305	The inherited abstract method CAP(self:Range[\I\],other:Range[\I\]):Range[\I\] from the trait Range[\I\] has no concrete implementation in the object OpenScalar [...]
abstract-method	CAP	-	component RangeInternals	overloading	RangeInternals.fss:336	The inherited abstract method CAP(self:Range[\I\],other:Range[\I\]):Range[\I\] from the trait Range[\(I, J)\] has no concrete implementation in the object OpenR [...]
abstract-method	CAP	-	component RangeInternals	overloading	RangeInternals.fss:353	The inherited abstract method CAP(self:Range[\I\],other:Range[\I\]):Range[\I\] from the trait Range[\(I, J, K)\] has no concrete implementation in the object Op [...]
abstract-method	CAP	-	component RangeInternals	overloading	RangeInternals.fss:377	The inherited abstract method CAP(self:Range[\I\],other:Range[\I\]):Range[\I\] from the trait Range[\I\] has no concrete implementation in the object ExtentScal [...]
abstract-method	CAP	-	component RangeInternals	overloading	RangeInternals.fss:465	The inherited abstract method CAP(self:Range[\I\],other:Range[\I\]):Range[\I\] from the trait Range[\(I, J)\] has no concrete implementation in the object Exten [...]
abstract-method	CAP	-	component RangeInternals	overloading	RangeInternals.fss:489	The inherited abstract method CAP(self:Range[\I\],other:Range[\I\]):Range[\I\] from the trait Range[\(I, J, K)\] has no concrete implementation in the object Ex [...]
abstract-method	IN	-	component RangeInternals	overloading	RangeInternals.fss:563	The inherited abstract method IN(elt:T,self:Contains[\T\]):Boolean from the trait Contains[\I\] has no concrete implementation in the object LeftScalarRange in  [...]
abstract-method	IN	-	component RangeInternals	overloading	RangeInternals.fss:563	The inherited abstract method IN(n:I,self:Range[\I\]):Boolean from the trait Range[\I\] has no concrete implementation in the object LeftScalarRange in componen [...]
abstract-method	IN	-	component RangeInternals	overloading	RangeInternals.fss:616	The inherited abstract method IN(elt:T,self:Contains[\T\]):Boolean from the trait Contains[\(I, J)\] has no concrete implementation in the object LeftRange2D in [...]
abstract-method	IN	-	component RangeInternals	overloading	RangeInternals.fss:616	The inherited abstract method IN(n:I,self:Range[\I\]):Boolean from the trait Range[\(I, J)\] has no concrete implementation in the object LeftRange2D in compone [...]
abstract-method	IN	-	component RangeInternals	overloading	RangeInternals.fss:645	The inherited abstract method IN(elt:T,self:Contains[\T\]):Boolean from the trait Contains[\(I, J, K)\] has no concrete implementation in the object LeftRange3D [...]
abstract-method	IN	-	component RangeInternals	overloading	RangeInternals.fss:645	The inherited abstract method IN(n:I,self:Range[\I\]):Boolean from the trait Range[\(I, J, K)\] has no concrete implementation in the object LeftRange3D in comp [...]
abstract-method	IN	-	component RangeInternals	overloading	RangeInternals.fss:736	The inherited abstract method IN(elt:T,self:Contains[\T\]):Boolean from the trait Contains[\(I, J)\] has no concrete implementation in the object RightRange2D i [...]
abstract-method	IN	-	component RangeInternals	overloading	RangeInternals.fss:736	The inherited abstract method IN(n:I,self:Range[\I\]):Boolean from the trait Range[\(I, J)\] has no concrete implementation in the object RightRange2D in compon [...]
abstract-method	IN	-	component RangeInternals	overloading	RangeInternals.fss:765	The inherited abstract method IN(elt:T,self:Contains[\T\]):Boolean from the trait Contains[\(I, J, K)\] has no concrete implementation in the object RightRange3 [...]
abstract-method	IN	-	component RangeInternals	overloading	RangeInternals.fss:765	The inherited abstract method IN(n:I,self:Range[\I\]):Boolean from the trait Range[\(I, J, K)\] has no concrete implementation in the object RightRange3D in com [...]
abstract-method	generate	-	component FortressLibrary	overloading	FortressLibrary.fss:2889	The inherited abstract method generate[\R extends Object\](r:Reduction[\R\],body:E->R):R from the trait Generator[\PossibleReductionPair[\R\]\] has no concrete  [...]
abstract-method	one	-	component FortressBuiltin	overloading	FortressBuiltin.fss:194	The inherited abstract method abstract getter one:T from the trait MultiplicativeRing[\Number\] has no concrete implementation in the object FloatLiteral in com [...]
abstract-method	one	-	component FortressBuiltin	overloading	FortressBuiltin.fss:54	The inherited abstract method abstract getter one:T from the trait MultiplicativeRing[\Number\] has no concrete implementation in the object Float in component  [...]
abstract-method	simpleJoin	-	component FortressLibrary	overloading	FortressLibrary.fss:3117	The inherited abstract method simpleJoin(a:Any,b:Any):Any from the trait AssociativeReduction[\T\] has no concrete implementation in the object MinReduction in  [...]
abstract-method	simpleJoin	-	component FortressLibrary	overloading	FortressLibrary.fss:3126	The inherited abstract method simpleJoin(a:Any,b:Any):Any from the trait AssociativeReduction[\T\] has no concrete implementation in the object MaxReduction in  [...]
abstract-method	simpleJoin	-	component FortressLibrary	overloading	FortressLibrary.fss:3135	The inherited abstract method simpleJoin(a:Any,b:Any):Any from the trait AssociativeReduction[\(T, T)\] has no concrete implementation in the object MinMaxReduc [...]
abstract-method	simpleJoin	-	component FortressLibrary	overloading	FortressLibrary.fss:3166	The inherited abstract method simpleJoin(a:Any,b:Any):Any from the trait AssociativeReduction[\(T, U)\] has no concrete implementation in the object TupleMinMin [...]
abstract-method	simpleJoin	-	component FortressLibrary	overloading	FortressLibrary.fss:3186	The inherited abstract method simpleJoin(a:Any,b:Any):Any from the trait AssociativeReduction[\(T, U)\] has no concrete implementation in the object TupleMinMax [...]
abstract-method	simpleJoin	-	component FortressLibrary	overloading	FortressLibrary.fss:3206	The inherited abstract method simpleJoin(a:Any,b:Any):Any from the trait AssociativeReduction[\(T, U)\] has no concrete implementation in the object TupleMaxMin [...]
abstract-method	simpleJoin	-	component FortressLibrary	overloading	FortressLibrary.fss:3226	The inherited abstract method simpleJoin(a:Any,b:Any):Any from the trait AssociativeReduction[\(T, U)\] has no concrete implementation in the object TupleMaxMax [...]
abstract-method	simpleJoin	-	component FortressLibrary	overloading	FortressLibrary.fss:3324	The inherited abstract method simpleJoin(a:Any,b:Any):Any from the trait AssociativeReduction[\String\] has no concrete implementation in the object NewlineRedu [...]
abstract-method	|_|	-	component RangeInternals	overloading	RangeInternals.fss:1183	The inherited abstract method |_|(self:Indexed[\E,I\]):ZZ32 from the trait Indexed[\I,I\] has no concrete implementation in the object StridedFullParScalarRange [...]
abstract-method	|_|	-	component RangeInternals	overloading	RangeInternals.fss:1284	The inherited abstract method |_|(self:Indexed[\E,I\]):ZZ32 from the trait Indexed[\I,I\] has no concrete implementation in the object StridedFullSeqScalarRange [...]
bound-Object	-	-	api FortressBuiltin	wellformed1+wellformed2	FortressBuiltin.fsi:148	Ill-formed type: Condition[\()\] The static argument () does not satisfy the corresponding bound Object.
bound-Object	-	-	api FortressLibrary	wellformed1+wellformed2	FortressLibrary.fsi:1137	Ill-formed type: Indexed[\(I, E),I\] The static argument (I, E) does not satisfy the corresponding bound Object.
bound-Object	-	-	api FortressLibrary	wellformed1+wellformed2	FortressLibrary.fsi:1189	Ill-formed type: ZeroIndexed[\(E, F)\] The static argument (E, F) does not satisfy the corresponding bound Object.
bound-Object	-	-	api FortressLibrary	wellformed1+wellformed2	FortressLibrary.fsi:1193	Ill-formed type: DelegatedIndexed[\(E, F),ZZ32\] The static argument (E, F) does not satisfy the corresponding bound Object.
bound-Object	-	-	api FortressLibrary	wellformed1+wellformed2	FortressLibrary.fsi:1193	Ill-formed type: ZeroIndexed[\(E, F)\] The static argument (E, F) does not satisfy the corresponding bound Object.
bound-Object	-	-	api FortressLibrary	wellformed1+wellformed2	FortressLibrary.fsi:1198	Ill-formed type: ZeroIndexed[\(E, F)\] The static argument (E, F) does not satisfy the corresponding bound Object.
bound-Object	-	-	api FortressLibrary	wellformed1+wellformed2	FortressLibrary.fsi:1225	Ill-formed type: Generator[\(E, G)\] The static argument (E, G) does not satisfy the corresponding bound Object.
bound-Object	-	-	api FortressLibrary	wellformed1+wellformed2	FortressLibrary.fsi:1258	Ill-formed type: Indexed[\(I, E),I\] The static argument (I, E) does not satisfy the corresponding bound Object.
bound-Object	-	-	api FortressLibrary	wellformed1+wellformed2	FortressLibrary.fsi:1351	Ill-formed type: Array[\E,(ZZ32, ZZ32)\] The static argument (ZZ32, ZZ32) does not satisfy the corresponding bound Object.
bound-Object	-	-	api FortressLibrary	wellformed1+wellformed2	FortressLibrary.fsi:1352	Ill-formed type: Array[\E,(ZZ32, ZZ32, ZZ32)\] The static argument (ZZ32, ZZ32, ZZ32) does not satisfy the corresponding bound Object.
bound-Object	-	-	api FortressLibrary	wellformed1+wellformed2	FortressLibrary.fsi:1357	Ill-formed type: ImmutableArray[\E,(ZZ32, ZZ32)\] The static argument (ZZ32, ZZ32) does not satisfy the corresponding bound Object.
bound-Object	-	-	api FortressLibrary	wellformed1+wellformed2	FortressLibrary.fsi:1358	Ill-formed type: ImmutableArray[\E,(ZZ32, ZZ32, ZZ32)\] The static argument (ZZ32, ZZ32, ZZ32) does not satisfy the corresponding bound Object.
bound-Object	-	-	api FortressLibrary	wellformed1+wellformed2	FortressLibrary.fsi:1544	Ill-formed type: StandardMutableArrayType[\Array2[\T,b0,s0,b1,s1\],T,(ZZ32, ZZ32)\] The static argument (ZZ32, ZZ32) does not satisfy the corresponding bound Ob [...]
bound-Object	-	-	api FortressLibrary	wellformed1+wellformed2	FortressLibrary.fsi:1548	Ill-formed type: CompactFullRange[\(ZZ32, ZZ32)\] The static argument (ZZ32, ZZ32) does not satisfy the corresponding bound Object.
bound-Object	-	-	api FortressLibrary	wellformed1+wellformed2	FortressLibrary.fsi:1554	Ill-formed type: Array[\T,(ZZ32, ZZ32)\] The static argument (ZZ32, ZZ32) does not satisfy the corresponding bound Object.
bound-Object	-	-	api FortressLibrary	wellformed1+wellformed2	FortressLibrary.fsi:1554	Ill-formed type: Range[\(ZZ32, ZZ32)\] The static argument (ZZ32, ZZ32) does not satisfy the corresponding bound Object.
bound-Object	-	-	api FortressLibrary	wellformed1+wellformed2	FortressLibrary.fsi:1557	Ill-formed type: Array[\T,(ZZ32, ZZ32)\] The static argument (ZZ32, ZZ32) does not satisfy the corresponding bound Object.
bound-Object	-	-	api FortressLibrary	wellformed1+wellformed2	FortressLibrary.fsi:1567	Ill-formed type: CompactFullRange[\(ZZ32, ZZ32)\] The static argument (ZZ32, ZZ32) does not satisfy the corresponding bound Object.
bound-Object	-	-	api FortressLibrary	wellformed1+wellformed2	FortressLibrary.fsi:1578	Ill-formed type: ImmutableArray[\T,(ZZ32, ZZ32)\] The static argument (ZZ32, ZZ32) does not satisfy the corresponding bound Object.
bound-Object	-	-	api FortressLibrary	wellformed1+wellformed2	FortressLibrary.fsi:1659	Ill-formed type: StandardMutableArrayType[\Array3[\T,b0,s0,b1,s1,b2,s2\],T,(ZZ32, ZZ32, ZZ32)\] The static argument (ZZ32, ZZ32, ZZ32) does not satisfy the corr [...]
bound-Object	-	-	api FortressLibrary	wellformed1+wellformed2	FortressLibrary.fsi:1671	Ill-formed type: CompactFullRange[\(ZZ32, ZZ32, ZZ32)\] The static argument (ZZ32, ZZ32, ZZ32) does not satisfy the corresponding bound Object.
bound-Object	-	-	api FortressLibrary	wellformed1+wellformed2	FortressLibrary.fsi:1685	Ill-formed type: Array[\T,(ZZ32, ZZ32, ZZ32)\] The static argument (ZZ32, ZZ32, ZZ32) does not satisfy the corresponding bound Object.
bound-Object	-	-	api FortressLibrary	wellformed1+wellformed2	FortressLibrary.fsi:1685	Ill-formed type: Range[\(ZZ32, ZZ32, ZZ32)\] The static argument (ZZ32, ZZ32, ZZ32) does not satisfy the corresponding bound Object.
bound-Object	-	-	api FortressLibrary	wellformed1+wellformed2	FortressLibrary.fsi:1688	Ill-formed type: Array[\T,(ZZ32, ZZ32)\] The static argument (ZZ32, ZZ32) does not satisfy the corresponding bound Object.
bound-Object	-	-	api FortressLibrary	wellformed1+wellformed2	FortressLibrary.fsi:1699	Ill-formed type: CompactFullRange[\(ZZ32, ZZ32, ZZ32)\] The static argument (ZZ32, ZZ32, ZZ32) does not satisfy the corresponding bound Object.
bound-Object	-	-	api FortressLibrary	wellformed1+wellformed2	FortressLibrary.fsi:1706	Ill-formed type: ImmutableArray[\T,(ZZ32, ZZ32, ZZ32)\] The static argument (ZZ32, ZZ32, ZZ32) does not satisfy the corresponding bound Object.
bound-Object	-	-	api FortressLibrary	wellformed1+wellformed2	FortressLibrary.fsi:1735	Ill-formed type: Maybe[\(Reduction[\R\], Reduction[\R\])\] The static argument (Reduction[\R\], Reduction[\R\]) does not satisfy the corresponding bound Object.
bound-Object	-	-	api FortressLibrary	wellformed1+wellformed2	FortressLibrary.fsi:1738	Ill-formed type: Maybe[\(Reduction[\R\], Reduction[\R\])\] The static argument (Reduction[\R\], Reduction[\R\]) does not satisfy the corresponding bound Object.
bound-Object	-	-	api FortressLibrary	wellformed1+wellformed2	FortressLibrary.fsi:1741	Ill-formed type: Maybe[\(Reduction[\R\], Reduction[\R\])\] The static argument (Reduction[\R\], Reduction[\R\]) does not satisfy the corresponding bound Object.
bound-Object	-	-	api FortressLibrary	wellformed1+wellformed2	FortressLibrary.fsi:1817	Ill-formed type: CommutativeMonoidReduction[\()\] The static argument () does not satisfy the corresponding bound Object.
bound-Object	-	-	api FortressLibrary	wellformed1+wellformed2	FortressLibrary.fsi:1864	Ill-formed type: CommutativeMonoidReduction[\(Number, Number)\] The static argument (Number, Number) does not satisfy the corresponding bound Object.
bound-Object	-	-	api FortressLibrary	wellformed1+wellformed2	FortressLibrary.fsi:1870	Ill-formed type: Comprehension[\T,(Number, Number),(Number, Number),(Number, Number)\] The static argument (Number, Number) does not satisfy the corresponding b [...]
bound-Object	-	-	api FortressLibrary	wellformed1+wellformed2	FortressLibrary.fsi:1889	Ill-formed type: CommutativeReduction[\(T, T)\] The static argument (T, T) does not satisfy the corresponding bound Object.
bound-Object	-	-	api FortressLibrary	wellformed1+wellformed2	FortressLibrary.fsi:1909	Ill-formed type: Comprehension[\(T, U),(T, U),(T, U),AnyMaybe\] The static argument (T, U) does not satisfy the corresponding bound Object.
bound-Object	-	-	api FortressLibrary	wellformed1+wellformed2	FortressLibrary.fsi:1910	Ill-formed type: Generator[\(T, U)\] The static argument (T, U) does not satisfy the corresponding bound Object.
bound-Object	-	-	api FortressLibrary	wellformed1+wellformed2	FortressLibrary.fsi:1913	Ill-formed type: Comprehension[\(T, U),(T, U),(T, U),AnyMaybe\] The static argument (T, U) does not satisfy the corresponding bound Object.
bound-Object	-	-	api FortressLibrary	wellformed1+wellformed2	FortressLibrary.fsi:1914	Ill-formed type: Generator[\(T, U)\] The static argument (T, U) does not satisfy the corresponding bound Object.
bound-Object	-	-	api FortressLibrary	wellformed1+wellformed2	FortressLibrary.fsi:1917	Ill-formed type: Comprehension[\(T, U),(T, U),(T, U),AnyMaybe\] The static argument (T, U) does not satisfy the corresponding bound Object.
bound-Object	-	-	api FortressLibrary	wellformed1+wellformed2	FortressLibrary.fsi:1918	Ill-formed type: Generator[\(T, U)\] The static argument (T, U) does not satisfy the corresponding bound Object.
bound-Object	-	-	api FortressLibrary	wellformed1+wellformed2	FortressLibrary.fsi:1921	Ill-formed type: Comprehension[\(T, U),(T, U),(T, U),AnyMaybe\] The static argument (T, U) does not satisfy the corresponding bound Object.
bound-Object	-	-	api FortressLibrary	wellformed1+wellformed2	FortressLibrary.fsi:1922	Ill-formed type: Generator[\(T, U)\] The static argument (T, U) does not satisfy the corresponding bound Object.
bound-Object	-	-	api FortressLibrary	wellformed1+wellformed2	FortressLibrary.fsi:1995	Ill-formed type: Comprehension[\Any,String,String,String\] The static argument Any does not satisfy the corresponding bound Object.
bound-Object	-	-	api FortressLibrary	wellformed1+wellformed2	FortressLibrary.fsi:1997	Ill-formed type: Generator[\Any\] The static argument Any does not satisfy the corresponding bound Object.
bound-Object	-	-	api FortressLibrary	wellformed1+wellformed2	FortressLibrary.fsi:2002	Ill-formed type: Comprehension[\Any,String,String,String\] The static argument Any does not satisfy the corresponding bound Object.
bound-Object	-	-	api FortressLibrary	wellformed1+wellformed2	FortressLibrary.fsi:2004	Ill-formed type: Generator[\Any\] The static argument Any does not satisfy the corresponding bound Object.
bound-Object	-	-	api FortressLibrary	wellformed1+wellformed2	FortressLibrary.fsi:2024	Ill-formed type: MonoidReduction[\Any\] The static argument Any does not satisfy the corresponding bound Object.
bound-Object	-	-	api FortressLibrary	wellformed1+wellformed2	FortressLibrary.fsi:2036	Ill-formed type: Comprehension[\T,T,Any,Any\] The static argument Any does not satisfy the corresponding bound Object.
bound-Object	-	-	api FortressLibrary	wellformed1+wellformed2	FortressLibrary.fsi:2040	Ill-formed type: Condition[\()\] The static argument () does not satisfy the corresponding bound Object.
bound-Object	-	-	api FortressLibrary	wellformed1+wellformed2	FortressLibrary.fsi:2043	Ill-formed type: Condition[\()\] The static argument () does not satisfy the corresponding bound Object.
bound-Object	-	-	api FortressLibrary	wellformed1+wellformed2	FortressLibrary.fsi:2100	Ill-formed type: OpenRange[\Any\] The static argument Any does not satisfy the corresponding bound Object.
bound-Object	-	-	api FortressLibrary	wellformed1+wellformed2	FortressLibrary.fsi:2171	Ill-formed type: CompactFullRange[\(I, J)\] The static argument (I, J) does not satisfy the corresponding bound Object.
bound-Object	-	-	api FortressLibrary	wellformed1+wellformed2	FortressLibrary.fsi:2173	Ill-formed type: CompactFullRange[\(I, J, K)\] The static argument (I, J, K) does not satisfy the corresponding bound Object.
bound-Object	-	-	api FortressLibrary	wellformed1+wellformed2	FortressLibrary.fsi:2177	Ill-formed type: CompactFullRange[\(I, J)\] The static argument (I, J) does not satisfy the corresponding bound Object.
bound-Object	-	-	api FortressLibrary	wellformed1+wellformed2	FortressLibrary.fsi:2179	Ill-formed type: CompactFullRange[\(I, J, K)\] The static argument (I, J, K) does not satisfy the corresponding bound Object.
bound-Object	-	-	api FortressLibrary	wellformed1+wellformed2	FortressLibrary.fsi:2183	Ill-formed type: LeftRange[\(I, J)\] The static argument (I, J) does not satisfy the corresponding bound Object.
bound-Object	-	-	api FortressLibrary	wellformed1+wellformed2	FortressLibrary.fsi:2185	Ill-formed type: LeftRange[\(I, J, K)\] The static argument (I, J, K) does not satisfy the corresponding bound Object.
bound-Object	-	-	api FortressLibrary	wellformed1+wellformed2	FortressLibrary.fsi:2190	Ill-formed type: ExtentRange[\(I, J)\] The static argument (I, J) does not satisfy the corresponding bound Object.
bound-Object	-	-	api FortressLibrary	wellformed1+wellformed2	FortressLibrary.fsi:2192	Ill-formed type: ExtentRange[\(I, J, K)\] The static argument (I, J, K) does not satisfy the corresponding bound Object.
bound-Object	-	-	api FortressLibrary	wellformed1+wellformed2	FortressLibrary.fsi:2195	Ill-formed type: RightRange[\(I, J)\] The static argument (I, J) does not satisfy the corresponding bound Object.
bound-Object	-	-	api FortressLibrary	wellformed1+wellformed2	FortressLibrary.fsi:2197	Ill-formed type: RightRange[\(I, J, K)\] The static argument (I, J, K) does not satisfy the corresponding bound Object.
bound-Object	-	-	api FortressLibrary	wellformed1+wellformed2	FortressLibrary.fsi:2222	Ill-formed type: OpenRange[\(I, J)\] The static argument (I, J) does not satisfy the corresponding bound Object.
bound-Object	-	-	api FortressLibrary	wellformed1+wellformed2	FortressLibrary.fsi:2224	Ill-formed type: OpenRange[\(I, J, K)\] The static argument (I, J, K) does not satisfy the corresponding bound Object.
bound-Object	-	-	api FortressLibrary	wellformed1+wellformed2	FortressLibrary.fsi:2518	Ill-formed type: Generator[\((ActualReduction[\R,L1\], ActualReduction[\R,L2\], E->R)->Boolean, (ActualReduction[\R,L1\], ActualReduction[\R,L1\], E->R)->R)\] T [...]
bound-Object	-	-	api FortressLibrary	wellformed1+wellformed2	FortressLibrary.fsi:2521	Ill-formed type: Condition[\()\] The static argument () does not satisfy the corresponding bound Object.
bound-Object	-	-	api FortressLibrary	wellformed1+wellformed2	FortressLibrary.fsi:2523	Ill-formed type: Generator[\((ActualReduction[\R,L1\], ActualReduction[\R,L2\], Generator[\E\]->Condition[\()\], E->R)->Boolean, (ActualReduction[\R,L1\], Actua [...]
bound-Object	-	-	api FortressLibrary	wellformed1+wellformed2	FortressLibrary.fsi:2525	Ill-formed type: Condition[\()\] The static argument () does not satisfy the corresponding bound Object.
bound-Object	-	-	api FortressLibrary	wellformed1+wellformed2	FortressLibrary.fsi:2530	Ill-formed type: Condition[\()\] The static argument () does not satisfy the corresponding bound Object.
bound-Object	-	-	api FortressLibrary	wellformed1+wellformed2	FortressLibrary.fsi:653	Ill-formed type: Condition[\()\] The static argument () does not satisfy the corresponding bound Object.
bound-Object	-	-	api FortressLibrary	wellformed1+wellformed2	FortressLibrary.fsi:682	Ill-formed type: Generator[\(E, G)\] The static argument (E, G) does not satisfy the corresponding bound Object.
bound-Object	-	-	api FortressLibrary	wellformed1+wellformed2	FortressLibrary.fsi:708	Ill-formed type: Condition[\()\] The static argument () does not satisfy the corresponding bound Object.
bound-Object	-	-	api FortressLibrary	wellformed1+wellformed2	FortressLibrary.fsi:766	Ill-formed type: Generator[\(E, F)\] The static argument (E, F) does not satisfy the corresponding bound Object.
bound-Object	-	-	api FortressLibrary	wellformed1+wellformed2	FortressLibrary.fsi:780	Ill-formed type: Generator[\(ZZ32, E)\] The static argument (ZZ32, E) does not satisfy the corresponding bound Object.
bound-Object	-	-	api FortressLibrary	wellformed1+wellformed2	FortressLibrary.fsi:794	Ill-formed type: Generator[\(E, G)\] The static argument (E, G) does not satisfy the corresponding bound Object.
bound-Object	-	-	api FortressLibrary	wellformed1+wellformed2	FortressLibrary.fsi:803	Ill-formed type: Condition[\()\] The static argument () does not satisfy the corresponding bound Object.
bound-Object	-	-	api FortressLibrary	wellformed1+wellformed2	FortressLibrary.fsi:806	Ill-formed type: Condition[\()\] The static argument () does not satisfy the corresponding bound Object.
bound-Object	-	-	api FortressLibrary	wellformed1+wellformed2	FortressLibrary.fsi:851	Ill-formed type: Generator[\(T, G)\] The static argument (T, G) does not satisfy the corresponding bound Object.
bound-Object	-	-	api FortressLibrary	wellformed1+wellformed2	FortressLibrary.fsi:875	Ill-formed type: Generator[\(T, G)\] The static argument (T, G) does not satisfy the corresponding bound Object.
bound-Object	-	-	api FortressLibrary	wellformed1+wellformed2	FortressLibrary.fsi:917	Ill-formed type: Generator[\(T, G)\] The static argument (T, G) does not satisfy the corresponding bound Object.
bound-Object	-	-	api FortressLibrary+component FortressLibrary	wellformed1+wellformed2	FortressLibrary.fsi:2009	Ill-formed type: Comprehension[\Any,String,String,AnyMaybe\] The static argument Any does not satisfy the corresponding bound Object.
bound-Object	-	-	api FortressLibrary+component String	wellformed1+wellformed2	FortressLibrary.fsi:2331	Ill-formed type: Generator[\(ZZ32, String)\] The static argument (ZZ32, String) does not satisfy the corresponding bound Object.
bound-Object	-	-	api List	wellformed1+wellformed2	List.fsi:135	Ill-formed type: List.List[\(E, F)\] The static argument (E, F) does not satisfy the corresponding bound Object.
bound-Object	-	-	api List	wellformed1+wellformed2	List.fsi:76	Ill-formed type: Maybe[\(E, List.List[\E\])\] The static argument (E, List.List[\E\]) does not satisfy the corresponding bound Object.
bound-Object	-	-	api List	wellformed1+wellformed2	List.fsi:77	Ill-formed type: Maybe[\(List.List[\E\], E)\] The static argument (List.List[\E\], E) does not satisfy the corresponding bound Object.
bound-Object	-	-	api RangeInternals	wellformed1+wellformed2	RangeInternals.fsi:144	Ill-formed type: OpenRange[\(I, J)\] The static argument (I, J) does not satisfy the corresponding bound Object.
bound-Object	-	-	api RangeInternals	wellformed1+wellformed2	RangeInternals.fsi:159	Ill-formed type: OpenRange[\(I, J, K)\] The static argument (I, J, K) does not satisfy the corresponding bound Object.
bound-Object	-	-	api RangeInternals	wellformed1+wellformed2	RangeInternals.fsi:203	Ill-formed type: ExtentRange[\(I, J)\] The static argument (I, J) does not satisfy the corresponding bound Object.
bound-Object	-	-	api RangeInternals	wellformed1+wellformed2	RangeInternals.fsi:206	Ill-formed type: Just[\(I, J)\] The static argument (I, J) does not satisfy the corresponding bound Object.
bound-Object	-	-	api RangeInternals	wellformed1+wellformed2	RangeInternals.fsi:220	Ill-formed type: ExtentRange[\(I, J, K)\] The static argument (I, J, K) does not satisfy the corresponding bound Object.
bound-Object	-	-	api RangeInternals	wellformed1+wellformed2	RangeInternals.fsi:224	Ill-formed type: Just[\(I, J, K)\] The static argument (I, J, K) does not satisfy the corresponding bound Object.
bound-Object	-	-	api RangeInternals	wellformed1+wellformed2	RangeInternals.fsi:274	Ill-formed type: LeftRange[\(I, J)\] The static argument (I, J) does not satisfy the corresponding bound Object.
bound-Object	-	-	api RangeInternals	wellformed1+wellformed2	RangeInternals.fsi:277	Ill-formed type: Just[\(I, J)\] The static argument (I, J) does not satisfy the corresponding bound Object.
bound-Object	-	-	api RangeInternals	wellformed1+wellformed2	RangeInternals.fsi:282	Ill-formed type: BoundedRange[\(I, J)\] The static argument (I, J) does not satisfy the corresponding bound Object.
bound-Object	-	-	api RangeInternals	wellformed1+wellformed2	RangeInternals.fsi:290	Ill-formed type: LeftRange[\(I, J, K)\] The static argument (I, J, K) does not satisfy the corresponding bound Object.
bound-Object	-	-	api RangeInternals	wellformed1+wellformed2	RangeInternals.fsi:294	Ill-formed type: Just[\(I, J, K)\] The static argument (I, J, K) does not satisfy the corresponding bound Object.
bound-Object	-	-	api RangeInternals	wellformed1+wellformed2	RangeInternals.fsi:300	Ill-formed type: BoundedRange[\(I, J, K)\] The static argument (I, J, K) does not satisfy the corresponding bound Object.
bound-Object	-	-	api RangeInternals	wellformed1+wellformed2	RangeInternals.fsi:334	Ill-formed type: RightRange[\(I, J)\] The static argument (I, J) does not satisfy the corresponding bound Object.
bound-Object	-	-	api RangeInternals	wellformed1+wellformed2	RangeInternals.fsi:337	Ill-formed type: Just[\(I, J)\] The static argument (I, J) does not satisfy the corresponding bound Object.
bound-Object	-	-	api RangeInternals	wellformed1+wellformed2	RangeInternals.fsi:342	Ill-formed type: BoundedRange[\(I, J)\] The static argument (I, J) does not satisfy the corresponding bound Object.
bound-Object	-	-	api RangeInternals	wellformed1+wellformed2	RangeInternals.fsi:351	Ill-formed type: RightRange[\(I, J, K)\] The static argument (I, J, K) does not satisfy the corresponding bound Object.
bound-Object	-	-	api RangeInternals	wellformed1+wellformed2	RangeInternals.fsi:355	Ill-formed type: Just[\(I, J, K)\] The static argument (I, J, K) does not satisfy the corresponding bound Object.
bound-Object	-	-	api RangeInternals	wellformed1+wellformed2	RangeInternals.fsi:361	Ill-formed type: BoundedRange[\(I, J, K)\] The static argument (I, J, K) does not satisfy the corresponding bound Object.
bound-Object	-	-	api RangeInternals	wellformed1+wellformed2	RangeInternals.fsi:387	Ill-formed type: DelegatedIndexed[\(I, J),(I, J)\] The static argument (I, J) does not satisfy the corresponding bound Object.
bound-Object	-	-	api RangeInternals	wellformed1+wellformed2	RangeInternals.fsi:387	Ill-formed type: FullRange[\(I, J)\] The static argument (I, J) does not satisfy the corresponding bound Object.
bound-Object	-	-	api RangeInternals	wellformed1+wellformed2	RangeInternals.fsi:390	Ill-formed type: Just[\(I, J)\] The static argument (I, J) does not satisfy the corresponding bound Object.
bound-Object	-	-	api RangeInternals	wellformed1+wellformed2	RangeInternals.fsi:391	Ill-formed type: Generator[\(I, J)\] The static argument (I, J) does not satisfy the corresponding bound Object.
bound-Object	-	-	api RangeInternals	wellformed1+wellformed2	RangeInternals.fsi:392	Ill-formed type: Generator[\(I, J)\] The static argument (I, J) does not satisfy the corresponding bound Object.
bound-Object	-	-	api RangeInternals	wellformed1+wellformed2	RangeInternals.fsi:397	Ill-formed type: Range[\(I, J)\] The static argument (I, J) does not satisfy the corresponding bound Object.
bound-Object	-	-	api RangeInternals	wellformed1+wellformed2	RangeInternals.fsi:398	Ill-formed type: Maybe[\(I, J)\] The static argument (I, J) does not satisfy the corresponding bound Object.
bound-Object	-	-	api RangeInternals	wellformed1+wellformed2	RangeInternals.fsi:405	Ill-formed type: DelegatedIndexed[\(I, J, K),(I, J, K)\] The static argument (I, J, K) does not satisfy the corresponding bound Object.
bound-Object	-	-	api RangeInternals	wellformed1+wellformed2	RangeInternals.fsi:405	Ill-formed type: FullRange[\(I, J, K)\] The static argument (I, J, K) does not satisfy the corresponding bound Object.
bound-Object	-	-	api RangeInternals	wellformed1+wellformed2	RangeInternals.fsi:409	Ill-formed type: Just[\(I, J, K)\] The static argument (I, J, K) does not satisfy the corresponding bound Object.
bound-Object	-	-	api RangeInternals	wellformed1+wellformed2	RangeInternals.fsi:410	Ill-formed type: Generator[\(I, J, K)\] The static argument (I, J, K) does not satisfy the corresponding bound Object.
bound-Object	-	-	api RangeInternals	wellformed1+wellformed2	RangeInternals.fsi:411	Ill-formed type: Generator[\(I, J)\] The static argument (I, J) does not satisfy the corresponding bound Object.
bound-Object	-	-	api RangeInternals	wellformed1+wellformed2	RangeInternals.fsi:416	Ill-formed type: Range[\(I, J, K)\] The static argument (I, J, K) does not satisfy the corresponding bound Object.
bound-Object	-	-	api RangeInternals	wellformed1+wellformed2	RangeInternals.fsi:417	Ill-formed type: Maybe[\(I, J, K)\] The static argument (I, J, K) does not satisfy the corresponding bound Object.
bound-Object	-	-	api RangeInternals	wellformed1+wellformed2	RangeInternals.fsi:425	Ill-formed type: Indexed[\(I, I),I\] The static argument (I, I) does not satisfy the corresponding bound Object.
bound-Object	-	-	api RangeInternals	wellformed1+wellformed2	RangeInternals.fsi:461	Ill-formed type: CompactFullRange[\(I, J)\] The static argument (I, J) does not satisfy the corresponding bound Object.
bound-Object	-	-	api RangeInternals	wellformed1+wellformed2	RangeInternals.fsi:465	Ill-formed type: Generator[\(I, J)\] The static argument (I, J) does not satisfy the corresponding bound Object.
bound-Object	-	-	api RangeInternals	wellformed1+wellformed2	RangeInternals.fsi:466	Ill-formed type: Generator[\((I, J), (I, J))\] The static argument ((I, J), (I, J)) does not satisfy the corresponding bound Object.
bound-Object	-	-	api RangeInternals	wellformed1+wellformed2	RangeInternals.fsi:468	Ill-formed type: Just[\(I, J)\] The static argument (I, J) does not satisfy the corresponding bound Object.
bound-Object	-	-	api RangeInternals	wellformed1+wellformed2	RangeInternals.fsi:469	Ill-formed type: Just[\(I, J)\] The static argument (I, J) does not satisfy the corresponding bound Object.
bound-Object	-	-	api RangeInternals	wellformed1+wellformed2	RangeInternals.fsi:481	Ill-formed type: CompactFullRange[\(I, J, K)\] The static argument (I, J, K) does not satisfy the corresponding bound Object.
bound-Object	-	-	api RangeInternals	wellformed1+wellformed2	RangeInternals.fsi:485	Ill-formed type: Generator[\(I, J, K)\] The static argument (I, J, K) does not satisfy the corresponding bound Object.
bound-Object	-	-	api RangeInternals	wellformed1+wellformed2	RangeInternals.fsi:486	Ill-formed type: Generator[\((I, J, K), (I, J, K))\] The static argument ((I, J, K), (I, J, K)) does not satisfy the corresponding bound Object.
bound-Object	-	-	api RangeInternals	wellformed1+wellformed2	RangeInternals.fsi:488	Ill-formed type: Just[\(I, J, K)\] The static argument (I, J, K) does not satisfy the corresponding bound Object.
bound-Object	-	-	api RangeInternals	wellformed1+wellformed2	RangeInternals.fsi:489	Ill-formed type: Just[\(I, J, K)\] The static argument (I, J, K) does not satisfy the corresponding bound Object.
bound-Object	-	-	api RangeInternals	wellformed1+wellformed2	RangeInternals.fsi:501	Ill-formed type: Indexed[\(I, I),I\] The static argument (I, I) does not satisfy the corresponding bound Object.
bound-Object	-	-	api RangeInternals	wellformed1+wellformed2	RangeInternals.fsi:535	Ill-formed type: StridedFullRange[\(I, J)\] The static argument (I, J) does not satisfy the corresponding bound Object.
bound-Object	-	-	api RangeInternals	wellformed1+wellformed2	RangeInternals.fsi:537	Ill-formed type: Generator[\(I, J)\] The static argument (I, J) does not satisfy the corresponding bound Object.
bound-Object	-	-	api RangeInternals	wellformed1+wellformed2	RangeInternals.fsi:538	Ill-formed type: Generator[\((I, J), (I, J))\] The static argument ((I, J), (I, J)) does not satisfy the corresponding bound Object.
bound-Object	-	-	api RangeInternals	wellformed1+wellformed2	RangeInternals.fsi:54	Ill-formed type: Range[\(I, J)\] The static argument (I, J) does not satisfy the corresponding bound Object.
bound-Object	-	-	api RangeInternals	wellformed1+wellformed2	RangeInternals.fsi:540	Ill-formed type: Just[\(I, J)\] The static argument (I, J) does not satisfy the corresponding bound Object.
bound-Object	-	-	api RangeInternals	wellformed1+wellformed2	RangeInternals.fsi:541	Ill-formed type: Just[\(I, J)\] The static argument (I, J) does not satisfy the corresponding bound Object.
bound-Object	-	-	api RangeInternals	wellformed1+wellformed2	RangeInternals.fsi:555	Ill-formed type: StridedFullRange[\(I, J, K)\] The static argument (I, J, K) does not satisfy the corresponding bound Object.
bound-Object	-	-	api RangeInternals	wellformed1+wellformed2	RangeInternals.fsi:557	Ill-formed type: Generator[\(I, J, K)\] The static argument (I, J, K) does not satisfy the corresponding bound Object.
bound-Object	-	-	api RangeInternals	wellformed1+wellformed2	RangeInternals.fsi:558	Ill-formed type: Generator[\((I, J, K), (I, J, K))\] The static argument ((I, J, K), (I, J, K)) does not satisfy the corresponding bound Object.
bound-Object	-	-	api RangeInternals	wellformed1+wellformed2	RangeInternals.fsi:560	Ill-formed type: Just[\(I, J, K)\] The static argument (I, J, K) does not satisfy the corresponding bound Object.
bound-Object	-	-	api RangeInternals	wellformed1+wellformed2	RangeInternals.fsi:561	Ill-formed type: Just[\(I, J, K)\] The static argument (I, J, K) does not satisfy the corresponding bound Object.
bound-Object	-	-	api RangeInternals	wellformed1+wellformed2	RangeInternals.fsi:596	Ill-formed type: LeftRange[\(I, J)\] The static argument (I, J) does not satisfy the corresponding bound Object.
bound-Object	-	-	api RangeInternals	wellformed1+wellformed2	RangeInternals.fsi:598	Ill-formed type: LeftRange[\(I, J, K)\] The static argument (I, J, K) does not satisfy the corresponding bound Object.
bound-Object	-	-	api RangeInternals	wellformed1+wellformed2	RangeInternals.fsi:602	Ill-formed type: ExtentRange[\(I, J)\] The static argument (I, J) does not satisfy the corresponding bound Object.
bound-Object	-	-	api RangeInternals	wellformed1+wellformed2	RangeInternals.fsi:604	Ill-formed type: ExtentRange[\(I, J, K)\] The static argument (I, J, K) does not satisfy the corresponding bound Object.
bound-Object	-	-	api RangeInternals	wellformed1+wellformed2	RangeInternals.fsi:608	Ill-formed type: RightRange[\(I, J)\] The static argument (I, J) does not satisfy the corresponding bound Object.
bound-Object	-	-	api RangeInternals	wellformed1+wellformed2	RangeInternals.fsi:61	Ill-formed type: RangeWithLeft[\(I, J)\] The static argument (I, J) does not satisfy the corresponding bound Object.
bound-Object	-	-	api RangeInternals	wellformed1+wellformed2	RangeInternals.fsi:610	Ill-formed type: RightRange[\(I, J, K)\] The static argument (I, J, K) does not satisfy the corresponding bound Object.
bound-Object	-	-	api RangeInternals	wellformed1+wellformed2	RangeInternals.fsi:62	Ill-formed type: RangeWithRight[\(I, J)\] The static argument (I, J) does not satisfy the corresponding bound Object.
bound-Object	-	-	api RangeInternals	wellformed1+wellformed2	RangeInternals.fsi:620	Ill-formed type: OpenRange[\(I, J)\] The static argument (I, J) does not satisfy the corresponding bound Object.
bound-Object	-	-	api RangeInternals	wellformed1+wellformed2	RangeInternals.fsi:622	Ill-formed type: OpenRange[\(I, J, K)\] The static argument (I, J, K) does not satisfy the corresponding bound Object.
bound-Object	-	-	api RangeInternals	wellformed1+wellformed2	RangeInternals.fsi:63	Ill-formed type: Range[\(I, J)\] The static argument (I, J) does not satisfy the corresponding bound Object.
bound-Object	-	-	api RangeInternals	wellformed1+wellformed2	RangeInternals.fsi:64	Ill-formed type: Range[\(I, J)\] The static argument (I, J) does not satisfy the corresponding bound Object.
bound-Object	-	-	api RangeInternals	wellformed1+wellformed2	RangeInternals.fsi:87	Ill-formed type: Range[\(I, J, K)\] The static argument (I, J, K) does not satisfy the corresponding bound Object.
bound-Object	-	-	api RangeInternals	wellformed1+wellformed2	RangeInternals.fsi:96	Ill-formed type: RangeWithLeft[\(I, J, K)\] The static argument (I, J, K) does not satisfy the corresponding bound Object.
bound-Object	-	-	api RangeInternals	wellformed1+wellformed2	RangeInternals.fsi:97	Ill-formed type: RangeWithRight[\(I, J, K)\] The static argument (I, J, K) does not satisfy the corresponding bound Object.
bound-Object	-	-	api RangeInternals	wellformed1+wellformed2	RangeInternals.fsi:98	Ill-formed type: Range[\(I, J, K)\] The static argument (I, J, K) does not satisfy the corresponding bound Object.
bound-Object	-	-	api RangeInternals	wellformed1+wellformed2	RangeInternals.fsi:99	Ill-formed type: Range[\(I, J, K)\] The static argument (I, J, K) does not satisfy the corresponding bound Object.
bound-Object	-	-	api Stream	wellformed1+wellformed2	Stream.fsi:52	Ill-formed type: Generator[\Any\] The static argument Any does not satisfy the corresponding bound Object.
bound-Object	-	-	component FlatString	wellformed1+wellformed2	FlatString.fss:146	Ill-formed type: Generator[\(ZZ32, String)\] The static argument (ZZ32, String) does not satisfy the corresponding bound Object.
bound-Object	-	-	component FlatString	wellformed1+wellformed2	FlatString.fss:147	Ill-formed type: Generator[\(ZZ32, String)\] The static argument (ZZ32, String) does not satisfy the corresponding bound Object.
bound-Object	-	-	component FortressBuiltin	wellformed1+wellformed2	FortressBuiltin.fss:539	Ill-formed type: Condition[\()\] The static argument () does not satisfy the corresponding bound Object.
bound-Object	-	-	component FortressBuiltin	wellformed1+wellformed2	FortressBuiltin.fss:551	Ill-formed type: Generator[\((), G)\] The static argument ((), G) does not satisfy the corresponding bound Object.
bound-Object	-	-	component FortressBuiltin	wellformed2	FortressLibrary.fsi:12	Ill-formed type: Nothing[\((), G)\] The static argument ((), G) does not satisfy the corresponding bound Object.
bound-Object	-	-	component FortressLibrary	wellformed1+wellformed2	FortressLibrary.fss:1014	Ill-formed type: Condition[\()\] The static argument () does not satisfy the corresponding bound Object.
bound-Object	-	-	component FortressLibrary	wellformed1+wellformed2	FortressLibrary.fss:1042	Ill-formed type: Generator[\(E, G)\] The static argument (E, G) does not satisfy the corresponding bound Object.
bound-Object	-	-	component FortressLibrary	wellformed1+wellformed2	FortressLibrary.fss:1104	Ill-formed type: Condition[\()\] The static argument () does not satisfy the corresponding bound Object.
bound-Object	-	-	component FortressLibrary	wellformed1+wellformed2	FortressLibrary.fss:1195	Ill-formed type: Generator[\(E, F)\] The static argument (E, F) does not satisfy the corresponding bound Object.
bound-Object	-	-	component FortressLibrary	wellformed1+wellformed2	FortressLibrary.fss:1214	Ill-formed type: Condition[\(ZZ32, E)\] The static argument (ZZ32, E) does not satisfy the corresponding bound Object.
bound-Object	-	-	component FortressLibrary	wellformed1+wellformed2	FortressLibrary.fss:1236	Ill-formed type: Generator[\(E, G)\] The static argument (E, G) does not satisfy the corresponding bound Object.
bound-Object	-	-	component FortressLibrary	wellformed1+wellformed2	FortressLibrary.fss:1237	Ill-formed type: Generator[\(E, G)\] The static argument (E, G) does not satisfy the corresponding bound Object.
bound-Object	-	-	component FortressLibrary	wellformed1+wellformed2	FortressLibrary.fss:1251	Ill-formed type: Condition[\()\] The static argument () does not satisfy the corresponding bound Object.
bound-Object	-	-	component FortressLibrary	wellformed1+wellformed2	FortressLibrary.fss:1255	Ill-formed type: Condition[\()\] The static argument () does not satisfy the corresponding bound Object.
bound-Object	-	-	component FortressLibrary	wellformed1+wellformed2	FortressLibrary.fss:1330	Ill-formed type: Generator[\(T, G)\] The static argument (T, G) does not satisfy the corresponding bound Object.
bound-Object	-	-	component FortressLibrary	wellformed1+wellformed2	FortressLibrary.fss:1360	Ill-formed type: Generator[\(T, G)\] The static argument (T, G) does not satisfy the corresponding bound Object.
bound-Object	-	-	component FortressLibrary	wellformed1+wellformed2	FortressLibrary.fss:1406	Ill-formed type: Generator[\(T, G)\] The static argument (T, G) does not satisfy the corresponding bound Object.
bound-Object	-	-	component FortressLibrary	wellformed1+wellformed2	FortressLibrary.fss:1661	Ill-formed type: Indexed[\(I, E),I\] The static argument (I, E) does not satisfy the corresponding bound Object.
bound-Object	-	-	component FortressLibrary	wellformed1+wellformed2	FortressLibrary.fss:1724	Ill-formed type: ZeroIndexed[\(E, F)\] The static argument (E, F) does not satisfy the corresponding bound Object.
bound-Object	-	-	component FortressLibrary	wellformed1+wellformed2	FortressLibrary.fss:1731	Ill-formed type: DelegatedIndexed[\(E, F),ZZ32\] The static argument (E, F) does not satisfy the corresponding bound Object.
bound-Object	-	-	component FortressLibrary	wellformed1+wellformed2	FortressLibrary.fss:1731	Ill-formed type: ZeroIndexed[\(E, F)\] The static argument (E, F) does not satisfy the corresponding bound Object.
bound-Object	-	-	component FortressLibrary	wellformed1+wellformed2	FortressLibrary.fss:1737	Ill-formed type: ZeroIndexed[\(E, F)\] The static argument (E, F) does not satisfy the corresponding bound Object.
bound-Object	-	-	component FortressLibrary	wellformed1+wellformed2	FortressLibrary.fss:1779	Ill-formed type: Generator[\(E, G)\] The static argument (E, G) does not satisfy the corresponding bound Object.
bound-Object	-	-	component FortressLibrary	wellformed1+wellformed2	FortressLibrary.fss:1814	Ill-formed type: Indexed[\(I, E),I\] The static argument (I, E) does not satisfy the corresponding bound Object.
bound-Object	-	-	component FortressLibrary	wellformed1+wellformed2	FortressLibrary.fss:1929	Ill-formed type: Array[\E,(ZZ32, ZZ32)\] The static argument (ZZ32, ZZ32) does not satisfy the corresponding bound Object.
bound-Object	-	-	component FortressLibrary	wellformed1+wellformed2	FortressLibrary.fss:1931	Ill-formed type: Array[\E,(ZZ32, ZZ32, ZZ32)\] The static argument (ZZ32, ZZ32, ZZ32) does not satisfy the corresponding bound Object.
bound-Object	-	-	component FortressLibrary	wellformed1+wellformed2	FortressLibrary.fss:2297	Ill-formed type: StandardMutableArrayType[\Array2[\T,b0,s0,b1,s1\],T,(ZZ32, ZZ32)\] The static argument (ZZ32, ZZ32) does not satisfy the corresponding bound Ob [...]
bound-Object	-	-	component FortressLibrary	wellformed1+wellformed2	FortressLibrary.fss:2336	Ill-formed type: Array[\T,(ZZ32, ZZ32)\] The static argument (ZZ32, ZZ32) does not satisfy the corresponding bound Object.
bound-Object	-	-	component FortressLibrary	wellformed1+wellformed2	FortressLibrary.fss:2336	Ill-formed type: Range[\(ZZ32, ZZ32)\] The static argument (ZZ32, ZZ32) does not satisfy the corresponding bound Object.
bound-Object	-	-	component FortressLibrary	wellformed1+wellformed2	FortressLibrary.fss:2373	Ill-formed type: Array[\T,(ZZ32, ZZ32)\] The static argument (ZZ32, ZZ32) does not satisfy the corresponding bound Object.
bound-Object	-	-	component FortressLibrary	wellformed1+wellformed2	FortressLibrary.fss:2408	Ill-formed type: ImmutableArray[\T,(ZZ32, ZZ32)\] The static argument (ZZ32, ZZ32) does not satisfy the corresponding bound Object.
bound-Object	-	-	component FortressLibrary	wellformed1+wellformed2	FortressLibrary.fss:2670	Ill-formed type: StandardMutableArrayType[\Array3[\T,b0,s0,b1,s1,b2,s2\],T,(ZZ32, ZZ32, ZZ32)\] The static argument (ZZ32, ZZ32, ZZ32) does not satisfy the corr [...]
bound-Object	-	-	component FortressLibrary	wellformed1+wellformed2	FortressLibrary.fss:2731	Ill-formed type: Array[\T,(ZZ32, ZZ32, ZZ32)\] The static argument (ZZ32, ZZ32, ZZ32) does not satisfy the corresponding bound Object.
bound-Object	-	-	component FortressLibrary	wellformed1+wellformed2	FortressLibrary.fss:2731	Ill-formed type: Range[\(ZZ32, ZZ32, ZZ32)\] The static argument (ZZ32, ZZ32, ZZ32) does not satisfy the corresponding bound Object.
bound-Object	-	-	component FortressLibrary	wellformed1+wellformed2	FortressLibrary.fss:2741	Ill-formed type: Array[\T,(ZZ32, ZZ32)\] The static argument (ZZ32, ZZ32) does not satisfy the corresponding bound Object.
bound-Object	-	-	component FortressLibrary	wellformed1+wellformed2	FortressLibrary.fss:2779	Ill-formed type: ImmutableArray[\T,(ZZ32, ZZ32, ZZ32)\] The static argument (ZZ32, ZZ32, ZZ32) does not satisfy the corresponding bound Object.
bound-Object	-	-	component FortressLibrary	wellformed1+wellformed2	FortressLibrary.fss:2998	Ill-formed type: CommutativeMonoidReduction[\()\] The static argument () does not satisfy the corresponding bound Object.
bound-Object	-	-	component FortressLibrary	wellformed1+wellformed2	FortressLibrary.fss:3000	Ill-formed type: Reduction[\()\] The static argument () does not satisfy the corresponding bound Object.
bound-Object	-	-	component FortressLibrary	wellformed1+wellformed2	FortressLibrary.fss:3099	Ill-formed type: CommutativeMonoidReduction[\(Number, Number)\] The static argument (Number, Number) does not satisfy the corresponding bound Object.
bound-Object	-	-	component FortressLibrary	wellformed1+wellformed2	FortressLibrary.fss:3109	Ill-formed type: Comprehension[\T,(Number, Number),(Number, Number),(Number, Number)\] The static argument (Number, Number) does not satisfy the corresponding b [...]
bound-Object	-	-	component FortressLibrary	wellformed1+wellformed2	FortressLibrary.fss:3135	Ill-formed type: CommutativeReduction[\(T, T)\] The static argument (T, T) does not satisfy the corresponding bound Object.
bound-Object	-	-	component FortressLibrary	wellformed1+wellformed2	FortressLibrary.fss:3168	Ill-formed type: CommutativeReduction[\(T, U)\] The static argument (T, U) does not satisfy the corresponding bound Object.
bound-Object	-	-	component FortressLibrary	wellformed1+wellformed2	FortressLibrary.fss:3181	Ill-formed type: Comprehension[\(T, U),(T, U),(T, U),AnyMaybe\] The static argument (T, U) does not satisfy the corresponding bound Object.
bound-Object	-	-	component FortressLibrary	wellformed1+wellformed2	FortressLibrary.fss:3183	Ill-formed type: Generator[\(T, U)\] The static argument (T, U) does not satisfy the corresponding bound Object.
bound-Object	-	-	component FortressLibrary	wellformed1+wellformed2	FortressLibrary.fss:3188	Ill-formed type: CommutativeReduction[\(T, U)\] The static argument (T, U) does not satisfy the corresponding bound Object.
bound-Object	-	-	component FortressLibrary	wellformed1+wellformed2	FortressLibrary.fss:3201	Ill-formed type: Comprehension[\(T, U),(T, U),(T, U),AnyMaybe\] The static argument (T, U) does not satisfy the corresponding bound Object.
bound-Object	-	-	component FortressLibrary	wellformed1+wellformed2	FortressLibrary.fss:3203	Ill-formed type: Generator[\(T, U)\] The static argument (T, U) does not satisfy the corresponding bound Object.
bound-Object	-	-	component FortressLibrary	wellformed1+wellformed2	FortressLibrary.fss:3208	Ill-formed type: CommutativeReduction[\(T, U)\] The static argument (T, U) does not satisfy the corresponding bound Object.
bound-Object	-	-	component FortressLibrary	wellformed1+wellformed2	FortressLibrary.fss:3221	Ill-formed type: Comprehension[\(T, U),(T, U),(T, U),AnyMaybe\] The static argument (T, U) does not satisfy the corresponding bound Object.
bound-Object	-	-	component FortressLibrary	wellformed1+wellformed2	FortressLibrary.fss:3223	Ill-formed type: Generator[\(T, U)\] The static argument (T, U) does not satisfy the corresponding bound Object.
bound-Object	-	-	component FortressLibrary	wellformed1+wellformed2	FortressLibrary.fss:3228	Ill-formed type: CommutativeReduction[\(T, U)\] The static argument (T, U) does not satisfy the corresponding bound Object.
bound-Object	-	-	component FortressLibrary	wellformed1+wellformed2	FortressLibrary.fss:3241	Ill-formed type: Comprehension[\(T, U),(T, U),(T, U),AnyMaybe\] The static argument (T, U) does not satisfy the corresponding bound Object.
bound-Object	-	-	component FortressLibrary	wellformed1+wellformed2	FortressLibrary.fss:3243	Ill-formed type: Generator[\(T, U)\] The static argument (T, U) does not satisfy the corresponding bound Object.
bound-Object	-	-	component FortressLibrary	wellformed1+wellformed2	FortressLibrary.fss:3331	Ill-formed type: Comprehension[\Any,String,String,String\] The static argument Any does not satisfy the corresponding bound Object.
bound-Object	-	-	component FortressLibrary	wellformed1+wellformed2	FortressLibrary.fss:3341	Ill-formed type: Comprehension[\Any,String,String,String\] The static argument Any does not satisfy the corresponding bound Object.
bound-Object	-	-	component FortressLibrary	wellformed1+wellformed2	FortressLibrary.fss:3351	Ill-formed type: Comprehension[\Any,String,String,AnyMaybe\] The static argument Any does not satisfy the corresponding bound Object.
bound-Object	-	-	component FortressLibrary	wellformed1+wellformed2	FortressLibrary.fss:3370	Ill-formed type: MonoidReduction[\Any\] The static argument Any does not satisfy the corresponding bound Object.
bound-Object	-	-	component FortressLibrary	wellformed1+wellformed2	FortressLibrary.fss:3384	Ill-formed type: Comprehension[\T,T,Any,Any\] The static argument Any does not satisfy the corresponding bound Object.
bound-Object	-	-	component FortressLibrary	wellformed1+wellformed2	FortressLibrary.fss:3419	Ill-formed type: Indexed[\(I, F),I\] The static argument (I, F) does not satisfy the corresponding bound Object.
bound-Object	-	-	component FortressLibrary	wellformed1+wellformed2	FortressLibrary.fss:3443	Ill-formed type: Condition[\()\] The static argument () does not satisfy the corresponding bound Object.
bound-Object	-	-	component FortressLibrary	wellformed1+wellformed2	FortressLibrary.fss:3450	Ill-formed type: Condition[\()\] The static argument () does not satisfy the corresponding bound Object.
bound-Object	-	-	component FortressLibrary	wellformed1+wellformed2	FortressLibrary.fss:3455	Ill-formed type: Condition[\()\] The static argument () does not satisfy the corresponding bound Object.
bound-Object	-	-	component FortressLibrary	wellformed1+wellformed2	FortressLibrary.fss:3458	Ill-formed type: Condition[\()\] The static argument () does not satisfy the corresponding bound Object.
bound-Object	-	-	component FortressLibrary	wellformed1+wellformed2	FortressLibrary.fss:3461	Ill-formed type: Condition[\()\] The static argument () does not satisfy the corresponding bound Object.
bound-Object	-	-	component FortressLibrary	wellformed1+wellformed2	FortressLibrary.fss:3464	Ill-formed type: Condition[\()\] The static argument () does not satisfy the corresponding bound Object.
bound-Object	-	-	component FortressLibrary	wellformed1+wellformed2	FortressLibrary.fss:3519	Ill-formed type: Generator[\(E, F)\] The static argument (E, F) does not satisfy the corresponding bound Object.
bound-Object	-	-	component FortressLibrary	wellformed1+wellformed2	FortressLibrary.fss:3542	Ill-formed type: SequentialGenerator[\(E, F)\] The static argument (E, F) does not satisfy the corresponding bound Object.
bound-Object	-	-	component FortressLibrary	wellformed1+wellformed2	FortressLibrary.fss:3554	Ill-formed type: Condition[\()\] The static argument () does not satisfy the corresponding bound Object.
bound-Object	-	-	component FortressLibrary	wellformed1+wellformed2	FortressLibrary.fss:3570	Ill-formed type: Indexed[\(I, E),I\] The static argument (I, E) does not satisfy the corresponding bound Object.
bound-Object	-	-	component FortressLibrary	wellformed1+wellformed2	FortressLibrary.fss:3692	Ill-formed type: OpenRange[\Any\] The static argument Any does not satisfy the corresponding bound Object.
bound-Object	-	-	component FortressLibrary	wellformed1+wellformed2	FortressLibrary.fss:3696	Ill-formed type: RangeWithLeft[\Any\] The static argument Any does not satisfy the corresponding bound Object.
bound-Object	-	-	component FortressLibrary	wellformed1+wellformed2	FortressLibrary.fss:3697	Ill-formed type: RangeWithRight[\Any\] The static argument Any does not satisfy the corresponding bound Object.
bound-Object	-	-	component FortressLibrary	wellformed1+wellformed2	FortressLibrary.fss:3700	Ill-formed type: OpenRange[\Any\] The static argument Any does not satisfy the corresponding bound Object.
bound-Object	-	-	component FortressLibrary	wellformed1+wellformed2	FortressLibrary.fss:3701	Ill-formed type: OpenRange[\Any\] The static argument Any does not satisfy the corresponding bound Object.
bound-Object	-	-	component FortressLibrary	wellformed1+wellformed2	FortressLibrary.fss:3702	Ill-formed type: RangeWithExtent[\Any\] The static argument Any does not satisfy the corresponding bound Object.
bound-Object	-	-	component FortressLibrary	wellformed1+wellformed2	FortressLibrary.fss:3703	Ill-formed type: Range[\Any\] The static argument Any does not satisfy the corresponding bound Object.
bound-Object	-	-	component FortressLibrary	wellformed1+wellformed2	FortressLibrary.fss:3704	Ill-formed type: Range[\Any\] The static argument Any does not satisfy the corresponding bound Object.
bound-Object	-	-	component FortressLibrary	wellformed1+wellformed2	FortressLibrary.fss:3848	Ill-formed type: LeftRange[\(I, J)\] The static argument (I, J) does not satisfy the corresponding bound Object.
bound-Object	-	-	component FortressLibrary	wellformed1+wellformed2	FortressLibrary.fss:3853	Ill-formed type: LeftRange[\(I, J, K)\] The static argument (I, J, K) does not satisfy the corresponding bound Object.
bound-Object	-	-	component FortressLibrary	wellformed1+wellformed2	FortressLibrary.fss:3861	Ill-formed type: ExtentRange[\(I, J)\] The static argument (I, J) does not satisfy the corresponding bound Object.
bound-Object	-	-	component FortressLibrary	wellformed1+wellformed2	FortressLibrary.fss:3864	Ill-formed type: ExtentRange[\(I, J, K)\] The static argument (I, J, K) does not satisfy the corresponding bound Object.
bound-Object	-	-	component FortressLibrary	wellformed1+wellformed2	FortressLibrary.fss:3868	Ill-formed type: RightRange[\(I, J)\] The static argument (I, J) does not satisfy the corresponding bound Object.
bound-Object	-	-	component FortressLibrary	wellformed1+wellformed2	FortressLibrary.fss:3871	Ill-formed type: RightRange[\(I, J, K)\] The static argument (I, J, K) does not satisfy the corresponding bound Object.
bound-Object	-	-	component FortressLibrary	wellformed1+wellformed2	FortressLibrary.fss:3897	Ill-formed type: OpenRange[\(I, J)\] The static argument (I, J) does not satisfy the corresponding bound Object.
bound-Object	-	-	component FortressLibrary	wellformed1+wellformed2	FortressLibrary.fss:3900	Ill-formed type: OpenRange[\(I, J, K)\] The static argument (I, J, K) does not satisfy the corresponding bound Object.
bound-Object	-	-	component FortressLibrary	wellformed1+wellformed2	FortressLibrary.fss:4399	Ill-formed type: Generator[\((ActualReduction[\R,L1\], ActualReduction[\R,L2\], E->R)->Boolean, (ActualReduction[\R,L1\], ActualReduction[\R,L1\], E->R)->R)\] T [...]
bound-Object	-	-	component FortressLibrary	wellformed1+wellformed2	FortressLibrary.fss:4402	Ill-formed type: Condition[\()\] The static argument () does not satisfy the corresponding bound Object.
bound-Object	-	-	component FortressLibrary	wellformed1+wellformed2	FortressLibrary.fss:4405	Ill-formed type: Condition[\()\] The static argument () does not satisfy the corresponding bound Object.
bound-Object	-	-	component FortressLibrary	wellformed1+wellformed2	FortressLibrary.fss:4423	Ill-formed type: Generator[\((ActualReduction[\R,L1\], ActualReduction[\R,L2\], Generator[\E\]->Condition[\()\], E->R)->Boolean, (ActualReduction[\R,L1\], Actua [...]
bound-Object	-	-	component FortressLibrary	wellformed1+wellformed2	FortressLibrary.fss:4426	Ill-formed type: Condition[\()\] The static argument () does not satisfy the corresponding bound Object.
bound-Object	-	-	component FortressLibrary	wellformed1+wellformed2	FortressLibrary.fss:4433	Ill-formed type: Condition[\()\] The static argument () does not satisfy the corresponding bound Object.
bound-Object	-	-	component FortressLibrary	wellformed1+wellformed2	FortressLibrary.fss:4436	Ill-formed type: Condition[\()\] The static argument () does not satisfy the corresponding bound Object.
bound-Object	-	-	component FortressLibrary	wellformed1+wellformed2	FortressLibrary.fss:4438	Ill-formed type: Generator[\((ActualReduction[\R,L1\], ActualReduction[\R,L2\], Generator[\E\]->Condition[\()\], E->R)->Boolean, (ActualReduction[\R,L1\], Actua [...]
bound-Object	-	-	component FortressLibrary	wellformed1+wellformed2	FortressLibrary.fss:4440	Ill-formed type: Generator[\((ActualReduction[\R,L1\], ActualReduction[\R,L2\], E->R)->Boolean, (ActualReduction[\R,L1\], ActualReduction[\R,L1\], E->R)->R)\] T [...]
bound-Object	-	-	component FortressLibrary	wellformed1+wellformed2	FortressLibrary.fss:4444	Ill-formed type: Condition[\()\] The static argument () does not satisfy the corresponding bound Object.
bound-Object	-	-	component FortressLibrary	wellformed1+wellformed2	FortressLibrary.fss:4447	Ill-formed type: Condition[\()\] The static argument () does not satisfy the corresponding bound Object.
bound-Object	-	-	component FortressLibrary	wellformed1+wellformed2	FortressLibrary.fss:4453	Ill-formed type: Condition[\()\] The static argument () does not satisfy the corresponding bound Object.
bound-Object	-	-	component FortressLibrary	wellformed1+wellformed2	FortressLibrary.fss:4470	Ill-formed type: RelationalPredicateCondition[\()\] The static argument () does not satisfy the corresponding bound Object.
bound-Object	-	-	component FortressLibrary	wellformed1+wellformed2	FortressLibrary.fss:4476	Ill-formed type: Condition[\()\] The static argument () does not satisfy the corresponding bound Object.
bound-Object	-	-	component FortressLibrary	wellformed2	FortressLibrary.fss:1348	Ill-formed type: Nothing[\(T, G)\] The static argument (T, G) does not satisfy the corresponding bound Object.
bound-Object	-	-	component FortressLibrary	wellformed2	FortressLibrary.fss:1394	Ill-formed type: NotUnique[\(T, G)\] The static argument (T, G) does not satisfy the corresponding bound Object.
bound-Object	-	-	component FortressLibrary	wellformed2	FortressLibrary.fss:1406	Ill-formed type: NotUnique[\(T, G)\] The static argument (T, G) does not satisfy the corresponding bound Object.
bound-Object	-	-	component FortressLibrary	wellformed2	FortressLibrary.fss:1406	Ill-formed type: Nothing[\(T, G)\] The static argument (T, G) does not satisfy the corresponding bound Object.
bound-Object	-	-	component FortressLibrary	wellformed2	FortressLibrary.fss:1666	Ill-formed type: Indexed[\(I, E),I\] The static argument (I, E) does not satisfy the corresponding bound Object.
bound-Object	-	-	component FortressLibrary	wellformed2	FortressLibrary.fss:1814	Ill-formed type: Indexed[\(ZZ32, T),ZZ32\] The static argument (ZZ32, T) does not satisfy the corresponding bound Object.
bound-Object	-	-	component FortressLibrary	wellformed2	FortressLibrary.fss:2990	Ill-formed type: Comprehension[\(T, U),(T, U),(T, U),AnyMaybe\] The static argument (T, U) does not satisfy the corresponding bound Object.
bound-Object	-	-	component FortressLibrary	wellformed2	FortressLibrary.fss:2990	Ill-formed type: Comprehension[\Any,String,String,AnyMaybe\] The static argument Any does not satisfy the corresponding bound Object.
bound-Object	-	-	component FortressLibrary	wellformed2	FortressLibrary.fss:2990	Ill-formed type: Comprehension[\Any,String,String,String\] The static argument Any does not satisfy the corresponding bound Object.
bound-Object	-	-	component FortressLibrary	wellformed2	FortressLibrary.fss:2990	Ill-formed type: Comprehension[\T,(Number, Number),(Number, Number),(Number, Number)\] The static argument (Number, Number) does not satisfy the corresponding b [...]
bound-Object	-	-	component FortressLibrary	wellformed2	FortressLibrary.fss:986	Ill-formed type: Reduction[\()\] The static argument () does not satisfy the corresponding bound Object.
bound-Object	-	-	component List	wellformed1+wellformed2	List.fss:121	Ill-formed type: Maybe[\(E, List.List[\E\])\] The static argument (E, List.List[\E\]) does not satisfy the corresponding bound Object.
bound-Object	-	-	component List	wellformed1+wellformed2	List.fss:122	Ill-formed type: Maybe[\(List.List[\E\], E)\] The static argument (List.List[\E\], E) does not satisfy the corresponding bound Object.
bound-Object	-	-	component List	wellformed1+wellformed2	List.fss:263	Ill-formed type: Maybe[\(E, ArrayList[\E\])\] The static argument (E, ArrayList[\E\]) does not satisfy the corresponding bound Object.
bound-Object	-	-	component List	wellformed1+wellformed2	List.fss:269	Ill-formed type: Maybe[\(ArrayList[\E\], E)\] The static argument (ArrayList[\E\], E) does not satisfy the corresponding bound Object.
bound-Object	-	-	component List	wellformed1+wellformed2	List.fss:277	Ill-formed type: Generator[\(ZZ32, E)\] The static argument (ZZ32, E) does not satisfy the corresponding bound Object.
bound-Object	-	-	component List	wellformed1+wellformed2	List.fss:498	Ill-formed type: List.List[\(E, F)\] The static argument (E, F) does not satisfy the corresponding bound Object.
bound-Object	-	-	component List	wellformed2	FortressLibrary.fsi:1137	Ill-formed type: Indexed[\(ZZ32, E),ZZ32\] The static argument (ZZ32, E) does not satisfy the corresponding bound Object.
bound-Object	-	-	component List	wellformed2	FortressLibrary.fsi:12	Ill-formed type: Just[\(E, ArrayList[\E\])\] The static argument (E, ArrayList[\E\]) does not satisfy the corresponding bound Object.
bound-Object	-	-	component List	wellformed2	FortressLibrary.fsi:12	Ill-formed type: Nothing[\(E, ArrayList[\E\])\] The static argument (E, ArrayList[\E\]) does not satisfy the corresponding bound Object.
bound-Object	-	-	component List	wellformed2	List.fss:251	Ill-formed type: Just[\(E, ArrayList[\E\])\] The static argument (E, ArrayList[\E\]) does not satisfy the corresponding bound Object.
bound-Object	-	-	component List	wellformed2	List.fss:251	Ill-formed type: Nothing[\(E, ArrayList[\E\])\] The static argument (E, ArrayList[\E\]) does not satisfy the corresponding bound Object.
bound-Object	-	-	component RangeInternals	wellformed1+wellformed2	RangeInternals.fss:1092	Ill-formed type: CompactFullRange[\(I, J)\] The static argument (I, J) does not satisfy the corresponding bound Object.
bound-Object	-	-	component RangeInternals	wellformed1+wellformed2	RangeInternals.fss:1097	Ill-formed type: Generator[\(I, J)\] The static argument (I, J) does not satisfy the corresponding bound Object.
bound-Object	-	-	component RangeInternals	wellformed1+wellformed2	RangeInternals.fss:1099	Ill-formed type: Generator[\((I, J), (I, J))\] The static argument ((I, J), (I, J)) does not satisfy the corresponding bound Object.
bound-Object	-	-	component RangeInternals	wellformed1+wellformed2	RangeInternals.fss:1102	Ill-formed type: Just[\(I, J)\] The static argument (I, J) does not satisfy the corresponding bound Object.
bound-Object	-	-	component RangeInternals	wellformed1+wellformed2	RangeInternals.fss:1103	Ill-formed type: Just[\(I, J)\] The static argument (I, J) does not satisfy the corresponding bound Object.
bound-Object	-	-	component RangeInternals	wellformed1+wellformed2	RangeInternals.fss:1125	Ill-formed type: CompactFullRange[\(I, J, K)\] The static argument (I, J, K) does not satisfy the corresponding bound Object.
bound-Object	-	-	component RangeInternals	wellformed1+wellformed2	RangeInternals.fss:1130	Ill-formed type: Generator[\(I, J, K)\] The static argument (I, J, K) does not satisfy the corresponding bound Object.
bound-Object	-	-	component RangeInternals	wellformed1+wellformed2	RangeInternals.fss:1132	Ill-formed type: Generator[\((I, J, K), (I, J, K))\] The static argument ((I, J, K), (I, J, K)) does not satisfy the corresponding bound Object.
bound-Object	-	-	component RangeInternals	wellformed1+wellformed2	RangeInternals.fss:1135	Ill-formed type: Just[\(I, J, K)\] The static argument (I, J, K) does not satisfy the corresponding bound Object.
bound-Object	-	-	component RangeInternals	wellformed1+wellformed2	RangeInternals.fss:1136	Ill-formed type: Just[\(I, J, K)\] The static argument (I, J, K) does not satisfy the corresponding bound Object.
bound-Object	-	-	component RangeInternals	wellformed1+wellformed2	RangeInternals.fss:1165	Ill-formed type: Indexed[\(I, I),I\] The static argument (I, I) does not satisfy the corresponding bound Object.
bound-Object	-	-	component RangeInternals	wellformed1+wellformed2	RangeInternals.fss:1335	Ill-formed type: StridedFullRange[\(I, J)\] The static argument (I, J) does not satisfy the corresponding bound Object.
bound-Object	-	-	component RangeInternals	wellformed1+wellformed2	RangeInternals.fss:1338	Ill-formed type: Generator[\(I, J)\] The static argument (I, J) does not satisfy the corresponding bound Object.
bound-Object	-	-	component RangeInternals	wellformed1+wellformed2	RangeInternals.fss:1340	Ill-formed type: Generator[\((I, J), (I, J))\] The static argument ((I, J), (I, J)) does not satisfy the corresponding bound Object.
bound-Object	-	-	component RangeInternals	wellformed1+wellformed2	RangeInternals.fss:1343	Ill-formed type: Just[\(I, J)\] The static argument (I, J) does not satisfy the corresponding bound Object.
bound-Object	-	-	component RangeInternals	wellformed1+wellformed2	RangeInternals.fss:1344	Ill-formed type: Just[\(I, J)\] The static argument (I, J) does not satisfy the corresponding bound Object.
bound-Object	-	-	component RangeInternals	wellformed1+wellformed2	RangeInternals.fss:1370	Ill-formed type: StridedFullRange[\(I, J, K)\] The static argument (I, J, K) does not satisfy the corresponding bound Object.
bound-Object	-	-	component RangeInternals	wellformed1+wellformed2	RangeInternals.fss:1374	Ill-formed type: Generator[\(I, J, K)\] The static argument (I, J, K) does not satisfy the corresponding bound Object.
bound-Object	-	-	component RangeInternals	wellformed1+wellformed2	RangeInternals.fss:1377	Ill-formed type: Generator[\((I, J, K), (I, J, K))\] The static argument ((I, J, K), (I, J, K)) does not satisfy the corresponding bound Object.
bound-Object	-	-	component RangeInternals	wellformed1+wellformed2	RangeInternals.fss:1381	Ill-formed type: Just[\(I, J, K)\] The static argument (I, J, K) does not satisfy the corresponding bound Object.
bound-Object	-	-	component RangeInternals	wellformed1+wellformed2	RangeInternals.fss:1382	Ill-formed type: Just[\(I, J, K)\] The static argument (I, J, K) does not satisfy the corresponding bound Object.
bound-Object	-	-	component RangeInternals	wellformed1+wellformed2	RangeInternals.fss:1443	Ill-formed type: LeftRange[\(I, J)\] The static argument (I, J) does not satisfy the corresponding bound Object.
bound-Object	-	-	component RangeInternals	wellformed1+wellformed2	RangeInternals.fss:1445	Ill-formed type: LeftRange[\(I, J, K)\] The static argument (I, J, K) does not satisfy the corresponding bound Object.
bound-Object	-	-	component RangeInternals	wellformed1+wellformed2	RangeInternals.fss:1456	Ill-formed type: ExtentRange[\(I, J)\] The static argument (I, J) does not satisfy the corresponding bound Object.
bound-Object	-	-	component RangeInternals	wellformed1+wellformed2	RangeInternals.fss:1465	Ill-formed type: ExtentRange[\(I, J, K)\] The static argument (I, J, K) does not satisfy the corresponding bound Object.
bound-Object	-	-	component RangeInternals	wellformed1+wellformed2	RangeInternals.fss:1477	Ill-formed type: RightRange[\(I, J)\] The static argument (I, J) does not satisfy the corresponding bound Object.
bound-Object	-	-	component RangeInternals	wellformed1+wellformed2	RangeInternals.fss:1479	Ill-formed type: RightRange[\(I, J, K)\] The static argument (I, J, K) does not satisfy the corresponding bound Object.
bound-Object	-	-	component RangeInternals	wellformed1+wellformed2	RangeInternals.fss:1491	Ill-formed type: OpenRange[\(I, J)\] The static argument (I, J) does not satisfy the corresponding bound Object.
bound-Object	-	-	component RangeInternals	wellformed1+wellformed2	RangeInternals.fss:1493	Ill-formed type: OpenRange[\(I, J, K)\] The static argument (I, J, K) does not satisfy the corresponding bound Object.
bound-Object	-	-	component RangeInternals	wellformed1+wellformed2	RangeInternals.fss:170	Ill-formed type: Range[\(I, J)\] The static argument (I, J) does not satisfy the corresponding bound Object.
bound-Object	-	-	component RangeInternals	wellformed1+wellformed2	RangeInternals.fss:179	Ill-formed type: RangeWithLeft[\(I, J)\] The static argument (I, J) does not satisfy the corresponding bound Object.
bound-Object	-	-	component RangeInternals	wellformed1+wellformed2	RangeInternals.fss:181	Ill-formed type: RangeWithRight[\(I, J)\] The static argument (I, J) does not satisfy the corresponding bound Object.
bound-Object	-	-	component RangeInternals	wellformed1+wellformed2	RangeInternals.fss:183	Ill-formed type: Range[\(I, J)\] The static argument (I, J) does not satisfy the corresponding bound Object.
bound-Object	-	-	component RangeInternals	wellformed1+wellformed2	RangeInternals.fss:185	Ill-formed type: Range[\(I, J)\] The static argument (I, J) does not satisfy the corresponding bound Object.
bound-Object	-	-	component RangeInternals	wellformed1+wellformed2	RangeInternals.fss:192	Ill-formed type: Maybe[\(I, J)\] The static argument (I, J) does not satisfy the corresponding bound Object.
bound-Object	-	-	component RangeInternals	wellformed1+wellformed2	RangeInternals.fss:230	Ill-formed type: Range[\(I, J, K)\] The static argument (I, J, K) does not satisfy the corresponding bound Object.
bound-Object	-	-	component RangeInternals	wellformed1+wellformed2	RangeInternals.fss:242	Ill-formed type: RangeWithLeft[\(I, J, K)\] The static argument (I, J, K) does not satisfy the corresponding bound Object.
bound-Object	-	-	component RangeInternals	wellformed1+wellformed2	RangeInternals.fss:244	Ill-formed type: RangeWithRight[\(I, J, K)\] The static argument (I, J, K) does not satisfy the corresponding bound Object.
bound-Object	-	-	component RangeInternals	wellformed1+wellformed2	RangeInternals.fss:246	Ill-formed type: Range[\(I, J, K)\] The static argument (I, J, K) does not satisfy the corresponding bound Object.
bound-Object	-	-	component RangeInternals	wellformed1+wellformed2	RangeInternals.fss:248	Ill-formed type: Range[\(I, J, K)\] The static argument (I, J, K) does not satisfy the corresponding bound Object.
bound-Object	-	-	component RangeInternals	wellformed1+wellformed2	RangeInternals.fss:256	Ill-formed type: Maybe[\(I, J, K)\] The static argument (I, J, K) does not satisfy the corresponding bound Object.
bound-Object	-	-	component RangeInternals	wellformed1+wellformed2	RangeInternals.fss:337	Ill-formed type: OpenRange[\(I, J)\] The static argument (I, J) does not satisfy the corresponding bound Object.
bound-Object	-	-	component RangeInternals	wellformed1+wellformed2	RangeInternals.fss:354	Ill-formed type: OpenRange[\(I, J, K)\] The static argument (I, J, K) does not satisfy the corresponding bound Object.
bound-Object	-	-	component RangeInternals	wellformed1+wellformed2	RangeInternals.fss:467	Ill-formed type: ExtentRange[\(I, J)\] The static argument (I, J) does not satisfy the corresponding bound Object.
bound-Object	-	-	component RangeInternals	wellformed1+wellformed2	RangeInternals.fss:471	Ill-formed type: Just[\(I, J)\] The static argument (I, J) does not satisfy the corresponding bound Object.
bound-Object	-	-	component RangeInternals	wellformed1+wellformed2	RangeInternals.fss:491	Ill-formed type: ExtentRange[\(I, J, K)\] The static argument (I, J, K) does not satisfy the corresponding bound Object.
bound-Object	-	-	component RangeInternals	wellformed1+wellformed2	RangeInternals.fss:495	Ill-formed type: Just[\(I, J, K)\] The static argument (I, J, K) does not satisfy the corresponding bound Object.
bound-Object	-	-	component RangeInternals	wellformed1+wellformed2	RangeInternals.fss:618	Ill-formed type: LeftRange[\(I, J)\] The static argument (I, J) does not satisfy the corresponding bound Object.
bound-Object	-	-	component RangeInternals	wellformed1+wellformed2	RangeInternals.fss:622	Ill-formed type: Just[\(I, J)\] The static argument (I, J) does not satisfy the corresponding bound Object.
bound-Object	-	-	component RangeInternals	wellformed1+wellformed2	RangeInternals.fss:627	Ill-formed type: BoundedRange[\(I, J)\] The static argument (I, J) does not satisfy the corresponding bound Object.
bound-Object	-	-	component RangeInternals	wellformed1+wellformed2	RangeInternals.fss:647	Ill-formed type: LeftRange[\(I, J, K)\] The static argument (I, J, K) does not satisfy the corresponding bound Object.
bound-Object	-	-	component RangeInternals	wellformed1+wellformed2	RangeInternals.fss:651	Ill-formed type: Just[\(I, J, K)\] The static argument (I, J, K) does not satisfy the corresponding bound Object.
bound-Object	-	-	component RangeInternals	wellformed1+wellformed2	RangeInternals.fss:657	Ill-formed type: BoundedRange[\(I, J, K)\] The static argument (I, J, K) does not satisfy the corresponding bound Object.
bound-Object	-	-	component RangeInternals	wellformed1+wellformed2	RangeInternals.fss:738	Ill-formed type: RightRange[\(I, J)\] The static argument (I, J) does not satisfy the corresponding bound Object.
bound-Object	-	-	component RangeInternals	wellformed1+wellformed2	RangeInternals.fss:742	Ill-formed type: Just[\(I, J)\] The static argument (I, J) does not satisfy the corresponding bound Object.
bound-Object	-	-	component RangeInternals	wellformed1+wellformed2	RangeInternals.fss:747	Ill-formed type: BoundedRange[\(I, J)\] The static argument (I, J) does not satisfy the corresponding bound Object.
bound-Object	-	-	component RangeInternals	wellformed1+wellformed2	RangeInternals.fss:767	Ill-formed type: RightRange[\(I, J, K)\] The static argument (I, J, K) does not satisfy the corresponding bound Object.
bound-Object	-	-	component RangeInternals	wellformed1+wellformed2	RangeInternals.fss:771	Ill-formed type: Just[\(I, J, K)\] The static argument (I, J, K) does not satisfy the corresponding bound Object.
bound-Object	-	-	component RangeInternals	wellformed1+wellformed2	RangeInternals.fss:777	Ill-formed type: BoundedRange[\(I, J, K)\] The static argument (I, J, K) does not satisfy the corresponding bound Object.
bound-Object	-	-	component RangeInternals	wellformed1+wellformed2	RangeInternals.fss:897	Ill-formed type: DelegatedIndexed[\(I, J),(I, J)\] The static argument (I, J) does not satisfy the corresponding bound Object.
bound-Object	-	-	component RangeInternals	wellformed1+wellformed2	RangeInternals.fss:897	Ill-formed type: FullRange[\(I, J)\] The static argument (I, J) does not satisfy the corresponding bound Object.
bound-Object	-	-	component RangeInternals	wellformed1+wellformed2	RangeInternals.fss:899	Ill-formed type: Just[\(I, J)\] The static argument (I, J) does not satisfy the corresponding bound Object.
bound-Object	-	-	component RangeInternals	wellformed1+wellformed2	RangeInternals.fss:900	Ill-formed type: Generator[\(I, J)\] The static argument (I, J) does not satisfy the corresponding bound Object.
bound-Object	-	-	component RangeInternals	wellformed1+wellformed2	RangeInternals.fss:901	Ill-formed type: Generator[\(I, J)\] The static argument (I, J) does not satisfy the corresponding bound Object.
bound-Object	-	-	component RangeInternals	wellformed1+wellformed2	RangeInternals.fss:910	Ill-formed type: Range[\(I, J)\] The static argument (I, J) does not satisfy the corresponding bound Object.
bound-Object	-	-	component RangeInternals	wellformed1+wellformed2	RangeInternals.fss:919	Ill-formed type: Maybe[\(I, J)\] The static argument (I, J) does not satisfy the corresponding bound Object.
bound-Object	-	-	component RangeInternals	wellformed1+wellformed2	RangeInternals.fss:937	Ill-formed type: DelegatedIndexed[\(I, J, K),(I, J, K)\] The static argument (I, J, K) does not satisfy the corresponding bound Object.
bound-Object	-	-	component RangeInternals	wellformed1+wellformed2	RangeInternals.fss:937	Ill-formed type: FullRange[\(I, J, K)\] The static argument (I, J, K) does not satisfy the corresponding bound Object.
bound-Object	-	-	component RangeInternals	wellformed1+wellformed2	RangeInternals.fss:940	Ill-formed type: Just[\(I, J, K)\] The static argument (I, J, K) does not satisfy the corresponding bound Object.
bound-Object	-	-	component RangeInternals	wellformed1+wellformed2	RangeInternals.fss:942	Ill-formed type: Generator[\(I, J, K)\] The static argument (I, J, K) does not satisfy the corresponding bound Object.
bound-Object	-	-	component RangeInternals	wellformed1+wellformed2	RangeInternals.fss:945	Ill-formed type: Generator[\(I, J)\] The static argument (I, J) does not satisfy the corresponding bound Object.
bound-Object	-	-	component RangeInternals	wellformed1+wellformed2	RangeInternals.fss:957	Ill-formed type: Range[\(I, J, K)\] The static argument (I, J, K) does not satisfy the corresponding bound Object.
bound-Object	-	-	component RangeInternals	wellformed1+wellformed2	RangeInternals.fss:966	Ill-formed type: Maybe[\(I, J, K)\] The static argument (I, J, K) does not satisfy the corresponding bound Object.
bound-Object	-	-	component RangeInternals	wellformed1+wellformed2	RangeInternals.fss:993	Ill-formed type: Indexed[\(I, I),I\] The static argument (I, I) does not satisfy the corresponding bound Object.
bound-Object	-	-	component RangeInternals	wellformed2	?	Type checker generated.:0:0: Ill-formed type: Just[\(I, J)\] The static argument (I, J) does not satisfy the corresponding bound Object.
bound-Object	-	-	component RangeInternals	wellformed2	?	Type checker generated.:0:0: Ill-formed type: Just[\(I, J, K)\] The static argument (I, J, K) does not satisfy the corresponding bound Object.
bound-Object	-	-	component RangeInternals	wellformed2	?	Type checker generated.:0:0: Ill-formed type: Nothing[\(I, J)\] The static argument (I, J) does not satisfy the corresponding bound Object.
bound-Object	-	-	component RangeInternals	wellformed2	?	Type checker generated.:0:0: Ill-formed type: Nothing[\(I, J, K)\] The static argument (I, J, K) does not satisfy the corresponding bound Object.
bound-Object	-	-	component RangeInternals	wellformed2	FortressLibrary.fsi:12	Ill-formed type: Just[\(I, J)\] The static argument (I, J) does not satisfy the corresponding bound Object.
bound-Object	-	-	component RangeInternals	wellformed2	FortressLibrary.fsi:12	Ill-formed type: Just[\(I, J, K)\] The static argument (I, J, K) does not satisfy the corresponding bound Object.
bound-Object	-	-	component RangeInternals	wellformed2	FortressLibrary.fsi:12	Ill-formed type: Nothing[\(I, J)\] The static argument (I, J) does not satisfy the corresponding bound Object.
bound-Object	-	-	component RangeInternals	wellformed2	FortressLibrary.fsi:12	Ill-formed type: Nothing[\(I, J, K)\] The static argument (I, J, K) does not satisfy the corresponding bound Object.
bound-Object	-	-	component RangeInternals	wellformed2	FortressLibrary.fsi:682	Ill-formed type: Generator[\(I, J)\] The static argument (I, J) does not satisfy the corresponding bound Object.
bound-Object	-	-	component RangeInternals	wellformed2	RangeInternals.fss:213	Ill-formed type: Just[\(I, J)\] The static argument (I, J) does not satisfy the corresponding bound Object.
bound-Object	-	-	component RangeInternals	wellformed2	RangeInternals.fss:213	Ill-formed type: Nothing[\(I, J)\] The static argument (I, J) does not satisfy the corresponding bound Object.
bound-Object	-	-	component RangeInternals	wellformed2	RangeInternals.fss:282	Ill-formed type: Just[\(I, J, K)\] The static argument (I, J, K) does not satisfy the corresponding bound Object.
bound-Object	-	-	component RangeInternals	wellformed2	RangeInternals.fss:282	Ill-formed type: Nothing[\(I, J, K)\] The static argument (I, J, K) does not satisfy the corresponding bound Object.
bound-Object	-	-	component Stream	wellformed1+wellformed2	Stream.fss:55	Ill-formed type: Generator[\Any\] The static argument Any does not satisfy the corresponding bound Object.
bound-Object	-	-	component Stream	wellformed1+wellformed2	Stream.fss:56	Ill-formed type: Generator[\Any\] The static argument Any does not satisfy the corresponding bound Object.
bound-Object	-	-	component String	wellformed1+wellformed2	String.fss:156	Ill-formed type: Generator[\(ZZ32, String)\] The static argument (ZZ32, String) does not satisfy the corresponding bound Object.
bound-Object	-	-	component String	wellformed1+wellformed2	String.fss:317	Ill-formed type: Generator[\(ZZ32, String)\] The static argument (ZZ32, String) does not satisfy the corresponding bound Object.
bound-Object	-	-	component String	wellformed1+wellformed2	String.fss:318	Ill-formed type: Generator[\(ZZ32, String)\] The static argument (ZZ32, String) does not satisfy the corresponding bound Object.
bound-Object	-	-	component String	wellformed1+wellformed2	String.fss:445	Ill-formed type: Generator[\(ZZ32, String)\] The static argument (ZZ32, String) does not satisfy the corresponding bound Object.
bound-Object	-	-	component String	wellformed1+wellformed2	String.fss:459	Ill-formed type: Generator[\(ZZ32, String)\] The static argument (ZZ32, String) does not satisfy the corresponding bound Object.
comprises	-	-	api FortressLibrary	acyclic	FortressLibrary.fsi:409	Invalid comprises clause: a trait with a comprises ..., such as FortressLibrary.QQ, should not be extended.
comprises	-	-	api FortressLibrary	acyclic	FortressLibrary.fsi:412	Invalid comprises clause: FortressLibrary.AnyIntegral has a comprises clause but its immediate subtype Integral is not eligible to extend it.
comprises	-	-	component FortressLibrary	acyclic	FortressLibrary.fss:615	Invalid comprises clause: FortressLibrary.AnyIntegral has a comprises clause but its immediate subtype Integral is not eligible to extend it.
exclusion	-	-	api FortressBuiltin	acyclic	FortressBuiltin.fsi:110	Type UnsignedLong excludes FortressLibrary.NN64 but it extends FortressLibrary.NN64.
exclusion	-	-	api FortressBuiltin	acyclic	FortressBuiltin.fsi:113	Type IntLiteral excludes FortressLibrary.ZZ32 but it extends FortressLibrary.ZZ32.
exclusion	-	-	api FortressBuiltin	acyclic	FortressBuiltin.fsi:145	Type BigNum excludes FortressLibrary.ZZ but it extends FortressLibrary.ZZ.
exclusion	-	-	api FortressBuiltin	acyclic	FortressBuiltin.fsi:76	Type Int excludes FortressLibrary.ZZ32 but it extends FortressLibrary.ZZ32.
exclusion	-	-	api FortressBuiltin	acyclic	FortressBuiltin.fsi:79	Type Long excludes FortressLibrary.ZZ64 but it extends FortressLibrary.ZZ64.
exclusion	-	-	api FortressBuiltin	acyclic	FortressBuiltin.fsi:82	Type NN32 excludes FortressLibrary.NN64 but it extends FortressLibrary.NN64.
exclusion	-	-	api FortressBuiltin	acyclic	FortressBuiltin.fsi:82	Type NN32 excludes FortressLibrary.StandardTotalOrder but it extends FortressLibrary.StandardTotalOrder.
exclusion	-	-	api FortressBuiltin	acyclic	FortressBuiltin.fsi:82	Types NN64 and StandardTotalOrder[\NN32\] exclude each other. NN32 must not extend them.
exclusion	-	-	api FortressBuiltin	acyclic	FortressBuiltin.fsi:82	Types StandardTotalOrder[\NN32\] and NN64 exclude each other. NN32 must not extend them.
exclusion	-	-	api FortressLibrary	acyclic	FortressLibrary.fsi:121	Type TotalComparison excludes FortressLibrary.Comparison but it extends FortressLibrary.Comparison.
exclusion	-	-	api FortressLibrary	acyclic	FortressLibrary.fsi:121	Type TotalComparison excludes FortressLibrary.StandardTotalOrder but it extends FortressLibrary.StandardTotalOrder.
exclusion	-	-	api FortressLibrary	acyclic	FortressLibrary.fsi:121	Types Comparison and StandardTotalOrder[\TotalComparison\] exclude each other. TotalComparison must not extend them.
exclusion	-	-	api FortressLibrary	acyclic	FortressLibrary.fsi:121	Types StandardTotalOrder[\TotalComparison\] and Comparison exclude each other. TotalComparison must not extend them.
exclusion	-	-	api FortressLibrary	acyclic	FortressLibrary.fsi:132	Type LessThan excludes FortressLibrary.TotalComparison but it extends FortressLibrary.TotalComparison.
exclusion	-	-	api FortressLibrary	acyclic	FortressLibrary.fsi:143	Type GreaterThan excludes FortressLibrary.TotalComparison but it extends FortressLibrary.TotalComparison.
exclusion	-	-	api FortressLibrary	acyclic	FortressLibrary.fsi:153	Type EqualTo excludes FortressLibrary.TotalComparison but it extends FortressLibrary.TotalComparison.
exclusion	-	-	api FortressLibrary	acyclic	FortressLibrary.fsi:1825	Type SumReduction excludes FortressLibrary.DistributesOver but it extends FortressLibrary.DistributesOver.
exclusion	-	-	api FortressLibrary	acyclic	FortressLibrary.fsi:1825	Types DistributesOver[\MaxReductionN\] and DistributesOver[\MinReductionN\] exclude each other. SumReduction must not extend them.
exclusion	-	-	api FortressLibrary	acyclic	FortressLibrary.fsi:1826	Type SumReduction excludes FortressLibrary.DistributesOver but it extends FortressLibrary.DistributesOver.
exclusion	-	-	api FortressLibrary	acyclic	FortressLibrary.fsi:1826	Types DistributesOver[\MinReductionN\] and DistributesOver[\MaxReductionN\] exclude each other. SumReduction must not extend them.
exclusion	-	-	api FortressLibrary	acyclic	FortressLibrary.fsi:1836	Type ProdReduction excludes FortressLibrary.DistributesOver but it extends FortressLibrary.DistributesOver.
exclusion	-	-	api FortressLibrary	acyclic	FortressLibrary.fsi:1836	Types DistributesOver[\SumReduction\] and DistributesOver[\MaxReductionN\] exclude each other. ProdReduction must not extend them.
exclusion	-	-	api FortressLibrary	acyclic	FortressLibrary.fsi:1836	Types DistributesOver[\SumReduction\] and DistributesOver[\MinReductionN\] exclude each other. ProdReduction must not extend them.
exclusion	-	-	api FortressLibrary	acyclic	FortressLibrary.fsi:1837	Type ProdReduction excludes FortressLibrary.DistributesOver but it extends FortressLibrary.DistributesOver.
exclusion	-	-	api FortressLibrary	acyclic	FortressLibrary.fsi:1837	Types DistributesOver[\MinReductionN\] and DistributesOver[\MaxReductionN\] exclude each other. ProdReduction must not extend them.
exclusion	-	-	api FortressLibrary	acyclic	FortressLibrary.fsi:1837	Types DistributesOver[\MinReductionN\] and DistributesOver[\SumReduction\] exclude each other. ProdReduction must not extend them.
exclusion	-	-	api FortressLibrary	acyclic	FortressLibrary.fsi:1838	Type ProdReduction excludes FortressLibrary.DistributesOver but it extends FortressLibrary.DistributesOver.
exclusion	-	-	api FortressLibrary	acyclic	FortressLibrary.fsi:1838	Types DistributesOver[\MaxReductionN\] and DistributesOver[\MinReductionN\] exclude each other. ProdReduction must not extend them.
exclusion	-	-	api FortressLibrary	acyclic	FortressLibrary.fsi:1838	Types DistributesOver[\MaxReductionN\] and DistributesOver[\SumReduction\] exclude each other. ProdReduction must not extend them.
exclusion	-	-	api FortressLibrary	acyclic	FortressLibrary.fsi:2530	Type RelationalPredicateCondition[\E\] excludes FortressLibrary.Condition but it extends FortressLibrary.Condition.
exclusion	-	-	api FortressLibrary	acyclic	FortressLibrary.fsi:373	Type QQ excludes FortressLibrary.RR64 but it extends FortressLibrary.RR64.
exclusion	-	-	api FortressLibrary	acyclic	FortressLibrary.fsi:373	Type QQ excludes FortressLibrary.StandardPartialOrder but it extends FortressLibrary.StandardPartialOrder.
exclusion	-	-	api FortressLibrary	acyclic	FortressLibrary.fsi:373	Types RR64 and StandardPartialOrder[\QQ\] exclude each other. QQ must not extend them.
exclusion	-	-	api FortressLibrary	acyclic	FortressLibrary.fsi:373	Types StandardPartialOrder[\QQ\] and RR64 exclude each other. QQ must not extend them.
exclusion	-	-	api FortressLibrary	acyclic	FortressLibrary.fsi:409	Type AnyIntegral excludes FortressLibrary.QQ but it extends FortressLibrary.QQ.
exclusion	-	-	api FortressLibrary	acyclic	FortressLibrary.fsi:412	Type Integral[\I\] excludes FortressLibrary.AnyIntegral but it extends FortressLibrary.AnyIntegral.
exclusion	-	-	api FortressLibrary	acyclic	FortressLibrary.fsi:412	Type Integral[\I\] excludes FortressLibrary.StandardTotalOrder but it extends FortressLibrary.StandardTotalOrder.
exclusion	-	-	api FortressLibrary	acyclic	FortressLibrary.fsi:412	Types AnyIntegral and StandardTotalOrder[\I\] exclude each other. Integral must not extend them.
exclusion	-	-	api FortressLibrary	acyclic	FortressLibrary.fsi:412	Types StandardTotalOrder[\I\] and AnyIntegral exclude each other. Integral must not extend them.
exclusion	-	-	api FortressLibrary	acyclic	FortressLibrary.fsi:438	Type NN64 excludes FortressLibrary.Integral but it extends FortressLibrary.Integral.
exclusion	-	-	api FortressLibrary	acyclic	FortressLibrary.fsi:438	Type NN64 excludes FortressLibrary.ZZ but it extends FortressLibrary.ZZ.
exclusion	-	-	api FortressLibrary	acyclic	FortressLibrary.fsi:438	Types Integral[\NN64\] and ZZ exclude each other. NN64 must not extend them.
exclusion	-	-	api FortressLibrary	acyclic	FortressLibrary.fsi:438	Types ZZ and Integral[\NN64\] exclude each other. NN64 must not extend them.
exclusion	-	-	api FortressLibrary	acyclic	FortressLibrary.fsi:465	Type ZZ32 excludes FortressLibrary.Integral but it extends FortressLibrary.Integral.
exclusion	-	-	api FortressLibrary	acyclic	FortressLibrary.fsi:465	Type ZZ32 excludes FortressLibrary.ZZ64 but it extends FortressLibrary.ZZ64.
exclusion	-	-	api FortressLibrary	acyclic	FortressLibrary.fsi:465	Types Integral[\ZZ32\] and ZZ64 exclude each other. ZZ32 must not extend them.
exclusion	-	-	api FortressLibrary	acyclic	FortressLibrary.fsi:465	Types ZZ64 and Integral[\ZZ32\] exclude each other. ZZ32 must not extend them.
exclusion	-	-	api FortressLibrary	acyclic	FortressLibrary.fsi:499	Type ZZ64 excludes FortressLibrary.Integral but it extends FortressLibrary.Integral.
exclusion	-	-	api FortressLibrary	acyclic	FortressLibrary.fsi:499	Type ZZ64 excludes FortressLibrary.ZZ but it extends FortressLibrary.ZZ.
exclusion	-	-	api FortressLibrary	acyclic	FortressLibrary.fsi:499	Types Integral[\ZZ64\] and ZZ exclude each other. ZZ64 must not extend them.
exclusion	-	-	api FortressLibrary	acyclic	FortressLibrary.fsi:499	Types ZZ and Integral[\ZZ64\] exclude each other. ZZ64 must not extend them.
exclusion	-	-	api FortressLibrary	acyclic	FortressLibrary.fsi:537	Type ZZ excludes FortressLibrary.Integral but it extends FortressLibrary.Integral.
exclusion	-	-	api FortressLibrary	acyclic	FortressLibrary.fsi:818	Type AnyMaybe excludes FortressLibrary.AnyUniqueItem but it extends FortressLibrary.AnyUniqueItem.
exclusion	-	-	api FortressLibrary	acyclic	FortressLibrary.fsi:818	Type AnyMaybe excludes FortressLibrary.Equality but it extends FortressLibrary.Equality.
exclusion	-	-	api FortressLibrary	acyclic	FortressLibrary.fsi:818	Types AnyUniqueItem and Equality[\AnyMaybe\] exclude each other. AnyMaybe must not extend them.
exclusion	-	-	api FortressLibrary	acyclic	FortressLibrary.fsi:818	Types Equality[\AnyMaybe\] and AnyUniqueItem exclude each other. AnyMaybe must not extend them.
exclusion	-	-	api FortressLibrary	acyclic	FortressLibrary.fsi:835	Type Maybe[\T\] excludes FortressLibrary.AnyMaybe but it extends FortressLibrary.AnyMaybe.
exclusion	-	-	api FortressLibrary	acyclic	FortressLibrary.fsi:835	Type Maybe[\T\] excludes FortressLibrary.UniqueItem but it extends FortressLibrary.UniqueItem.
exclusion	-	-	api FortressLibrary	acyclic	FortressLibrary.fsi:835	Types AnyMaybe and UniqueItem[\T\] exclude each other. Maybe must not extend them.
exclusion	-	-	api FortressLibrary	acyclic	FortressLibrary.fsi:835	Types UniqueItem[\T\] and AnyMaybe exclude each other. Maybe must not extend them.
exclusion	-	-	api FortressLibrary	acyclic	FortressLibrary.fsi:840	Type Just[\T\] excludes FortressLibrary.Maybe but it extends FortressLibrary.Maybe.
exclusion	-	-	api FortressLibrary	acyclic	FortressLibrary.fsi:864	Type Nothing[\T\] excludes FortressLibrary.Maybe but it extends FortressLibrary.Maybe.
exclusion	-	-	component FortressBuiltin	acyclic	FortressBuiltin.fss:369	Type Int excludes FortressLibrary.ZZ32 but it extends FortressLibrary.ZZ32.
exclusion	-	-	component FortressBuiltin	acyclic	FortressBuiltin.fss:378	Type Long excludes FortressLibrary.ZZ64 but it extends FortressLibrary.ZZ64.
exclusion	-	-	component FortressBuiltin	acyclic	FortressBuiltin.fss:387	Type NN32 excludes FortressLibrary.NN64 but it extends FortressLibrary.NN64.
exclusion	-	-	component FortressBuiltin	acyclic	FortressBuiltin.fss:387	Type NN32 excludes FortressLibrary.StandardTotalOrder but it extends FortressLibrary.StandardTotalOrder.
exclusion	-	-	component FortressBuiltin	acyclic	FortressBuiltin.fss:387	Types NN64 and StandardTotalOrder[\NN32\] exclude each other. NN32 must not extend them.
exclusion	-	-	component FortressBuiltin	acyclic	FortressBuiltin.fss:387	Types StandardTotalOrder[\NN32\] and NN64 exclude each other. NN32 must not extend them.
exclusion	-	-	component FortressBuiltin	acyclic	FortressBuiltin.fss:450	Type UnsignedLong excludes FortressLibrary.NN64 but it extends FortressLibrary.NN64.
exclusion	-	-	component FortressBuiltin	acyclic	FortressBuiltin.fss:461	Type IntLiteral excludes FortressLibrary.ZZ32 but it extends FortressLibrary.ZZ32.
exclusion	-	-	component FortressBuiltin	acyclic	FortressBuiltin.fss:528	Type BigNum excludes FortressLibrary.ZZ but it extends FortressLibrary.ZZ.
exclusion	-	-	component FortressLibrary	acyclic	FortressLibrary.fss:1298	Type AnyMaybe excludes FortressLibrary.AnyUniqueItem but it extends FortressLibrary.AnyUniqueItem.
exclusion	-	-	component FortressLibrary	acyclic	FortressLibrary.fss:1298	Type AnyMaybe excludes FortressLibrary.Equality but it extends FortressLibrary.Equality.
exclusion	-	-	component FortressLibrary	acyclic	FortressLibrary.fss:1298	Types AnyUniqueItem and Equality[\AnyMaybe\] exclude each other. AnyMaybe must not extend them.
exclusion	-	-	component FortressLibrary	acyclic	FortressLibrary.fss:1298	Types Equality[\AnyMaybe\] and AnyUniqueItem exclude each other. AnyMaybe must not extend them.
exclusion	-	-	component FortressLibrary	acyclic	FortressLibrary.fss:1313	Type Maybe[\T\] excludes FortressLibrary.AnyMaybe but it extends FortressLibrary.AnyMaybe.
exclusion	-	-	component FortressLibrary	acyclic	FortressLibrary.fss:1313	Type Maybe[\T\] excludes FortressLibrary.UniqueItem but it extends FortressLibrary.UniqueItem.
exclusion	-	-	component FortressLibrary	acyclic	FortressLibrary.fss:1313	Types AnyMaybe and UniqueItem[\T\] exclude each other. Maybe must not extend them.
exclusion	-	-	component FortressLibrary	acyclic	FortressLibrary.fss:1313	Types UniqueItem[\T\] and AnyMaybe exclude each other. Maybe must not extend them.
exclusion	-	-	component FortressLibrary	acyclic	FortressLibrary.fss:1318	Type Just[\T\] excludes FortressLibrary.Maybe but it extends FortressLibrary.Maybe.
exclusion	-	-	component FortressLibrary	acyclic	FortressLibrary.fss:1348	Type Nothing[\T\] excludes FortressLibrary.Maybe but it extends FortressLibrary.Maybe.
exclusion	-	-	component FortressLibrary	acyclic	FortressLibrary.fss:159	Type TotalComparison excludes FortressLibrary.Comparison but it extends FortressLibrary.Comparison.
exclusion	-	-	component FortressLibrary	acyclic	FortressLibrary.fss:159	Type TotalComparison excludes FortressLibrary.StandardTotalOrder but it extends FortressLibrary.StandardTotalOrder.
exclusion	-	-	component FortressLibrary	acyclic	FortressLibrary.fss:159	Types Comparison and StandardTotalOrder[\TotalComparison\] exclude each other. TotalComparison must not extend them.
exclusion	-	-	component FortressLibrary	acyclic	FortressLibrary.fss:159	Types StandardTotalOrder[\TotalComparison\] and Comparison exclude each other. TotalComparison must not extend them.
exclusion	-	-	component FortressLibrary	acyclic	FortressLibrary.fss:175	Type LessThan excludes FortressLibrary.TotalComparison but it extends FortressLibrary.TotalComparison.
exclusion	-	-	component FortressLibrary	acyclic	FortressLibrary.fss:187	Type GreaterThan excludes FortressLibrary.TotalComparison but it extends FortressLibrary.TotalComparison.
exclusion	-	-	component FortressLibrary	acyclic	FortressLibrary.fss:198	Type EqualTo excludes FortressLibrary.TotalComparison but it extends FortressLibrary.TotalComparison.
exclusion	-	-	component FortressLibrary	acyclic	FortressLibrary.fss:3035	Type SumReduction excludes FortressLibrary.DistributesOver but it extends FortressLibrary.DistributesOver.
exclusion	-	-	component FortressLibrary	acyclic	FortressLibrary.fss:3035	Types DistributesOver[\MaxReductionN\] and DistributesOver[\MaxReduction[\Number\]\] exclude each other. SumReduction must not extend them.
exclusion	-	-	component FortressLibrary	acyclic	FortressLibrary.fss:3035	Types DistributesOver[\MaxReductionN\] and DistributesOver[\MinReductionN\] exclude each other. SumReduction must not extend them.
exclusion	-	-	component FortressLibrary	acyclic	FortressLibrary.fss:3036	Type SumReduction excludes FortressLibrary.DistributesOver but it extends FortressLibrary.DistributesOver.
exclusion	-	-	component FortressLibrary	acyclic	FortressLibrary.fss:3036	Types DistributesOver[\MinReductionN\] and DistributesOver[\MaxReductionN\] exclude each other. SumReduction must not extend them.
exclusion	-	-	component FortressLibrary	acyclic	FortressLibrary.fss:3036	Types DistributesOver[\MinReductionN\] and DistributesOver[\MaxReduction[\Number\]\] exclude each other. SumReduction must not extend them.
exclusion	-	-	component FortressLibrary	acyclic	FortressLibrary.fss:3037	Type SumReduction excludes FortressLibrary.DistributesOver but it extends FortressLibrary.DistributesOver.
exclusion	-	-	component FortressLibrary	acyclic	FortressLibrary.fss:3037	Types DistributesOver[\MaxReduction[\Number\]\] and DistributesOver[\MaxReductionN\] exclude each other. SumReduction must not extend them.
exclusion	-	-	component FortressLibrary	acyclic	FortressLibrary.fss:3037	Types DistributesOver[\MaxReduction[\Number\]\] and DistributesOver[\MinReductionN\] exclude each other. SumReduction must not extend them.
exclusion	-	-	component FortressLibrary	acyclic	FortressLibrary.fss:3038	Type SumReduction excludes FortressLibrary.DistributesOver but it extends FortressLibrary.DistributesOver.
exclusion	-	-	component FortressLibrary	acyclic	FortressLibrary.fss:3038	Types DistributesOver[\MaxReduction[\Number\]\] and DistributesOver[\MaxReductionN\] exclude each other. SumReduction must not extend them.
exclusion	-	-	component FortressLibrary	acyclic	FortressLibrary.fss:3038	Types DistributesOver[\MaxReduction[\Number\]\] and DistributesOver[\MinReductionN\] exclude each other. SumReduction must not extend them.
exclusion	-	-	component FortressLibrary	acyclic	FortressLibrary.fss:4453	Type RelationalPredicateCondition[\E\] excludes FortressLibrary.Condition but it extends FortressLibrary.Condition.
exclusion	-	-	component FortressLibrary	acyclic	FortressLibrary.fss:4470	Type ConcreteRelationalPredicateCondition[\E\] excludes FortressLibrary.RelationalPredicateCondition but it extends FortressLibrary.RelationalPredicateCondition [...]
exclusion	-	-	component FortressLibrary	acyclic	FortressLibrary.fss:4480	Type AndRelationalPredicateCondition[\E\] excludes FortressLibrary.RelationalPredicateCondition but it extends FortressLibrary.RelationalPredicateCondition.
exclusion	-	-	component FortressLibrary	acyclic	FortressLibrary.fss:524	Type QQ excludes FortressLibrary.RR64 but it extends FortressLibrary.RR64.
exclusion	-	-	component FortressLibrary	acyclic	FortressLibrary.fss:524	Type QQ excludes FortressLibrary.StandardPartialOrder but it extends FortressLibrary.StandardPartialOrder.
exclusion	-	-	component FortressLibrary	acyclic	FortressLibrary.fss:524	Types RR64 and StandardPartialOrder[\QQ\] exclude each other. QQ must not extend them.
exclusion	-	-	component FortressLibrary	acyclic	FortressLibrary.fss:524	Types StandardPartialOrder[\QQ\] and RR64 exclude each other. QQ must not extend them.
exclusion	-	-	component FortressLibrary	acyclic	FortressLibrary.fss:599	Type Ratio excludes FortressLibrary.QQ but it extends FortressLibrary.QQ.
exclusion	-	-	component FortressLibrary	acyclic	FortressLibrary.fss:612	Type AnyIntegral excludes FortressLibrary.QQ but it extends FortressLibrary.QQ.
exclusion	-	-	component FortressLibrary	acyclic	FortressLibrary.fss:615	Type Integral[\I\] excludes FortressLibrary.AnyIntegral but it extends FortressLibrary.AnyIntegral.
exclusion	-	-	component FortressLibrary	acyclic	FortressLibrary.fss:615	Type Integral[\I\] excludes FortressLibrary.StandardTotalOrder but it extends FortressLibrary.StandardTotalOrder.
exclusion	-	-	component FortressLibrary	acyclic	FortressLibrary.fss:615	Types AnyIntegral and StandardTotalOrder[\I\] exclude each other. Integral must not extend them.
exclusion	-	-	component FortressLibrary	acyclic	FortressLibrary.fss:615	Types StandardTotalOrder[\I\] and AnyIntegral exclude each other. Integral must not extend them.
exclusion	-	-	component FortressLibrary	acyclic	FortressLibrary.fss:646	Type ZZ32 excludes FortressLibrary.Integral but it extends FortressLibrary.Integral.
exclusion	-	-	component FortressLibrary	acyclic	FortressLibrary.fss:646	Type ZZ32 excludes FortressLibrary.ZZ64 but it extends FortressLibrary.ZZ64.
exclusion	-	-	component FortressLibrary	acyclic	FortressLibrary.fss:646	Types Integral[\ZZ32\] and ZZ64 exclude each other. ZZ32 must not extend them.
exclusion	-	-	component FortressLibrary	acyclic	FortressLibrary.fss:646	Types ZZ64 and Integral[\ZZ32\] exclude each other. ZZ32 must not extend them.
exclusion	-	-	component FortressLibrary	acyclic	FortressLibrary.fss:704	Type ZZ64 excludes FortressLibrary.Integral but it extends FortressLibrary.Integral.
exclusion	-	-	component FortressLibrary	acyclic	FortressLibrary.fss:704	Type ZZ64 excludes FortressLibrary.ZZ but it extends FortressLibrary.ZZ.
exclusion	-	-	component FortressLibrary	acyclic	FortressLibrary.fss:704	Types Integral[\ZZ64\] and ZZ exclude each other. ZZ64 must not extend them.
exclusion	-	-	component FortressLibrary	acyclic	FortressLibrary.fss:704	Types ZZ and Integral[\ZZ64\] exclude each other. ZZ64 must not extend them.
exclusion	-	-	component FortressLibrary	acyclic	FortressLibrary.fss:774	Type NN64 excludes FortressLibrary.Integral but it extends FortressLibrary.Integral.
exclusion	-	-	component FortressLibrary	acyclic	FortressLibrary.fss:774	Type NN64 excludes FortressLibrary.ZZ but it extends FortressLibrary.ZZ.
exclusion	-	-	component FortressLibrary	acyclic	FortressLibrary.fss:774	Types Integral[\NN64\] and ZZ exclude each other. NN64 must not extend them.
exclusion	-	-	component FortressLibrary	acyclic	FortressLibrary.fss:774	Types ZZ and Integral[\NN64\] exclude each other. NN64 must not extend them.
exclusion	-	-	component FortressLibrary	acyclic	FortressLibrary.fss:826	Type ZZ excludes FortressLibrary.Integral but it extends FortressLibrary.Integral.
export	-	-	component FortressLibrary	export	FortressLibrary.fss:12	Component FortressLibrary exports API FortressLibrary but does not define all declarations in FortressLibrary. Missing declarations: {immutableArray[\E extends  [...]
export	-	-	component List	export	List.fss:12	Component List exports API List but does not define all declarations in List. Missing declarations: {concat[\E extends Object\](x:List.List[\List.List[\E\]\]):L [...]
export	-	-	component RangeInternals	export	RangeInternals.fss:12	Component RangeInternals exports API RangeInternals but does not define all declarations in RangeInternals. Missing declarations: {emptyScalarRange[\I extends I [...]
export	-	-	component FlatString	export	FlatString.fss:12	The following declarations in API FlatString are not matched by the declarations in component FlatString. Unmatched declarations: { (ObjectDecl FlatString at Fl [...]
export	-	-	component FortressBuiltin	export	FortressBuiltin.fss:12	The following declarations in API FortressBuiltin are not matched by the declarations in component FortressBuiltin. Unmatched declarations: { (ObjectDecl BigNum [...]
export	-	-	component FortressLibrary	export	FortressLibrary.fss:12	The following declarations in API FortressLibrary are not matched by the declarations in component FortressLibrary. Unmatched declarations: { (TraitDecl Compari [...]
export	-	-	component List	export	List.fss:12	The following declarations in API List are not matched by the declarations in component List. Unmatched declarations: { (ObjectDecl Concat at List.fsi:130.1, du [...]
export	-	-	component RangeInternals	export	RangeInternals.fss:12	The following declarations in API RangeInternals are not matched by the declarations in component RangeInternals. Unmatched declarations: { (TraitDecl ActualRan [...]
export	-	-	component Stream	export	Stream.fss:12	The following declarations in API Stream are not matched by the declarations in component Stream. Unmatched declarations: { (TraitDecl Closeable at Stream.fsi:1 [...]
export	-	-	component String	export	String.fss:12	The following declarations in API String are not matched by the declarations in component String. Unmatched declarations: { (ObjectDecl CatString at String.fsi: [...]
export	-	-	component Writer	export	Writer.fss:12	The following declarations in API Writer are not matched by the declarations in component Writer. Unmatched declarations: { (ObjectDecl BufferedWriter at Writer [...]
overloading	BITAND (same parameter type)	same parameter type	api FortressLibrary	overloading	FortressLibrary.fsi:454,FortressLibrary.fsi:488	There are multiple declarations of BITAND with the same parameter type: ((NN64 & {UnsignedLong, NN32}), NN64)
overloading	BITAND (same parameter type)	same parameter type	api FortressLibrary	overloading	FortressLibrary.fsi:488,FortressLibrary.fsi:527	There are multiple declarations of BITAND with the same parameter type: ((ZZ32 & {Int, IntLiteral}), ZZ32)
overloading	BITAND (same parameter type)	same parameter type	component FortressLibrary	overloading	FortressLibrary.fss:682,FortressLibrary.fss:750	There are multiple declarations of BITAND with the same parameter type: (ZZ64)
overloading	BITAND (same parameter type)	same parameter type	component FortressLibrary	overloading	FortressLibrary.fss:682,FortressLibrary.fss:804	There are multiple declarations of BITAND with the same parameter type: ((ZZ32 & {Int, IntLiteral}), ZZ32)
overloading	BITAND (same parameter type)	same parameter type	component FortressLibrary	overloading	FortressLibrary.fss:682,FortressLibrary.fss:875	There are multiple declarations of BITAND with the same parameter type: ((ZZ & {BigNum, ZZ64, NN64}), ZZ)
overloading	BITAND (same parameter type)	same parameter type	component FortressLibrary	overloading	FortressLibrary.fss:682,FortressLibrary.fss:875	There are multiple declarations of BITAND with the same parameter type: (ZZ32)
overloading	BITAND (same parameter type)	same parameter type	component FortressLibrary	overloading	FortressLibrary.fss:750,FortressLibrary.fss:804	There are multiple declarations of BITAND with the same parameter type: ((NN64 & {UnsignedLong, NN32}), NN64)
overloading	BITAND (same parameter type)	same parameter type	component FortressLibrary	overloading	FortressLibrary.fss:750,FortressLibrary.fss:875	There are multiple declarations of BITAND with the same parameter type: (ZZ64)
overloading	BITAND (same parameter type)	same parameter type	component FortressLibrary	overloading	FortressLibrary.fss:804,FortressLibrary.fss:875	There are multiple declarations of BITAND with the same parameter type: (ZZ)
overloading	BITNOT (same parameter type)	same parameter type	api FortressLibrary	overloading	FortressLibrary.fsi:459,FortressLibrary.fsi:532	There are multiple declarations of BITNOT with the same parameter type: (NN64 & {UnsignedLong, NN32})
overloading	BITNOT (same parameter type)	same parameter type	api FortressLibrary	overloading	FortressLibrary.fsi:493,FortressLibrary.fsi:532	There are multiple declarations of BITNOT with the same parameter type: (ZZ64 & {Long, ZZ32})
overloading	BITNOT (same parameter type)	same parameter type	component FortressLibrary	overloading	FortressLibrary.fss:692,FortressLibrary.fss:760	There are multiple declarations of BITNOT with the same parameter type: ()
overloading	BITNOT (same parameter type)	same parameter type	component FortressLibrary	overloading	FortressLibrary.fss:692,FortressLibrary.fss:760	There are multiple declarations of BITNOT with the same parameter type: (ZZ32 & {Int, IntLiteral})
overloading	BITNOT (same parameter type)	same parameter type	component FortressLibrary	overloading	FortressLibrary.fss:692,FortressLibrary.fss:814	There are multiple declarations of BITNOT with the same parameter type: (NN64 & {UnsignedLong, NN32})
overloading	BITNOT (same parameter type)	same parameter type	component FortressLibrary	overloading	FortressLibrary.fss:692,FortressLibrary.fss:887	There are multiple declarations of BITNOT with the same parameter type: ()
overloading	BITNOT (same parameter type)	same parameter type	component FortressLibrary	overloading	FortressLibrary.fss:760,FortressLibrary.fss:887	There are multiple declarations of BITNOT with the same parameter type: ()
overloading	BITNOT (same parameter type)	same parameter type	component FortressLibrary	overloading	FortressLibrary.fss:814,FortressLibrary.fss:887	There are multiple declarations of BITNOT with the same parameter type: ()
overloading	BITNOT (same parameter type)	same parameter type	component FortressLibrary	overloading	FortressLibrary.fss:814,FortressLibrary.fss:887	There are multiple declarations of BITNOT with the same parameter type: (ZZ & {BigNum, ZZ64, NN64})
overloading	BITOR (same parameter type)	same parameter type	api FortressLibrary	overloading	FortressLibrary.fsi:455,FortressLibrary.fsi:528	There are multiple declarations of BITOR with the same parameter type: ((NN64 & {UnsignedLong, NN32}), NN64)
overloading	BITOR (same parameter type)	same parameter type	api FortressLibrary	overloading	FortressLibrary.fsi:489,FortressLibrary.fsi:528	There are multiple declarations of BITOR with the same parameter type: ((ZZ64 & {Long, ZZ32}), ZZ64)
overloading	BITOR (same parameter type)	same parameter type	component FortressLibrary	overloading	FortressLibrary.fss:684,FortressLibrary.fss:752	There are multiple declarations of BITOR with the same parameter type: (ZZ64)
overloading	BITOR (same parameter type)	same parameter type	component FortressLibrary	overloading	FortressLibrary.fss:684,FortressLibrary.fss:806	There are multiple declarations of BITOR with the same parameter type: ((ZZ32 & {Int, IntLiteral}), ZZ32)
overloading	BITOR (same parameter type)	same parameter type	component FortressLibrary	overloading	FortressLibrary.fss:752,FortressLibrary.fss:806	There are multiple declarations of BITOR with the same parameter type: ((NN64 & {UnsignedLong, NN32}), NN64)
overloading	BITOR (same parameter type)	same parameter type	component FortressLibrary	overloading	FortressLibrary.fss:752,FortressLibrary.fss:877	There are multiple declarations of BITOR with the same parameter type: ((ZZ64 & {Long, ZZ32}), ZZ64)
overloading	BITOR (same parameter type)	same parameter type	component FortressLibrary	overloading	FortressLibrary.fss:752,FortressLibrary.fss:877	There are multiple declarations of BITOR with the same parameter type: (ZZ)
overloading	BITOR (same parameter type)	same parameter type	component FortressLibrary	overloading	FortressLibrary.fss:752,FortressLibrary.fss:877	There are multiple declarations of BITOR with the same parameter type: (ZZ64)
overloading	BITOR (same parameter type)	same parameter type	component FortressLibrary	overloading	FortressLibrary.fss:806,FortressLibrary.fss:877	There are multiple declarations of BITOR with the same parameter type: (ZZ)
overloading	BITXOR (same parameter type)	same parameter type	api FortressLibrary	overloading	FortressLibrary.fsi:456,FortressLibrary.fsi:529	There are multiple declarations of BITXOR with the same parameter type: ((ZZ64 & {Long, ZZ32}), ZZ64)
overloading	BITXOR (same parameter type)	same parameter type	api FortressLibrary	overloading	FortressLibrary.fsi:490,FortressLibrary.fsi:529	There are multiple declarations of BITXOR with the same parameter type: ((ZZ32 & {Int, IntLiteral}), ZZ32)
overloading	BITXOR (same parameter type)	same parameter type	component FortressLibrary	overloading	FortressLibrary.fss:686,FortressLibrary.fss:754	There are multiple declarations of BITXOR with the same parameter type: ((ZZ32 & {Int, IntLiteral}), ZZ32)
overloading	BITXOR (same parameter type)	same parameter type	component FortressLibrary	overloading	FortressLibrary.fss:686,FortressLibrary.fss:879	There are multiple declarations of BITXOR with the same parameter type: ((ZZ & {BigNum, ZZ64, NN64}), ZZ)
overloading	BITXOR (same parameter type)	same parameter type	component FortressLibrary	overloading	FortressLibrary.fss:686,FortressLibrary.fss:879	There are multiple declarations of BITXOR with the same parameter type: (ZZ32)
overloading	BITXOR (same parameter type)	same parameter type	component FortressLibrary	overloading	FortressLibrary.fss:754,FortressLibrary.fss:879	There are multiple declarations of BITXOR with the same parameter type: (ZZ)
overloading	BITXOR (same parameter type)	same parameter type	component FortressLibrary	overloading	FortressLibrary.fss:754,FortressLibrary.fss:879	There are multiple declarations of BITXOR with the same parameter type: (ZZ64)
overloading	BITXOR (same parameter type)	same parameter type	component FortressLibrary	overloading	FortressLibrary.fss:808,FortressLibrary.fss:879	There are multiple declarations of BITXOR with the same parameter type: ((NN64 & {UnsignedLong, NN32}), NN64)
overloading	BITXOR (same parameter type)	same parameter type	component FortressLibrary	overloading	FortressLibrary.fss:808,FortressLibrary.fss:879	There are multiple declarations of BITXOR with the same parameter type: (NN64)
overloading	BY (same parameter type)	same parameter type	api FortressLibrary	overloading	FortressLibrary.fsi:395,FortressLibrary.fsi:519	There are multiple declarations of BY with the same parameter type: ((QQ & {AnyIntegral}), QQ)
overloading	BY (same parameter type)	same parameter type	api FortressLibrary	overloading	FortressLibrary.fsi:446,FortressLibrary.fsi:519	There are multiple declarations of BY with the same parameter type: ((ZZ64 & {Long, ZZ32}), ZZ64)
overloading	BY (same parameter type)	same parameter type	component FortressLibrary	overloading	FortressLibrary.fss:571,FortressLibrary.fss:666	There are multiple declarations of BY with the same parameter type: ((QQ & {Ratio, AnyIntegral}), QQ)
overloading	BY (same parameter type)	same parameter type	component FortressLibrary	overloading	FortressLibrary.fss:571,FortressLibrary.fss:734	There are multiple declarations of BY with the same parameter type: ((ZZ64 & {Long, ZZ32}), ZZ64)
overloading	BY (same parameter type)	same parameter type	component FortressLibrary	overloading	FortressLibrary.fss:571,FortressLibrary.fss:734	There are multiple declarations of BY with the same parameter type: (QQ)
overloading	BY (same parameter type)	same parameter type	component FortressLibrary	overloading	FortressLibrary.fss:571,FortressLibrary.fss:734	There are multiple declarations of BY with the same parameter type: (ZZ64)
overloading	BY (same parameter type)	same parameter type	component FortressLibrary	overloading	FortressLibrary.fss:571,FortressLibrary.fss:788	There are multiple declarations of BY with the same parameter type: (NN64)
overloading	BY (same parameter type)	same parameter type	component FortressLibrary	overloading	FortressLibrary.fss:571,FortressLibrary.fss:853	There are multiple declarations of BY with the same parameter type: (QQ)
overloading	BY (same parameter type)	same parameter type	component FortressLibrary	overloading	FortressLibrary.fss:571,FortressLibrary.fss:853	There are multiple declarations of BY with the same parameter type: (ZZ)
overloading	BY (same parameter type)	same parameter type	component FortressLibrary	overloading	FortressLibrary.fss:666,FortressLibrary.fss:853	There are multiple declarations of BY with the same parameter type: ((ZZ32 & {Int, IntLiteral}), ZZ32)
overloading	BY (same parameter type)	same parameter type	component FortressLibrary	overloading	FortressLibrary.fss:666,FortressLibrary.fss:853	There are multiple declarations of BY with the same parameter type: (ZZ)
overloading	BY (same parameter type)	same parameter type	component FortressLibrary	overloading	FortressLibrary.fss:788,FortressLibrary.fss:853	There are multiple declarations of BY with the same parameter type: ((ZZ & {BigNum, ZZ64, NN64}), ZZ)
overloading	CAP	same-sparams	api RangeInternals	overloading	RangeInternals.fsi:136,RangeInternals.fsi:46	Invalid overloading of CAP in API RangeInternals: [\I extends Integral[\I\]\](RangeInternals.OpenScalarRange[\I\], RangeInternals.ScalarRange[\I\])->RangeIntern [...]
overloading	CAP	same-sparams	api RangeInternals	overloading	RangeInternals.fsi:191,RangeInternals.fsi:46	Invalid overloading of CAP in API RangeInternals: [\I extends Integral[\I\]\](RangeInternals.ExtentScalarRange[\I\], Range[\I\])->RangeInternals.ScalarRangeWith [...]
overloading	CAP	same-sparams	api RangeInternals	overloading	RangeInternals.fsi:237,RangeInternals.fsi:46	Invalid overloading of CAP in API RangeInternals: [\I extends Integral[\I\]\](RangeInternals.BoundedScalarRange[\I\], RangeInternals.ScalarRange[\I\])->RangeInt [...]
overloading	CAP	same-sparams	api RangeInternals	overloading	RangeInternals.fsi:63,RangeInternals.fsi:64	Invalid overloading of CAP in API RangeInternals: [\I extends Integral[\I\], J extends Integral[\J\]\](RangeInternals.Range2D[\I,J\], RangeInternals.Range2D[\I, [...]
overloading	CAP	same-sparams	api RangeInternals	overloading	RangeInternals.fsi:98,RangeInternals.fsi:99	Invalid overloading of CAP in API RangeInternals: [\I extends Integral[\I\], J extends Integral[\J\], K extends Integral[\K\]\](RangeInternals.Range3D[\I,J,K\], [...]
overloading	CAP	same-sparams	component FortressLibrary	overloading	RangeInternals.fsi:136,RangeInternals.fsi:46	Invalid overloading of CAP in component FortressLibrary: [\I extends Integral[\I\]\](RangeInternals.OpenScalarRange[\I\], RangeInternals.ScalarRange[\I\])->Rang [...]
overloading	CAP	same-sparams	component FortressLibrary	overloading	RangeInternals.fsi:191,RangeInternals.fsi:46	Invalid overloading of CAP in component FortressLibrary: [\I extends Integral[\I\]\](RangeInternals.ExtentScalarRange[\I\], Range[\I\])->RangeInternals.ScalarRa [...]
overloading	CAP	same-sparams	component FortressLibrary	overloading	RangeInternals.fsi:237,RangeInternals.fsi:46	Invalid overloading of CAP in component FortressLibrary: [\I extends Integral[\I\]\](RangeInternals.BoundedScalarRange[\I\], RangeInternals.ScalarRange[\I\])->R [...]
overloading	CAP	same-sparams	component FortressLibrary	overloading	RangeInternals.fsi:63,RangeInternals.fsi:64	Invalid overloading of CAP in component FortressLibrary: [\I extends Integral[\I\], J extends Integral[\J\]\](RangeInternals.Range2D[\I,J\], RangeInternals.Rang [...]
overloading	CAP	same-sparams	component FortressLibrary	overloading	RangeInternals.fsi:98,RangeInternals.fsi:99	Invalid overloading of CAP in component FortressLibrary: [\I extends Integral[\I\], J extends Integral[\J\], K extends Integral[\K\]\](RangeInternals.Range3D[\I [...]
overloading	CAP	same-sparams	component RangeInternals	overloading	RangeInternals.fss:151,RangeInternals.fss:323	Invalid overloading of CAP in component RangeInternals: [\I extends Integral[\I\]\](RangeInternals.OpenScalarRange[\I\], RangeInternals.ScalarRange[\I\])->Range [...]
overloading	CAP	same-sparams	component RangeInternals	overloading	RangeInternals.fss:151,RangeInternals.fss:438	Invalid overloading of CAP in component RangeInternals: [\I extends Integral[\I\]\](RangeInternals.ExtentScalarRange[\I\], Range[\I\])->RangeInternals.ScalarRan [...]
overloading	CAP	same-sparams	component RangeInternals	overloading	RangeInternals.fss:151,RangeInternals.fss:511	Invalid overloading of CAP in component RangeInternals: [\I extends Integral[\I\]\](RangeInternals.BoundedScalarRange[\I\], RangeInternals.ScalarRange[\I\])->Ra [...]
overloading	CAP	same-sparams	component RangeInternals	overloading	RangeInternals.fss:183,RangeInternals.fss:185	Invalid overloading of CAP in component RangeInternals: [\I extends Integral[\I\], J extends Integral[\J\]\](RangeInternals.Range2D[\I,J\], RangeInternals.Range [...]
overloading	CAP	same-sparams	component RangeInternals	overloading	RangeInternals.fss:246,RangeInternals.fss:248	Invalid overloading of CAP in component RangeInternals: [\I extends Integral[\I\], J extends Integral[\J\], K extends Integral[\K\]\](RangeInternals.Range3D[\I, [...]
overloading	CAP	sentence	api RangeInternals	overloading	RangeInternals.fsi:237,RangeInternals.fsi:63	Invalid overloading of CAP in API RangeInternals: [\I extends Integral[\I\], J extends Integral[\J\]\](RangeInternals.Range2D[\I,J\], Range[\(I, J)\])->Range[\( [...]
overloading	CAP	sentence	api RangeInternals	overloading	RangeInternals.fsi:237,RangeInternals.fsi:64	Invalid overloading of CAP in API RangeInternals: [\I extends Integral[\I\], J extends Integral[\J\]\](RangeInternals.Range2D[\I,J\], RangeInternals.Range2D[\I, [...]
overloading	CAP	sentence	api RangeInternals	overloading	RangeInternals.fsi:237,RangeInternals.fsi:98	Invalid overloading of CAP in API RangeInternals: [\I extends Integral[\I\], J extends Integral[\J\], K extends Integral[\K\]\](RangeInternals.Range3D[\I,J,K\], [...]
overloading	CAP	sentence	api RangeInternals	overloading	RangeInternals.fsi:237,RangeInternals.fsi:99	Invalid overloading of CAP in API RangeInternals: [\I extends Integral[\I\], J extends Integral[\J\], K extends Integral[\K\]\](RangeInternals.Range3D[\I,J,K\], [...]
overloading	CAP	sentence	api RangeInternals	overloading	RangeInternals.fsi:46,RangeInternals.fsi:63	Invalid overloading of CAP in API RangeInternals: [\I extends Integral[\I\], J extends Integral[\J\]\](RangeInternals.Range2D[\I,J\], Range[\(I, J)\])->Range[\( [...]
overloading	CAP	sentence	api RangeInternals	overloading	RangeInternals.fsi:46,RangeInternals.fsi:64	Invalid overloading of CAP in API RangeInternals: [\I extends Integral[\I\], J extends Integral[\J\]\](RangeInternals.Range2D[\I,J\], RangeInternals.Range2D[\I, [...]
overloading	CAP	sentence	api RangeInternals	overloading	RangeInternals.fsi:46,RangeInternals.fsi:98	Invalid overloading of CAP in API RangeInternals: [\I extends Integral[\I\], J extends Integral[\J\], K extends Integral[\K\]\](RangeInternals.Range3D[\I,J,K\], [...]
overloading	CAP	sentence	api RangeInternals	overloading	RangeInternals.fsi:46,RangeInternals.fsi:99	Invalid overloading of CAP in API RangeInternals: [\I extends Integral[\I\], J extends Integral[\J\], K extends Integral[\K\]\](RangeInternals.Range3D[\I,J,K\], [...]
overloading	CAP	sentence	api RangeInternals	overloading	RangeInternals.fsi:63,RangeInternals.fsi:98	Invalid overloading of CAP in API RangeInternals: [\I extends Integral[\I\], J extends Integral[\J\], K extends Integral[\K\]\](RangeInternals.Range3D[\I,J,K\], [...]
overloading	CAP	sentence	api RangeInternals	overloading	RangeInternals.fsi:63,RangeInternals.fsi:99	Invalid overloading of CAP in API RangeInternals: [\I extends Integral[\I\], J extends Integral[\J\], K extends Integral[\K\]\](RangeInternals.Range3D[\I,J,K\], [...]
overloading	CAP	sentence	api RangeInternals	overloading	RangeInternals.fsi:64,RangeInternals.fsi:98	Invalid overloading of CAP in API RangeInternals: [\I extends Integral[\I\], J extends Integral[\J\], K extends Integral[\K\]\](RangeInternals.Range3D[\I,J,K\], [...]
overloading	CAP	sentence	api RangeInternals	overloading	RangeInternals.fsi:64,RangeInternals.fsi:99	Invalid overloading of CAP in API RangeInternals: [\I extends Integral[\I\], J extends Integral[\J\], K extends Integral[\K\]\](RangeInternals.Range3D[\I,J,K\], [...]
overloading	CAP	sentence	component FortressLibrary	overloading	RangeInternals.fsi:237,RangeInternals.fsi:63	Invalid overloading of CAP in component FortressLibrary: [\I extends Integral[\I\], J extends Integral[\J\]\](RangeInternals.Range2D[\I,J\], Range[\(I, J)\])->R [...]
overloading	CAP	sentence	component FortressLibrary	overloading	RangeInternals.fsi:237,RangeInternals.fsi:64	Invalid overloading of CAP in component FortressLibrary: [\I extends Integral[\I\], J extends Integral[\J\]\](RangeInternals.Range2D[\I,J\], RangeInternals.Rang [...]
overloading	CAP	sentence	component FortressLibrary	overloading	RangeInternals.fsi:237,RangeInternals.fsi:98	Invalid overloading of CAP in component FortressLibrary: [\I extends Integral[\I\], J extends Integral[\J\], K extends Integral[\K\]\](RangeInternals.Range3D[\I [...]
overloading	CAP	sentence	component FortressLibrary	overloading	RangeInternals.fsi:237,RangeInternals.fsi:99	Invalid overloading of CAP in component FortressLibrary: [\I extends Integral[\I\], J extends Integral[\J\], K extends Integral[\K\]\](RangeInternals.Range3D[\I [...]
overloading	CAP	sentence	component FortressLibrary	overloading	RangeInternals.fsi:46,RangeInternals.fsi:63	Invalid overloading of CAP in component FortressLibrary: [\I extends Integral[\I\], J extends Integral[\J\]\](RangeInternals.Range2D[\I,J\], Range[\(I, J)\])->R [...]
overloading	CAP	sentence	component FortressLibrary	overloading	RangeInternals.fsi:46,RangeInternals.fsi:64	Invalid overloading of CAP in component FortressLibrary: [\I extends Integral[\I\], J extends Integral[\J\]\](RangeInternals.Range2D[\I,J\], RangeInternals.Rang [...]
overloading	CAP	sentence	component FortressLibrary	overloading	RangeInternals.fsi:46,RangeInternals.fsi:98	Invalid overloading of CAP in component FortressLibrary: [\I extends Integral[\I\], J extends Integral[\J\], K extends Integral[\K\]\](RangeInternals.Range3D[\I [...]
overloading	CAP	sentence	component FortressLibrary	overloading	RangeInternals.fsi:46,RangeInternals.fsi:99	Invalid overloading of CAP in component FortressLibrary: [\I extends Integral[\I\], J extends Integral[\J\], K extends Integral[\K\]\](RangeInternals.Range3D[\I [...]
overloading	CAP	sentence	component FortressLibrary	overloading	RangeInternals.fsi:63,RangeInternals.fsi:98	Invalid overloading of CAP in component FortressLibrary: [\I extends Integral[\I\], J extends Integral[\J\], K extends Integral[\K\]\](RangeInternals.Range3D[\I [...]
overloading	CAP	sentence	component FortressLibrary	overloading	RangeInternals.fsi:63,RangeInternals.fsi:99	Invalid overloading of CAP in component FortressLibrary: [\I extends Integral[\I\], J extends Integral[\J\], K extends Integral[\K\]\](RangeInternals.Range3D[\I [...]
overloading	CAP	sentence	component FortressLibrary	overloading	RangeInternals.fsi:64,RangeInternals.fsi:98	Invalid overloading of CAP in component FortressLibrary: [\I extends Integral[\I\], J extends Integral[\J\], K extends Integral[\K\]\](RangeInternals.Range3D[\I [...]
overloading	CAP	sentence	component FortressLibrary	overloading	RangeInternals.fsi:64,RangeInternals.fsi:99	Invalid overloading of CAP in component FortressLibrary: [\I extends Integral[\I\], J extends Integral[\J\], K extends Integral[\K\]\](RangeInternals.Range3D[\I [...]
overloading	CAP	sentence	component RangeInternals	overloading	RangeInternals.fss:151,RangeInternals.fss:183	Invalid overloading of CAP in component RangeInternals: [\I extends Integral[\I\], J extends Integral[\J\]\](RangeInternals.Range2D[\I,J\], Range[\(I, J)\])->Ra [...]
overloading	CAP	sentence	component RangeInternals	overloading	RangeInternals.fss:151,RangeInternals.fss:185	Invalid overloading of CAP in component RangeInternals: [\I extends Integral[\I\], J extends Integral[\J\]\](RangeInternals.Range2D[\I,J\], RangeInternals.Range [...]
overloading	CAP	sentence	component RangeInternals	overloading	RangeInternals.fss:151,RangeInternals.fss:246	Invalid overloading of CAP in component RangeInternals: [\I extends Integral[\I\], J extends Integral[\J\], K extends Integral[\K\]\](RangeInternals.Range3D[\I, [...]
overloading	CAP	sentence	component RangeInternals	overloading	RangeInternals.fss:151,RangeInternals.fss:248	Invalid overloading of CAP in component RangeInternals: [\I extends Integral[\I\], J extends Integral[\J\], K extends Integral[\K\]\](RangeInternals.Range3D[\I, [...]
overloading	CAP	sentence	component RangeInternals	overloading	RangeInternals.fss:183,RangeInternals.fss:246	Invalid overloading of CAP in component RangeInternals: [\I extends Integral[\I\], J extends Integral[\J\], K extends Integral[\K\]\](RangeInternals.Range3D[\I, [...]
overloading	CAP	sentence	component RangeInternals	overloading	RangeInternals.fss:183,RangeInternals.fss:248	Invalid overloading of CAP in component RangeInternals: [\I extends Integral[\I\], J extends Integral[\J\], K extends Integral[\K\]\](RangeInternals.Range3D[\I, [...]
overloading	CAP	sentence	component RangeInternals	overloading	RangeInternals.fss:183,RangeInternals.fss:511	Invalid overloading of CAP in component RangeInternals: [\I extends Integral[\I\], J extends Integral[\J\]\](RangeInternals.Range2D[\I,J\], Range[\(I, J)\])->Ra [...]
overloading	CAP	sentence	component RangeInternals	overloading	RangeInternals.fss:185,RangeInternals.fss:246	Invalid overloading of CAP in component RangeInternals: [\I extends Integral[\I\], J extends Integral[\J\], K extends Integral[\K\]\](RangeInternals.Range3D[\I, [...]
overloading	CAP	sentence	component RangeInternals	overloading	RangeInternals.fss:185,RangeInternals.fss:248	Invalid overloading of CAP in component RangeInternals: [\I extends Integral[\I\], J extends Integral[\J\], K extends Integral[\K\]\](RangeInternals.Range3D[\I, [...]
overloading	CAP	sentence	component RangeInternals	overloading	RangeInternals.fss:185,RangeInternals.fss:511	Invalid overloading of CAP in component RangeInternals: [\I extends Integral[\I\], J extends Integral[\J\]\](RangeInternals.Range2D[\I,J\], RangeInternals.Range [...]
overloading	CAP	sentence	component RangeInternals	overloading	RangeInternals.fss:246,RangeInternals.fss:511	Invalid overloading of CAP in component RangeInternals: [\I extends Integral[\I\], J extends Integral[\J\], K extends Integral[\K\]\](RangeInternals.Range3D[\I, [...]
overloading	CAP	sentence	component RangeInternals	overloading	RangeInternals.fss:248,RangeInternals.fss:511	Invalid overloading of CAP in component RangeInternals: [\I extends Integral[\I\], J extends Integral[\J\], K extends Integral[\K\]\](RangeInternals.Range3D[\I, [...]
overloading	CHOOSE (same parameter type)	same parameter type	api FortressLibrary	overloading	FortressLibrary.fsi:453,FortressLibrary.fsi:487	There are multiple declarations of CHOOSE with the same parameter type: ((NN64 & {UnsignedLong, NN32}), NN64)
overloading	CHOOSE (same parameter type)	same parameter type	api FortressLibrary	overloading	FortressLibrary.fsi:453,FortressLibrary.fsi:526	There are multiple declarations of CHOOSE with the same parameter type: ((ZZ64 & {Long, ZZ32}), ZZ64)
overloading	CHOOSE (same parameter type)	same parameter type	component FortressLibrary	overloading	FortressLibrary.fss:680,FortressLibrary.fss:748	There are multiple declarations of CHOOSE with the same parameter type: (ZZ32)
overloading	CHOOSE (same parameter type)	same parameter type	component FortressLibrary	overloading	FortressLibrary.fss:680,FortressLibrary.fss:802	There are multiple declarations of CHOOSE with the same parameter type: ((NN64 & {UnsignedLong, NN32}), NN64)
overloading	CHOOSE (same parameter type)	same parameter type	component FortressLibrary	overloading	FortressLibrary.fss:680,FortressLibrary.fss:873	There are multiple declarations of CHOOSE with the same parameter type: ((ZZ32 & {Int, IntLiteral}), ZZ32)
overloading	CHOOSE (same parameter type)	same parameter type	component FortressLibrary	overloading	FortressLibrary.fss:680,FortressLibrary.fss:873	There are multiple declarations of CHOOSE with the same parameter type: (ZZ)
overloading	CHOOSE (same parameter type)	same parameter type	component FortressLibrary	overloading	FortressLibrary.fss:748,FortressLibrary.fss:873	There are multiple declarations of CHOOSE with the same parameter type: ((ZZ & {BigNum, ZZ64, NN64}), ZZ)
overloading	CHOOSE (same parameter type)	same parameter type	component FortressLibrary	overloading	FortressLibrary.fss:748,FortressLibrary.fss:873	There are multiple declarations of CHOOSE with the same parameter type: (ZZ)
overloading	CHOOSE (same parameter type)	same parameter type	component FortressLibrary	overloading	FortressLibrary.fss:802,FortressLibrary.fss:873	There are multiple declarations of CHOOSE with the same parameter type: (ZZ)
overloading	CMP	sentence	api FortressLibrary	overloading	FortressLibrary.fsi:134,FortressLibrary.fsi:169	Invalid overloading of CMP in API FortressLibrary: (LessThan, LessThan)->Comparison @ FortressLibrary.fsi:134:5-45 and [\T extends StandardPartialOrder[\T\]\](S [...]
overloading	CMP	sentence	api FortressLibrary	overloading	FortressLibrary.fsi:145,FortressLibrary.fsi:169	Invalid overloading of CMP in API FortressLibrary: (GreaterThan, GreaterThan)->Comparison @ FortressLibrary.fsi:145:5-48 and [\T extends StandardPartialOrder[\T [...]
overloading	CMP	sentence	component FortressLibrary	overloading	FortressLibrary.fss:178,FortressLibrary.fss:215	Invalid overloading of CMP in component FortressLibrary: (LessThan, LessThan)->TotalComparison @ FortressLibrary.fss:178:5-60 and [\T extends StandardPartialOrd [...]
overloading	CMP	sentence	component FortressLibrary	overloading	FortressLibrary.fss:190,FortressLibrary.fss:215	Invalid overloading of CMP in component FortressLibrary: (GreaterThan, GreaterThan)->TotalComparison @ FortressLibrary.fss:190:5-63 and [\T extends StandardPart [...]
overloading	CMP (same parameter type)	same parameter type	api FortressLibrary	overloading	FortressLibrary.fsi:124,FortressLibrary.fsi:513	There are multiple declarations of CMP with the same parameter type: ((TotalComparison & {LessThan, EqualTo, GreaterThan}), Unordered)
overloading	CMP (same parameter type)	same parameter type	component FortressLibrary	overloading	FortressLibrary.fss:166,FortressLibrary.fss:839	There are multiple declarations of CMP with the same parameter type: ((ZZ & {BigNum, ZZ64, NN64}), ZZ)
overloading	CMP (same parameter type)	same parameter type	component FortressLibrary	overloading	FortressLibrary.fss:721,FortressLibrary.fss:839	There are multiple declarations of CMP with the same parameter type: ((ZZ64 & {Long, ZZ32}), ZZ64)
overloading	CMP (same parameter type)	same parameter type	component FortressLibrary	overloading	FortressLibrary.fss:721,FortressLibrary.fss:839	There are multiple declarations of CMP with the same parameter type: (ZZ)
overloading	DIV (same parameter type)	same parameter type	api FortressLibrary	overloading	FortressLibrary.fsi:448,FortressLibrary.fsi:482	There are multiple declarations of DIV with the same parameter type: ((NN64 & {UnsignedLong, NN32}), NN64)
overloading	DIV (same parameter type)	same parameter type	api FortressLibrary	overloading	FortressLibrary.fsi:448,FortressLibrary.fsi:521	There are multiple declarations of DIV with the same parameter type: ((ZZ64 & {Long, ZZ32}), ZZ64)
overloading	DIV (same parameter type)	same parameter type	component FortressLibrary	overloading	FortressLibrary.fss:670,FortressLibrary.fss:738	There are multiple declarations of DIV with the same parameter type: ((ZZ32 & {Int, IntLiteral}), ZZ32)
overloading	DIV (same parameter type)	same parameter type	component FortressLibrary	overloading	FortressLibrary.fss:670,FortressLibrary.fss:738	There are multiple declarations of DIV with the same parameter type: (ZZ64)
overloading	DIV (same parameter type)	same parameter type	component FortressLibrary	overloading	FortressLibrary.fss:670,FortressLibrary.fss:792	There are multiple declarations of DIV with the same parameter type: ((NN64 & {UnsignedLong, NN32}), NN64)
overloading	DIV (same parameter type)	same parameter type	component FortressLibrary	overloading	FortressLibrary.fss:670,FortressLibrary.fss:863	There are multiple declarations of DIV with the same parameter type: (ZZ32)
overloading	DIV (same parameter type)	same parameter type	component FortressLibrary	overloading	FortressLibrary.fss:738,FortressLibrary.fss:863	There are multiple declarations of DIV with the same parameter type: ((ZZ64 & {Long, ZZ32}), ZZ64)
overloading	DIV (same parameter type)	same parameter type	component FortressLibrary	overloading	FortressLibrary.fss:738,FortressLibrary.fss:863	There are multiple declarations of DIV with the same parameter type: (ZZ64)
overloading	DIV (same parameter type)	same parameter type	component FortressLibrary	overloading	FortressLibrary.fss:792,FortressLibrary.fss:863	There are multiple declarations of DIV with the same parameter type: (ZZ)
overloading	DOT (same parameter type)	same parameter type	api FortressLibrary	overloading	FortressLibrary.fsi:394,FortressLibrary.fsi:418	There are multiple declarations of DOT with the same parameter type: (Integral[\I\], I)
overloading	DOT (same parameter type)	same parameter type	api FortressLibrary	overloading	FortressLibrary.fsi:394,FortressLibrary.fsi:445	There are multiple declarations of DOT with the same parameter type: ((NN64 & {UnsignedLong, NN32}), NN64)
overloading	DOT (same parameter type)	same parameter type	api FortressLibrary	overloading	FortressLibrary.fsi:445,FortressLibrary.fsi:518	There are multiple declarations of DOT with the same parameter type: ((ZZ64 & {Long, ZZ32}), ZZ64)
overloading	DOT (same parameter type)	same parameter type	api FortressLibrary	overloading	FortressLibrary.fsi:480,FortressLibrary.fsi:518	There are multiple declarations of DOT with the same parameter type: ((ZZ32 & {Int, IntLiteral}), ZZ32)
overloading	DOT (same parameter type)	same parameter type	component FortressLibrary	overloading	FortressLibrary.fss:566,FortressLibrary.fss:664	There are multiple declarations of DOT with the same parameter type: ((QQ & {Ratio, AnyIntegral}), QQ)
overloading	DOT (same parameter type)	same parameter type	component FortressLibrary	overloading	FortressLibrary.fss:566,FortressLibrary.fss:664	There are multiple declarations of DOT with the same parameter type: (QQ)
overloading	DOT (same parameter type)	same parameter type	component FortressLibrary	overloading	FortressLibrary.fss:566,FortressLibrary.fss:732	There are multiple declarations of DOT with the same parameter type: ((ZZ64 & {Long, ZZ32}), ZZ64)
overloading	DOT (same parameter type)	same parameter type	component FortressLibrary	overloading	FortressLibrary.fss:566,FortressLibrary.fss:786	There are multiple declarations of DOT with the same parameter type: (QQ)
overloading	DOT (same parameter type)	same parameter type	component FortressLibrary	overloading	FortressLibrary.fss:566,FortressLibrary.fss:849	There are multiple declarations of DOT with the same parameter type: (ZZ)
overloading	DOT (same parameter type)	same parameter type	component FortressLibrary	overloading	FortressLibrary.fss:664,FortressLibrary.fss:732	There are multiple declarations of DOT with the same parameter type: (ZZ32)
overloading	DOT (same parameter type)	same parameter type	component FortressLibrary	overloading	FortressLibrary.fss:664,FortressLibrary.fss:786	There are multiple declarations of DOT with the same parameter type: ((ZZ32 & {Int, IntLiteral}), ZZ32)
overloading	DOT (same parameter type)	same parameter type	component FortressLibrary	overloading	FortressLibrary.fss:732,FortressLibrary.fss:849	There are multiple declarations of DOT with the same parameter type: ((ZZ & {BigNum, ZZ64, NN64}), ZZ)
overloading	DOT (same parameter type)	same parameter type	component FortressLibrary	overloading	FortressLibrary.fss:732,FortressLibrary.fss:849	There are multiple declarations of DOT with the same parameter type: (ZZ64)
overloading	DOT (same parameter type)	same parameter type	component FortressLibrary	overloading	FortressLibrary.fss:786,FortressLibrary.fss:849	There are multiple declarations of DOT with the same parameter type: (NN64)
overloading	FORWARD_CMP	same-sparams	api FortressLibrary	overloading	FortressLibrary.fsi:2095,FortressLibrary.fsi:2115	Invalid overloading of FORWARD_CMP in API FortressLibrary: [\I extends Object\](ExtentRange[\I\], Range[\I\])->Comparison @ FortressLibrary.fsi:2115:5-2116:1 an [...]
overloading	FORWARD_CMP	same-sparams	api FortressLibrary	overloading	FortressLibrary.fsi:2095,FortressLibrary.fsi:2136	Invalid overloading of FORWARD_CMP in API FortressLibrary: [\I extends Object\](LeftRange[\I\], Range[\I\])->Comparison @ FortressLibrary.fsi:2136:5-2137:1 and  [...]
overloading	FORWARD_CMP	same-sparams	api FortressLibrary	overloading	FortressLibrary.fsi:2095,FortressLibrary.fsi:2148	Invalid overloading of FORWARD_CMP in API FortressLibrary: [\I extends Object\](OpenRange[\I\], OpenRange[\I\])->Comparison @ FortressLibrary.fsi:2095:5-59 and  [...]
overloading	FORWARD_CMP	same-sparams	api FortressLibrary	overloading	FortressLibrary.fsi:2095,FortressLibrary.fsi:2155	Invalid overloading of FORWARD_CMP in API FortressLibrary: [\I extends Object\](FullRange[\I\], Range[\I\])->Comparison @ FortressLibrary.fsi:2155:5-56 and [\I  [...]
overloading	FORWARD_CMP	same-sparams	api FortressLibrary	overloading	FortressLibrary.fsi:2095,FortressLibrary.fsi:2156	Invalid overloading of FORWARD_CMP in API FortressLibrary: [\I extends Object\](FullRange[\I\], FullRange[\I\])->Comparison @ FortressLibrary.fsi:2156:5-2157:1  [...]
overloading	FORWARD_CMP	same-sparams	api FortressLibrary	overloading	FortressLibrary.fsi:2096,FortressLibrary.fsi:2115	Invalid overloading of FORWARD_CMP in API FortressLibrary: [\I extends Object\](ExtentRange[\I\], Range[\I\])->Comparison @ FortressLibrary.fsi:2115:5-2116:1 an [...]
overloading	FORWARD_CMP	same-sparams	api FortressLibrary	overloading	FortressLibrary.fsi:2096,FortressLibrary.fsi:2136	Invalid overloading of FORWARD_CMP in API FortressLibrary: [\I extends Object\](LeftRange[\I\], Range[\I\])->Comparison @ FortressLibrary.fsi:2136:5-2137:1 and  [...]
overloading	FORWARD_CMP	same-sparams	api FortressLibrary	overloading	FortressLibrary.fsi:2096,FortressLibrary.fsi:2148	Invalid overloading of FORWARD_CMP in API FortressLibrary: [\I extends Object\](OpenRange[\I\], Range[\I\])->Comparison @ FortressLibrary.fsi:2096:5-55 and [\I  [...]
overloading	FORWARD_CMP	same-sparams	api FortressLibrary	overloading	FortressLibrary.fsi:2096,FortressLibrary.fsi:2155	Invalid overloading of FORWARD_CMP in API FortressLibrary: [\I extends Object\](FullRange[\I\], Range[\I\])->Comparison @ FortressLibrary.fsi:2155:5-56 and [\I  [...]
overloading	FORWARD_CMP	same-sparams	api FortressLibrary	overloading	FortressLibrary.fsi:2096,FortressLibrary.fsi:2156	Invalid overloading of FORWARD_CMP in API FortressLibrary: [\I extends Object\](FullRange[\I\], FullRange[\I\])->Comparison @ FortressLibrary.fsi:2156:5-2157:1  [...]
overloading	FORWARD_CMP	same-sparams	api FortressLibrary	overloading	FortressLibrary.fsi:2115,FortressLibrary.fsi:2136	Invalid overloading of FORWARD_CMP in API FortressLibrary: [\I extends Object\](ExtentRange[\I\], Range[\I\])->Comparison @ FortressLibrary.fsi:2115:5-2116:1 an [...]
overloading	FORWARD_CMP	same-sparams	api FortressLibrary	overloading	FortressLibrary.fsi:2115,FortressLibrary.fsi:2148	Invalid overloading of FORWARD_CMP in API FortressLibrary: [\I extends Object\](ExtentRange[\I\], Range[\I\])->Comparison @ FortressLibrary.fsi:2115:5-2116:1 an [...]
overloading	FORWARD_CMP	same-sparams	api FortressLibrary	overloading	FortressLibrary.fsi:2115,FortressLibrary.fsi:2155	Invalid overloading of FORWARD_CMP in API FortressLibrary: [\I extends Object\](ExtentRange[\I\], Range[\I\])->Comparison @ FortressLibrary.fsi:2115:5-2116:1 an [...]
overloading	FORWARD_CMP	same-sparams	api FortressLibrary	overloading	FortressLibrary.fsi:2115,FortressLibrary.fsi:2156	Invalid overloading of FORWARD_CMP in API FortressLibrary: [\I extends Object\](ExtentRange[\I\], Range[\I\])->Comparison @ FortressLibrary.fsi:2115:5-2116:1 an [...]
overloading	FORWARD_CMP	same-sparams	api FortressLibrary	overloading	FortressLibrary.fsi:2136,FortressLibrary.fsi:2148	Invalid overloading of FORWARD_CMP in API FortressLibrary: [\I extends Object\](LeftRange[\I\], Range[\I\])->Comparison @ FortressLibrary.fsi:2136:5-2137:1 and  [...]
overloading	FORWARD_CMP	same-sparams	api FortressLibrary	overloading	FortressLibrary.fsi:2136,FortressLibrary.fsi:2155	Invalid overloading of FORWARD_CMP in API FortressLibrary: [\I extends Object\](FullRange[\I\], Range[\I\])->Comparison @ FortressLibrary.fsi:2155:5-56 and [\I  [...]
overloading	FORWARD_CMP	same-sparams	api FortressLibrary	overloading	FortressLibrary.fsi:2136,FortressLibrary.fsi:2156	Invalid overloading of FORWARD_CMP in API FortressLibrary: [\I extends Object\](FullRange[\I\], FullRange[\I\])->Comparison @ FortressLibrary.fsi:2156:5-2157:1  [...]
overloading	FORWARD_CMP	same-sparams	api FortressLibrary	overloading	FortressLibrary.fsi:2148,FortressLibrary.fsi:2155	Invalid overloading of FORWARD_CMP in API FortressLibrary: [\I extends Object\](FullRange[\I\], Range[\I\])->Comparison @ FortressLibrary.fsi:2155:5-56 and [\I  [...]
overloading	FORWARD_CMP	same-sparams	api FortressLibrary	overloading	FortressLibrary.fsi:2148,FortressLibrary.fsi:2156	Invalid overloading of FORWARD_CMP in API FortressLibrary: [\I extends Object\](FullRange[\I\], FullRange[\I\])->Comparison @ FortressLibrary.fsi:2156:5-2157:1  [...]
overloading	FORWARD_CMP	same-sparams	component FortressLibrary	overloading	FortressLibrary.fss:3684,FortressLibrary.fss:3718	Invalid overloading of FORWARD_CMP in component FortressLibrary: [\I extends Object\](ExtentRange[\I\], Range[\I\])->Comparison @ FortressLibrary.fss:3718:5-372 [...]
overloading	FORWARD_CMP	same-sparams	component FortressLibrary	overloading	FortressLibrary.fss:3684,FortressLibrary.fss:3751	Invalid overloading of FORWARD_CMP in component FortressLibrary: [\I extends Object\](LeftRange[\I\], Range[\I\])->Comparison @ FortressLibrary.fss:3751:5-3764: [...]
overloading	FORWARD_CMP	same-sparams	component FortressLibrary	overloading	FortressLibrary.fss:3684,FortressLibrary.fss:3776	Invalid overloading of FORWARD_CMP in component FortressLibrary: [\I extends Object\](OpenRange[\I\], OpenRange[\I\])->Comparison @ FortressLibrary.fss:3684:5-6 [...]
overloading	FORWARD_CMP	same-sparams	component FortressLibrary	overloading	FortressLibrary.fss:3684,FortressLibrary.fss:3802	Invalid overloading of FORWARD_CMP in component FortressLibrary: [\I extends Object\](FullRange[\I\], Range[\I\])->Comparison @ FortressLibrary.fss:3802:5-91 an [...]
overloading	FORWARD_CMP	same-sparams	component FortressLibrary	overloading	FortressLibrary.fss:3684,FortressLibrary.fss:3803	Invalid overloading of FORWARD_CMP in component FortressLibrary: [\I extends Object\](FullRange[\I\], FullRange[\I\])->Comparison @ FortressLibrary.fss:3803:5-3 [...]
overloading	FORWARD_CMP	same-sparams	component FortressLibrary	overloading	FortressLibrary.fss:3685,FortressLibrary.fss:3718	Invalid overloading of FORWARD_CMP in component FortressLibrary: [\I extends Object\](ExtentRange[\I\], Range[\I\])->Comparison @ FortressLibrary.fss:3718:5-372 [...]
overloading	FORWARD_CMP	same-sparams	component FortressLibrary	overloading	FortressLibrary.fss:3685,FortressLibrary.fss:3751	Invalid overloading of FORWARD_CMP in component FortressLibrary: [\I extends Object\](LeftRange[\I\], Range[\I\])->Comparison @ FortressLibrary.fss:3751:5-3764: [...]
overloading	FORWARD_CMP	same-sparams	component FortressLibrary	overloading	FortressLibrary.fss:3685,FortressLibrary.fss:3776	Invalid overloading of FORWARD_CMP in component FortressLibrary: [\I extends Object\](OpenRange[\I\], Range[\I\])->Comparison @ FortressLibrary.fss:3685:5-69 an [...]
overloading	FORWARD_CMP	same-sparams	component FortressLibrary	overloading	FortressLibrary.fss:3685,FortressLibrary.fss:3802	Invalid overloading of FORWARD_CMP in component FortressLibrary: [\I extends Object\](FullRange[\I\], Range[\I\])->Comparison @ FortressLibrary.fss:3802:5-91 an [...]
overloading	FORWARD_CMP	same-sparams	component FortressLibrary	overloading	FortressLibrary.fss:3685,FortressLibrary.fss:3803	Invalid overloading of FORWARD_CMP in component FortressLibrary: [\I extends Object\](FullRange[\I\], FullRange[\I\])->Comparison @ FortressLibrary.fss:3803:5-3 [...]
overloading	FORWARD_CMP	same-sparams	component FortressLibrary	overloading	FortressLibrary.fss:3718,FortressLibrary.fss:3751	Invalid overloading of FORWARD_CMP in component FortressLibrary: [\I extends Object\](ExtentRange[\I\], Range[\I\])->Comparison @ FortressLibrary.fss:3718:5-372 [...]
overloading	FORWARD_CMP	same-sparams	component FortressLibrary	overloading	FortressLibrary.fss:3718,FortressLibrary.fss:3776	Invalid overloading of FORWARD_CMP in component FortressLibrary: [\I extends Object\](ExtentRange[\I\], Range[\I\])->Comparison @ FortressLibrary.fss:3718:5-372 [...]
overloading	FORWARD_CMP	same-sparams	component FortressLibrary	overloading	FortressLibrary.fss:3718,FortressLibrary.fss:3802	Invalid overloading of FORWARD_CMP in component FortressLibrary: [\I extends Object\](ExtentRange[\I\], Range[\I\])->Comparison @ FortressLibrary.fss:3718:5-372 [...]
overloading	FORWARD_CMP	same-sparams	component FortressLibrary	overloading	FortressLibrary.fss:3718,FortressLibrary.fss:3803	Invalid overloading of FORWARD_CMP in component FortressLibrary: [\I extends Object\](ExtentRange[\I\], Range[\I\])->Comparison @ FortressLibrary.fss:3718:5-372 [...]
overloading	FORWARD_CMP	same-sparams	component FortressLibrary	overloading	FortressLibrary.fss:3751,FortressLibrary.fss:3776	Invalid overloading of FORWARD_CMP in component FortressLibrary: [\I extends Object\](LeftRange[\I\], Range[\I\])->Comparison @ FortressLibrary.fss:3751:5-3764: [...]
overloading	FORWARD_CMP	same-sparams	component FortressLibrary	overloading	FortressLibrary.fss:3751,FortressLibrary.fss:3802	Invalid overloading of FORWARD_CMP in component FortressLibrary: [\I extends Object\](FullRange[\I\], Range[\I\])->Comparison @ FortressLibrary.fss:3802:5-91 an [...]
overloading	FORWARD_CMP	same-sparams	component FortressLibrary	overloading	FortressLibrary.fss:3751,FortressLibrary.fss:3803	Invalid overloading of FORWARD_CMP in component FortressLibrary: [\I extends Object\](FullRange[\I\], FullRange[\I\])->Comparison @ FortressLibrary.fss:3803:5-3 [...]
overloading	FORWARD_CMP	same-sparams	component FortressLibrary	overloading	FortressLibrary.fss:3776,FortressLibrary.fss:3802	Invalid overloading of FORWARD_CMP in component FortressLibrary: [\I extends Object\](FullRange[\I\], Range[\I\])->Comparison @ FortressLibrary.fss:3802:5-91 an [...]
overloading	FORWARD_CMP	same-sparams	component FortressLibrary	overloading	FortressLibrary.fss:3776,FortressLibrary.fss:3803	Invalid overloading of FORWARD_CMP in component FortressLibrary: [\I extends Object\](FullRange[\I\], FullRange[\I\])->Comparison @ FortressLibrary.fss:3803:5-3 [...]
overloading	GCD (same parameter type)	same parameter type	api FortressLibrary	overloading	FortressLibrary.fsi:451,FortressLibrary.fsi:485	There are multiple declarations of GCD with the same parameter type: ((NN64 & {UnsignedLong, NN32}), NN64)
overloading	GCD (same parameter type)	same parameter type	api FortressLibrary	overloading	FortressLibrary.fsi:451,FortressLibrary.fsi:524	There are multiple declarations of GCD with the same parameter type: ((ZZ64 & {Long, ZZ32}), ZZ64)
overloading	GCD (same parameter type)	same parameter type	component FortressLibrary	overloading	FortressLibrary.fss:676,FortressLibrary.fss:744	There are multiple declarations of GCD with the same parameter type: ((ZZ32 & {Int, IntLiteral}), ZZ32)
overloading	GCD (same parameter type)	same parameter type	component FortressLibrary	overloading	FortressLibrary.fss:676,FortressLibrary.fss:744	There are multiple declarations of GCD with the same parameter type: (ZZ64)
overloading	GCD (same parameter type)	same parameter type	component FortressLibrary	overloading	FortressLibrary.fss:744,FortressLibrary.fss:798	There are multiple declarations of GCD with the same parameter type: ((ZZ64 & {Long, ZZ32}), ZZ64)
overloading	GCD (same parameter type)	same parameter type	component FortressLibrary	overloading	FortressLibrary.fss:744,FortressLibrary.fss:869	There are multiple declarations of GCD with the same parameter type: (ZZ)
overloading	GCD (same parameter type)	same parameter type	component FortressLibrary	overloading	FortressLibrary.fss:744,FortressLibrary.fss:869	There are multiple declarations of GCD with the same parameter type: (ZZ64)
overloading	GCD (same parameter type)	same parameter type	component FortressLibrary	overloading	FortressLibrary.fss:798,FortressLibrary.fss:869	There are multiple declarations of GCD with the same parameter type: ((NN64 & {UnsignedLong, NN32}), NN64)
overloading	GCD (same parameter type)	same parameter type	component FortressLibrary	overloading	FortressLibrary.fss:798,FortressLibrary.fss:869	There are multiple declarations of GCD with the same parameter type: (NN64)
overloading	IN	same-sparams	api FortressLibrary	overloading	FortressLibrary.fsi:2076,FortressLibrary.fsi:700	Invalid overloading of IN in API FortressLibrary: [\E extends Object\](E, Generator[\E\])->Boolean @ FortressLibrary.fsi:700:5-701:1 and [\I extends Object\](I, [...]
overloading	IN	same-sparams	api FortressLibrary	overloading	FortressLibrary.fsi:2076,FortressLibrary.fsi:799	Invalid overloading of IN in API FortressLibrary: [\E extends Object\](E, Condition[\E\])->Boolean @ FortressLibrary.fsi:799:5-800:1 and [\I extends Object\](I, [...]
overloading	IN	same-sparams	api FortressLibrary	overloading	FortressLibrary.fsi:2097,FortressLibrary.fsi:2114	Invalid overloading of IN in API FortressLibrary: [\I extends Object\](I, ExtentRange[\I\])->Boolean @ FortressLibrary.fsi:2114:5-31 and [\I extends Object\](I, [...]
overloading	IN	same-sparams	api FortressLibrary	overloading	FortressLibrary.fsi:2097,FortressLibrary.fsi:700	Invalid overloading of IN in API FortressLibrary: [\E extends Object\](E, Generator[\E\])->Boolean @ FortressLibrary.fsi:700:5-701:1 and [\I extends Object\](I, [...]
overloading	IN	same-sparams	api FortressLibrary	overloading	FortressLibrary.fsi:2097,FortressLibrary.fsi:799	Invalid overloading of IN in API FortressLibrary: [\E extends Object\](E, Condition[\E\])->Boolean @ FortressLibrary.fsi:799:5-800:1 and [\I extends Object\](I, [...]
overloading	IN	same-sparams	api FortressLibrary	overloading	FortressLibrary.fsi:2114,FortressLibrary.fsi:700	Invalid overloading of IN in API FortressLibrary: [\E extends Object\](E, Generator[\E\])->Boolean @ FortressLibrary.fsi:700:5-701:1 and [\I extends Object\](I, [...]
overloading	IN	same-sparams	api FortressLibrary	overloading	FortressLibrary.fsi:2114,FortressLibrary.fsi:799	Invalid overloading of IN in API FortressLibrary: [\E extends Object\](E, Condition[\E\])->Boolean @ FortressLibrary.fsi:799:5-800:1 and [\I extends Object\](I, [...]
overloading	IN	same-sparams	component FortressLibrary	overloading	FortressLibrary.fss:1060,FortressLibrary.fss:3686	Invalid overloading of IN in component FortressLibrary: [\E extends Object\](E, Generator[\E\])->Boolean @ FortressLibrary.fss:1060:5-55 and [\I extends Object\ [...]
overloading	IN	same-sparams	component FortressLibrary	overloading	FortressLibrary.fss:1060,FortressLibrary.fss:3717	Invalid overloading of IN in component FortressLibrary: [\E extends Object\](E, Generator[\E\])->Boolean @ FortressLibrary.fss:1060:5-55 and [\I extends Object\ [...]
overloading	IN	same-sparams	component FortressLibrary	overloading	FortressLibrary.fss:1244,FortressLibrary.fss:3686	Invalid overloading of IN in component FortressLibrary: [\E extends Object\](E, Condition[\E\])->Boolean @ FortressLibrary.fss:1244:5-88 and [\I extends Object\ [...]
overloading	IN	same-sparams	component FortressLibrary	overloading	FortressLibrary.fss:1244,FortressLibrary.fss:3717	Invalid overloading of IN in component FortressLibrary: [\E extends Object\](E, Condition[\E\])->Boolean @ FortressLibrary.fss:1244:5-88 and [\I extends Object\ [...]
overloading	IN	same-sparams	component FortressLibrary	overloading	FortressLibrary.fss:3686,FortressLibrary.fss:3717	Invalid overloading of IN in component FortressLibrary: [\I extends Object\](I, ExtentRange[\I\])->Boolean @ FortressLibrary.fss:3717:5-37 and [\I extends Objec [...]
overloading	IN	sentence	component FortressLibrary	overloading	FortressLibrary.fss:1244,RangeInternals.fsi:429	Invalid overloading of IN in component FortressLibrary: [\E extends Object\](E, Condition[\E\])->Boolean @ FortressLibrary.fss:1244:5-88 and [\I extends Integra [...]
overloading	IN	sentence	component FortressLibrary	overloading	FortressLibrary.fss:1244,RangeInternals.fsi:505	Invalid overloading of IN in component FortressLibrary: [\E extends Object\](E, Condition[\E\])->Boolean @ FortressLibrary.fss:1244:5-88 and [\I extends Integra [...]
overloading	IN	sentence	component FortressLibrary	overloading	FortressLibrary.fss:3686,RangeInternals.fsi:429	Invalid overloading of IN in component FortressLibrary: [\I extends Integral[\I\]\](I, RangeInternals.CompactFullScalarRange[\I\])->Boolean @ RangeInternals.fsi [...]
overloading	IN	sentence	component FortressLibrary	overloading	FortressLibrary.fss:3686,RangeInternals.fsi:505	Invalid overloading of IN in component FortressLibrary: [\I extends Integral[\I\]\](I, RangeInternals.StridedFullScalarRange[\I\])->Boolean @ RangeInternals.fsi [...]
overloading	IN	sentence	component FortressLibrary	overloading	FortressLibrary.fss:3717,RangeInternals.fsi:429	Invalid overloading of IN in component FortressLibrary: [\I extends Integral[\I\]\](I, RangeInternals.CompactFullScalarRange[\I\])->Boolean @ RangeInternals.fsi [...]
overloading	IN	sentence	component FortressLibrary	overloading	FortressLibrary.fss:3717,RangeInternals.fsi:505	Invalid overloading of IN in component FortressLibrary: [\I extends Integral[\I\]\](I, RangeInternals.StridedFullScalarRange[\I\])->Boolean @ RangeInternals.fsi [...]
overloading	INVERSE (same parameter type)	same parameter type	api FortressLibrary	overloading	FortressLibrary.fsi:129,FortressLibrary.fsi:150	There are multiple declarations of INVERSE with the same parameter type: (TotalComparison & {LessThan, EqualTo, GreaterThan})
overloading	LCM (same parameter type)	same parameter type	api FortressLibrary	overloading	FortressLibrary.fsi:452,FortressLibrary.fsi:486	There are multiple declarations of LCM with the same parameter type: ((NN64 & {UnsignedLong, NN32}), NN64)
overloading	LCM (same parameter type)	same parameter type	api FortressLibrary	overloading	FortressLibrary.fsi:486,FortressLibrary.fsi:525	There are multiple declarations of LCM with the same parameter type: ((ZZ32 & {Int, IntLiteral}), ZZ32)
overloading	LCM (same parameter type)	same parameter type	component FortressLibrary	overloading	FortressLibrary.fss:678,FortressLibrary.fss:800	There are multiple declarations of LCM with the same parameter type: ((ZZ32 & {Int, IntLiteral}), ZZ32)
overloading	LCM (same parameter type)	same parameter type	component FortressLibrary	overloading	FortressLibrary.fss:678,FortressLibrary.fss:871	There are multiple declarations of LCM with the same parameter type: (ZZ)
overloading	LCM (same parameter type)	same parameter type	component FortressLibrary	overloading	FortressLibrary.fss:746,FortressLibrary.fss:871	There are multiple declarations of LCM with the same parameter type: ((ZZ & {BigNum, ZZ64, NN64}), ZZ)
overloading	LCM (same parameter type)	same parameter type	component FortressLibrary	overloading	FortressLibrary.fss:746,FortressLibrary.fss:871	There are multiple declarations of LCM with the same parameter type: (ZZ)
overloading	LCM (same parameter type)	same parameter type	component FortressLibrary	overloading	FortressLibrary.fss:746,FortressLibrary.fss:871	There are multiple declarations of LCM with the same parameter type: (ZZ64)
overloading	LCM (same parameter type)	same parameter type	component FortressLibrary	overloading	FortressLibrary.fss:800,FortressLibrary.fss:871	There are multiple declarations of LCM with the same parameter type: ((NN64 & {UnsignedLong, NN32}), NN64)
overloading	LCM (same parameter type)	same parameter type	component FortressLibrary	overloading	FortressLibrary.fss:800,FortressLibrary.fss:871	There are multiple declarations of LCM with the same parameter type: (NN64)
overloading	LEXICO (same parameter type)	same parameter type	api FortressLibrary	overloading	FortressLibrary.fsi:127,FortressLibrary.fsi:128	There are multiple declarations of LEXICO with the same parameter type: ((TotalComparison & {LessThan, EqualTo, GreaterThan}), ()->TotalComparison)
overloading	LEXICO (same parameter type)	same parameter type	api FortressLibrary	overloading	FortressLibrary.fsi:127,FortressLibrary.fsi:158	There are multiple declarations of LEXICO with the same parameter type: (EqualTo, TotalComparison)
overloading	LEXICO (same parameter type)	same parameter type	api FortressLibrary	overloading	FortressLibrary.fsi:128,FortressLibrary.fsi:159	There are multiple declarations of LEXICO with the same parameter type: (EqualTo, ()->TotalComparison)
overloading	LEXICO (same parameter type)	same parameter type	component FortressLibrary	overloading	FortressLibrary.fss:170,FortressLibrary.fss:171	There are multiple declarations of LEXICO with the same parameter type: (()->TotalComparison)
overloading	LEXICO (same parameter type)	same parameter type	component FortressLibrary	overloading	FortressLibrary.fss:170,FortressLibrary.fss:171	There are multiple declarations of LEXICO with the same parameter type: ((TotalComparison & {LessThan, EqualTo, GreaterThan}), ()->TotalComparison)
overloading	LEXICO (same parameter type)	same parameter type	component FortressLibrary	overloading	FortressLibrary.fss:170,FortressLibrary.fss:171	There are multiple declarations of LEXICO with the same parameter type: (TotalComparison)
overloading	LEXICO (same parameter type)	same parameter type	component FortressLibrary	overloading	FortressLibrary.fss:170,FortressLibrary.fss:204	There are multiple declarations of LEXICO with the same parameter type: (EqualTo, TotalComparison)
overloading	LEXICO (same parameter type)	same parameter type	component FortressLibrary	overloading	FortressLibrary.fss:170,FortressLibrary.fss:204	There are multiple declarations of LEXICO with the same parameter type: (TotalComparison)
overloading	LEXICO (same parameter type)	same parameter type	component FortressLibrary	overloading	FortressLibrary.fss:171,FortressLibrary.fss:205	There are multiple declarations of LEXICO with the same parameter type: (()->TotalComparison)
overloading	LSHIFT (same parameter type)	same parameter type	api FortressLibrary	overloading	FortressLibrary.fsi:457,FortressLibrary.fsi:491	There are multiple declarations of LSHIFT with the same parameter type: ((ZZ32 & {Int, IntLiteral}), AnyIntegral)
overloading	LSHIFT (same parameter type)	same parameter type	api FortressLibrary	overloading	FortressLibrary.fsi:491,FortressLibrary.fsi:530	There are multiple declarations of LSHIFT with the same parameter type: ((ZZ64 & {Long, ZZ32}), AnyIntegral)
overloading	LSHIFT (same parameter type)	same parameter type	component FortressLibrary	overloading	FortressLibrary.fss:688,FortressLibrary.fss:756	There are multiple declarations of LSHIFT with the same parameter type: (AnyIntegral)
overloading	LSHIFT (same parameter type)	same parameter type	component FortressLibrary	overloading	FortressLibrary.fss:688,FortressLibrary.fss:810	There are multiple declarations of LSHIFT with the same parameter type: ((NN64 & {UnsignedLong, NN32}), AnyIntegral)
overloading	LSHIFT (same parameter type)	same parameter type	component FortressLibrary	overloading	FortressLibrary.fss:688,FortressLibrary.fss:881	There are multiple declarations of LSHIFT with the same parameter type: ((ZZ32 & {Int, IntLiteral}), AnyIntegral)
overloading	LSHIFT (same parameter type)	same parameter type	component FortressLibrary	overloading	FortressLibrary.fss:688,FortressLibrary.fss:881	There are multiple declarations of LSHIFT with the same parameter type: (AnyIntegral)
overloading	LSHIFT (same parameter type)	same parameter type	component FortressLibrary	overloading	FortressLibrary.fss:756,FortressLibrary.fss:881	There are multiple declarations of LSHIFT with the same parameter type: ((ZZ & {BigNum, ZZ64, NN64}), AnyIntegral)
overloading	LSHIFT (same parameter type)	same parameter type	component FortressLibrary	overloading	FortressLibrary.fss:756,FortressLibrary.fss:881	There are multiple declarations of LSHIFT with the same parameter type: (AnyIntegral)
overloading	LSHIFT (same parameter type)	same parameter type	component FortressLibrary	overloading	FortressLibrary.fss:810,FortressLibrary.fss:881	There are multiple declarations of LSHIFT with the same parameter type: (AnyIntegral)
overloading	MAX	sentence	api FortressLibrary	overloading	FortressLibrary.fsi:196,FortressLibrary.fsi:2559	Invalid overloading of MAX in API FortressLibrary: [\T extends Number, I extends Object\](Array[\T,I\], T)->Array[\T,I\] @ FortressLibrary.fsi:2559:1-67 and [\T [...]
overloading	MAX	sentence	api FortressLibrary	overloading	FortressLibrary.fsi:196,FortressLibrary.fsi:2560	Invalid overloading of MAX in API FortressLibrary: [\T extends Number, I extends Object\](T, Array[\T,I\])->Array[\T,I\] @ FortressLibrary.fsi:2560:1-2563:1 and [...]
overloading	MAX	sentence	api FortressLibrary	overloading	FortressLibrary.fsi:210,FortressLibrary.fsi:2559	Invalid overloading of MAX in API FortressLibrary: [\T extends Number, I extends Object\](Array[\T,I\], T)->Array[\T,I\] @ FortressLibrary.fsi:2559:1-67 and [\T [...]
overloading	MAX	sentence	api FortressLibrary	overloading	FortressLibrary.fsi:210,FortressLibrary.fsi:2560	Invalid overloading of MAX in API FortressLibrary: [\T extends Number, I extends Object\](T, Array[\T,I\])->Array[\T,I\] @ FortressLibrary.fsi:2560:1-2563:1 and [...]
overloading	MAX	sentence	component FortressLibrary	overloading	FortressLibrary.fss:261,FortressLibrary.fss:4520	Invalid overloading of MAX in component FortressLibrary: [\T extends Number, I extends Object\](Array[\T,I\], T)->Array[\T,I\] @ FortressLibrary.fss:4520:1-105  [...]
overloading	MAX	sentence	component FortressLibrary	overloading	FortressLibrary.fss:261,FortressLibrary.fss:4521	Invalid overloading of MAX in component FortressLibrary: [\T extends Number, I extends Object\](T, Array[\T,I\])->Array[\T,I\] @ FortressLibrary.fss:4521:1-4522 [...]
overloading	MIN	sentence	api FortressLibrary	overloading	FortressLibrary.fsi:185,FortressLibrary.fsi:2557	Invalid overloading of MIN in API FortressLibrary: [\T extends Number, I extends Object\](Array[\T,I\], T)->Array[\T,I\] @ FortressLibrary.fsi:2557:1-67 and [\T [...]
overloading	MIN	sentence	api FortressLibrary	overloading	FortressLibrary.fsi:185,FortressLibrary.fsi:2558	Invalid overloading of MIN in API FortressLibrary: [\T extends Number, I extends Object\](T, Array[\T,I\])->Array[\T,I\] @ FortressLibrary.fsi:2558:1-67 and [\T [...]
overloading	MIN	sentence	api FortressLibrary	overloading	FortressLibrary.fsi:209,FortressLibrary.fsi:2557	Invalid overloading of MIN in API FortressLibrary: [\T extends Number, I extends Object\](Array[\T,I\], T)->Array[\T,I\] @ FortressLibrary.fsi:2557:1-67 and [\T [...]
overloading	MIN	sentence	api FortressLibrary	overloading	FortressLibrary.fsi:209,FortressLibrary.fsi:2558	Invalid overloading of MIN in API FortressLibrary: [\T extends Number, I extends Object\](T, Array[\T,I\])->Array[\T,I\] @ FortressLibrary.fsi:2558:1-67 and [\T [...]
overloading	MIN	sentence	component FortressLibrary	overloading	FortressLibrary.fss:260,FortressLibrary.fss:4518	Invalid overloading of MIN in component FortressLibrary: [\T extends Number, I extends Object\](Array[\T,I\], T)->Array[\T,I\] @ FortressLibrary.fss:4518:1-105  [...]
overloading	MIN	sentence	component FortressLibrary	overloading	FortressLibrary.fss:260,FortressLibrary.fss:4519	Invalid overloading of MIN in component FortressLibrary: [\T extends Number, I extends Object\](T, Array[\T,I\])->Array[\T,I\] @ FortressLibrary.fss:4519:1-105  [...]
overloading	MOD (same parameter type)	same parameter type	api FortressLibrary	overloading	FortressLibrary.fsi:450,FortressLibrary.fsi:484	There are multiple declarations of MOD with the same parameter type: ((ZZ32 & {Int, IntLiteral}), ZZ32)
overloading	MOD (same parameter type)	same parameter type	api FortressLibrary	overloading	FortressLibrary.fsi:484,FortressLibrary.fsi:523	There are multiple declarations of MOD with the same parameter type: ((ZZ64 & {Long, ZZ32}), ZZ64)
overloading	MOD (same parameter type)	same parameter type	component FortressLibrary	overloading	FortressLibrary.fss:674,FortressLibrary.fss:742	There are multiple declarations of MOD with the same parameter type: (ZZ32)
overloading	MOD (same parameter type)	same parameter type	component FortressLibrary	overloading	FortressLibrary.fss:674,FortressLibrary.fss:796	There are multiple declarations of MOD with the same parameter type: ((NN64 & {UnsignedLong, NN32}), NN64)
overloading	MOD (same parameter type)	same parameter type	component FortressLibrary	overloading	FortressLibrary.fss:674,FortressLibrary.fss:867	There are multiple declarations of MOD with the same parameter type: ((ZZ32 & {Int, IntLiteral}), ZZ32)
overloading	MOD (same parameter type)	same parameter type	component FortressLibrary	overloading	FortressLibrary.fss:742,FortressLibrary.fss:796	There are multiple declarations of MOD with the same parameter type: ((ZZ64 & {Long, ZZ32}), ZZ64)
overloading	MOD (same parameter type)	same parameter type	component FortressLibrary	overloading	FortressLibrary.fss:742,FortressLibrary.fss:867	There are multiple declarations of MOD with the same parameter type: (ZZ64)
overloading	MOD (same parameter type)	same parameter type	component FortressLibrary	overloading	FortressLibrary.fss:796,FortressLibrary.fss:867	There are multiple declarations of MOD with the same parameter type: (NN64)
overloading	REM (same parameter type)	same parameter type	api FortressLibrary	overloading	FortressLibrary.fsi:449,FortressLibrary.fsi:483	There are multiple declarations of REM with the same parameter type: ((NN64 & {UnsignedLong, NN32}), NN64)
overloading	REM (same parameter type)	same parameter type	api FortressLibrary	overloading	FortressLibrary.fsi:449,FortressLibrary.fsi:522	There are multiple declarations of REM with the same parameter type: ((ZZ64 & {Long, ZZ32}), ZZ64)
overloading	REM (same parameter type)	same parameter type	component FortressLibrary	overloading	FortressLibrary.fss:672,FortressLibrary.fss:740	There are multiple declarations of REM with the same parameter type: (ZZ32)
overloading	REM (same parameter type)	same parameter type	component FortressLibrary	overloading	FortressLibrary.fss:672,FortressLibrary.fss:794	There are multiple declarations of REM with the same parameter type: ((ZZ32 & {Int, IntLiteral}), ZZ32)
overloading	REM (same parameter type)	same parameter type	component FortressLibrary	overloading	FortressLibrary.fss:672,FortressLibrary.fss:865	There are multiple declarations of REM with the same parameter type: (ZZ)
overloading	REM (same parameter type)	same parameter type	component FortressLibrary	overloading	FortressLibrary.fss:740,FortressLibrary.fss:794	There are multiple declarations of REM with the same parameter type: ((NN64 & {UnsignedLong, NN32}), NN64)
overloading	REM (same parameter type)	same parameter type	component FortressLibrary	overloading	FortressLibrary.fss:740,FortressLibrary.fss:865	There are multiple declarations of REM with the same parameter type: ((ZZ64 & {Long, ZZ32}), ZZ64)
overloading	REM (same parameter type)	same parameter type	component FortressLibrary	overloading	FortressLibrary.fss:740,FortressLibrary.fss:865	There are multiple declarations of REM with the same parameter type: (ZZ)
overloading	REM (same parameter type)	same parameter type	component FortressLibrary	overloading	FortressLibrary.fss:794,FortressLibrary.fss:865	There are multiple declarations of REM with the same parameter type: (ZZ)
overloading	RSHIFT (same parameter type)	same parameter type	api FortressLibrary	overloading	FortressLibrary.fsi:458,FortressLibrary.fsi:492	There are multiple declarations of RSHIFT with the same parameter type: ((ZZ32 & {Int, IntLiteral}), AnyIntegral)
overloading	RSHIFT (same parameter type)	same parameter type	api FortressLibrary	overloading	FortressLibrary.fsi:458,FortressLibrary.fsi:531	There are multiple declarations of RSHIFT with the same parameter type: ((NN64 & {UnsignedLong, NN32}), AnyIntegral)
overloading	RSHIFT (same parameter type)	same parameter type	component FortressLibrary	overloading	FortressLibrary.fss:690,FortressLibrary.fss:883	There are multiple declarations of RSHIFT with the same parameter type: ((ZZ & {BigNum, ZZ64, NN64}), AnyIntegral)
overloading	RSHIFT (same parameter type)	same parameter type	component FortressLibrary	overloading	FortressLibrary.fss:690,FortressLibrary.fss:883	There are multiple declarations of RSHIFT with the same parameter type: (AnyIntegral)
overloading	RSHIFT (same parameter type)	same parameter type	component FortressLibrary	overloading	FortressLibrary.fss:758,FortressLibrary.fss:812	There are multiple declarations of RSHIFT with the same parameter type: ((ZZ64 & {Long, ZZ32}), AnyIntegral)
overloading	RSHIFT (same parameter type)	same parameter type	component FortressLibrary	overloading	FortressLibrary.fss:758,FortressLibrary.fss:883	There are multiple declarations of RSHIFT with the same parameter type: (AnyIntegral)
overloading	RSHIFT (same parameter type)	same parameter type	component FortressLibrary	overloading	FortressLibrary.fss:812,FortressLibrary.fss:883	There are multiple declarations of RSHIFT with the same parameter type: ((NN64 & {UnsignedLong, NN32}), AnyIntegral)
overloading	RSHIFT (same parameter type)	same parameter type	component FortressLibrary	overloading	FortressLibrary.fss:812,FortressLibrary.fss:883	There are multiple declarations of RSHIFT with the same parameter type: (AnyIntegral)
overloading	SQCAP (same parameter type)	same parameter type	api FortressLibrary	overloading	FortressLibrary.fsi:837,FortressLibrary.fsi:882	There are multiple declarations of SQCAP with the same parameter type: ((Maybe[\T\] & {Nothing[\T\], Just[\T\]}), Maybe[\T\])
overloading	SQCAP (same parameter type)	same parameter type	component FortressLibrary	overloading	FortressLibrary.fss:1315,FortressLibrary.fss:1340	There are multiple declarations of SQCAP with the same parameter type: ((Maybe[\T\] & {Nothing[\T\], Just[\T\]}), Maybe[\T\])
overloading	SQCAP (same parameter type)	same parameter type	component FortressLibrary	overloading	FortressLibrary.fss:1315,FortressLibrary.fss:1340	There are multiple declarations of SQCAP with the same parameter type: (Just[\T\])
overloading	SQCAP (same parameter type)	same parameter type	component FortressLibrary	overloading	FortressLibrary.fss:1315,FortressLibrary.fss:1368	There are multiple declarations of SQCAP with the same parameter type: (Maybe[\T\])
overloading	SQCAP (same parameter type)	same parameter type	component FortressLibrary	overloading	FortressLibrary.fss:1315,FortressLibrary.fss:1368	There are multiple declarations of SQCAP with the same parameter type: (Nothing[\T\], Maybe[\T\])
overloading	combine2D	same-sparams	api RangeInternals	overloading	RangeInternals.fsi:141,RangeInternals.fsi:51	Invalid overloading of combine2D in API RangeInternals: [\I extends Integral[\I\], J extends Integral[\J\]\](RangeInternals.OpenScalarRange[\I\], RangeInternals [...]
overloading	combine2D	same-sparams	api RangeInternals	overloading	RangeInternals.fsi:200,RangeInternals.fsi:51	Invalid overloading of combine2D in API RangeInternals: [\I extends Integral[\I\], J extends Integral[\J\]\](RangeInternals.ExtentScalarRange[\I\], RangeInterna [...]
overloading	combine2D	same-sparams	api RangeInternals	overloading	RangeInternals.fsi:271,RangeInternals.fsi:51	Invalid overloading of combine2D in API RangeInternals: [\I extends Integral[\I\], J extends Integral[\J\]\](RangeInternals.LeftScalarRange[\I\], RangeInternals [...]
overloading	combine2D	same-sparams	api RangeInternals	overloading	RangeInternals.fsi:331,RangeInternals.fsi:51	Invalid overloading of combine2D in API RangeInternals: [\I extends Integral[\I\], J extends Integral[\J\]\](RangeInternals.RightScalarRange[\I\], RangeInternal [...]
overloading	combine2D	same-sparams	api RangeInternals	overloading	RangeInternals.fsi:458,RangeInternals.fsi:51	Invalid overloading of combine2D in API RangeInternals: [\I extends Integral[\I\], J extends Integral[\J\]\](RangeInternals.CompactFullScalarRange[\I\], RangeIn [...]
overloading	combine2D	same-sparams	api RangeInternals	overloading	RangeInternals.fsi:458,RangeInternals.fsi:532	Invalid overloading of combine2D in API RangeInternals: [\I extends Integral[\I\], J extends Integral[\J\]\](RangeInternals.CompactFullScalarRange[\I\], RangeIn [...]
overloading	combine2D	same-sparams	api RangeInternals	overloading	RangeInternals.fsi:51,RangeInternals.fsi:532	Invalid overloading of combine2D in API RangeInternals: [\I extends Integral[\I\], J extends Integral[\J\]\](RangeInternals.FullScalarRange[\I\], RangeInternals [...]
overloading	combine2D	same-sparams	component RangeInternals	overloading	RangeInternals.fss:1086,RangeInternals.fss:1328	Invalid overloading of combine2D in component RangeInternals: [\I extends Integral[\I\], J extends Integral[\J\]\](RangeInternals.CompactFullScalarRange[\I\], R [...]
overloading	combine2D	same-sparams	component RangeInternals	overloading	RangeInternals.fss:1086,RangeInternals.fss:166	Invalid overloading of combine2D in component RangeInternals: [\I extends Integral[\I\], J extends Integral[\J\]\](RangeInternals.CompactFullScalarRange[\I\], R [...]
overloading	combine2D	same-sparams	component RangeInternals	overloading	RangeInternals.fss:1328,RangeInternals.fss:166	Invalid overloading of combine2D in component RangeInternals: [\I extends Integral[\I\], J extends Integral[\J\]\](RangeInternals.FullScalarRange[\I\], RangeInt [...]
overloading	combine2D	same-sparams	component RangeInternals	overloading	RangeInternals.fss:166,RangeInternals.fss:332	Invalid overloading of combine2D in component RangeInternals: [\I extends Integral[\I\], J extends Integral[\J\]\](RangeInternals.OpenScalarRange[\I\], RangeInt [...]
overloading	combine2D	same-sparams	component RangeInternals	overloading	RangeInternals.fss:166,RangeInternals.fss:461	Invalid overloading of combine2D in component RangeInternals: [\I extends Integral[\I\], J extends Integral[\J\]\](RangeInternals.ExtentScalarRange[\I\], RangeI [...]
overloading	combine2D	same-sparams	component RangeInternals	overloading	RangeInternals.fss:166,RangeInternals.fss:612	Invalid overloading of combine2D in component RangeInternals: [\I extends Integral[\I\], J extends Integral[\J\]\](RangeInternals.LeftScalarRange[\I\], RangeInt [...]
overloading	combine2D	same-sparams	component RangeInternals	overloading	RangeInternals.fss:166,RangeInternals.fss:732	Invalid overloading of combine2D in component RangeInternals: [\I extends Integral[\I\], J extends Integral[\J\]\](RangeInternals.RightScalarRange[\I\], RangeIn [...]
overloading	combine3D	same-sparams	api RangeInternals	overloading	RangeInternals.fsi:155,RangeInternals.fsi:83	Invalid overloading of combine3D in API RangeInternals: [\I extends Integral[\I\], J extends Integral[\J\], K extends Integral[\K\]\](RangeInternals.OpenScalarR [...]
overloading	combine3D	same-sparams	api RangeInternals	overloading	RangeInternals.fsi:215,RangeInternals.fsi:83	Invalid overloading of combine3D in API RangeInternals: [\I extends Integral[\I\], J extends Integral[\J\], K extends Integral[\K\]\](RangeInternals.ExtentScala [...]
overloading	combine3D	same-sparams	api RangeInternals	overloading	RangeInternals.fsi:286,RangeInternals.fsi:83	Invalid overloading of combine3D in API RangeInternals: [\I extends Integral[\I\], J extends Integral[\J\], K extends Integral[\K\]\](RangeInternals.LeftScalarR [...]
overloading	combine3D	same-sparams	api RangeInternals	overloading	RangeInternals.fsi:346,RangeInternals.fsi:83	Invalid overloading of combine3D in API RangeInternals: [\I extends Integral[\I\], J extends Integral[\J\], K extends Integral[\K\]\](RangeInternals.RightScalar [...]
overloading	combine3D	same-sparams	api RangeInternals	overloading	RangeInternals.fsi:476,RangeInternals.fsi:549	Invalid overloading of combine3D in API RangeInternals: [\I extends Integral[\I\], J extends Integral[\J\], K extends Integral[\K\]\](RangeInternals.CompactFull [...]
overloading	combine3D	same-sparams	api RangeInternals	overloading	RangeInternals.fsi:476,RangeInternals.fsi:83	Invalid overloading of combine3D in API RangeInternals: [\I extends Integral[\I\], J extends Integral[\J\], K extends Integral[\K\]\](RangeInternals.CompactFull [...]
overloading	combine3D	same-sparams	api RangeInternals	overloading	RangeInternals.fsi:549,RangeInternals.fsi:83	Invalid overloading of combine3D in API RangeInternals: [\I extends Integral[\I\], J extends Integral[\J\], K extends Integral[\K\]\](RangeInternals.FullScalarR [...]
overloading	combine3D	same-sparams	component RangeInternals	overloading	RangeInternals.fss:1119,RangeInternals.fss:1363	Invalid overloading of combine3D in component RangeInternals: [\I extends Integral[\I\], J extends Integral[\J\], K extends Integral[\K\]\](RangeInternals.Compa [...]
overloading	combine3D	same-sparams	component RangeInternals	overloading	RangeInternals.fss:1119,RangeInternals.fss:226	Invalid overloading of combine3D in component RangeInternals: [\I extends Integral[\I\], J extends Integral[\J\], K extends Integral[\K\]\](RangeInternals.Compa [...]
overloading	combine3D	same-sparams	component RangeInternals	overloading	RangeInternals.fss:1363,RangeInternals.fss:226	Invalid overloading of combine3D in component RangeInternals: [\I extends Integral[\I\], J extends Integral[\J\], K extends Integral[\K\]\](RangeInternals.FullS [...]
overloading	combine3D	same-sparams	component RangeInternals	overloading	RangeInternals.fss:226,RangeInternals.fss:349	Invalid overloading of combine3D in component RangeInternals: [\I extends Integral[\I\], J extends Integral[\J\], K extends Integral[\K\]\](RangeInternals.OpenS [...]
overloading	combine3D	same-sparams	component RangeInternals	overloading	RangeInternals.fss:226,RangeInternals.fss:485	Invalid overloading of combine3D in component RangeInternals: [\I extends Integral[\I\], J extends Integral[\J\], K extends Integral[\K\]\](RangeInternals.Exten [...]
overloading	combine3D	same-sparams	component RangeInternals	overloading	RangeInternals.fss:226,RangeInternals.fss:641	Invalid overloading of combine3D in component RangeInternals: [\I extends Integral[\I\], J extends Integral[\J\], K extends Integral[\K\]\](RangeInternals.LeftS [...]
overloading	combine3D	same-sparams	component RangeInternals	overloading	RangeInternals.fss:226,RangeInternals.fss:761	Invalid overloading of combine3D in component RangeInternals: [\I extends Integral[\I\], J extends Integral[\J\], K extends Integral[\K\]\](RangeInternals.Right [...]
overloading	copy	same-sparams	api FortressLibrary	overloading	FortressLibrary.fsi:1341,FortressLibrary.fsi:1372	Invalid overloading of copy in trait StandardMutableArrayType: Array[\E,I\]->Array[\E,I\] @ FortressLibrary.fsi:1341:5-32 and StandardImmutableArrayType[\T,E,I\ [...]
overloading	copy	same-sparams	component FortressLibrary	overloading	FortressLibrary.fss:1919,FortressLibrary.fss:1989	Invalid overloading of copy in trait StandardMutableArrayType: Array[\E,I\]->Array[\E,I\] @ FortressLibrary.fss:1919:5-1920:5 and StandardImmutableArrayType[\T, [...]
overloading	cross	same-sparams	component FortressLibrary	overloading	FortressLibrary.fss:1042,FortressLibrary.fss:1195	Invalid overloading of cross in trait SimpleMappedSeqGenerator: [\F extends Object\](SequentialGenerator[\F\], Generator[\F\])->Generator[\(F, F)\] @ FortressLi [...]
overloading	cross	same-sparams	component FortressLibrary	overloading	FortressLibrary.fss:1042,FortressLibrary.fss:1195	Invalid overloading of cross in trait SimpleNestedSeqGenerator: [\F extends Object\](SequentialGenerator[\F\], Generator[\F\])->Generator[\(F, F)\] @ FortressLi [...]
overloading	cross	same-sparams	component FortressLibrary	overloading	FortressLibrary.fss:1042,FortressLibrary.fss:1195	Invalid overloading of cross in trait SimplePairSeqGenerator: [\F extends Object\](SequentialGenerator[\(E, F)\], Generator[\F\])->Generator[\((E, F), F)\] @ Fo [...]
overloading	fill	fill-same	api FortressLibrary	overloading	FortressLibrary.fsi:1318,FortressLibrary.fsi:1370	Invalid overloading of fill in trait ImmutableArray1: (ImmutableArray[\T,ZZ32\], ZZ32->T)->ImmutableArray[\T,ZZ32\] @ FortressLibrary.fsi:1318:5-47 and (Standar [...]
overloading	fill	fill-same	api FortressLibrary	overloading	FortressLibrary.fsi:1319,FortressLibrary.fsi:1371	Invalid overloading of fill in trait ImmutableArray1: (ImmutableArray[\T,ZZ32\], T)->ImmutableArray[\T,ZZ32\] @ FortressLibrary.fsi:1319:5-44 and (StandardImmut [...]
overloading	fill	fill-same	api FortressLibrary	overloading	FortressLibrary.fsi:1338,FortressLibrary.fsi:1370	Invalid overloading of fill in trait Array1: (Array[\T,ZZ32\], ZZ32->T)->Array[\T,ZZ32\] @ FortressLibrary.fsi:1338:5-38 and (StandardImmutableArrayType[\Array1 [...]
overloading	fill	fill-same	api FortressLibrary	overloading	FortressLibrary.fsi:1338,FortressLibrary.fsi:1370	Invalid overloading of fill in trait Array2: (Array[\T,(ZZ32, ZZ32)\], (ZZ32, ZZ32)->T)->Array[\T,(ZZ32, ZZ32)\] @ FortressLibrary.fsi:1338:5-38 and (StandardIm [...]
overloading	fill	fill-same	api FortressLibrary	overloading	FortressLibrary.fsi:1338,FortressLibrary.fsi:1370	Invalid overloading of fill in trait Array3: (Array[\T,(ZZ32, ZZ32, ZZ32)\], (ZZ32, ZZ32, ZZ32)->T)->Array[\T,(ZZ32, ZZ32, ZZ32)\] @ FortressLibrary.fsi:1338:5- [...]
overloading	fill	fill-same	api FortressLibrary	overloading	FortressLibrary.fsi:1338,FortressLibrary.fsi:1370	Invalid overloading of fill in trait Matrix: (Array[\T,(ZZ32, ZZ32)\], (ZZ32, ZZ32)->T)->Array[\T,(ZZ32, ZZ32)\] @ FortressLibrary.fsi:1338:5-38 and (StandardIm [...]
overloading	fill	fill-same	api FortressLibrary	overloading	FortressLibrary.fsi:1338,FortressLibrary.fsi:1370	Invalid overloading of fill in trait StandardMutableArrayType: (Array[\E,I\], I->E)->Array[\E,I\] @ FortressLibrary.fsi:1338:5-38 and (StandardImmutableArrayTyp [...]
overloading	fill	fill-same	api FortressLibrary	overloading	FortressLibrary.fsi:1338,FortressLibrary.fsi:1370	Invalid overloading of fill in trait Vector: (Array[\T,ZZ32\], ZZ32->T)->Array[\T,ZZ32\] @ FortressLibrary.fsi:1338:5-38 and (StandardImmutableArrayType[\Array1 [...]
overloading	fill	fill-same	api FortressLibrary	overloading	FortressLibrary.fsi:1339,FortressLibrary.fsi:1371	Invalid overloading of fill in trait Array1: (Array[\T,ZZ32\], T)->Array[\T,ZZ32\] @ FortressLibrary.fsi:1339:5-35 and (StandardImmutableArrayType[\Array1[\T,b0 [...]
overloading	fill	fill-same	api FortressLibrary	overloading	FortressLibrary.fsi:1339,FortressLibrary.fsi:1371	Invalid overloading of fill in trait Array2: (Array[\T,(ZZ32, ZZ32)\], T)->Array[\T,(ZZ32, ZZ32)\] @ FortressLibrary.fsi:1339:5-35 and (StandardImmutableArrayTy [...]
overloading	fill	fill-same	api FortressLibrary	overloading	FortressLibrary.fsi:1339,FortressLibrary.fsi:1371	Invalid overloading of fill in trait Array3: (Array[\T,(ZZ32, ZZ32, ZZ32)\], T)->Array[\T,(ZZ32, ZZ32, ZZ32)\] @ FortressLibrary.fsi:1339:5-35 and (StandardImmu [...]
overloading	fill	fill-same	api FortressLibrary	overloading	FortressLibrary.fsi:1339,FortressLibrary.fsi:1371	Invalid overloading of fill in trait Matrix: (Array[\T,(ZZ32, ZZ32)\], T)->Array[\T,(ZZ32, ZZ32)\] @ FortressLibrary.fsi:1339:5-35 and (StandardImmutableArrayTy [...]
overloading	fill	fill-same	api FortressLibrary	overloading	FortressLibrary.fsi:1339,FortressLibrary.fsi:1371	Invalid overloading of fill in trait StandardMutableArrayType: (Array[\E,I\], E)->Array[\E,I\] @ FortressLibrary.fsi:1339:5-35 and (StandardImmutableArrayType[\ [...]
overloading	fill	fill-same	api FortressLibrary	overloading	FortressLibrary.fsi:1339,FortressLibrary.fsi:1371	Invalid overloading of fill in trait Vector: (Array[\T,ZZ32\], T)->Array[\T,ZZ32\] @ FortressLibrary.fsi:1339:5-35 and (StandardImmutableArrayType[\Array1[\T,0, [...]
overloading	fill	fill-same	api NativeArray+component NativeArray	overloading	FortressLibrary.fsi:1318,FortressLibrary.fsi:1370	Invalid overloading of fill in trait PrimImmutableArray: (ImmutableArray[\T,ZZ32\], ZZ32->T)->ImmutableArray[\T,ZZ32\] @ FortressLibrary.fsi:1318:5-47 and (Stan [...]
overloading	fill	fill-same	api NativeArray+component NativeArray	overloading	FortressLibrary.fsi:1319,FortressLibrary.fsi:1371	Invalid overloading of fill in trait PrimImmutableArray: (ImmutableArray[\T,ZZ32\], T)->ImmutableArray[\T,ZZ32\] @ FortressLibrary.fsi:1319:5-44 and (StandardIm [...]
overloading	fill	fill-same	api NativeArray+component NativeArray	overloading	FortressLibrary.fsi:1338,FortressLibrary.fsi:1370	Invalid overloading of fill in trait PrimitiveArray: (Array[\T,ZZ32\], ZZ32->T)->Array[\T,ZZ32\] @ FortressLibrary.fsi:1338:5-38 and (StandardImmutableArrayType [...]
overloading	fill	fill-same	api NativeArray+component NativeArray	overloading	FortressLibrary.fsi:1339,FortressLibrary.fsi:1371	Invalid overloading of fill in trait PrimitiveArray: (Array[\T,ZZ32\], T)->Array[\T,ZZ32\] @ FortressLibrary.fsi:1339:5-35 and (StandardImmutableArrayType[\Arra [...]
overloading	fill	fill-same	component FortressLibrary	overloading	FortressLibrary.fss:1883,FortressLibrary.fss:1980	Invalid overloading of fill in trait ImmutableArray1: (ImmutableArray[\T,ZZ32\], ZZ32->T)->ImmutableArray[\T,ZZ32\] @ FortressLibrary.fss:1883:5-38 and (Standar [...]
overloading	fill	fill-same	component FortressLibrary	overloading	FortressLibrary.fss:1883,FortressLibrary.fss:1980	Invalid overloading of fill in trait __ImmutableSubArray1: (ImmutableArray[\T,ZZ32\], ZZ32->T)->ImmutableArray[\T,ZZ32\] @ FortressLibrary.fss:1883:5-38 and (St [...]
overloading	fill	fill-same	component FortressLibrary	overloading	FortressLibrary.fss:1884,FortressLibrary.fss:1984	Invalid overloading of fill in trait ImmutableArray1: (ImmutableArray[\T,ZZ32\], T)->ImmutableArray[\T,ZZ32\] @ FortressLibrary.fss:1884:5-35 and (StandardImmut [...]
overloading	fill	fill-same	component FortressLibrary	overloading	FortressLibrary.fss:1884,FortressLibrary.fss:1984	Invalid overloading of fill in trait __ImmutableSubArray1: (ImmutableArray[\T,ZZ32\], T)->ImmutableArray[\T,ZZ32\] @ FortressLibrary.fss:1884:5-35 and (Standard [...]
overloading	fill	fill-same	component FortressLibrary	overloading	FortressLibrary.fss:1916,FortressLibrary.fss:1980	Invalid overloading of fill in trait Array1: (Array[\T,ZZ32\], ZZ32->T)->Array[\T,ZZ32\] @ FortressLibrary.fss:1916:5-29 and (StandardImmutableArrayType[\Array1 [...]
overloading	fill	fill-same	component FortressLibrary	overloading	FortressLibrary.fss:1916,FortressLibrary.fss:1980	Invalid overloading of fill in trait Array2: (Array[\T,(ZZ32, ZZ32)\], (ZZ32, ZZ32)->T)->Array[\T,(ZZ32, ZZ32)\] @ FortressLibrary.fss:1916:5-29 and (StandardIm [...]
overloading	fill	fill-same	component FortressLibrary	overloading	FortressLibrary.fss:1916,FortressLibrary.fss:1980	Invalid overloading of fill in trait Array3: (Array[\T,(ZZ32, ZZ32, ZZ32)\], (ZZ32, ZZ32, ZZ32)->T)->Array[\T,(ZZ32, ZZ32, ZZ32)\] @ FortressLibrary.fss:1916:5- [...]
overloading	fill	fill-same	component FortressLibrary	overloading	FortressLibrary.fss:1916,FortressLibrary.fss:1980	Invalid overloading of fill in trait Col: (Array[\T,ZZ32\], ZZ32->T)->Array[\T,ZZ32\] @ FortressLibrary.fss:1916:5-29 and (StandardImmutableArrayType[\Array1[\T [...]
overloading	fill	fill-same	component FortressLibrary	overloading	FortressLibrary.fss:1916,FortressLibrary.fss:1980	Invalid overloading of fill in trait Matrix: (Array[\T,(ZZ32, ZZ32)\], (ZZ32, ZZ32)->T)->Array[\T,(ZZ32, ZZ32)\] @ FortressLibrary.fss:1916:5-29 and (StandardIm [...]
overloading	fill	fill-same	component FortressLibrary	overloading	FortressLibrary.fss:1916,FortressLibrary.fss:1980	Invalid overloading of fill in trait Row: (Array[\T,ZZ32\], ZZ32->T)->Array[\T,ZZ32\] @ FortressLibrary.fss:1916:5-29 and (StandardImmutableArrayType[\Array1[\T [...]
overloading	fill	fill-same	component FortressLibrary	overloading	FortressLibrary.fss:1916,FortressLibrary.fss:1980	Invalid overloading of fill in trait StandardMutableArrayType: (Array[\E,I\], I->E)->Array[\E,I\] @ FortressLibrary.fss:1916:5-29 and (StandardImmutableArrayTyp [...]
overloading	fill	fill-same	component FortressLibrary	overloading	FortressLibrary.fss:1916,FortressLibrary.fss:1980	Invalid overloading of fill in trait SubArray2: (Array[\T,(ZZ32, ZZ32)\], (ZZ32, ZZ32)->T)->Array[\T,(ZZ32, ZZ32)\] @ FortressLibrary.fss:1916:5-29 and (Standar [...]
overloading	fill	fill-same	component FortressLibrary	overloading	FortressLibrary.fss:1916,FortressLibrary.fss:1980	Invalid overloading of fill in trait SubArray3: (Array[\T,(ZZ32, ZZ32, ZZ32)\], (ZZ32, ZZ32, ZZ32)->T)->Array[\T,(ZZ32, ZZ32, ZZ32)\] @ FortressLibrary.fss:1916 [...]
overloading	fill	fill-same	component FortressLibrary	overloading	FortressLibrary.fss:1916,FortressLibrary.fss:1980	Invalid overloading of fill in trait TransposedArray2: (Array[\T,(ZZ32, ZZ32)\], (ZZ32, ZZ32)->T)->Array[\T,(ZZ32, ZZ32)\] @ FortressLibrary.fss:1916:5-29 and ( [...]
overloading	fill	fill-same	component FortressLibrary	overloading	FortressLibrary.fss:1916,FortressLibrary.fss:1980	Invalid overloading of fill in trait TransposedMatrix: (Array[\T,(ZZ32, ZZ32)\], (ZZ32, ZZ32)->T)->Array[\T,(ZZ32, ZZ32)\] @ FortressLibrary.fss:1916:5-29 and ( [...]
overloading	fill	fill-same	component FortressLibrary	overloading	FortressLibrary.fss:1916,FortressLibrary.fss:1980	Invalid overloading of fill in trait Vector: (Array[\T,ZZ32\], ZZ32->T)->Array[\T,ZZ32\] @ FortressLibrary.fss:1916:5-29 and (StandardImmutableArrayType[\Array1 [...]
overloading	fill	fill-same	component FortressLibrary	overloading	FortressLibrary.fss:1916,FortressLibrary.fss:1980	Invalid overloading of fill in trait __DefaultArray2: (Array[\T,(ZZ32, ZZ32)\], (ZZ32, ZZ32)->T)->Array[\T,(ZZ32, ZZ32)\] @ FortressLibrary.fss:1916:5-29 and (S [...]
overloading	fill	fill-same	component FortressLibrary	overloading	FortressLibrary.fss:1916,FortressLibrary.fss:1980	Invalid overloading of fill in trait __DefaultArray3: (Array[\T,(ZZ32, ZZ32, ZZ32)\], (ZZ32, ZZ32, ZZ32)->T)->Array[\T,(ZZ32, ZZ32, ZZ32)\] @ FortressLibrary.fs [...]
overloading	fill	fill-same	component FortressLibrary	overloading	FortressLibrary.fss:1916,FortressLibrary.fss:1980	Invalid overloading of fill in trait __DefaultMatrix: (Array[\T,(ZZ32, ZZ32)\], (ZZ32, ZZ32)->T)->Array[\T,(ZZ32, ZZ32)\] @ FortressLibrary.fss:1916:5-29 and (S [...]
overloading	fill	fill-same	component FortressLibrary	overloading	FortressLibrary.fss:1916,FortressLibrary.fss:1980	Invalid overloading of fill in trait __DefaultVector: (Array[\T,ZZ32\], ZZ32->T)->Array[\T,ZZ32\] @ FortressLibrary.fss:1916:5-29 and (StandardImmutableArrayTyp [...]
overloading	fill	fill-same	component FortressLibrary	overloading	FortressLibrary.fss:1916,FortressLibrary.fss:1980	Invalid overloading of fill in trait __SimpleSubArray1: (Array[\T,ZZ32\], ZZ32->T)->Array[\T,ZZ32\] @ FortressLibrary.fss:1916:5-29 and (StandardImmutableArrayT [...]
overloading	fill	fill-same	component FortressLibrary	overloading	FortressLibrary.fss:1917,FortressLibrary.fss:1984	Invalid overloading of fill in trait Array1: (Array[\T,ZZ32\], T)->Array[\T,ZZ32\] @ FortressLibrary.fss:1917:5-26 and (StandardImmutableArrayType[\Array1[\T,b0 [...]
overloading	fill	fill-same	component FortressLibrary	overloading	FortressLibrary.fss:1917,FortressLibrary.fss:1984	Invalid overloading of fill in trait Array2: (Array[\T,(ZZ32, ZZ32)\], T)->Array[\T,(ZZ32, ZZ32)\] @ FortressLibrary.fss:1917:5-26 and (StandardImmutableArrayTy [...]
overloading	fill	fill-same	component FortressLibrary	overloading	FortressLibrary.fss:1917,FortressLibrary.fss:1984	Invalid overloading of fill in trait Array3: (Array[\T,(ZZ32, ZZ32, ZZ32)\], T)->Array[\T,(ZZ32, ZZ32, ZZ32)\] @ FortressLibrary.fss:1917:5-26 and (StandardImmu [...]
overloading	fill	fill-same	component FortressLibrary	overloading	FortressLibrary.fss:1917,FortressLibrary.fss:1984	Invalid overloading of fill in trait Col: (Array[\T,ZZ32\], T)->Array[\T,ZZ32\] @ FortressLibrary.fss:1917:5-26 and (StandardImmutableArrayType[\Array1[\T,b0,s0 [...]
overloading	fill	fill-same	component FortressLibrary	overloading	FortressLibrary.fss:1917,FortressLibrary.fss:1984	Invalid overloading of fill in trait Matrix: (Array[\T,(ZZ32, ZZ32)\], T)->Array[\T,(ZZ32, ZZ32)\] @ FortressLibrary.fss:1917:5-26 and (StandardImmutableArrayTy [...]
overloading	fill	fill-same	component FortressLibrary	overloading	FortressLibrary.fss:1917,FortressLibrary.fss:1984	Invalid overloading of fill in trait Row: (Array[\T,ZZ32\], T)->Array[\T,ZZ32\] @ FortressLibrary.fss:1917:5-26 and (StandardImmutableArrayType[\Array1[\T,b1,s1 [...]
overloading	fill	fill-same	component FortressLibrary	overloading	FortressLibrary.fss:1917,FortressLibrary.fss:1984	Invalid overloading of fill in trait StandardMutableArrayType: (Array[\E,I\], E)->Array[\E,I\] @ FortressLibrary.fss:1917:5-26 and (StandardImmutableArrayType[\ [...]
overloading	fill	fill-same	component FortressLibrary	overloading	FortressLibrary.fss:1917,FortressLibrary.fss:1984	Invalid overloading of fill in trait SubArray2: (Array[\T,(ZZ32, ZZ32)\], T)->Array[\T,(ZZ32, ZZ32)\] @ FortressLibrary.fss:1917:5-26 and (StandardImmutableArra [...]
overloading	fill	fill-same	component FortressLibrary	overloading	FortressLibrary.fss:1917,FortressLibrary.fss:1984	Invalid overloading of fill in trait SubArray3: (Array[\T,(ZZ32, ZZ32, ZZ32)\], T)->Array[\T,(ZZ32, ZZ32, ZZ32)\] @ FortressLibrary.fss:1917:5-26 and (StandardI [...]
overloading	fill	fill-same	component FortressLibrary	overloading	FortressLibrary.fss:1917,FortressLibrary.fss:1984	Invalid overloading of fill in trait TransposedArray2: (Array[\T,(ZZ32, ZZ32)\], T)->Array[\T,(ZZ32, ZZ32)\] @ FortressLibrary.fss:1917:5-26 and (StandardImmuta [...]
overloading	fill	fill-same	component FortressLibrary	overloading	FortressLibrary.fss:1917,FortressLibrary.fss:1984	Invalid overloading of fill in trait TransposedMatrix: (Array[\T,(ZZ32, ZZ32)\], T)->Array[\T,(ZZ32, ZZ32)\] @ FortressLibrary.fss:1917:5-26 and (StandardImmuta [...]
overloading	fill	fill-same	component FortressLibrary	overloading	FortressLibrary.fss:1917,FortressLibrary.fss:1984	Invalid overloading of fill in trait Vector: (Array[\T,ZZ32\], T)->Array[\T,ZZ32\] @ FortressLibrary.fss:1917:5-26 and (StandardImmutableArrayType[\Array1[\T,0, [...]
overloading	fill	fill-same	component FortressLibrary	overloading	FortressLibrary.fss:1917,FortressLibrary.fss:1984	Invalid overloading of fill in trait __DefaultArray2: (Array[\T,(ZZ32, ZZ32)\], T)->Array[\T,(ZZ32, ZZ32)\] @ FortressLibrary.fss:1917:5-26 and (StandardImmutab [...]
overloading	fill	fill-same	component FortressLibrary	overloading	FortressLibrary.fss:1917,FortressLibrary.fss:1984	Invalid overloading of fill in trait __DefaultArray3: (Array[\T,(ZZ32, ZZ32, ZZ32)\], T)->Array[\T,(ZZ32, ZZ32, ZZ32)\] @ FortressLibrary.fss:1917:5-26 and (Sta [...]
overloading	fill	fill-same	component FortressLibrary	overloading	FortressLibrary.fss:1917,FortressLibrary.fss:1984	Invalid overloading of fill in trait __DefaultMatrix: (Array[\T,(ZZ32, ZZ32)\], T)->Array[\T,(ZZ32, ZZ32)\] @ FortressLibrary.fss:1917:5-26 and (StandardImmutab [...]
overloading	fill	fill-same	component FortressLibrary	overloading	FortressLibrary.fss:1917,FortressLibrary.fss:1984	Invalid overloading of fill in trait __DefaultVector: (Array[\T,ZZ32\], T)->Array[\T,ZZ32\] @ FortressLibrary.fss:1917:5-26 and (StandardImmutableArrayType[\Arr [...]
overloading	fill	fill-same	component FortressLibrary	overloading	FortressLibrary.fss:1917,FortressLibrary.fss:1984	Invalid overloading of fill in trait __SimpleSubArray1: (Array[\T,ZZ32\], T)->Array[\T,ZZ32\] @ FortressLibrary.fss:1917:5-26 and (StandardImmutableArrayType[\A [...]
overloading	fill	fill-same	component NativeArray	overloading	FortressLibrary.fsi:1318,FortressLibrary.fsi:1370	Invalid overloading of fill in trait PrimImmutableRR64Array: (ImmutableArray[\RR64,ZZ32\], ZZ32->RR64)->ImmutableArray[\RR64,ZZ32\] @ FortressLibrary.fsi:1318:5 [...]
overloading	fill	fill-same	component NativeArray	overloading	FortressLibrary.fsi:1319,FortressLibrary.fsi:1371	Invalid overloading of fill in trait PrimImmutableRR64Array: (ImmutableArray[\RR64,ZZ32\], RR64)->ImmutableArray[\RR64,ZZ32\] @ FortressLibrary.fsi:1319:5-44 an [...]
overloading	generate	same-sparams	api FortressLibrary	overloading	FortressLibrary.fsi:625,FortressLibrary.fsi:790	Invalid overloading of generate in trait NoReductionPair: [\G extends Object\](Condition[\SomeReductionPair[\R\]\], Reduction[\G\], SomeReductionPair[\R\]->G)-> [...]
overloading	generate	same-sparams	api FortressLibrary	overloading	FortressLibrary.fsi:625,FortressLibrary.fsi:790	Invalid overloading of generate in trait PossibleReductionPair: [\G extends Object\](Condition[\SomeReductionPair[\R\]\], Reduction[\G\], SomeReductionPair[\R\] [...]
overloading	generate	same-sparams	api FortressLibrary	overloading	FortressLibrary.fsi:625,FortressLibrary.fsi:790	Invalid overloading of generate in trait ReductionPair: [\G extends Object\](Condition[\SomeReductionPair[\R\]\], Reduction[\G\], SomeReductionPair[\R\]->G)->G  [...]
overloading	generate	same-sparams	api FortressLibrary	overloading	FortressLibrary.fsi:625,FortressLibrary.fsi:790	Invalid overloading of generate in trait SomeReductionPair: [\G extends Object\](Condition[\SomeReductionPair[\R\]\], Reduction[\G\], SomeReductionPair[\R\]->G) [...]
overloading	generate	same-sparams	component FortressLibrary	overloading	FortressLibrary.fss:1227,FortressLibrary.fss:986	Invalid overloading of generate in trait NoReductionPair: [\G extends Object\](Condition[\PossibleReductionPair[\R\]\], Reduction[\G\], PossibleReductionPair[\R [...]
overloading	generate	same-sparams	component FortressLibrary	overloading	FortressLibrary.fss:1227,FortressLibrary.fss:986	Invalid overloading of generate in trait PossibleReductionPair: [\G extends Object\](Condition[\PossibleReductionPair[\R\]\], Reduction[\G\], PossibleReductionP [...]
overloading	generate	same-sparams	component FortressLibrary	overloading	FortressLibrary.fss:1227,FortressLibrary.fss:986	Invalid overloading of generate in trait SomeReductionPair: [\G extends Object\](Condition[\PossibleReductionPair[\R\]\], Reduction[\G\], PossibleReductionPair[ [...]
overloading	ivmap	same-sparams	api FortressLibrary	overloading	FortressLibrary.fsi:1178,FortressLibrary.fsi:792	Invalid overloading of ivmap in trait Just: [\G extends Object\](Condition[\T\], (ZZ32, T)->G)->Generator[\G\] @ FortressLibrary.fsi:792:5-46 and [\R extends Ob [...]
overloading	ivmap	same-sparams	api FortressLibrary	overloading	FortressLibrary.fsi:1178,FortressLibrary.fsi:792	Invalid overloading of ivmap in trait Maybe: [\G extends Object\](Condition[\T\], (ZZ32, T)->G)->Generator[\G\] @ FortressLibrary.fsi:792:5-46 and [\R extends O [...]
overloading	ivmap	same-sparams	api FortressLibrary	overloading	FortressLibrary.fsi:1178,FortressLibrary.fsi:792	Invalid overloading of ivmap in trait Nothing: [\G extends Object\](Condition[\T\], (ZZ32, T)->G)->Generator[\G\] @ FortressLibrary.fsi:792:5-46 and [\R extends [...]
overloading	ivmap	same-sparams	component FortressLibrary	overloading	FortressLibrary.fss:1232,FortressLibrary.fss:1708	Invalid overloading of ivmap in trait NoReductionPair: [\G extends Object\](Condition[\PossibleReductionPair[\R\]\], (ZZ32, PossibleReductionPair[\R\])->G)->Con [...]
overloading	ivmap	same-sparams	component FortressLibrary	overloading	FortressLibrary.fss:1232,FortressLibrary.fss:1708	Invalid overloading of ivmap in trait PossibleReductionPair: [\G extends Object\](Condition[\PossibleReductionPair[\R\]\], (ZZ32, PossibleReductionPair[\R\])->G [...]
overloading	ivmap	same-sparams	component FortressLibrary	overloading	FortressLibrary.fss:1232,FortressLibrary.fss:1708	Invalid overloading of ivmap in trait SomeReductionPair: [\G extends Object\](Condition[\PossibleReductionPair[\R\]\], (ZZ32, PossibleReductionPair[\R\])->G)->C [...]
overloading	juxtaposition	same-sparams	api FortressLibrary	overloading	FortressLibrary.fsi:2361,FortressLibrary.fsi:2363	Invalid overloading of juxtaposition in API FortressLibrary: (Any, String)->String @ FortressLibrary.fsi:2361:5-41 and (String, Any)->String @ FortressLibrary.f [...]
overloading	juxtaposition	same-sparams	component FortressLibrary	overloading	FortressLibrary.fss:4060,FortressLibrary.fss:4062	Invalid overloading of juxtaposition in component FortressLibrary: (Any, String)->String @ FortressLibrary.fss:4060:5-59 and (String, Any)->String @ FortressLib [...]
overloading	juxtaposition	same-sparams	component FortressLibrary	overloading	FortressLibrary.fss:4060,FortressLibrary.fss:4062	Invalid overloading of juxtaposition in trait String: (Any, String)->String @ FortressLibrary.fss:4060:5-59 and (String, Any)->String @ FortressLibrary.fss:4062 [...]
overloading	juxtaposition	sentence	api FortressLibrary	overloading	FortressLibrary.fsi:2361,FortressLibrary.fsi:271	Invalid overloading of juxtaposition in API FortressLibrary: (Any, String)->String @ FortressLibrary.fsi:2361:5-41 and [\T extends MultiplicativeRing[\T\]\](Mul [...]
overloading	juxtaposition	sentence	api FortressLibrary	overloading	FortressLibrary.fsi:2362,FortressLibrary.fsi:271	Invalid overloading of juxtaposition in API FortressLibrary: (String, String)->String @ FortressLibrary.fsi:2362:5-44 and [\T extends MultiplicativeRing[\T\]\]( [...]
overloading	juxtaposition	sentence	api FortressLibrary	overloading	FortressLibrary.fsi:2363,FortressLibrary.fsi:271	Invalid overloading of juxtaposition in API FortressLibrary: (String, Any)->String @ FortressLibrary.fsi:2363:5-2365:64 and [\T extends MultiplicativeRing[\T\]\ [...]
overloading	juxtaposition (same parameter type)	same parameter type	api FortressLibrary	overloading	FortressLibrary.fsi:396,FortressLibrary.fsi:420	There are multiple declarations of juxtaposition with the same parameter type: (Integral[\I\], I)
overloading	juxtaposition (same parameter type)	same parameter type	api FortressLibrary	overloading	FortressLibrary.fsi:396,FortressLibrary.fsi:447	There are multiple declarations of juxtaposition with the same parameter type: ((NN64 & {UnsignedLong, NN32}), NN64)
overloading	juxtaposition (same parameter type)	same parameter type	api FortressLibrary	overloading	FortressLibrary.fsi:396,FortressLibrary.fsi:520	There are multiple declarations of juxtaposition with the same parameter type: ((QQ & {AnyIntegral}), QQ)
overloading	juxtaposition (same parameter type)	same parameter type	api FortressLibrary	overloading	FortressLibrary.fsi:481,FortressLibrary.fsi:520	There are multiple declarations of juxtaposition with the same parameter type: ((ZZ64 & {Long, ZZ32}), ZZ64)
overloading	juxtaposition (same parameter type)	same parameter type	component FortressLibrary	overloading	FortressLibrary.fss:572,FortressLibrary.fss:668	There are multiple declarations of juxtaposition with the same parameter type: ((QQ & {Ratio, AnyIntegral}), QQ)
overloading	juxtaposition (same parameter type)	same parameter type	component FortressLibrary	overloading	FortressLibrary.fss:572,FortressLibrary.fss:736	There are multiple declarations of juxtaposition with the same parameter type: ((ZZ64 & {Long, ZZ32}), ZZ64)
overloading	juxtaposition (same parameter type)	same parameter type	component FortressLibrary	overloading	FortressLibrary.fss:572,FortressLibrary.fss:736	There are multiple declarations of juxtaposition with the same parameter type: (ZZ64)
overloading	juxtaposition (same parameter type)	same parameter type	component FortressLibrary	overloading	FortressLibrary.fss:572,FortressLibrary.fss:851	There are multiple declarations of juxtaposition with the same parameter type: (QQ)
overloading	juxtaposition (same parameter type)	same parameter type	component FortressLibrary	overloading	FortressLibrary.fss:572,FortressLibrary.fss:851	There are multiple declarations of juxtaposition with the same parameter type: (ZZ)
overloading	juxtaposition (same parameter type)	same parameter type	component FortressLibrary	overloading	FortressLibrary.fss:668,FortressLibrary.fss:736	There are multiple declarations of juxtaposition with the same parameter type: (ZZ64)
overloading	juxtaposition (same parameter type)	same parameter type	component FortressLibrary	overloading	FortressLibrary.fss:736,FortressLibrary.fss:851	There are multiple declarations of juxtaposition with the same parameter type: ((ZZ & {BigNum, ZZ64, NN64}), ZZ)
overloading	juxtaposition (same parameter type)	same parameter type	component FortressLibrary	overloading	FortressLibrary.fss:736,FortressLibrary.fss:851	There are multiple declarations of juxtaposition with the same parameter type: (ZZ)
overloading	juxtaposition (same parameter type)	same parameter type	component FortressLibrary	overloading	FortressLibrary.fss:790,FortressLibrary.fss:851	There are multiple declarations of juxtaposition with the same parameter type: ((NN64 & {UnsignedLong, NN32}), NN64)
overloading	juxtaposition (same parameter type)	same parameter type	component FortressLibrary	overloading	FortressLibrary.fss:790,FortressLibrary.fss:851	There are multiple declarations of juxtaposition with the same parameter type: (NN64)
overloading	lift	same-sparams	api FortressLibrary	overloading	FortressLibrary.fsi:1731,FortressLibrary.fsi:1770	Invalid overloading of lift in trait AssociativeReduction: (ActualReduction[\R,AnyMaybe\], R)->AnyMaybe @ FortressLibrary.fsi:1731:5-25 and (AssociativeReductio [...]
overloading	lift	same-sparams	api FortressLibrary	overloading	FortressLibrary.fsi:1731,FortressLibrary.fsi:1770	Invalid overloading of lift in trait CommutativeReduction: (ActualReduction[\R,AnyMaybe\], R)->AnyMaybe @ FortressLibrary.fsi:1731:5-25 and (AssociativeReductio [...]
overloading	lift	same-sparams	api FortressLibrary	overloading	FortressLibrary.fsi:1731,FortressLibrary.fsi:1770	Invalid overloading of lift in trait MaxReduction: (ActualReduction[\T,AnyMaybe\], T)->AnyMaybe @ FortressLibrary.fsi:1731:5-25 and (AssociativeReduction[\T\],  [...]
overloading	lift	same-sparams	api FortressLibrary	overloading	FortressLibrary.fsi:1731,FortressLibrary.fsi:1770	Invalid overloading of lift in trait MinMaxReduction: (ActualReduction[\(T, T),AnyMaybe\], (T, T))->AnyMaybe @ FortressLibrary.fsi:1731:5-25 and (AssociativeRed [...]
overloading	lift	same-sparams	api FortressLibrary	overloading	FortressLibrary.fsi:1731,FortressLibrary.fsi:1770	Invalid overloading of lift in trait MinReduction: (ActualReduction[\T,AnyMaybe\], T)->AnyMaybe @ FortressLibrary.fsi:1731:5-25 and (AssociativeReduction[\T\],  [...]
overloading	lift	same-sparams	api FortressLibrary	overloading	FortressLibrary.fsi:1731,FortressLibrary.fsi:1770	Invalid overloading of lift in trait NewlineReduction: (ActualReduction[\String,AnyMaybe\], String)->AnyMaybe @ FortressLibrary.fsi:1731:5-25 and (AssociativeRe [...]
overloading	map	same-sparams	api FortressLibrary	overloading	FortressLibrary.fsi:1179,FortressLibrary.fsi:764	Invalid overloading of map in trait Maybe: [\G extends Object\](SequentialGenerator[\T\], T->G)->SequentialGenerator[\G\] @ FortressLibrary.fsi:764:5-47 and [\R [...]
overloading	map	same-sparams	api FortressLibrary	overloading	FortressLibrary.fsi:1179,FortressLibrary.fsi:791	Invalid overloading of map in trait Maybe: [\G extends Object\](Condition[\T\], T->G)->Condition[\G\] @ FortressLibrary.fsi:791:5-792:4 and [\R extends Object\] [...]
overloading	map	same-sparams	api RangeInternals+component RangeInternals	overloading	FortressLibrary.fsi:1179,FortressLibrary.fsi:764	Invalid overloading of map in trait CompactFullSeqScalarRange: [\G extends Object\](SequentialGenerator[\I\], I->G)->SequentialGenerator[\G\] @ FortressLibrary. [...]
overloading	map	same-sparams	api RangeInternals+component RangeInternals	overloading	FortressLibrary.fsi:1179,FortressLibrary.fsi:764	Invalid overloading of map in trait StridedFullSeqScalarRange: [\G extends Object\](SequentialGenerator[\I\], I->G)->SequentialGenerator[\G\] @ FortressLibrary. [...]
overloading	map	same-sparams	component FortressLibrary	overloading	FortressLibrary.fss:1185,FortressLibrary.fss:1709	Invalid overloading of map in trait NoReductionPair: [\G extends Object\](SequentialGenerator[\PossibleReductionPair[\R\]\], PossibleReductionPair[\R\]->G)->Seq [...]
overloading	map	same-sparams	component FortressLibrary	overloading	FortressLibrary.fss:1185,FortressLibrary.fss:1709	Invalid overloading of map in trait PossibleReductionPair: [\G extends Object\](SequentialGenerator[\PossibleReductionPair[\R\]\], PossibleReductionPair[\R\]->G [...]
overloading	map	same-sparams	component FortressLibrary	overloading	FortressLibrary.fss:1185,FortressLibrary.fss:1709	Invalid overloading of map in trait SomeReductionPair: [\G extends Object\](SequentialGenerator[\PossibleReductionPair[\R\]\], PossibleReductionPair[\R\]->G)->S [...]
overloading	map	same-sparams	component FortressLibrary	overloading	FortressLibrary.fss:1185,FortressLibrary.fss:3402	Invalid overloading of map in trait SimpleMappedSeqGenerator: [\G extends Object\](MappedGenerator[\E,F\], F->G)->SimpleMappedGenerator[\E,G\] @ FortressLibrary [...]
overloading	map	same-sparams	component FortressLibrary	overloading	FortressLibrary.fss:1185,FortressLibrary.fss:3488	Invalid overloading of map in trait SimpleNestedSeqGenerator: [\G extends Object\](NestedGenerator[\E,F\], F->G)->Generator[\G\] @ FortressLibrary.fss:3488:5-34 [...]
overloading	map	same-sparams	component FortressLibrary	overloading	FortressLibrary.fss:1230,FortressLibrary.fss:1709	Invalid overloading of map in trait NoReductionPair: [\G extends Object\](Condition[\PossibleReductionPair[\R\]\], PossibleReductionPair[\R\]->G)->Condition[\G\ [...]
overloading	map	same-sparams	component FortressLibrary	overloading	FortressLibrary.fss:1230,FortressLibrary.fss:1709	Invalid overloading of map in trait PossibleReductionPair: [\G extends Object\](Condition[\PossibleReductionPair[\R\]\], PossibleReductionPair[\R\]->G)->Conditi [...]
overloading	map	same-sparams	component FortressLibrary	overloading	FortressLibrary.fss:1230,FortressLibrary.fss:1709	Invalid overloading of map in trait SomeReductionPair: [\G extends Object\](Condition[\PossibleReductionPair[\R\]\], PossibleReductionPair[\R\]->G)->Condition[\ [...]
overloading	map	same-sparams	component FortressLibrary	overloading	FortressLibrary.fss:1709,FortressLibrary.fss:993	Invalid overloading of map in trait NoReductionPair: [\G extends Object\](Generator[\PossibleReductionPair[\R\]\], PossibleReductionPair[\R\]->G)->Generator[\G\ [...]
overloading	map	same-sparams	component FortressLibrary	overloading	FortressLibrary.fss:1709,FortressLibrary.fss:993	Invalid overloading of map in trait PossibleReductionPair: [\G extends Object\](Generator[\PossibleReductionPair[\R\]\], PossibleReductionPair[\R\]->G)->Generat [...]
overloading	map	same-sparams	component FortressLibrary	overloading	FortressLibrary.fss:1709,FortressLibrary.fss:993	Invalid overloading of map in trait SomeReductionPair: [\G extends Object\](Generator[\PossibleReductionPair[\R\]\], PossibleReductionPair[\R\]->G)->Generator[\ [...]
overloading	narrow (same parameter type)	same parameter type	api FortressLibrary	overloading	FortressLibrary.fsi:461,FortressLibrary.fsi:540	There are multiple declarations of narrow with the same parameter type: (NN64 & {UnsignedLong, NN32})
overloading	narrow (same parameter type)	same parameter type	api FortressLibrary	overloading	FortressLibrary.fsi:533,FortressLibrary.fsi:540	There are multiple declarations of narrow with the same parameter type: (ZZ & {BigNum, ZZ64, NN64})
overloading	narrow (same parameter type)	same parameter type	component FortressLibrary	overloading	FortressLibrary.fss:766,FortressLibrary.fss:891	There are multiple declarations of narrow with the same parameter type: ()
overloading	narrow (same parameter type)	same parameter type	component FortressLibrary	overloading	FortressLibrary.fss:766,FortressLibrary.fss:891	There are multiple declarations of narrow with the same parameter type: (ZZ & {BigNum, ZZ64, NN64})
overloading	narrow (same parameter type)	same parameter type	component FortressLibrary	overloading	FortressLibrary.fss:820,FortressLibrary.fss:891	There are multiple declarations of narrow with the same parameter type: ()
overloading	narrow (same parameter type)	same parameter type	component FortressLibrary	overloading	FortressLibrary.fss:820,FortressLibrary.fss:891	There are multiple declarations of narrow with the same parameter type: (NN64 & {UnsignedLong, NN32})
overloading	nest	same-sparams	component FortressLibrary	overloading	FortressLibrary.fss:1188,FortressLibrary.fss:3490	Invalid overloading of nest in trait SimpleNestedSeqGenerator: [\G extends Object\](NestedGenerator[\E,F\], F->Generator[\G\])->Generator[\G\] @ FortressLibrary [...]
overloading	numerator (same parameter type)	same parameter type	api FortressLibrary	overloading	FortressLibrary.fsi:378,FortressLibrary.fsi:539	There are multiple declarations of numerator with the same parameter type: (ZZ & {BigNum, ZZ64, NN64})
overloading	openRangeHelper	sentence	api RangeInternals	overloading	RangeInternals.fsi:612,RangeInternals.fsi:614	Invalid overloading of openRangeHelper in API RangeInternals: [\I extends Integral[\I\], J extends Integral[\J\]\]()->(I, J)->RangeInternals.OpenRange2D[\I,J\]  [...]
overloading	openRangeHelper	sentence	api RangeInternals	overloading	RangeInternals.fsi:612,RangeInternals.fsi:616	Invalid overloading of openRangeHelper in API RangeInternals: [\I extends Integral[\I\], J extends Integral[\J\], K extends Integral[\K\]\]()->(I, J, K)->RangeI [...]
overloading	openRangeHelper	sentence	api RangeInternals	overloading	RangeInternals.fsi:614,RangeInternals.fsi:616	Invalid overloading of openRangeHelper in API RangeInternals: [\I extends Integral[\I\], J extends Integral[\J\], K extends Integral[\K\]\]()->(I, J, K)->RangeI [...]
overloading	openRangeHelper	sentence	component RangeInternals	overloading	RangeInternals.fss:1482,RangeInternals.fss:1484	Invalid overloading of openRangeHelper in component RangeInternals: [\I extends AnyIntegral, J extends AnyIntegral\]()->(I, J)->RangeInternals.OpenRange2D[\I,J\ [...]
overloading	openRangeHelper	sentence	component RangeInternals	overloading	RangeInternals.fss:1482,RangeInternals.fss:1486	Invalid overloading of openRangeHelper in component RangeInternals: [\I extends AnyIntegral, J extends AnyIntegral, K extends AnyIntegral\]()->(I, J, K)->RangeI [...]
overloading	openRangeHelper	sentence	component RangeInternals	overloading	RangeInternals.fss:1484,RangeInternals.fss:1486	Invalid overloading of openRangeHelper in component RangeInternals: [\I extends AnyIntegral, J extends AnyIntegral, K extends AnyIntegral\]()->(I, J, K)->RangeI [...]
overloading	partitionL (same parameter type)	same parameter type	component FortressLibrary	overloading	FortressLibrary.fss:698,FortressLibrary.fss:764	There are multiple declarations of partitionL with the same parameter type: ()
overloading	partitionL (same parameter type)	same parameter type	component FortressLibrary	overloading	FortressLibrary.fss:698,FortressLibrary.fss:764	There are multiple declarations of partitionL with the same parameter type: (ZZ64 & {Long, ZZ32})
overloading	partitionL (same parameter type)	same parameter type	component FortressLibrary	overloading	FortressLibrary.fss:698,FortressLibrary.fss:818	There are multiple declarations of partitionL with the same parameter type: (ZZ32 & {Int, IntLiteral})
overloading	round (same parameter type)	same parameter type	component FortressLibrary	overloading	FortressLibrary.fss:592,FortressLibrary.fss:643	There are multiple declarations of round with the same parameter type: ()
overloading	round (same parameter type)	same parameter type	component FortressLibrary	overloading	FortressLibrary.fss:592,FortressLibrary.fss:643	There are multiple declarations of round with the same parameter type: Integral[\I\]
overloading	seq	same-sparams	api FortressLibrary	overloading	FortressLibrary.fsi:2044,FortressLibrary.fsi:763	Invalid overloading of seq in API FortressLibrary: [\E extends Object\]FilterGenerator[\E\]->SequentialGenerator[\E\] @ FortressLibrary.fsi:2044:5-2045:1 and [\ [...]
overloading	seq	same-sparams	component FortressLibrary	overloading	FortressLibrary.fss:1184,FortressLibrary.fss:3452	Invalid overloading of seq in component FortressLibrary: [\E extends Object\]FilterGenerator[\E\]->SequentialGenerator[\E\] @ FortressLibrary.fss:3452:5-91 and  [...]
overloading	seq	same-sparams	component FortressLibrary	overloading	FortressLibrary.fss:1778,FortressLibrary.fss:3404	Invalid overloading of seq in component FortressLibrary: [\E extends Object, F extends Object\]MappedGenerator[\E,F\]->SimpleMappedSeqGenerator[\E,F\] @ Fortres [...]
overloading	seq	same-sparams	component FortressLibrary	overloading	FortressLibrary.fss:1833,FortressLibrary.fss:3404	Invalid overloading of seq in component FortressLibrary: [\E extends Object, F extends Object\]MappedGenerator[\E,F\]->SimpleMappedSeqGenerator[\E,F\] @ Fortres [...]
overloading	seq	sentence	api FortressLibrary	overloading	FortressLibrary.fsi:1224,FortressLibrary.fsi:2044	Invalid overloading of seq in API FortressLibrary: [\E extends Object, I extends Object\]DelegatedIndexed[\E,I\]->SequentialGenerator[\E\] @ FortressLibrary.fsi [...]
overloading	seq	sentence	api FortressLibrary	overloading	FortressLibrary.fsi:1224,FortressLibrary.fsi:763	Invalid overloading of seq in API FortressLibrary: [\E extends Object, I extends Object\]DelegatedIndexed[\E,I\]->SequentialGenerator[\E\] @ FortressLibrary.fsi [...]
overloading	seq	sentence	api FortressLibrary	overloading	FortressLibrary.fsi:1274,FortressLibrary.fsi:2044	Invalid overloading of seq in API FortressLibrary: [\E extends Object, I extends Object\]ReadableArray[\E,I\]->SequentialGenerator[\E\] @ FortressLibrary.fsi:12 [...]
overloading	seq	sentence	api FortressLibrary	overloading	FortressLibrary.fsi:1274,FortressLibrary.fsi:763	Invalid overloading of seq in API FortressLibrary: [\E extends Object, I extends Object\]ReadableArray[\E,I\]->SequentialGenerator[\E\] @ FortressLibrary.fsi:12 [...]
overloading	seq	sentence	component FortressLibrary	overloading	FortressLibrary.fss:1184,FortressLibrary.fss:1778	Invalid overloading of seq in component FortressLibrary: [\E extends Object, I extends Object\]DelegatedIndexed[\E,I\]->SequentialGenerator[\E\] @ FortressLibra [...]
overloading	seq	sentence	component FortressLibrary	overloading	FortressLibrary.fss:1184,FortressLibrary.fss:1833	Invalid overloading of seq in component FortressLibrary: [\E extends Object, I extends Object\]ReadableArray[\E,I\]->SequentialGenerator[\E\] @ FortressLibrary. [...]
overloading	seq	sentence	component FortressLibrary	overloading	FortressLibrary.fss:1184,FortressLibrary.fss:3404	Invalid overloading of seq in component FortressLibrary: [\E extends Object, F extends Object\]MappedGenerator[\E,F\]->SimpleMappedSeqGenerator[\E,F\] @ Fortres [...]
overloading	seq	sentence	component FortressLibrary	overloading	FortressLibrary.fss:1778,FortressLibrary.fss:3452	Invalid overloading of seq in component FortressLibrary: [\E extends Object, I extends Object\]DelegatedIndexed[\E,I\]->SequentialGenerator[\E\] @ FortressLibra [...]
overloading	seq	sentence	component FortressLibrary	overloading	FortressLibrary.fss:1833,FortressLibrary.fss:3452	Invalid overloading of seq in component FortressLibrary: [\E extends Object, I extends Object\]ReadableArray[\E,I\]->SequentialGenerator[\E\] @ FortressLibrary. [...]
overloading	seq	sentence	component FortressLibrary	overloading	FortressLibrary.fss:3404,FortressLibrary.fss:3452	Invalid overloading of seq in component FortressLibrary: [\E extends Object, F extends Object\]MappedGenerator[\E,F\]->SimpleMappedSeqGenerator[\E,F\] @ Fortres [...]
overloading	seq	sentence	component FortressLibrary	overloading	FortressLibrary.fss:3537,FortressLibrary.fss:996	Invalid overloading of seq in component FortressLibrary: [\E extends Object, F extends Object\]SimplePairGenerator[\E,F\]->SequentialGenerator[\E\] @ FortressLi [...]
overloading	unsigned (same parameter type)	same parameter type	component FortressLibrary	overloading	FortressLibrary.fss:700,FortressLibrary.fss:768	There are multiple declarations of unsigned with the same parameter type: ()
overloading	unsigned (same parameter type)	same parameter type	component FortressLibrary	overloading	FortressLibrary.fss:700,FortressLibrary.fss:768	There are multiple declarations of unsigned with the same parameter type: (ZZ64 & {Long, ZZ32})
overloading	widen (same parameter type)	same parameter type	api FortressLibrary	overloading	FortressLibrary.fsi:494,FortressLibrary.fsi:541	There are multiple declarations of widen with the same parameter type: (ZZ32 & {Int, IntLiteral})
overloading	widen (same parameter type)	same parameter type	component FortressLibrary	overloading	FortressLibrary.fss:696,FortressLibrary.fss:894	There are multiple declarations of widen with the same parameter type: ()
overloading	widen (same parameter type)	same parameter type	component FortressLibrary	overloading	FortressLibrary.fss:696,FortressLibrary.fss:894	There are multiple declarations of widen with the same parameter type: (ZZ32 & {Int, IntLiteral})
return-type	BITAND	-	api FortressLibrary	overloading	FortressLibrary.fsi:428,FortressLibrary.fsi:454	For BITAND, the return type of ((NN64 & {UnsignedLong, NN32}), NN64)->NN64 @ FortressLibrary.fsi:454:5-32 should be a subtype of the return type of [\I extends  [...]
return-type	BITAND	-	api FortressLibrary	overloading	FortressLibrary.fsi:428,FortressLibrary.fsi:488	For BITAND, the return type of ((ZZ32 & {Int, IntLiteral}), ZZ32)->ZZ32 @ FortressLibrary.fsi:488:5-32 should be a subtype of the return type of [\I extends Int [...]
return-type	BITAND	-	api FortressLibrary	overloading	FortressLibrary.fsi:428,FortressLibrary.fsi:527	For BITAND, the return type of ((ZZ64 & {Long, ZZ32}), ZZ64)->ZZ64 @ FortressLibrary.fsi:527:5-32 should be a subtype of the return type of [\I extends Integral [...]
return-type	BITAND	-	api FortressLibrary	overloading	FortressLibrary.fsi:454,FortressLibrary.fsi:488	For BITAND, the return type of ((NN64 & {UnsignedLong, NN32}), NN64)->NN64 @ FortressLibrary.fsi:454:5-32 should be a subtype of the return type of ((ZZ32 & {In [...]
return-type	BITAND	-	api FortressLibrary	overloading	FortressLibrary.fsi:454,FortressLibrary.fsi:488	For BITAND, the return type of ((ZZ32 & {Int, IntLiteral}), ZZ32)->ZZ32 @ FortressLibrary.fsi:488:5-32 should be a subtype of the return type of ((NN64 & {Unsig [...]
return-type	BITAND	-	api FortressLibrary	overloading	FortressLibrary.fsi:454,FortressLibrary.fsi:527	For BITAND, the return type of ((NN64 & {UnsignedLong, NN32}), NN64)->NN64 @ FortressLibrary.fsi:454:5-32 should be a subtype of the return type of ((ZZ64 & {Lo [...]
return-type	BITAND	-	api FortressLibrary	overloading	FortressLibrary.fsi:454,FortressLibrary.fsi:527	For BITAND, the return type of ((ZZ64 & {Long, ZZ32}), ZZ64)->ZZ64 @ FortressLibrary.fsi:527:5-32 should be a subtype of the return type of ((NN64 & {UnsignedLo [...]
return-type	BITAND	-	api FortressLibrary	overloading	FortressLibrary.fsi:488,FortressLibrary.fsi:527	For BITAND, the return type of ((ZZ64 & {Long, ZZ32}), ZZ64)->ZZ64 @ FortressLibrary.fsi:527:5-32 should be a subtype of the return type of ((ZZ32 & {Int, IntLi [...]
return-type	BITAND	-	component FortressLibrary	overloading	FortressLibrary.fss:682,FortressLibrary.fss:750	For BITAND, the return type of ((ZZ64 & {Long, ZZ32}), ZZ64)->ZZ64 @ FortressLibrary.fss:750:5-751:78 should be a subtype of the return type of ((ZZ32 & {Int, I [...]
return-type	BITAND	-	component FortressLibrary	overloading	FortressLibrary.fss:682,FortressLibrary.fss:804	For BITAND, the return type of ((NN64 & {UnsignedLong, NN32}), NN64)->NN64 @ FortressLibrary.fss:804:5-805:86 should be a subtype of the return type of ((ZZ32 & [...]
return-type	BITAND	-	component FortressLibrary	overloading	FortressLibrary.fss:682,FortressLibrary.fss:804	For BITAND, the return type of ((ZZ32 & {Int, IntLiteral}), ZZ32)->ZZ32 @ FortressLibrary.fss:682:5-683:77 should be a subtype of the return type of ((NN64 & {U [...]
return-type	BITAND	-	component FortressLibrary	overloading	FortressLibrary.fss:682,FortressLibrary.fss:875	For BITAND, the return type of ((ZZ & {BigNum, ZZ64, NN64}), ZZ)->ZZ @ FortressLibrary.fss:875:5-876:80 should be a subtype of the return type of ((ZZ32 & {Int, [...]
return-type	BITAND	-	component FortressLibrary	overloading	FortressLibrary.fss:750,FortressLibrary.fss:804	For BITAND, the return type of ((NN64 & {UnsignedLong, NN32}), NN64)->NN64 @ FortressLibrary.fss:804:5-805:86 should be a subtype of the return type of ((ZZ64 & [...]
return-type	BITAND	-	component FortressLibrary	overloading	FortressLibrary.fss:750,FortressLibrary.fss:804	For BITAND, the return type of ((ZZ64 & {Long, ZZ32}), ZZ64)->ZZ64 @ FortressLibrary.fss:750:5-751:78 should be a subtype of the return type of ((NN64 & {Unsign [...]
return-type	BITAND	-	component FortressLibrary	overloading	FortressLibrary.fss:750,FortressLibrary.fss:875	For BITAND, the return type of ((ZZ & {BigNum, ZZ64, NN64}), ZZ)->ZZ @ FortressLibrary.fss:875:5-876:80 should be a subtype of the return type of ((ZZ64 & {Long [...]
return-type	BITAND	-	component FortressLibrary	overloading	FortressLibrary.fss:804,FortressLibrary.fss:875	For BITAND, the return type of ((ZZ & {BigNum, ZZ64, NN64}), ZZ)->ZZ @ FortressLibrary.fss:875:5-876:80 should be a subtype of the return type of ((NN64 & {Unsi [...]
return-type	BITNOT	-	api FortressLibrary	overloading	FortressLibrary.fsi:433,FortressLibrary.fsi:459	For BITNOT, the return type of (NN64 & {UnsignedLong, NN32})->NN64 @ FortressLibrary.fsi:459:5-25 should be a subtype of the return type of [\I extends Integral [...]
return-type	BITNOT	-	api FortressLibrary	overloading	FortressLibrary.fsi:433,FortressLibrary.fsi:493	For BITNOT, the return type of (ZZ32 & {Int, IntLiteral})->ZZ32 @ FortressLibrary.fsi:493:5-494:4 should be a subtype of the return type of [\I extends Integral [...]
return-type	BITNOT	-	api FortressLibrary	overloading	FortressLibrary.fsi:433,FortressLibrary.fsi:532	For BITNOT, the return type of (ZZ64 & {Long, ZZ32})->ZZ64 @ FortressLibrary.fsi:532:5-25 should be a subtype of the return type of [\I extends Integral[\I\]\]I [...]
return-type	BITNOT	-	api FortressLibrary	overloading	FortressLibrary.fsi:459,FortressLibrary.fsi:493	For BITNOT, the return type of (NN64 & {UnsignedLong, NN32})->NN64 @ FortressLibrary.fsi:459:5-25 should be a subtype of the return type of (ZZ32 & {Int, IntLit [...]
return-type	BITNOT	-	api FortressLibrary	overloading	FortressLibrary.fsi:459,FortressLibrary.fsi:493	For BITNOT, the return type of (ZZ32 & {Int, IntLiteral})->ZZ32 @ FortressLibrary.fsi:493:5-494:4 should be a subtype of the return type of (NN64 & {UnsignedLon [...]
return-type	BITNOT	-	api FortressLibrary	overloading	FortressLibrary.fsi:459,FortressLibrary.fsi:532	For BITNOT, the return type of (NN64 & {UnsignedLong, NN32})->NN64 @ FortressLibrary.fsi:459:5-25 should be a subtype of the return type of (ZZ64 & {Long, ZZ32} [...]
return-type	BITNOT	-	api FortressLibrary	overloading	FortressLibrary.fsi:459,FortressLibrary.fsi:532	For BITNOT, the return type of (ZZ64 & {Long, ZZ32})->ZZ64 @ FortressLibrary.fsi:532:5-25 should be a subtype of the return type of (NN64 & {UnsignedLong, NN32} [...]
return-type	BITNOT	-	api FortressLibrary	overloading	FortressLibrary.fsi:493,FortressLibrary.fsi:532	For BITNOT, the return type of (ZZ64 & {Long, ZZ32})->ZZ64 @ FortressLibrary.fsi:532:5-25 should be a subtype of the return type of (ZZ32 & {Int, IntLiteral})-> [...]
return-type	BITNOT	-	component FortressLibrary	overloading	FortressLibrary.fss:692,FortressLibrary.fss:760	For BITNOT, the return type of (ZZ64 & {Long, ZZ32})->ZZ64 @ FortressLibrary.fss:760:5-761:78 should be a subtype of the return type of (ZZ32 & {Int, IntLiteral [...]
return-type	BITNOT	-	component FortressLibrary	overloading	FortressLibrary.fss:692,FortressLibrary.fss:814	For BITNOT, the return type of (NN64 & {UnsignedLong, NN32})->NN64 @ FortressLibrary.fss:814:5-815:86 should be a subtype of the return type of (ZZ32 & {Int, In [...]
return-type	BITNOT	-	component FortressLibrary	overloading	FortressLibrary.fss:692,FortressLibrary.fss:814	For BITNOT, the return type of (ZZ32 & {Int, IntLiteral})->ZZ32 @ FortressLibrary.fss:692:5-693:77 should be a subtype of the return type of (NN64 & {UnsignedLo [...]
return-type	BITNOT	-	component FortressLibrary	overloading	FortressLibrary.fss:692,FortressLibrary.fss:887	For BITNOT, the return type of (ZZ & {BigNum, ZZ64, NN64})->ZZ @ FortressLibrary.fss:887:5-888:80 should be a subtype of the return type of (ZZ32 & {Int, IntLit [...]
return-type	BITNOT	-	component FortressLibrary	overloading	FortressLibrary.fss:760,FortressLibrary.fss:814	For BITNOT, the return type of (NN64 & {UnsignedLong, NN32})->NN64 @ FortressLibrary.fss:814:5-815:86 should be a subtype of the return type of (ZZ64 & {Long, Z [...]
return-type	BITNOT	-	component FortressLibrary	overloading	FortressLibrary.fss:760,FortressLibrary.fss:814	For BITNOT, the return type of (ZZ64 & {Long, ZZ32})->ZZ64 @ FortressLibrary.fss:760:5-761:78 should be a subtype of the return type of (NN64 & {UnsignedLong, N [...]
return-type	BITNOT	-	component FortressLibrary	overloading	FortressLibrary.fss:760,FortressLibrary.fss:887	For BITNOT, the return type of (ZZ & {BigNum, ZZ64, NN64})->ZZ @ FortressLibrary.fss:887:5-888:80 should be a subtype of the return type of (ZZ64 & {Long, ZZ32} [...]
return-type	BITNOT	-	component FortressLibrary	overloading	FortressLibrary.fss:814,FortressLibrary.fss:887	For BITNOT, the return type of (ZZ & {BigNum, ZZ64, NN64})->ZZ @ FortressLibrary.fss:887:5-888:80 should be a subtype of the return type of (NN64 & {UnsignedLon [...]
return-type	BITOR	-	api FortressLibrary	overloading	FortressLibrary.fsi:429,FortressLibrary.fsi:455	For BITOR, the return type of ((NN64 & {UnsignedLong, NN32}), NN64)->NN64 @ FortressLibrary.fsi:455:5-31 should be a subtype of the return type of [\I extends I [...]
return-type	BITOR	-	api FortressLibrary	overloading	FortressLibrary.fsi:429,FortressLibrary.fsi:489	For BITOR, the return type of ((ZZ32 & {Int, IntLiteral}), ZZ32)->ZZ32 @ FortressLibrary.fsi:489:5-31 should be a subtype of the return type of [\I extends Inte [...]
return-type	BITOR	-	api FortressLibrary	overloading	FortressLibrary.fsi:429,FortressLibrary.fsi:528	For BITOR, the return type of ((ZZ64 & {Long, ZZ32}), ZZ64)->ZZ64 @ FortressLibrary.fsi:528:5-31 should be a subtype of the return type of [\I extends Integral[ [...]
return-type	BITOR	-	api FortressLibrary	overloading	FortressLibrary.fsi:455,FortressLibrary.fsi:489	For BITOR, the return type of ((NN64 & {UnsignedLong, NN32}), NN64)->NN64 @ FortressLibrary.fsi:455:5-31 should be a subtype of the return type of ((ZZ32 & {Int [...]
return-type	BITOR	-	api FortressLibrary	overloading	FortressLibrary.fsi:455,FortressLibrary.fsi:489	For BITOR, the return type of ((ZZ32 & {Int, IntLiteral}), ZZ32)->ZZ32 @ FortressLibrary.fsi:489:5-31 should be a subtype of the return type of ((NN64 & {Unsign [...]
return-type	BITOR	-	api FortressLibrary	overloading	FortressLibrary.fsi:455,FortressLibrary.fsi:528	For BITOR, the return type of ((NN64 & {UnsignedLong, NN32}), NN64)->NN64 @ FortressLibrary.fsi:455:5-31 should be a subtype of the return type of ((ZZ64 & {Lon [...]
return-type	BITOR	-	api FortressLibrary	overloading	FortressLibrary.fsi:455,FortressLibrary.fsi:528	For BITOR, the return type of ((ZZ64 & {Long, ZZ32}), ZZ64)->ZZ64 @ FortressLibrary.fsi:528:5-31 should be a subtype of the return type of ((NN64 & {UnsignedLon [...]
return-type	BITOR	-	api FortressLibrary	overloading	FortressLibrary.fsi:489,FortressLibrary.fsi:528	For BITOR, the return type of ((ZZ64 & {Long, ZZ32}), ZZ64)->ZZ64 @ FortressLibrary.fsi:528:5-31 should be a subtype of the return type of ((ZZ32 & {Int, IntLit [...]
return-type	BITOR	-	component FortressLibrary	overloading	FortressLibrary.fss:684,FortressLibrary.fss:752	For BITOR, the return type of ((ZZ64 & {Long, ZZ32}), ZZ64)->ZZ64 @ FortressLibrary.fss:752:5-753:77 should be a subtype of the return type of ((ZZ32 & {Int, In [...]
return-type	BITOR	-	component FortressLibrary	overloading	FortressLibrary.fss:684,FortressLibrary.fss:806	For BITOR, the return type of ((NN64 & {UnsignedLong, NN32}), NN64)->NN64 @ FortressLibrary.fss:806:5-807:85 should be a subtype of the return type of ((ZZ32 &  [...]
return-type	BITOR	-	component FortressLibrary	overloading	FortressLibrary.fss:684,FortressLibrary.fss:806	For BITOR, the return type of ((ZZ32 & {Int, IntLiteral}), ZZ32)->ZZ32 @ FortressLibrary.fss:684:5-685:76 should be a subtype of the return type of ((NN64 & {Un [...]
return-type	BITOR	-	component FortressLibrary	overloading	FortressLibrary.fss:684,FortressLibrary.fss:877	For BITOR, the return type of ((ZZ & {BigNum, ZZ64, NN64}), ZZ)->ZZ @ FortressLibrary.fss:877:5-878:79 should be a subtype of the return type of ((ZZ32 & {Int,  [...]
return-type	BITOR	-	component FortressLibrary	overloading	FortressLibrary.fss:752,FortressLibrary.fss:806	For BITOR, the return type of ((NN64 & {UnsignedLong, NN32}), NN64)->NN64 @ FortressLibrary.fss:806:5-807:85 should be a subtype of the return type of ((ZZ64 &  [...]
return-type	BITOR	-	component FortressLibrary	overloading	FortressLibrary.fss:752,FortressLibrary.fss:806	For BITOR, the return type of ((ZZ64 & {Long, ZZ32}), ZZ64)->ZZ64 @ FortressLibrary.fss:752:5-753:77 should be a subtype of the return type of ((NN64 & {Unsigne [...]
return-type	BITOR	-	component FortressLibrary	overloading	FortressLibrary.fss:752,FortressLibrary.fss:877	For BITOR, the return type of ((ZZ & {BigNum, ZZ64, NN64}), ZZ)->ZZ @ FortressLibrary.fss:877:5-878:79 should be a subtype of the return type of ((ZZ64 & {Long, [...]
return-type	BITOR	-	component FortressLibrary	overloading	FortressLibrary.fss:806,FortressLibrary.fss:877	For BITOR, the return type of ((ZZ & {BigNum, ZZ64, NN64}), ZZ)->ZZ @ FortressLibrary.fss:877:5-878:79 should be a subtype of the return type of ((NN64 & {Unsig [...]
return-type	BITXOR	-	api FortressLibrary	overloading	FortressLibrary.fsi:430,FortressLibrary.fsi:456	For BITXOR, the return type of ((NN64 & {UnsignedLong, NN32}), NN64)->NN64 @ FortressLibrary.fsi:456:5-32 should be a subtype of the return type of [\I extends  [...]
return-type	BITXOR	-	api FortressLibrary	overloading	FortressLibrary.fsi:430,FortressLibrary.fsi:490	For BITXOR, the return type of ((ZZ32 & {Int, IntLiteral}), ZZ32)->ZZ32 @ FortressLibrary.fsi:490:5-32 should be a subtype of the return type of [\I extends Int [...]
return-type	BITXOR	-	api FortressLibrary	overloading	FortressLibrary.fsi:430,FortressLibrary.fsi:529	For BITXOR, the return type of ((ZZ64 & {Long, ZZ32}), ZZ64)->ZZ64 @ FortressLibrary.fsi:529:5-32 should be a subtype of the return type of [\I extends Integral [...]
return-type	BITXOR	-	api FortressLibrary	overloading	FortressLibrary.fsi:456,FortressLibrary.fsi:490	For BITXOR, the return type of ((NN64 & {UnsignedLong, NN32}), NN64)->NN64 @ FortressLibrary.fsi:456:5-32 should be a subtype of the return type of ((ZZ32 & {In [...]
return-type	BITXOR	-	api FortressLibrary	overloading	FortressLibrary.fsi:456,FortressLibrary.fsi:490	For BITXOR, the return type of ((ZZ32 & {Int, IntLiteral}), ZZ32)->ZZ32 @ FortressLibrary.fsi:490:5-32 should be a subtype of the return type of ((NN64 & {Unsig [...]
return-type	BITXOR	-	api FortressLibrary	overloading	FortressLibrary.fsi:456,FortressLibrary.fsi:529	For BITXOR, the return type of ((NN64 & {UnsignedLong, NN32}), NN64)->NN64 @ FortressLibrary.fsi:456:5-32 should be a subtype of the return type of ((ZZ64 & {Lo [...]
return-type	BITXOR	-	api FortressLibrary	overloading	FortressLibrary.fsi:456,FortressLibrary.fsi:529	For BITXOR, the return type of ((ZZ64 & {Long, ZZ32}), ZZ64)->ZZ64 @ FortressLibrary.fsi:529:5-32 should be a subtype of the return type of ((NN64 & {UnsignedLo [...]
return-type	BITXOR	-	api FortressLibrary	overloading	FortressLibrary.fsi:490,FortressLibrary.fsi:529	For BITXOR, the return type of ((ZZ64 & {Long, ZZ32}), ZZ64)->ZZ64 @ FortressLibrary.fsi:529:5-32 should be a subtype of the return type of ((ZZ32 & {Int, IntLi [...]
return-type	BITXOR	-	component FortressLibrary	overloading	FortressLibrary.fss:686,FortressLibrary.fss:754	For BITXOR, the return type of ((ZZ64 & {Long, ZZ32}), ZZ64)->ZZ64 @ FortressLibrary.fss:754:5-755:78 should be a subtype of the return type of ((ZZ32 & {Int, I [...]
return-type	BITXOR	-	component FortressLibrary	overloading	FortressLibrary.fss:686,FortressLibrary.fss:808	For BITXOR, the return type of ((NN64 & {UnsignedLong, NN32}), NN64)->NN64 @ FortressLibrary.fss:808:5-809:86 should be a subtype of the return type of ((ZZ32 & [...]
return-type	BITXOR	-	component FortressLibrary	overloading	FortressLibrary.fss:686,FortressLibrary.fss:808	For BITXOR, the return type of ((ZZ32 & {Int, IntLiteral}), ZZ32)->ZZ32 @ FortressLibrary.fss:686:5-687:77 should be a subtype of the return type of ((NN64 & {U [...]
return-type	BITXOR	-	component FortressLibrary	overloading	FortressLibrary.fss:686,FortressLibrary.fss:879	For BITXOR, the return type of ((ZZ & {BigNum, ZZ64, NN64}), ZZ)->ZZ @ FortressLibrary.fss:879:5-880:80 should be a subtype of the return type of ((ZZ32 & {Int, [...]
return-type	BITXOR	-	component FortressLibrary	overloading	FortressLibrary.fss:754,FortressLibrary.fss:808	For BITXOR, the return type of ((NN64 & {UnsignedLong, NN32}), NN64)->NN64 @ FortressLibrary.fss:808:5-809:86 should be a subtype of the return type of ((ZZ64 & [...]
return-type	BITXOR	-	component FortressLibrary	overloading	FortressLibrary.fss:754,FortressLibrary.fss:808	For BITXOR, the return type of ((ZZ64 & {Long, ZZ32}), ZZ64)->ZZ64 @ FortressLibrary.fss:754:5-755:78 should be a subtype of the return type of ((NN64 & {Unsign [...]
return-type	BITXOR	-	component FortressLibrary	overloading	FortressLibrary.fss:754,FortressLibrary.fss:879	For BITXOR, the return type of ((ZZ & {BigNum, ZZ64, NN64}), ZZ)->ZZ @ FortressLibrary.fss:879:5-880:80 should be a subtype of the return type of ((ZZ64 & {Long [...]
return-type	BITXOR	-	component FortressLibrary	overloading	FortressLibrary.fss:808,FortressLibrary.fss:879	For BITXOR, the return type of ((ZZ & {BigNum, ZZ64, NN64}), ZZ)->ZZ @ FortressLibrary.fss:879:5-880:80 should be a subtype of the return type of ((NN64 & {Unsi [...]
return-type	BY	-	api FortressLibrary	overloading	FortressLibrary.fsi:270,FortressLibrary.fsi:395	For BY, the return type of ((QQ & {AnyIntegral}), QQ)->QQ @ FortressLibrary.fsi:395:5-31 should be a subtype of the return type of [\T extends MultiplicativeRin [...]
return-type	BY	-	api FortressLibrary	overloading	FortressLibrary.fsi:270,FortressLibrary.fsi:446	For BY, the return type of ((NN64 & {UnsignedLong, NN32}), NN64)->NN64 @ FortressLibrary.fsi:446:5-31 should be a subtype of the return type of [\T extends Mult [...]
return-type	BY	-	api FortressLibrary	overloading	FortressLibrary.fsi:270,FortressLibrary.fsi:519	For BY, the return type of ((ZZ64 & {Long, ZZ32}), ZZ64)->ZZ64 @ FortressLibrary.fsi:519:5-31 should be a subtype of the return type of [\T extends Multiplicati [...]
return-type	BY	-	api FortressLibrary	overloading	FortressLibrary.fsi:395,FortressLibrary.fsi:419	For BY, the return type of ((QQ & {AnyIntegral}), QQ)->QQ @ FortressLibrary.fsi:395:5-31 should be a subtype of the return type of [\I extends Integral[\I\]\](I [...]
return-type	BY	-	api FortressLibrary	overloading	FortressLibrary.fsi:395,FortressLibrary.fsi:446	For BY, the return type of ((QQ & {AnyIntegral}), QQ)->QQ @ FortressLibrary.fsi:395:5-31 should be a subtype of the return type of ((NN64 & {UnsignedLong, NN32} [...]
return-type	BY	-	api FortressLibrary	overloading	FortressLibrary.fsi:395,FortressLibrary.fsi:519	For BY, the return type of ((QQ & {AnyIntegral}), QQ)->QQ @ FortressLibrary.fsi:395:5-31 should be a subtype of the return type of ((ZZ64 & {Long, ZZ32}), ZZ64) [...]
return-type	BY	-	api FortressLibrary	overloading	FortressLibrary.fsi:419,FortressLibrary.fsi:446	For BY, the return type of ((NN64 & {UnsignedLong, NN32}), NN64)->NN64 @ FortressLibrary.fsi:446:5-31 should be a subtype of the return type of [\I extends Inte [...]
return-type	BY	-	api FortressLibrary	overloading	FortressLibrary.fsi:419,FortressLibrary.fsi:519	For BY, the return type of ((ZZ64 & {Long, ZZ32}), ZZ64)->ZZ64 @ FortressLibrary.fsi:519:5-31 should be a subtype of the return type of [\I extends Integral[\I\ [...]
return-type	BY	-	api FortressLibrary	overloading	FortressLibrary.fsi:446,FortressLibrary.fsi:519	For BY, the return type of ((NN64 & {UnsignedLong, NN32}), NN64)->NN64 @ FortressLibrary.fsi:446:5-31 should be a subtype of the return type of ((ZZ64 & {Long,  [...]
return-type	BY	-	api FortressLibrary	overloading	FortressLibrary.fsi:446,FortressLibrary.fsi:519	For BY, the return type of ((ZZ64 & {Long, ZZ32}), ZZ64)->ZZ64 @ FortressLibrary.fsi:519:5-31 should be a subtype of the return type of ((NN64 & {UnsignedLong,  [...]
return-type	BY	-	component FortressLibrary	overloading	FortressLibrary.fss:571,FortressLibrary.fss:666	For BY, the return type of ((QQ & {Ratio, AnyIntegral}), QQ)->QQ @ FortressLibrary.fss:571:5-48 should be a subtype of the return type of ((ZZ32 & {Int, IntLite [...]
return-type	BY	-	component FortressLibrary	overloading	FortressLibrary.fss:571,FortressLibrary.fss:734	For BY, the return type of ((QQ & {Ratio, AnyIntegral}), QQ)->QQ @ FortressLibrary.fss:571:5-48 should be a subtype of the return type of ((ZZ64 & {Long, ZZ32}) [...]
return-type	BY	-	component FortressLibrary	overloading	FortressLibrary.fss:571,FortressLibrary.fss:788	For BY, the return type of ((QQ & {Ratio, AnyIntegral}), QQ)->QQ @ FortressLibrary.fss:571:5-48 should be a subtype of the return type of ((NN64 & {UnsignedLong [...]
return-type	BY	-	component FortressLibrary	overloading	FortressLibrary.fss:571,FortressLibrary.fss:853	For BY, the return type of ((QQ & {Ratio, AnyIntegral}), QQ)->QQ @ FortressLibrary.fss:571:5-48 should be a subtype of the return type of ((ZZ & {BigNum, ZZ64,  [...]
return-type	BY	-	component FortressLibrary	overloading	FortressLibrary.fss:666,FortressLibrary.fss:734	For BY, the return type of ((ZZ64 & {Long, ZZ32}), ZZ64)->ZZ64 @ FortressLibrary.fss:734:5-735:75 should be a subtype of the return type of ((ZZ32 & {Int, IntLi [...]
return-type	BY	-	component FortressLibrary	overloading	FortressLibrary.fss:666,FortressLibrary.fss:788	For BY, the return type of ((NN64 & {UnsignedLong, NN32}), NN64)->NN64 @ FortressLibrary.fss:788:5-789:83 should be a subtype of the return type of ((ZZ32 & {In [...]
return-type	BY	-	component FortressLibrary	overloading	FortressLibrary.fss:666,FortressLibrary.fss:788	For BY, the return type of ((ZZ32 & {Int, IntLiteral}), ZZ32)->ZZ32 @ FortressLibrary.fss:666:5-667:74 should be a subtype of the return type of ((NN64 & {Unsig [...]
return-type	BY	-	component FortressLibrary	overloading	FortressLibrary.fss:666,FortressLibrary.fss:853	For BY, the return type of ((ZZ & {BigNum, ZZ64, NN64}), ZZ)->ZZ @ FortressLibrary.fss:853:5-854:77 should be a subtype of the return type of ((ZZ32 & {Int, Int [...]
return-type	BY	-	component FortressLibrary	overloading	FortressLibrary.fss:734,FortressLibrary.fss:788	For BY, the return type of ((NN64 & {UnsignedLong, NN32}), NN64)->NN64 @ FortressLibrary.fss:788:5-789:83 should be a subtype of the return type of ((ZZ64 & {Lo [...]
return-type	BY	-	component FortressLibrary	overloading	FortressLibrary.fss:734,FortressLibrary.fss:788	For BY, the return type of ((ZZ64 & {Long, ZZ32}), ZZ64)->ZZ64 @ FortressLibrary.fss:734:5-735:75 should be a subtype of the return type of ((NN64 & {UnsignedLo [...]
return-type	BY	-	component FortressLibrary	overloading	FortressLibrary.fss:734,FortressLibrary.fss:853	For BY, the return type of ((ZZ & {BigNum, ZZ64, NN64}), ZZ)->ZZ @ FortressLibrary.fss:853:5-854:77 should be a subtype of the return type of ((ZZ64 & {Long, ZZ [...]
return-type	BY	-	component FortressLibrary	overloading	FortressLibrary.fss:788,FortressLibrary.fss:853	For BY, the return type of ((ZZ & {BigNum, ZZ64, NN64}), ZZ)->ZZ @ FortressLibrary.fss:853:5-854:77 should be a subtype of the return type of ((NN64 & {Unsigned [...]
return-type	CHOOSE	-	api FortressLibrary	overloading	FortressLibrary.fsi:427,FortressLibrary.fsi:453	For CHOOSE, the return type of ((NN64 & {UnsignedLong, NN32}), NN64)->NN64 @ FortressLibrary.fsi:453:5-32 should be a subtype of the return type of [\I extends  [...]
return-type	CHOOSE	-	api FortressLibrary	overloading	FortressLibrary.fsi:427,FortressLibrary.fsi:487	For CHOOSE, the return type of ((ZZ32 & {Int, IntLiteral}), ZZ32)->ZZ32 @ FortressLibrary.fsi:487:5-32 should be a subtype of the return type of [\I extends Int [...]
return-type	CHOOSE	-	api FortressLibrary	overloading	FortressLibrary.fsi:427,FortressLibrary.fsi:526	For CHOOSE, the return type of ((ZZ64 & {Long, ZZ32}), ZZ64)->ZZ64 @ FortressLibrary.fsi:526:5-32 should be a subtype of the return type of [\I extends Integral [...]
return-type	CHOOSE	-	api FortressLibrary	overloading	FortressLibrary.fsi:453,FortressLibrary.fsi:487	For CHOOSE, the return type of ((NN64 & {UnsignedLong, NN32}), NN64)->NN64 @ FortressLibrary.fsi:453:5-32 should be a subtype of the return type of ((ZZ32 & {In [...]
return-type	CHOOSE	-	api FortressLibrary	overloading	FortressLibrary.fsi:453,FortressLibrary.fsi:487	For CHOOSE, the return type of ((ZZ32 & {Int, IntLiteral}), ZZ32)->ZZ32 @ FortressLibrary.fsi:487:5-32 should be a subtype of the return type of ((NN64 & {Unsig [...]
return-type	CHOOSE	-	api FortressLibrary	overloading	FortressLibrary.fsi:453,FortressLibrary.fsi:526	For CHOOSE, the return type of ((NN64 & {UnsignedLong, NN32}), NN64)->NN64 @ FortressLibrary.fsi:453:5-32 should be a subtype of the return type of ((ZZ64 & {Lo [...]
return-type	CHOOSE	-	api FortressLibrary	overloading	FortressLibrary.fsi:453,FortressLibrary.fsi:526	For CHOOSE, the return type of ((ZZ64 & {Long, ZZ32}), ZZ64)->ZZ64 @ FortressLibrary.fsi:526:5-32 should be a subtype of the return type of ((NN64 & {UnsignedLo [...]
return-type	CHOOSE	-	api FortressLibrary	overloading	FortressLibrary.fsi:487,FortressLibrary.fsi:526	For CHOOSE, the return type of ((ZZ64 & {Long, ZZ32}), ZZ64)->ZZ64 @ FortressLibrary.fsi:526:5-32 should be a subtype of the return type of ((ZZ32 & {Int, IntLi [...]
return-type	CHOOSE	-	component FortressLibrary	overloading	FortressLibrary.fss:680,FortressLibrary.fss:748	For CHOOSE, the return type of ((ZZ64 & {Long, ZZ32}), ZZ64)->ZZ64 @ FortressLibrary.fss:748:5-749:78 should be a subtype of the return type of ((ZZ32 & {Int, I [...]
return-type	CHOOSE	-	component FortressLibrary	overloading	FortressLibrary.fss:680,FortressLibrary.fss:802	For CHOOSE, the return type of ((NN64 & {UnsignedLong, NN32}), NN64)->NN64 @ FortressLibrary.fss:802:5-803:86 should be a subtype of the return type of ((ZZ32 & [...]
return-type	CHOOSE	-	component FortressLibrary	overloading	FortressLibrary.fss:680,FortressLibrary.fss:802	For CHOOSE, the return type of ((ZZ32 & {Int, IntLiteral}), ZZ32)->ZZ32 @ FortressLibrary.fss:680:5-681:77 should be a subtype of the return type of ((NN64 & {U [...]
return-type	CHOOSE	-	component FortressLibrary	overloading	FortressLibrary.fss:680,FortressLibrary.fss:873	For CHOOSE, the return type of ((ZZ & {BigNum, ZZ64, NN64}), ZZ)->ZZ @ FortressLibrary.fss:873:5-874:80 should be a subtype of the return type of ((ZZ32 & {Int, [...]
return-type	CHOOSE	-	component FortressLibrary	overloading	FortressLibrary.fss:748,FortressLibrary.fss:802	For CHOOSE, the return type of ((NN64 & {UnsignedLong, NN32}), NN64)->NN64 @ FortressLibrary.fss:802:5-803:86 should be a subtype of the return type of ((ZZ64 & [...]
return-type	CHOOSE	-	component FortressLibrary	overloading	FortressLibrary.fss:748,FortressLibrary.fss:802	For CHOOSE, the return type of ((ZZ64 & {Long, ZZ32}), ZZ64)->ZZ64 @ FortressLibrary.fss:748:5-749:78 should be a subtype of the return type of ((NN64 & {Unsign [...]
return-type	CHOOSE	-	component FortressLibrary	overloading	FortressLibrary.fss:748,FortressLibrary.fss:873	For CHOOSE, the return type of ((ZZ & {BigNum, ZZ64, NN64}), ZZ)->ZZ @ FortressLibrary.fss:873:5-874:80 should be a subtype of the return type of ((ZZ64 & {Long [...]
return-type	CHOOSE	-	component FortressLibrary	overloading	FortressLibrary.fss:802,FortressLibrary.fss:873	For CHOOSE, the return type of ((ZZ & {BigNum, ZZ64, NN64}), ZZ)->ZZ @ FortressLibrary.fss:873:5-874:80 should be a subtype of the return type of ((NN64 & {Unsi [...]
return-type	CMP	-	api FortressLibrary	overloading	FortressLibrary.fsi:1203,FortressLibrary.fsi:124	For CMP, the return type of ((TotalComparison & {LessThan, EqualTo, GreaterThan}), Unordered)->Comparison @ FortressLibrary.fsi:124:5-46 should be a subtype of  [...]
return-type	CMP	-	api FortressLibrary	overloading	FortressLibrary.fsi:124,FortressLibrary.fsi:135	For CMP, the return type of ((TotalComparison & {LessThan, EqualTo, GreaterThan}), Unordered)->Comparison @ FortressLibrary.fsi:124:5-46 should be a subtype of  [...]
return-type	CMP	-	api FortressLibrary	overloading	FortressLibrary.fsi:124,FortressLibrary.fsi:146	For CMP, the return type of ((TotalComparison & {LessThan, EqualTo, GreaterThan}), Unordered)->Comparison @ FortressLibrary.fsi:124:5-46 should be a subtype of  [...]
return-type	CMP	-	api FortressLibrary	overloading	FortressLibrary.fsi:124,FortressLibrary.fsi:155	For CMP, the return type of ((TotalComparison & {LessThan, EqualTo, GreaterThan}), Unordered)->Comparison @ FortressLibrary.fsi:124:5-46 should be a subtype of  [...]
return-type	CMP	-	api FortressLibrary	overloading	FortressLibrary.fsi:124,FortressLibrary.fsi:222	For CMP, the return type of ((TotalComparison & {LessThan, EqualTo, GreaterThan}), Unordered)->Comparison @ FortressLibrary.fsi:124:5-46 should be a subtype of  [...]
return-type	CMP	-	api FortressLibrary	overloading	FortressLibrary.fsi:124,FortressLibrary.fsi:513	For CMP, the return type of ((TotalComparison & {LessThan, EqualTo, GreaterThan}), Unordered)->Comparison @ FortressLibrary.fsi:124:5-46 should be a subtype of  [...]
return-type	CMP	-	api FortressLibrary	overloading	FortressLibrary.fsi:134,FortressLibrary.fsi:135	For CMP, the return type of (LessThan, LessThan)->Comparison @ FortressLibrary.fsi:134:5-45 should be a subtype of the return type of (LessThan, TotalComparison [...]
return-type	CMP	-	api FortressLibrary	overloading	FortressLibrary.fsi:145,FortressLibrary.fsi:146	For CMP, the return type of (GreaterThan, GreaterThan)->Comparison @ FortressLibrary.fsi:145:5-48 should be a subtype of the return type of (GreaterThan, TotalC [...]
return-type	CMP	-	component FortressLibrary	overloading	FortressLibrary.fss:166,FortressLibrary.fss:1743	For CMP, the return type of ((TotalComparison & {LessThan, EqualTo, GreaterThan}), Unordered)->Comparison @ FortressLibrary.fss:166:5-58 should be a subtype of  [...]
return-type	CMP	-	component FortressLibrary	overloading	FortressLibrary.fss:166,FortressLibrary.fss:178	For CMP, the return type of ((TotalComparison & {LessThan, EqualTo, GreaterThan}), Unordered)->Comparison @ FortressLibrary.fss:166:5-58 should be a subtype of  [...]
return-type	CMP	-	component FortressLibrary	overloading	FortressLibrary.fss:166,FortressLibrary.fss:179	For CMP, the return type of ((TotalComparison & {LessThan, EqualTo, GreaterThan}), Unordered)->Comparison @ FortressLibrary.fss:166:5-58 should be a subtype of  [...]
return-type	CMP	-	component FortressLibrary	overloading	FortressLibrary.fss:166,FortressLibrary.fss:190	For CMP, the return type of ((TotalComparison & {LessThan, EqualTo, GreaterThan}), Unordered)->Comparison @ FortressLibrary.fss:166:5-58 should be a subtype of  [...]
return-type	CMP	-	component FortressLibrary	overloading	FortressLibrary.fss:166,FortressLibrary.fss:191	For CMP, the return type of ((TotalComparison & {LessThan, EqualTo, GreaterThan}), Unordered)->Comparison @ FortressLibrary.fss:166:5-58 should be a subtype of  [...]
return-type	CMP	-	component FortressLibrary	overloading	FortressLibrary.fss:166,FortressLibrary.fss:201	For CMP, the return type of ((TotalComparison & {LessThan, EqualTo, GreaterThan}), Unordered)->Comparison @ FortressLibrary.fss:166:5-58 should be a subtype of  [...]
return-type	CMP	-	component FortressLibrary	overloading	FortressLibrary.fss:166,FortressLibrary.fss:272	For CMP, the return type of ((TotalComparison & {LessThan, EqualTo, GreaterThan}), Unordered)->Comparison @ FortressLibrary.fss:166:5-58 should be a subtype of  [...]
return-type	CMP	-	component FortressLibrary	overloading	FortressLibrary.fss:166,FortressLibrary.fss:272	For CMP, the return type of ((TotalComparison & {LessThan, EqualTo, GreaterThan}), Unordered)->Comparison @ FortressLibrary.fss:166:5-58 should be a subtype of  [...]
return-type	CMP	-	component FortressLibrary	overloading	FortressLibrary.fss:166,FortressLibrary.fss:3987	For CMP, the return type of ((TotalComparison & {LessThan, EqualTo, GreaterThan}), Unordered)->Comparison @ FortressLibrary.fss:166:5-58 should be a subtype of  [...]
return-type	CMP	-	component FortressLibrary	overloading	FortressLibrary.fss:166,FortressLibrary.fss:721	For CMP, the return type of ((TotalComparison & {LessThan, EqualTo, GreaterThan}), Unordered)->Comparison @ FortressLibrary.fss:166:5-58 should be a subtype of  [...]
return-type	CMP	-	component FortressLibrary	overloading	FortressLibrary.fss:166,FortressLibrary.fss:839	For CMP, the return type of ((TotalComparison & {LessThan, EqualTo, GreaterThan}), Unordered)->Comparison @ FortressLibrary.fss:166:5-58 should be a subtype of  [...]
return-type	DIV	-	api FortressLibrary	overloading	FortressLibrary.fsi:421,FortressLibrary.fsi:448	For DIV, the return type of ((NN64 & {UnsignedLong, NN32}), NN64)->NN64 @ FortressLibrary.fsi:448:5-29 should be a subtype of the return type of [\I extends Int [...]
return-type	DIV	-	api FortressLibrary	overloading	FortressLibrary.fsi:421,FortressLibrary.fsi:482	For DIV, the return type of ((ZZ32 & {Int, IntLiteral}), ZZ32)->ZZ32 @ FortressLibrary.fsi:482:5-29 should be a subtype of the return type of [\I extends Integr [...]
return-type	DIV	-	api FortressLibrary	overloading	FortressLibrary.fsi:421,FortressLibrary.fsi:521	For DIV, the return type of ((ZZ64 & {Long, ZZ32}), ZZ64)->ZZ64 @ FortressLibrary.fsi:521:5-29 should be a subtype of the return type of [\I extends Integral[\I [...]
return-type	DIV	-	api FortressLibrary	overloading	FortressLibrary.fsi:448,FortressLibrary.fsi:482	For DIV, the return type of ((NN64 & {UnsignedLong, NN32}), NN64)->NN64 @ FortressLibrary.fsi:448:5-29 should be a subtype of the return type of ((ZZ32 & {Int,  [...]
return-type	DIV	-	api FortressLibrary	overloading	FortressLibrary.fsi:448,FortressLibrary.fsi:482	For DIV, the return type of ((ZZ32 & {Int, IntLiteral}), ZZ32)->ZZ32 @ FortressLibrary.fsi:482:5-29 should be a subtype of the return type of ((NN64 & {Unsigned [...]
return-type	DIV	-	api FortressLibrary	overloading	FortressLibrary.fsi:448,FortressLibrary.fsi:521	For DIV, the return type of ((NN64 & {UnsignedLong, NN32}), NN64)->NN64 @ FortressLibrary.fsi:448:5-29 should be a subtype of the return type of ((ZZ64 & {Long, [...]
return-type	DIV	-	api FortressLibrary	overloading	FortressLibrary.fsi:448,FortressLibrary.fsi:521	For DIV, the return type of ((ZZ64 & {Long, ZZ32}), ZZ64)->ZZ64 @ FortressLibrary.fsi:521:5-29 should be a subtype of the return type of ((NN64 & {UnsignedLong, [...]
return-type	DIV	-	api FortressLibrary	overloading	FortressLibrary.fsi:482,FortressLibrary.fsi:521	For DIV, the return type of ((ZZ64 & {Long, ZZ32}), ZZ64)->ZZ64 @ FortressLibrary.fsi:521:5-29 should be a subtype of the return type of ((ZZ32 & {Int, IntLiter [...]
return-type	DIV	-	component FortressLibrary	overloading	FortressLibrary.fss:670,FortressLibrary.fss:738	For DIV, the return type of ((ZZ64 & {Long, ZZ32}), ZZ64)->ZZ64 @ FortressLibrary.fss:738:5-739:75 should be a subtype of the return type of ((ZZ32 & {Int, IntL [...]
return-type	DIV	-	component FortressLibrary	overloading	FortressLibrary.fss:670,FortressLibrary.fss:792	For DIV, the return type of ((NN64 & {UnsignedLong, NN32}), NN64)->NN64 @ FortressLibrary.fss:792:5-793:83 should be a subtype of the return type of ((ZZ32 & {I [...]
return-type	DIV	-	component FortressLibrary	overloading	FortressLibrary.fss:670,FortressLibrary.fss:792	For DIV, the return type of ((ZZ32 & {Int, IntLiteral}), ZZ32)->ZZ32 @ FortressLibrary.fss:670:5-671:74 should be a subtype of the return type of ((NN64 & {Unsi [...]
return-type	DIV	-	component FortressLibrary	overloading	FortressLibrary.fss:670,FortressLibrary.fss:863	For DIV, the return type of ((ZZ & {BigNum, ZZ64, NN64}), ZZ)->ZZ @ FortressLibrary.fss:863:5-864:77 should be a subtype of the return type of ((ZZ32 & {Int, In [...]
return-type	DIV	-	component FortressLibrary	overloading	FortressLibrary.fss:738,FortressLibrary.fss:792	For DIV, the return type of ((NN64 & {UnsignedLong, NN32}), NN64)->NN64 @ FortressLibrary.fss:792:5-793:83 should be a subtype of the return type of ((ZZ64 & {L [...]
return-type	DIV	-	component FortressLibrary	overloading	FortressLibrary.fss:738,FortressLibrary.fss:792	For DIV, the return type of ((ZZ64 & {Long, ZZ32}), ZZ64)->ZZ64 @ FortressLibrary.fss:738:5-739:75 should be a subtype of the return type of ((NN64 & {UnsignedL [...]
return-type	DIV	-	component FortressLibrary	overloading	FortressLibrary.fss:738,FortressLibrary.fss:863	For DIV, the return type of ((ZZ & {BigNum, ZZ64, NN64}), ZZ)->ZZ @ FortressLibrary.fss:863:5-864:77 should be a subtype of the return type of ((ZZ64 & {Long, Z [...]
return-type	DIV	-	component FortressLibrary	overloading	FortressLibrary.fss:792,FortressLibrary.fss:863	For DIV, the return type of ((ZZ & {BigNum, ZZ64, NN64}), ZZ)->ZZ @ FortressLibrary.fss:863:5-864:77 should be a subtype of the return type of ((NN64 & {Unsigne [...]
return-type	DOT	-	api FortressLibrary	overloading	FortressLibrary.fsi:1513,FortressLibrary.fsi:394	For DOT, the return type of ((QQ & {AnyIntegral}), QQ)->QQ @ FortressLibrary.fsi:394:5-29 should be a subtype of the return type of [\T extends Number, nat n, n [...]
return-type	DOT	-	api FortressLibrary	overloading	FortressLibrary.fsi:1513,FortressLibrary.fsi:445	For DOT, the return type of ((NN64 & {UnsignedLong, NN32}), NN64)->NN64 @ FortressLibrary.fsi:445:5-29 should be a subtype of the return type of [\T extends Num [...]
return-type	DOT	-	api FortressLibrary	overloading	FortressLibrary.fsi:1513,FortressLibrary.fsi:480	For DOT, the return type of ((ZZ32 & {Int, IntLiteral}), ZZ32)->ZZ32 @ FortressLibrary.fsi:480:5-29 should be a subtype of the return type of [\T extends Number [...]
return-type	DOT	-	api FortressLibrary	overloading	FortressLibrary.fsi:1513,FortressLibrary.fsi:518	For DOT, the return type of ((ZZ64 & {Long, ZZ32}), ZZ64)->ZZ64 @ FortressLibrary.fsi:518:5-29 should be a subtype of the return type of [\T extends Number, nat [...]
return-type	DOT	-	api FortressLibrary	overloading	FortressLibrary.fsi:1519,FortressLibrary.fsi:394	For DOT, the return type of ((QQ & {AnyIntegral}), QQ)->QQ @ FortressLibrary.fsi:394:5-29 should be a subtype of the return type of [\T extends Number, nat n, n [...]
return-type	DOT	-	api FortressLibrary	overloading	FortressLibrary.fsi:1519,FortressLibrary.fsi:445	For DOT, the return type of ((NN64 & {UnsignedLong, NN32}), NN64)->NN64 @ FortressLibrary.fsi:445:5-29 should be a subtype of the return type of [\T extends Num [...]
return-type	DOT	-	api FortressLibrary	overloading	FortressLibrary.fsi:1519,FortressLibrary.fsi:480	For DOT, the return type of ((ZZ32 & {Int, IntLiteral}), ZZ32)->ZZ32 @ FortressLibrary.fsi:480:5-29 should be a subtype of the return type of [\T extends Number [...]
return-type	DOT	-	api FortressLibrary	overloading	FortressLibrary.fsi:1519,FortressLibrary.fsi:518	For DOT, the return type of ((ZZ64 & {Long, ZZ32}), ZZ64)->ZZ64 @ FortressLibrary.fsi:518:5-29 should be a subtype of the return type of [\T extends Number, nat [...]
return-type	DOT	-	api FortressLibrary	overloading	FortressLibrary.fsi:1525,FortressLibrary.fsi:394	For DOT, the return type of ((QQ & {AnyIntegral}), QQ)->QQ @ FortressLibrary.fsi:394:5-29 should be a subtype of the return type of [\T extends Number, nat n, n [...]
return-type	DOT	-	api FortressLibrary	overloading	FortressLibrary.fsi:1525,FortressLibrary.fsi:445	For DOT, the return type of ((NN64 & {UnsignedLong, NN32}), NN64)->NN64 @ FortressLibrary.fsi:445:5-29 should be a subtype of the return type of [\T extends Num [...]
return-type	DOT	-	api FortressLibrary	overloading	FortressLibrary.fsi:1525,FortressLibrary.fsi:480	For DOT, the return type of ((ZZ32 & {Int, IntLiteral}), ZZ32)->ZZ32 @ FortressLibrary.fsi:480:5-29 should be a subtype of the return type of [\T extends Number [...]
return-type	DOT	-	api FortressLibrary	overloading	FortressLibrary.fsi:1525,FortressLibrary.fsi:518	For DOT, the return type of ((ZZ64 & {Long, ZZ32}), ZZ64)->ZZ64 @ FortressLibrary.fsi:518:5-29 should be a subtype of the return type of [\T extends Number, nat [...]
return-type	DOT	-	api FortressLibrary	overloading	FortressLibrary.fsi:1619,FortressLibrary.fsi:394	For DOT, the return type of ((QQ & {AnyIntegral}), QQ)->QQ @ FortressLibrary.fsi:394:5-29 should be a subtype of the return type of [\T extends Number, nat n, n [...]
return-type	DOT	-	api FortressLibrary	overloading	FortressLibrary.fsi:1619,FortressLibrary.fsi:445	For DOT, the return type of ((NN64 & {UnsignedLong, NN32}), NN64)->NN64 @ FortressLibrary.fsi:445:5-29 should be a subtype of the return type of [\T extends Num [...]
return-type	DOT	-	api FortressLibrary	overloading	FortressLibrary.fsi:1619,FortressLibrary.fsi:480	For DOT, the return type of ((ZZ32 & {Int, IntLiteral}), ZZ32)->ZZ32 @ FortressLibrary.fsi:480:5-29 should be a subtype of the return type of [\T extends Number [...]
return-type	DOT	-	api FortressLibrary	overloading	FortressLibrary.fsi:1619,FortressLibrary.fsi:518	For DOT, the return type of ((ZZ64 & {Long, ZZ32}), ZZ64)->ZZ64 @ FortressLibrary.fsi:518:5-29 should be a subtype of the return type of [\T extends Number, nat [...]
return-type	DOT	-	api FortressLibrary	overloading	FortressLibrary.fsi:1626,FortressLibrary.fsi:394	For DOT, the return type of ((QQ & {AnyIntegral}), QQ)->QQ @ FortressLibrary.fsi:394:5-29 should be a subtype of the return type of [\T extends Number, nat n, n [...]
return-type	DOT	-	api FortressLibrary	overloading	FortressLibrary.fsi:1626,FortressLibrary.fsi:445	For DOT, the return type of ((NN64 & {UnsignedLong, NN32}), NN64)->NN64 @ FortressLibrary.fsi:445:5-29 should be a subtype of the return type of [\T extends Num [...]
return-type	DOT	-	api FortressLibrary	overloading	FortressLibrary.fsi:1626,FortressLibrary.fsi:480	For DOT, the return type of ((ZZ32 & {Int, IntLiteral}), ZZ32)->ZZ32 @ FortressLibrary.fsi:480:5-29 should be a subtype of the return type of [\T extends Number [...]
return-type	DOT	-	api FortressLibrary	overloading	FortressLibrary.fsi:1626,FortressLibrary.fsi:518	For DOT, the return type of ((ZZ64 & {Long, ZZ32}), ZZ64)->ZZ64 @ FortressLibrary.fsi:518:5-29 should be a subtype of the return type of [\T extends Number, nat [...]
return-type	DOT	-	api FortressLibrary	overloading	FortressLibrary.fsi:1633,FortressLibrary.fsi:394	For DOT, the return type of ((QQ & {AnyIntegral}), QQ)->QQ @ FortressLibrary.fsi:394:5-29 should be a subtype of the return type of [\T extends Number, nat n, n [...]
return-type	DOT	-	api FortressLibrary	overloading	FortressLibrary.fsi:1633,FortressLibrary.fsi:445	For DOT, the return type of ((NN64 & {UnsignedLong, NN32}), NN64)->NN64 @ FortressLibrary.fsi:445:5-29 should be a subtype of the return type of [\T extends Num [...]
return-type	DOT	-	api FortressLibrary	overloading	FortressLibrary.fsi:1633,FortressLibrary.fsi:480	For DOT, the return type of ((ZZ32 & {Int, IntLiteral}), ZZ32)->ZZ32 @ FortressLibrary.fsi:480:5-29 should be a subtype of the return type of [\T extends Number [...]
return-type	DOT	-	api FortressLibrary	overloading	FortressLibrary.fsi:1633,FortressLibrary.fsi:518	For DOT, the return type of ((ZZ64 & {Long, ZZ32}), ZZ64)->ZZ64 @ FortressLibrary.fsi:518:5-29 should be a subtype of the return type of [\T extends Number, nat [...]
return-type	DOT	-	api FortressLibrary	overloading	FortressLibrary.fsi:1639,FortressLibrary.fsi:394	For DOT, the return type of ((QQ & {AnyIntegral}), QQ)->QQ @ FortressLibrary.fsi:394:5-29 should be a subtype of the return type of [\T extends Number, nat n, n [...]
return-type	DOT	-	api FortressLibrary	overloading	FortressLibrary.fsi:1639,FortressLibrary.fsi:445	For DOT, the return type of ((NN64 & {UnsignedLong, NN32}), NN64)->NN64 @ FortressLibrary.fsi:445:5-29 should be a subtype of the return type of [\T extends Num [...]
return-type	DOT	-	api FortressLibrary	overloading	FortressLibrary.fsi:1639,FortressLibrary.fsi:480	For DOT, the return type of ((ZZ32 & {Int, IntLiteral}), ZZ32)->ZZ32 @ FortressLibrary.fsi:480:5-29 should be a subtype of the return type of [\T extends Number [...]
return-type	DOT	-	api FortressLibrary	overloading	FortressLibrary.fsi:1639,FortressLibrary.fsi:518	For DOT, the return type of ((ZZ64 & {Long, ZZ32}), ZZ64)->ZZ64 @ FortressLibrary.fsi:518:5-29 should be a subtype of the return type of [\T extends Number, nat [...]
return-type	DOT	-	api FortressLibrary	overloading	FortressLibrary.fsi:1645,FortressLibrary.fsi:394	For DOT, the return type of ((QQ & {AnyIntegral}), QQ)->QQ @ FortressLibrary.fsi:394:5-29 should be a subtype of the return type of [\T extends Number, nat n, n [...]
return-type	DOT	-	api FortressLibrary	overloading	FortressLibrary.fsi:1645,FortressLibrary.fsi:445	For DOT, the return type of ((NN64 & {UnsignedLong, NN32}), NN64)->NN64 @ FortressLibrary.fsi:445:5-29 should be a subtype of the return type of [\T extends Num [...]
return-type	DOT	-	api FortressLibrary	overloading	FortressLibrary.fsi:1645,FortressLibrary.fsi:480	For DOT, the return type of ((ZZ32 & {Int, IntLiteral}), ZZ32)->ZZ32 @ FortressLibrary.fsi:480:5-29 should be a subtype of the return type of [\T extends Number [...]
return-type	DOT	-	api FortressLibrary	overloading	FortressLibrary.fsi:1645,FortressLibrary.fsi:518	For DOT, the return type of ((ZZ64 & {Long, ZZ32}), ZZ64)->ZZ64 @ FortressLibrary.fsi:518:5-29 should be a subtype of the return type of [\T extends Number, nat [...]
return-type	DOT	-	api FortressLibrary	overloading	FortressLibrary.fsi:394,FortressLibrary.fsi:418	For DOT, the return type of ((QQ & {AnyIntegral}), QQ)->QQ @ FortressLibrary.fsi:394:5-29 should be a subtype of the return type of [\I extends Integral[\I\]\]( [...]
return-type	DOT	-	api FortressLibrary	overloading	FortressLibrary.fsi:394,FortressLibrary.fsi:445	For DOT, the return type of ((QQ & {AnyIntegral}), QQ)->QQ @ FortressLibrary.fsi:394:5-29 should be a subtype of the return type of ((NN64 & {UnsignedLong, NN32 [...]
return-type	DOT	-	api FortressLibrary	overloading	FortressLibrary.fsi:394,FortressLibrary.fsi:480	For DOT, the return type of ((QQ & {AnyIntegral}), QQ)->QQ @ FortressLibrary.fsi:394:5-29 should be a subtype of the return type of ((ZZ32 & {Int, IntLiteral}), [...]
return-type	DOT	-	api FortressLibrary	overloading	FortressLibrary.fsi:394,FortressLibrary.fsi:518	For DOT, the return type of ((QQ & {AnyIntegral}), QQ)->QQ @ FortressLibrary.fsi:394:5-29 should be a subtype of the return type of ((ZZ64 & {Long, ZZ32}), ZZ64 [...]
return-type	DOT	-	api FortressLibrary	overloading	FortressLibrary.fsi:418,FortressLibrary.fsi:445	For DOT, the return type of ((NN64 & {UnsignedLong, NN32}), NN64)->NN64 @ FortressLibrary.fsi:445:5-29 should be a subtype of the return type of [\I extends Int [...]
return-type	DOT	-	api FortressLibrary	overloading	FortressLibrary.fsi:418,FortressLibrary.fsi:480	For DOT, the return type of ((ZZ32 & {Int, IntLiteral}), ZZ32)->ZZ32 @ FortressLibrary.fsi:480:5-29 should be a subtype of the return type of [\I extends Integr [...]
return-type	DOT	-	api FortressLibrary	overloading	FortressLibrary.fsi:418,FortressLibrary.fsi:518	For DOT, the return type of ((ZZ64 & {Long, ZZ32}), ZZ64)->ZZ64 @ FortressLibrary.fsi:518:5-29 should be a subtype of the return type of [\I extends Integral[\I [...]
return-type	DOT	-	api FortressLibrary	overloading	FortressLibrary.fsi:445,FortressLibrary.fsi:480	For DOT, the return type of ((NN64 & {UnsignedLong, NN32}), NN64)->NN64 @ FortressLibrary.fsi:445:5-29 should be a subtype of the return type of ((ZZ32 & {Int,  [...]
return-type	DOT	-	api FortressLibrary	overloading	FortressLibrary.fsi:445,FortressLibrary.fsi:480	For DOT, the return type of ((ZZ32 & {Int, IntLiteral}), ZZ32)->ZZ32 @ FortressLibrary.fsi:480:5-29 should be a subtype of the return type of ((NN64 & {Unsigned [...]
return-type	DOT	-	api FortressLibrary	overloading	FortressLibrary.fsi:445,FortressLibrary.fsi:518	For DOT, the return type of ((NN64 & {UnsignedLong, NN32}), NN64)->NN64 @ FortressLibrary.fsi:445:5-29 should be a subtype of the return type of ((ZZ64 & {Long, [...]
return-type	DOT	-	api FortressLibrary	overloading	FortressLibrary.fsi:445,FortressLibrary.fsi:518	For DOT, the return type of ((ZZ64 & {Long, ZZ32}), ZZ64)->ZZ64 @ FortressLibrary.fsi:518:5-29 should be a subtype of the return type of ((NN64 & {UnsignedLong, [...]
return-type	DOT	-	api FortressLibrary	overloading	FortressLibrary.fsi:480,FortressLibrary.fsi:518	For DOT, the return type of ((ZZ64 & {Long, ZZ32}), ZZ64)->ZZ64 @ FortressLibrary.fsi:518:5-29 should be a subtype of the return type of ((ZZ32 & {Int, IntLiter [...]
return-type	DOT	-	component FortressLibrary	overloading	FortressLibrary.fss:2267,FortressLibrary.fss:566	For DOT, the return type of ((QQ & {Ratio, AnyIntegral}), QQ)->QQ @ FortressLibrary.fss:566:5-570:6 should be a subtype of the return type of [\T extends Number [...]
return-type	DOT	-	component FortressLibrary	overloading	FortressLibrary.fss:2267,FortressLibrary.fss:664	For DOT, the return type of ((ZZ32 & {Int, IntLiteral}), ZZ32)->ZZ32 @ FortressLibrary.fss:664:5-665:74 should be a subtype of the return type of [\T extends Nu [...]
return-type	DOT	-	component FortressLibrary	overloading	FortressLibrary.fss:2267,FortressLibrary.fss:732	For DOT, the return type of ((ZZ64 & {Long, ZZ32}), ZZ64)->ZZ64 @ FortressLibrary.fss:732:5-733:75 should be a subtype of the return type of [\T extends Number, [...]
return-type	DOT	-	component FortressLibrary	overloading	FortressLibrary.fss:2267,FortressLibrary.fss:786	For DOT, the return type of ((NN64 & {UnsignedLong, NN32}), NN64)->NN64 @ FortressLibrary.fss:786:5-787:83 should be a subtype of the return type of [\T extends [...]
return-type	DOT	-	component FortressLibrary	overloading	FortressLibrary.fss:2267,FortressLibrary.fss:849	For DOT, the return type of ((ZZ & {BigNum, ZZ64, NN64}), ZZ)->ZZ @ FortressLibrary.fss:849:5-850:77 should be a subtype of the return type of [\T extends Numbe [...]
return-type	DOT	-	component FortressLibrary	overloading	FortressLibrary.fss:2273,FortressLibrary.fss:566	For DOT, the return type of ((QQ & {Ratio, AnyIntegral}), QQ)->QQ @ FortressLibrary.fss:566:5-570:6 should be a subtype of the return type of [\T extends Number [...]
return-type	DOT	-	component FortressLibrary	overloading	FortressLibrary.fss:2273,FortressLibrary.fss:664	For DOT, the return type of ((ZZ32 & {Int, IntLiteral}), ZZ32)->ZZ32 @ FortressLibrary.fss:664:5-665:74 should be a subtype of the return type of [\T extends Nu [...]
return-type	DOT	-	component FortressLibrary	overloading	FortressLibrary.fss:2273,FortressLibrary.fss:732	For DOT, the return type of ((ZZ64 & {Long, ZZ32}), ZZ64)->ZZ64 @ FortressLibrary.fss:732:5-733:75 should be a subtype of the return type of [\T extends Number, [...]
return-type	DOT	-	component FortressLibrary	overloading	FortressLibrary.fss:2273,FortressLibrary.fss:786	For DOT, the return type of ((NN64 & {UnsignedLong, NN32}), NN64)->NN64 @ FortressLibrary.fss:786:5-787:83 should be a subtype of the return type of [\T extends [...]
return-type	DOT	-	component FortressLibrary	overloading	FortressLibrary.fss:2273,FortressLibrary.fss:849	For DOT, the return type of ((ZZ & {BigNum, ZZ64, NN64}), ZZ)->ZZ @ FortressLibrary.fss:849:5-850:77 should be a subtype of the return type of [\T extends Numbe [...]
return-type	DOT	-	component FortressLibrary	overloading	FortressLibrary.fss:2279,FortressLibrary.fss:566	For DOT, the return type of ((QQ & {Ratio, AnyIntegral}), QQ)->QQ @ FortressLibrary.fss:566:5-570:6 should be a subtype of the return type of [\T extends Number [...]
return-type	DOT	-	component FortressLibrary	overloading	FortressLibrary.fss:2279,FortressLibrary.fss:664	For DOT, the return type of ((ZZ32 & {Int, IntLiteral}), ZZ32)->ZZ32 @ FortressLibrary.fss:664:5-665:74 should be a subtype of the return type of [\T extends Nu [...]
return-type	DOT	-	component FortressLibrary	overloading	FortressLibrary.fss:2279,FortressLibrary.fss:732	For DOT, the return type of ((ZZ64 & {Long, ZZ32}), ZZ64)->ZZ64 @ FortressLibrary.fss:732:5-733:75 should be a subtype of the return type of [\T extends Number, [...]
return-type	DOT	-	component FortressLibrary	overloading	FortressLibrary.fss:2279,FortressLibrary.fss:786	For DOT, the return type of ((NN64 & {UnsignedLong, NN32}), NN64)->NN64 @ FortressLibrary.fss:786:5-787:83 should be a subtype of the return type of [\T extends [...]
return-type	DOT	-	component FortressLibrary	overloading	FortressLibrary.fss:2279,FortressLibrary.fss:849	For DOT, the return type of ((ZZ & {BigNum, ZZ64, NN64}), ZZ)->ZZ @ FortressLibrary.fss:849:5-850:77 should be a subtype of the return type of [\T extends Numbe [...]
return-type	DOT	-	component FortressLibrary	overloading	FortressLibrary.fss:2627,FortressLibrary.fss:566	For DOT, the return type of ((QQ & {Ratio, AnyIntegral}), QQ)->QQ @ FortressLibrary.fss:566:5-570:6 should be a subtype of the return type of [\T extends Number [...]
return-type	DOT	-	component FortressLibrary	overloading	FortressLibrary.fss:2627,FortressLibrary.fss:664	For DOT, the return type of ((ZZ32 & {Int, IntLiteral}), ZZ32)->ZZ32 @ FortressLibrary.fss:664:5-665:74 should be a subtype of the return type of [\T extends Nu [...]
return-type	DOT	-	component FortressLibrary	overloading	FortressLibrary.fss:2627,FortressLibrary.fss:732	For DOT, the return type of ((ZZ64 & {Long, ZZ32}), ZZ64)->ZZ64 @ FortressLibrary.fss:732:5-733:75 should be a subtype of the return type of [\T extends Number, [...]
return-type	DOT	-	component FortressLibrary	overloading	FortressLibrary.fss:2627,FortressLibrary.fss:786	For DOT, the return type of ((NN64 & {UnsignedLong, NN32}), NN64)->NN64 @ FortressLibrary.fss:786:5-787:83 should be a subtype of the return type of [\T extends [...]
return-type	DOT	-	component FortressLibrary	overloading	FortressLibrary.fss:2627,FortressLibrary.fss:849	For DOT, the return type of ((ZZ & {BigNum, ZZ64, NN64}), ZZ)->ZZ @ FortressLibrary.fss:849:5-850:77 should be a subtype of the return type of [\T extends Numbe [...]
return-type	DOT	-	component FortressLibrary	overloading	FortressLibrary.fss:2637,FortressLibrary.fss:566	For DOT, the return type of ((QQ & {Ratio, AnyIntegral}), QQ)->QQ @ FortressLibrary.fss:566:5-570:6 should be a subtype of the return type of [\T extends Number [...]
return-type	DOT	-	component FortressLibrary	overloading	FortressLibrary.fss:2637,FortressLibrary.fss:664	For DOT, the return type of ((ZZ32 & {Int, IntLiteral}), ZZ32)->ZZ32 @ FortressLibrary.fss:664:5-665:74 should be a subtype of the return type of [\T extends Nu [...]
return-type	DOT	-	component FortressLibrary	overloading	FortressLibrary.fss:2637,FortressLibrary.fss:732	For DOT, the return type of ((ZZ64 & {Long, ZZ32}), ZZ64)->ZZ64 @ FortressLibrary.fss:732:5-733:75 should be a subtype of the return type of [\T extends Number, [...]
return-type	DOT	-	component FortressLibrary	overloading	FortressLibrary.fss:2637,FortressLibrary.fss:786	For DOT, the return type of ((NN64 & {UnsignedLong, NN32}), NN64)->NN64 @ FortressLibrary.fss:786:5-787:83 should be a subtype of the return type of [\T extends [...]
return-type	DOT	-	component FortressLibrary	overloading	FortressLibrary.fss:2637,FortressLibrary.fss:849	For DOT, the return type of ((ZZ & {BigNum, ZZ64, NN64}), ZZ)->ZZ @ FortressLibrary.fss:849:5-850:77 should be a subtype of the return type of [\T extends Numbe [...]
return-type	DOT	-	component FortressLibrary	overloading	FortressLibrary.fss:2644,FortressLibrary.fss:566	For DOT, the return type of ((QQ & {Ratio, AnyIntegral}), QQ)->QQ @ FortressLibrary.fss:566:5-570:6 should be a subtype of the return type of [\T extends Number [...]
return-type	DOT	-	component FortressLibrary	overloading	FortressLibrary.fss:2644,FortressLibrary.fss:664	For DOT, the return type of ((ZZ32 & {Int, IntLiteral}), ZZ32)->ZZ32 @ FortressLibrary.fss:664:5-665:74 should be a subtype of the return type of [\T extends Nu [...]
return-type	DOT	-	component FortressLibrary	overloading	FortressLibrary.fss:2644,FortressLibrary.fss:732	For DOT, the return type of ((ZZ64 & {Long, ZZ32}), ZZ64)->ZZ64 @ FortressLibrary.fss:732:5-733:75 should be a subtype of the return type of [\T extends Number, [...]
return-type	DOT	-	component FortressLibrary	overloading	FortressLibrary.fss:2644,FortressLibrary.fss:786	For DOT, the return type of ((NN64 & {UnsignedLong, NN32}), NN64)->NN64 @ FortressLibrary.fss:786:5-787:83 should be a subtype of the return type of [\T extends [...]
return-type	DOT	-	component FortressLibrary	overloading	FortressLibrary.fss:2644,FortressLibrary.fss:849	For DOT, the return type of ((ZZ & {BigNum, ZZ64, NN64}), ZZ)->ZZ @ FortressLibrary.fss:849:5-850:77 should be a subtype of the return type of [\T extends Numbe [...]
return-type	DOT	-	component FortressLibrary	overloading	FortressLibrary.fss:2650,FortressLibrary.fss:566	For DOT, the return type of ((QQ & {Ratio, AnyIntegral}), QQ)->QQ @ FortressLibrary.fss:566:5-570:6 should be a subtype of the return type of [\T extends Number [...]
return-type	DOT	-	component FortressLibrary	overloading	FortressLibrary.fss:2650,FortressLibrary.fss:664	For DOT, the return type of ((ZZ32 & {Int, IntLiteral}), ZZ32)->ZZ32 @ FortressLibrary.fss:664:5-665:74 should be a subtype of the return type of [\T extends Nu [...]
return-type	DOT	-	component FortressLibrary	overloading	FortressLibrary.fss:2650,FortressLibrary.fss:732	For DOT, the return type of ((ZZ64 & {Long, ZZ32}), ZZ64)->ZZ64 @ FortressLibrary.fss:732:5-733:75 should be a subtype of the return type of [\T extends Number, [...]
return-type	DOT	-	component FortressLibrary	overloading	FortressLibrary.fss:2650,FortressLibrary.fss:786	For DOT, the return type of ((NN64 & {UnsignedLong, NN32}), NN64)->NN64 @ FortressLibrary.fss:786:5-787:83 should be a subtype of the return type of [\T extends [...]
return-type	DOT	-	component FortressLibrary	overloading	FortressLibrary.fss:2650,FortressLibrary.fss:849	For DOT, the return type of ((ZZ & {BigNum, ZZ64, NN64}), ZZ)->ZZ @ FortressLibrary.fss:849:5-850:77 should be a subtype of the return type of [\T extends Numbe [...]
return-type	DOT	-	component FortressLibrary	overloading	FortressLibrary.fss:2656,FortressLibrary.fss:566	For DOT, the return type of ((QQ & {Ratio, AnyIntegral}), QQ)->QQ @ FortressLibrary.fss:566:5-570:6 should be a subtype of the return type of [\T extends Number [...]
return-type	DOT	-	component FortressLibrary	overloading	FortressLibrary.fss:2656,FortressLibrary.fss:664	For DOT, the return type of ((ZZ32 & {Int, IntLiteral}), ZZ32)->ZZ32 @ FortressLibrary.fss:664:5-665:74 should be a subtype of the return type of [\T extends Nu [...]
return-type	DOT	-	component FortressLibrary	overloading	FortressLibrary.fss:2656,FortressLibrary.fss:732	For DOT, the return type of ((ZZ64 & {Long, ZZ32}), ZZ64)->ZZ64 @ FortressLibrary.fss:732:5-733:75 should be a subtype of the return type of [\T extends Number, [...]
return-type	DOT	-	component FortressLibrary	overloading	FortressLibrary.fss:2656,FortressLibrary.fss:786	For DOT, the return type of ((NN64 & {UnsignedLong, NN32}), NN64)->NN64 @ FortressLibrary.fss:786:5-787:83 should be a subtype of the return type of [\T extends [...]
return-type	DOT	-	component FortressLibrary	overloading	FortressLibrary.fss:2656,FortressLibrary.fss:849	For DOT, the return type of ((ZZ & {BigNum, ZZ64, NN64}), ZZ)->ZZ @ FortressLibrary.fss:849:5-850:77 should be a subtype of the return type of [\T extends Numbe [...]
return-type	DOT	-	component FortressLibrary	overloading	FortressLibrary.fss:566,FortressLibrary.fss:664	For DOT, the return type of ((QQ & {Ratio, AnyIntegral}), QQ)->QQ @ FortressLibrary.fss:566:5-570:6 should be a subtype of the return type of ((ZZ32 & {Int, Int [...]
return-type	DOT	-	component FortressLibrary	overloading	FortressLibrary.fss:566,FortressLibrary.fss:732	For DOT, the return type of ((QQ & {Ratio, AnyIntegral}), QQ)->QQ @ FortressLibrary.fss:566:5-570:6 should be a subtype of the return type of ((ZZ64 & {Long, ZZ [...]
return-type	DOT	-	component FortressLibrary	overloading	FortressLibrary.fss:566,FortressLibrary.fss:786	For DOT, the return type of ((QQ & {Ratio, AnyIntegral}), QQ)->QQ @ FortressLibrary.fss:566:5-570:6 should be a subtype of the return type of ((NN64 & {Unsigned [...]
return-type	DOT	-	component FortressLibrary	overloading	FortressLibrary.fss:566,FortressLibrary.fss:849	For DOT, the return type of ((QQ & {Ratio, AnyIntegral}), QQ)->QQ @ FortressLibrary.fss:566:5-570:6 should be a subtype of the return type of ((ZZ & {BigNum, ZZ [...]
return-type	DOT	-	component FortressLibrary	overloading	FortressLibrary.fss:664,FortressLibrary.fss:732	For DOT, the return type of ((ZZ64 & {Long, ZZ32}), ZZ64)->ZZ64 @ FortressLibrary.fss:732:5-733:75 should be a subtype of the return type of ((ZZ32 & {Int, IntL [...]
return-type	DOT	-	component FortressLibrary	overloading	FortressLibrary.fss:664,FortressLibrary.fss:786	For DOT, the return type of ((NN64 & {UnsignedLong, NN32}), NN64)->NN64 @ FortressLibrary.fss:786:5-787:83 should be a subtype of the return type of ((ZZ32 & {I [...]
return-type	DOT	-	component FortressLibrary	overloading	FortressLibrary.fss:664,FortressLibrary.fss:786	For DOT, the return type of ((ZZ32 & {Int, IntLiteral}), ZZ32)->ZZ32 @ FortressLibrary.fss:664:5-665:74 should be a subtype of the return type of ((NN64 & {Unsi [...]
return-type	DOT	-	component FortressLibrary	overloading	FortressLibrary.fss:664,FortressLibrary.fss:849	For DOT, the return type of ((ZZ & {BigNum, ZZ64, NN64}), ZZ)->ZZ @ FortressLibrary.fss:849:5-850:77 should be a subtype of the return type of ((ZZ32 & {Int, In [...]
return-type	DOT	-	component FortressLibrary	overloading	FortressLibrary.fss:732,FortressLibrary.fss:786	For DOT, the return type of ((NN64 & {UnsignedLong, NN32}), NN64)->NN64 @ FortressLibrary.fss:786:5-787:83 should be a subtype of the return type of ((ZZ64 & {L [...]
return-type	DOT	-	component FortressLibrary	overloading	FortressLibrary.fss:732,FortressLibrary.fss:786	For DOT, the return type of ((ZZ64 & {Long, ZZ32}), ZZ64)->ZZ64 @ FortressLibrary.fss:732:5-733:75 should be a subtype of the return type of ((NN64 & {UnsignedL [...]
return-type	DOT	-	component FortressLibrary	overloading	FortressLibrary.fss:732,FortressLibrary.fss:849	For DOT, the return type of ((ZZ & {BigNum, ZZ64, NN64}), ZZ)->ZZ @ FortressLibrary.fss:849:5-850:77 should be a subtype of the return type of ((ZZ64 & {Long, Z [...]
return-type	DOT	-	component FortressLibrary	overloading	FortressLibrary.fss:786,FortressLibrary.fss:849	For DOT, the return type of ((ZZ & {BigNum, ZZ64, NN64}), ZZ)->ZZ @ FortressLibrary.fss:849:5-850:77 should be a subtype of the return type of ((NN64 & {Unsigne [...]
return-type	GCD	-	api FortressLibrary	overloading	FortressLibrary.fsi:424,FortressLibrary.fsi:451	For GCD, the return type of ((NN64 & {UnsignedLong, NN32}), NN64)->NN64 @ FortressLibrary.fsi:451:5-29 should be a subtype of the return type of [\I extends Int [...]
return-type	GCD	-	api FortressLibrary	overloading	FortressLibrary.fsi:424,FortressLibrary.fsi:485	For GCD, the return type of ((ZZ32 & {Int, IntLiteral}), ZZ32)->ZZ32 @ FortressLibrary.fsi:485:5-29 should be a subtype of the return type of [\I extends Integr [...]
return-type	GCD	-	api FortressLibrary	overloading	FortressLibrary.fsi:424,FortressLibrary.fsi:524	For GCD, the return type of ((ZZ64 & {Long, ZZ32}), ZZ64)->ZZ64 @ FortressLibrary.fsi:524:5-29 should be a subtype of the return type of [\I extends Integral[\I [...]
return-type	GCD	-	api FortressLibrary	overloading	FortressLibrary.fsi:451,FortressLibrary.fsi:485	For GCD, the return type of ((NN64 & {UnsignedLong, NN32}), NN64)->NN64 @ FortressLibrary.fsi:451:5-29 should be a subtype of the return type of ((ZZ32 & {Int,  [...]
return-type	GCD	-	api FortressLibrary	overloading	FortressLibrary.fsi:451,FortressLibrary.fsi:485	For GCD, the return type of ((ZZ32 & {Int, IntLiteral}), ZZ32)->ZZ32 @ FortressLibrary.fsi:485:5-29 should be a subtype of the return type of ((NN64 & {Unsigned [...]
return-type	GCD	-	api FortressLibrary	overloading	FortressLibrary.fsi:451,FortressLibrary.fsi:524	For GCD, the return type of ((NN64 & {UnsignedLong, NN32}), NN64)->NN64 @ FortressLibrary.fsi:451:5-29 should be a subtype of the return type of ((ZZ64 & {Long, [...]
return-type	GCD	-	api FortressLibrary	overloading	FortressLibrary.fsi:451,FortressLibrary.fsi:524	For GCD, the return type of ((ZZ64 & {Long, ZZ32}), ZZ64)->ZZ64 @ FortressLibrary.fsi:524:5-29 should be a subtype of the return type of ((NN64 & {UnsignedLong, [...]
return-type	GCD	-	api FortressLibrary	overloading	FortressLibrary.fsi:485,FortressLibrary.fsi:524	For GCD, the return type of ((ZZ64 & {Long, ZZ32}), ZZ64)->ZZ64 @ FortressLibrary.fsi:524:5-29 should be a subtype of the return type of ((ZZ32 & {Int, IntLiter [...]
return-type	GCD	-	component FortressLibrary	overloading	FortressLibrary.fss:676,FortressLibrary.fss:744	For GCD, the return type of ((ZZ64 & {Long, ZZ32}), ZZ64)->ZZ64 @ FortressLibrary.fss:744:5-745:75 should be a subtype of the return type of ((ZZ32 & {Int, IntL [...]
return-type	GCD	-	component FortressLibrary	overloading	FortressLibrary.fss:676,FortressLibrary.fss:798	For GCD, the return type of ((NN64 & {UnsignedLong, NN32}), NN64)->NN64 @ FortressLibrary.fss:798:5-799:83 should be a subtype of the return type of ((ZZ32 & {I [...]
return-type	GCD	-	component FortressLibrary	overloading	FortressLibrary.fss:676,FortressLibrary.fss:798	For GCD, the return type of ((ZZ32 & {Int, IntLiteral}), ZZ32)->ZZ32 @ FortressLibrary.fss:676:5-677:74 should be a subtype of the return type of ((NN64 & {Unsi [...]
return-type	GCD	-	component FortressLibrary	overloading	FortressLibrary.fss:676,FortressLibrary.fss:869	For GCD, the return type of ((ZZ & {BigNum, ZZ64, NN64}), ZZ)->ZZ @ FortressLibrary.fss:869:5-870:77 should be a subtype of the return type of ((ZZ32 & {Int, In [...]
return-type	GCD	-	component FortressLibrary	overloading	FortressLibrary.fss:744,FortressLibrary.fss:798	For GCD, the return type of ((NN64 & {UnsignedLong, NN32}), NN64)->NN64 @ FortressLibrary.fss:798:5-799:83 should be a subtype of the return type of ((ZZ64 & {L [...]
return-type	GCD	-	component FortressLibrary	overloading	FortressLibrary.fss:744,FortressLibrary.fss:798	For GCD, the return type of ((ZZ64 & {Long, ZZ32}), ZZ64)->ZZ64 @ FortressLibrary.fss:744:5-745:75 should be a subtype of the return type of ((NN64 & {UnsignedL [...]
return-type	GCD	-	component FortressLibrary	overloading	FortressLibrary.fss:744,FortressLibrary.fss:869	For GCD, the return type of ((ZZ & {BigNum, ZZ64, NN64}), ZZ)->ZZ @ FortressLibrary.fss:869:5-870:77 should be a subtype of the return type of ((ZZ64 & {Long, Z [...]
return-type	GCD	-	component FortressLibrary	overloading	FortressLibrary.fss:798,FortressLibrary.fss:869	For GCD, the return type of ((ZZ & {BigNum, ZZ64, NN64}), ZZ)->ZZ @ FortressLibrary.fss:869:5-870:77 should be a subtype of the return type of ((NN64 & {Unsigne [...]
return-type	LCM	-	api FortressLibrary	overloading	FortressLibrary.fsi:425,FortressLibrary.fsi:452	For LCM, the return type of ((NN64 & {UnsignedLong, NN32}), NN64)->NN64 @ FortressLibrary.fsi:452:5-29 should be a subtype of the return type of [\I extends Int [...]
return-type	LCM	-	api FortressLibrary	overloading	FortressLibrary.fsi:425,FortressLibrary.fsi:486	For LCM, the return type of ((ZZ32 & {Int, IntLiteral}), ZZ32)->ZZ32 @ FortressLibrary.fsi:486:5-29 should be a subtype of the return type of [\I extends Integr [...]
return-type	LCM	-	api FortressLibrary	overloading	FortressLibrary.fsi:425,FortressLibrary.fsi:525	For LCM, the return type of ((ZZ64 & {Long, ZZ32}), ZZ64)->ZZ64 @ FortressLibrary.fsi:525:5-29 should be a subtype of the return type of [\I extends Integral[\I [...]
return-type	LCM	-	api FortressLibrary	overloading	FortressLibrary.fsi:452,FortressLibrary.fsi:486	For LCM, the return type of ((NN64 & {UnsignedLong, NN32}), NN64)->NN64 @ FortressLibrary.fsi:452:5-29 should be a subtype of the return type of ((ZZ32 & {Int,  [...]
return-type	LCM	-	api FortressLibrary	overloading	FortressLibrary.fsi:452,FortressLibrary.fsi:486	For LCM, the return type of ((ZZ32 & {Int, IntLiteral}), ZZ32)->ZZ32 @ FortressLibrary.fsi:486:5-29 should be a subtype of the return type of ((NN64 & {Unsigned [...]
return-type	LCM	-	api FortressLibrary	overloading	FortressLibrary.fsi:452,FortressLibrary.fsi:525	For LCM, the return type of ((NN64 & {UnsignedLong, NN32}), NN64)->NN64 @ FortressLibrary.fsi:452:5-29 should be a subtype of the return type of ((ZZ64 & {Long, [...]
return-type	LCM	-	api FortressLibrary	overloading	FortressLibrary.fsi:452,FortressLibrary.fsi:525	For LCM, the return type of ((ZZ64 & {Long, ZZ32}), ZZ64)->ZZ64 @ FortressLibrary.fsi:525:5-29 should be a subtype of the return type of ((NN64 & {UnsignedLong, [...]
return-type	LCM	-	api FortressLibrary	overloading	FortressLibrary.fsi:486,FortressLibrary.fsi:525	For LCM, the return type of ((ZZ64 & {Long, ZZ32}), ZZ64)->ZZ64 @ FortressLibrary.fsi:525:5-29 should be a subtype of the return type of ((ZZ32 & {Int, IntLiter [...]
return-type	LCM	-	component FortressLibrary	overloading	FortressLibrary.fss:678,FortressLibrary.fss:746	For LCM, the return type of ((ZZ64 & {Long, ZZ32}), ZZ64)->ZZ64 @ FortressLibrary.fss:746:5-747:75 should be a subtype of the return type of ((ZZ32 & {Int, IntL [...]
return-type	LCM	-	component FortressLibrary	overloading	FortressLibrary.fss:678,FortressLibrary.fss:800	For LCM, the return type of ((NN64 & {UnsignedLong, NN32}), NN64)->NN64 @ FortressLibrary.fss:800:5-801:83 should be a subtype of the return type of ((ZZ32 & {I [...]
return-type	LCM	-	component FortressLibrary	overloading	FortressLibrary.fss:678,FortressLibrary.fss:800	For LCM, the return type of ((ZZ32 & {Int, IntLiteral}), ZZ32)->ZZ32 @ FortressLibrary.fss:678:5-679:74 should be a subtype of the return type of ((NN64 & {Unsi [...]
return-type	LCM	-	component FortressLibrary	overloading	FortressLibrary.fss:678,FortressLibrary.fss:871	For LCM, the return type of ((ZZ & {BigNum, ZZ64, NN64}), ZZ)->ZZ @ FortressLibrary.fss:871:5-872:77 should be a subtype of the return type of ((ZZ32 & {Int, In [...]
return-type	LCM	-	component FortressLibrary	overloading	FortressLibrary.fss:746,FortressLibrary.fss:800	For LCM, the return type of ((NN64 & {UnsignedLong, NN32}), NN64)->NN64 @ FortressLibrary.fss:800:5-801:83 should be a subtype of the return type of ((ZZ64 & {L [...]
return-type	LCM	-	component FortressLibrary	overloading	FortressLibrary.fss:746,FortressLibrary.fss:800	For LCM, the return type of ((ZZ64 & {Long, ZZ32}), ZZ64)->ZZ64 @ FortressLibrary.fss:746:5-747:75 should be a subtype of the return type of ((NN64 & {UnsignedL [...]
return-type	LCM	-	component FortressLibrary	overloading	FortressLibrary.fss:746,FortressLibrary.fss:871	For LCM, the return type of ((ZZ & {BigNum, ZZ64, NN64}), ZZ)->ZZ @ FortressLibrary.fss:871:5-872:77 should be a subtype of the return type of ((ZZ64 & {Long, Z [...]
return-type	LCM	-	component FortressLibrary	overloading	FortressLibrary.fss:800,FortressLibrary.fss:871	For LCM, the return type of ((ZZ & {BigNum, ZZ64, NN64}), ZZ)->ZZ @ FortressLibrary.fss:871:5-872:77 should be a subtype of the return type of ((NN64 & {Unsigne [...]
return-type	LSHIFT	-	api FortressLibrary	overloading	FortressLibrary.fsi:431,FortressLibrary.fsi:457	For LSHIFT, the return type of ((NN64 & {UnsignedLong, NN32}), AnyIntegral)->NN64 @ FortressLibrary.fsi:457:5-39 should be a subtype of the return type of [\I e [...]
return-type	LSHIFT	-	api FortressLibrary	overloading	FortressLibrary.fsi:431,FortressLibrary.fsi:491	For LSHIFT, the return type of ((ZZ32 & {Int, IntLiteral}), AnyIntegral)->ZZ32 @ FortressLibrary.fsi:491:5-39 should be a subtype of the return type of [\I exte [...]
return-type	LSHIFT	-	api FortressLibrary	overloading	FortressLibrary.fsi:431,FortressLibrary.fsi:530	For LSHIFT, the return type of ((ZZ64 & {Long, ZZ32}), AnyIntegral)->ZZ64 @ FortressLibrary.fsi:530:5-39 should be a subtype of the return type of [\I extends I [...]
return-type	LSHIFT	-	api FortressLibrary	overloading	FortressLibrary.fsi:457,FortressLibrary.fsi:491	For LSHIFT, the return type of ((NN64 & {UnsignedLong, NN32}), AnyIntegral)->NN64 @ FortressLibrary.fsi:457:5-39 should be a subtype of the return type of ((ZZ3 [...]
return-type	LSHIFT	-	api FortressLibrary	overloading	FortressLibrary.fsi:457,FortressLibrary.fsi:491	For LSHIFT, the return type of ((ZZ32 & {Int, IntLiteral}), AnyIntegral)->ZZ32 @ FortressLibrary.fsi:491:5-39 should be a subtype of the return type of ((NN64 & [...]
return-type	LSHIFT	-	api FortressLibrary	overloading	FortressLibrary.fsi:457,FortressLibrary.fsi:530	For LSHIFT, the return type of ((NN64 & {UnsignedLong, NN32}), AnyIntegral)->NN64 @ FortressLibrary.fsi:457:5-39 should be a subtype of the return type of ((ZZ6 [...]
return-type	LSHIFT	-	api FortressLibrary	overloading	FortressLibrary.fsi:457,FortressLibrary.fsi:530	For LSHIFT, the return type of ((ZZ64 & {Long, ZZ32}), AnyIntegral)->ZZ64 @ FortressLibrary.fsi:530:5-39 should be a subtype of the return type of ((NN64 & {Uns [...]
return-type	LSHIFT	-	api FortressLibrary	overloading	FortressLibrary.fsi:491,FortressLibrary.fsi:530	For LSHIFT, the return type of ((ZZ64 & {Long, ZZ32}), AnyIntegral)->ZZ64 @ FortressLibrary.fsi:530:5-39 should be a subtype of the return type of ((ZZ32 & {Int [...]
return-type	LSHIFT	-	component FortressLibrary	overloading	FortressLibrary.fss:688,FortressLibrary.fss:756	For LSHIFT, the return type of ((ZZ64 & {Long, ZZ32}), AnyIntegral)->ZZ64 @ FortressLibrary.fss:756:5-757:78 should be a subtype of the return type of ((ZZ32 &  [...]
return-type	LSHIFT	-	component FortressLibrary	overloading	FortressLibrary.fss:688,FortressLibrary.fss:810	For LSHIFT, the return type of ((NN64 & {UnsignedLong, NN32}), AnyIntegral)->NN64 @ FortressLibrary.fss:810:5-811:86 should be a subtype of the return type of ( [...]
return-type	LSHIFT	-	component FortressLibrary	overloading	FortressLibrary.fss:688,FortressLibrary.fss:810	For LSHIFT, the return type of ((ZZ32 & {Int, IntLiteral}), AnyIntegral)->ZZ32 @ FortressLibrary.fss:688:5-689:77 should be a subtype of the return type of ((NN [...]
return-type	LSHIFT	-	component FortressLibrary	overloading	FortressLibrary.fss:688,FortressLibrary.fss:881	For LSHIFT, the return type of ((ZZ & {BigNum, ZZ64, NN64}), AnyIntegral)->ZZ @ FortressLibrary.fss:881:5-882:80 should be a subtype of the return type of ((ZZ3 [...]
return-type	LSHIFT	-	component FortressLibrary	overloading	FortressLibrary.fss:756,FortressLibrary.fss:810	For LSHIFT, the return type of ((NN64 & {UnsignedLong, NN32}), AnyIntegral)->NN64 @ FortressLibrary.fss:810:5-811:86 should be a subtype of the return type of ( [...]
return-type	LSHIFT	-	component FortressLibrary	overloading	FortressLibrary.fss:756,FortressLibrary.fss:810	For LSHIFT, the return type of ((ZZ64 & {Long, ZZ32}), AnyIntegral)->ZZ64 @ FortressLibrary.fss:756:5-757:78 should be a subtype of the return type of ((NN64 &  [...]
return-type	LSHIFT	-	component FortressLibrary	overloading	FortressLibrary.fss:756,FortressLibrary.fss:881	For LSHIFT, the return type of ((ZZ & {BigNum, ZZ64, NN64}), AnyIntegral)->ZZ @ FortressLibrary.fss:881:5-882:80 should be a subtype of the return type of ((ZZ6 [...]
return-type	LSHIFT	-	component FortressLibrary	overloading	FortressLibrary.fss:810,FortressLibrary.fss:881	For LSHIFT, the return type of ((ZZ & {BigNum, ZZ64, NN64}), AnyIntegral)->ZZ @ FortressLibrary.fss:881:5-882:80 should be a subtype of the return type of ((NN6 [...]
return-type	MAX	-	api FortressLibrary	overloading	FortressLibrary.fsi:196,FortressLibrary.fsi:210	For MAX, the return type of [\T extends StandardMinMax[\T\]\](StandardMinMax[\T\], T)->(T, T) @ FortressLibrary.fsi:210:5-211:1 should be a subtype of the retur [...]
return-type	MAX	-	api FortressLibrary	overloading	FortressLibrary.fsi:196,FortressLibrary.fsi:389	For MAX, the return type of ((QQ & {AnyIntegral}), QQ)->QQ @ FortressLibrary.fsi:389:5-30 should be a subtype of the return type of [\T extends StandardMax[\T\] [...]
return-type	MAX	-	api FortressLibrary	overloading	FortressLibrary.fsi:210,FortressLibrary.fsi:290	For MAX, the return type of ((Number & {RR64}), Number)->Number @ FortressLibrary.fsi:290:5-34 should be a subtype of the return type of [\T extends StandardMin [...]
return-type	MAX	-	api FortressLibrary	overloading	FortressLibrary.fsi:210,FortressLibrary.fsi:389	For MAX, the return type of ((QQ & {AnyIntegral}), QQ)->QQ @ FortressLibrary.fsi:389:5-30 should be a subtype of the return type of [\T extends StandardMinMax[\ [...]
return-type	MAX	-	api FortressLibrary	overloading	FortressLibrary.fsi:2559,FortressLibrary.fsi:389	For MAX, the return type of ((QQ & {AnyIntegral}), QQ)->QQ @ FortressLibrary.fsi:389:5-30 should be a subtype of the return type of [\T extends Number, I extend [...]
return-type	MAX	-	api FortressLibrary	overloading	FortressLibrary.fsi:2560,FortressLibrary.fsi:389	For MAX, the return type of ((QQ & {AnyIntegral}), QQ)->QQ @ FortressLibrary.fsi:389:5-30 should be a subtype of the return type of [\T extends Number, I extend [...]
return-type	MAX	-	component FortressLibrary	overloading	FortressLibrary.fss:261,FortressLibrary.fss:280	For MAX, the return type of (StandardTotalOrder[\String\], String)->String @ FortressLibrary.fss:280:5-71 should be a subtype of the return type of (StandardMin [...]
return-type	MAX	-	component FortressLibrary	overloading	FortressLibrary.fss:261,FortressLibrary.fss:280	For MAX, the return type of (StandardTotalOrder[\T\], T)->T @ FortressLibrary.fss:280:5-71 should be a subtype of the return type of (StandardMinMax[\T\], T)->( [...]
return-type	MAX	-	component FortressLibrary	overloading	FortressLibrary.fss:261,FortressLibrary.fss:280	For MAX, the return type of (StandardTotalOrder[\TotalComparison\], TotalComparison)->TotalComparison @ FortressLibrary.fss:280:5-71 should be a subtype of the  [...]
return-type	MAX	-	component FortressLibrary	overloading	FortressLibrary.fss:261,FortressLibrary.fss:280	For MAX, the return type of [\T extends StandardTotalOrder[\T\]\](StandardTotalOrder[\T\], T)->T @ FortressLibrary.fss:280:5-71 should be a subtype of the retur [...]
return-type	MAX	-	component FortressLibrary	overloading	FortressLibrary.fss:261,FortressLibrary.fss:375	For MAX, the return type of ((Number & {RR64}), Number)->Number @ FortressLibrary.fss:375:5-65 should be a subtype of the return type of (StandardMinMax[\Number [...]
return-type	MAX	-	component FortressLibrary	overloading	FortressLibrary.fss:261,FortressLibrary.fss:375	For MAX, the return type of ((Number & {RR64}), Number)->Number @ FortressLibrary.fss:375:5-65 should be a subtype of the return type of [\T extends StandardMin [...]
return-type	MAX	-	component FortressLibrary	overloading	FortressLibrary.fss:261,FortressLibrary.fss:549	For MAX, the return type of ((QQ & {Ratio, AnyIntegral}), QQ)->QQ @ FortressLibrary.fss:549:5-550:102 should be a subtype of the return type of (StandardMinMax[ [...]
return-type	MAX	-	component FortressLibrary	overloading	FortressLibrary.fss:261,FortressLibrary.fss:549	For MAX, the return type of ((QQ & {Ratio, AnyIntegral}), QQ)->QQ @ FortressLibrary.fss:549:5-550:102 should be a subtype of the return type of [\T extends Stan [...]
return-type	MAX	-	component FortressLibrary	overloading	FortressLibrary.fss:280,FortressLibrary.fss:549	For MAX, the return type of ((QQ & {Ratio, AnyIntegral}), QQ)->QQ @ FortressLibrary.fss:549:5-550:102 should be a subtype of the return type of (StandardTotalOr [...]
return-type	MAX	-	component FortressLibrary	overloading	FortressLibrary.fss:280,FortressLibrary.fss:549	For MAX, the return type of ((QQ & {Ratio, AnyIntegral}), QQ)->QQ @ FortressLibrary.fss:549:5-550:102 should be a subtype of the return type of (StandardTotalOr [...]
return-type	MAX	-	component FortressLibrary	overloading	FortressLibrary.fss:280,FortressLibrary.fss:549	For MAX, the return type of ((QQ & {Ratio, AnyIntegral}), QQ)->QQ @ FortressLibrary.fss:549:5-550:102 should be a subtype of the return type of [\T extends Stan [...]
return-type	MAX	-	component FortressLibrary	overloading	FortressLibrary.fss:4520,FortressLibrary.fss:549	For MAX, the return type of ((QQ & {Ratio, AnyIntegral}), QQ)->QQ @ FortressLibrary.fss:549:5-550:102 should be a subtype of the return type of [\T extends Numb [...]
return-type	MAX	-	component FortressLibrary	overloading	FortressLibrary.fss:4521,FortressLibrary.fss:549	For MAX, the return type of ((QQ & {Ratio, AnyIntegral}), QQ)->QQ @ FortressLibrary.fss:549:5-550:102 should be a subtype of the return type of [\T extends Numb [...]
return-type	MIN	-	api FortressLibrary	overloading	FortressLibrary.fsi:185,FortressLibrary.fsi:209	For MIN, the return type of [\T extends StandardMinMax[\T\]\](StandardMinMax[\T\], T)->(T, T) @ FortressLibrary.fsi:209:5-33 should be a subtype of the return t [...]
return-type	MIN	-	api FortressLibrary	overloading	FortressLibrary.fsi:185,FortressLibrary.fsi:388	For MIN, the return type of ((QQ & {AnyIntegral}), QQ)->QQ @ FortressLibrary.fsi:388:5-30 should be a subtype of the return type of [\T extends StandardMin[\T\] [...]
return-type	MIN	-	api FortressLibrary	overloading	FortressLibrary.fsi:209,FortressLibrary.fsi:289	For MIN, the return type of ((Number & {RR64}), Number)->Number @ FortressLibrary.fsi:289:5-34 should be a subtype of the return type of [\T extends StandardMin [...]
return-type	MIN	-	api FortressLibrary	overloading	FortressLibrary.fsi:209,FortressLibrary.fsi:388	For MIN, the return type of ((QQ & {AnyIntegral}), QQ)->QQ @ FortressLibrary.fsi:388:5-30 should be a subtype of the return type of [\T extends StandardMinMax[\ [...]
return-type	MIN	-	api FortressLibrary	overloading	FortressLibrary.fsi:2557,FortressLibrary.fsi:388	For MIN, the return type of ((QQ & {AnyIntegral}), QQ)->QQ @ FortressLibrary.fsi:388:5-30 should be a subtype of the return type of [\T extends Number, I extend [...]
return-type	MIN	-	api FortressLibrary	overloading	FortressLibrary.fsi:2558,FortressLibrary.fsi:388	For MIN, the return type of ((QQ & {AnyIntegral}), QQ)->QQ @ FortressLibrary.fsi:388:5-30 should be a subtype of the return type of [\T extends Number, I extend [...]
return-type	MIN	-	component FortressLibrary	overloading	FortressLibrary.fss:260,FortressLibrary.fss:279	For MIN, the return type of (StandardTotalOrder[\String\], String)->String @ FortressLibrary.fss:279:5-71 should be a subtype of the return type of (StandardMin [...]
return-type	MIN	-	component FortressLibrary	overloading	FortressLibrary.fss:260,FortressLibrary.fss:279	For MIN, the return type of (StandardTotalOrder[\T\], T)->T @ FortressLibrary.fss:279:5-71 should be a subtype of the return type of (StandardMinMax[\T\], T)->( [...]
return-type	MIN	-	component FortressLibrary	overloading	FortressLibrary.fss:260,FortressLibrary.fss:279	For MIN, the return type of (StandardTotalOrder[\TotalComparison\], TotalComparison)->TotalComparison @ FortressLibrary.fss:279:5-71 should be a subtype of the  [...]
return-type	MIN	-	component FortressLibrary	overloading	FortressLibrary.fss:260,FortressLibrary.fss:279	For MIN, the return type of [\T extends StandardTotalOrder[\T\]\](StandardTotalOrder[\T\], T)->T @ FortressLibrary.fss:279:5-71 should be a subtype of the retur [...]
return-type	MIN	-	component FortressLibrary	overloading	FortressLibrary.fss:260,FortressLibrary.fss:374	For MIN, the return type of ((Number & {RR64}), Number)->Number @ FortressLibrary.fss:374:5-65 should be a subtype of the return type of (StandardMinMax[\Number [...]
return-type	MIN	-	component FortressLibrary	overloading	FortressLibrary.fss:260,FortressLibrary.fss:374	For MIN, the return type of ((Number & {RR64}), Number)->Number @ FortressLibrary.fss:374:5-65 should be a subtype of the return type of [\T extends StandardMin [...]
return-type	MIN	-	component FortressLibrary	overloading	FortressLibrary.fss:260,FortressLibrary.fss:547	For MIN, the return type of ((QQ & {Ratio, AnyIntegral}), QQ)->QQ @ FortressLibrary.fss:547:5-548:103 should be a subtype of the return type of (StandardMinMax[ [...]
return-type	MIN	-	component FortressLibrary	overloading	FortressLibrary.fss:260,FortressLibrary.fss:547	For MIN, the return type of ((QQ & {Ratio, AnyIntegral}), QQ)->QQ @ FortressLibrary.fss:547:5-548:103 should be a subtype of the return type of [\T extends Stan [...]
return-type	MIN	-	component FortressLibrary	overloading	FortressLibrary.fss:279,FortressLibrary.fss:547	For MIN, the return type of ((QQ & {Ratio, AnyIntegral}), QQ)->QQ @ FortressLibrary.fss:547:5-548:103 should be a subtype of the return type of (StandardTotalOr [...]
return-type	MIN	-	component FortressLibrary	overloading	FortressLibrary.fss:279,FortressLibrary.fss:547	For MIN, the return type of ((QQ & {Ratio, AnyIntegral}), QQ)->QQ @ FortressLibrary.fss:547:5-548:103 should be a subtype of the return type of (StandardTotalOr [...]
return-type	MIN	-	component FortressLibrary	overloading	FortressLibrary.fss:279,FortressLibrary.fss:547	For MIN, the return type of ((QQ & {Ratio, AnyIntegral}), QQ)->QQ @ FortressLibrary.fss:547:5-548:103 should be a subtype of the return type of [\T extends Stan [...]
return-type	MIN	-	component FortressLibrary	overloading	FortressLibrary.fss:4518,FortressLibrary.fss:547	For MIN, the return type of ((QQ & {Ratio, AnyIntegral}), QQ)->QQ @ FortressLibrary.fss:547:5-548:103 should be a subtype of the return type of [\T extends Numb [...]
return-type	MIN	-	component FortressLibrary	overloading	FortressLibrary.fss:4519,FortressLibrary.fss:547	For MIN, the return type of ((QQ & {Ratio, AnyIntegral}), QQ)->QQ @ FortressLibrary.fss:547:5-548:103 should be a subtype of the return type of [\T extends Numb [...]
return-type	MINMAX	-	api FortressLibrary	overloading	FortressLibrary.fsi:208,FortressLibrary.fsi:390	For MINMAX, the return type of ((QQ & {AnyIntegral}), QQ)->(QQ, QQ) @ FortressLibrary.fsi:390:5-38 should be a subtype of the return type of [\T extends Standar [...]
return-type	MINMAX	-	api FortressLibrary	overloading	FortressLibrary.fsi:221,FortressLibrary.fsi:390	For MINMAX, the return type of ((QQ & {AnyIntegral}), QQ)->(QQ, QQ) @ FortressLibrary.fsi:390:5-38 should be a subtype of the return type of [\T extends Standar [...]
return-type	MINMAX	-	component FortressLibrary	overloading	FortressLibrary.fss:281,FortressLibrary.fss:551	For MINMAX, the return type of ((QQ & {Ratio, AnyIntegral}), QQ)->(QQ, QQ) @ FortressLibrary.fss:551:5-556:28 should be a subtype of the return type of (Standar [...]
return-type	MINMAX	-	component FortressLibrary	overloading	FortressLibrary.fss:281,FortressLibrary.fss:551	For MINMAX, the return type of ((QQ & {Ratio, AnyIntegral}), QQ)->(QQ, QQ) @ FortressLibrary.fss:551:5-556:28 should be a subtype of the return type of (Standar [...]
return-type	MINMAX	-	component FortressLibrary	overloading	FortressLibrary.fss:281,FortressLibrary.fss:551	For MINMAX, the return type of ((QQ & {Ratio, AnyIntegral}), QQ)->(QQ, QQ) @ FortressLibrary.fss:551:5-556:28 should be a subtype of the return type of [\T exte [...]
return-type	MOD	-	api FortressLibrary	overloading	FortressLibrary.fsi:423,FortressLibrary.fsi:450	For MOD, the return type of ((NN64 & {UnsignedLong, NN32}), NN64)->NN64 @ FortressLibrary.fsi:450:5-29 should be a subtype of the return type of [\I extends Int [...]
return-type	MOD	-	api FortressLibrary	overloading	FortressLibrary.fsi:423,FortressLibrary.fsi:484	For MOD, the return type of ((ZZ32 & {Int, IntLiteral}), ZZ32)->ZZ32 @ FortressLibrary.fsi:484:5-29 should be a subtype of the return type of [\I extends Integr [...]
return-type	MOD	-	api FortressLibrary	overloading	FortressLibrary.fsi:423,FortressLibrary.fsi:523	For MOD, the return type of ((ZZ64 & {Long, ZZ32}), ZZ64)->ZZ64 @ FortressLibrary.fsi:523:5-29 should be a subtype of the return type of [\I extends Integral[\I [...]
return-type	MOD	-	api FortressLibrary	overloading	FortressLibrary.fsi:450,FortressLibrary.fsi:484	For MOD, the return type of ((NN64 & {UnsignedLong, NN32}), NN64)->NN64 @ FortressLibrary.fsi:450:5-29 should be a subtype of the return type of ((ZZ32 & {Int,  [...]
return-type	MOD	-	api FortressLibrary	overloading	FortressLibrary.fsi:450,FortressLibrary.fsi:484	For MOD, the return type of ((ZZ32 & {Int, IntLiteral}), ZZ32)->ZZ32 @ FortressLibrary.fsi:484:5-29 should be a subtype of the return type of ((NN64 & {Unsigned [...]
return-type	MOD	-	api FortressLibrary	overloading	FortressLibrary.fsi:450,FortressLibrary.fsi:523	For MOD, the return type of ((NN64 & {UnsignedLong, NN32}), NN64)->NN64 @ FortressLibrary.fsi:450:5-29 should be a subtype of the return type of ((ZZ64 & {Long, [...]
return-type	MOD	-	api FortressLibrary	overloading	FortressLibrary.fsi:450,FortressLibrary.fsi:523	For MOD, the return type of ((ZZ64 & {Long, ZZ32}), ZZ64)->ZZ64 @ FortressLibrary.fsi:523:5-29 should be a subtype of the return type of ((NN64 & {UnsignedLong, [...]
return-type	MOD	-	api FortressLibrary	overloading	FortressLibrary.fsi:484,FortressLibrary.fsi:523	For MOD, the return type of ((ZZ64 & {Long, ZZ32}), ZZ64)->ZZ64 @ FortressLibrary.fsi:523:5-29 should be a subtype of the return type of ((ZZ32 & {Int, IntLiter [...]
return-type	MOD	-	component FortressLibrary	overloading	FortressLibrary.fss:674,FortressLibrary.fss:742	For MOD, the return type of ((ZZ64 & {Long, ZZ32}), ZZ64)->ZZ64 @ FortressLibrary.fss:742:5-743:75 should be a subtype of the return type of ((ZZ32 & {Int, IntL [...]
return-type	MOD	-	component FortressLibrary	overloading	FortressLibrary.fss:674,FortressLibrary.fss:796	For MOD, the return type of ((NN64 & {UnsignedLong, NN32}), NN64)->NN64 @ FortressLibrary.fss:796:5-797:83 should be a subtype of the return type of ((ZZ32 & {I [...]
return-type	MOD	-	component FortressLibrary	overloading	FortressLibrary.fss:674,FortressLibrary.fss:796	For MOD, the return type of ((ZZ32 & {Int, IntLiteral}), ZZ32)->ZZ32 @ FortressLibrary.fss:674:5-675:74 should be a subtype of the return type of ((NN64 & {Unsi [...]
return-type	MOD	-	component FortressLibrary	overloading	FortressLibrary.fss:674,FortressLibrary.fss:867	For MOD, the return type of ((ZZ & {BigNum, ZZ64, NN64}), ZZ)->ZZ @ FortressLibrary.fss:867:5-868:77 should be a subtype of the return type of ((ZZ32 & {Int, In [...]
return-type	MOD	-	component FortressLibrary	overloading	FortressLibrary.fss:742,FortressLibrary.fss:796	For MOD, the return type of ((NN64 & {UnsignedLong, NN32}), NN64)->NN64 @ FortressLibrary.fss:796:5-797:83 should be a subtype of the return type of ((ZZ64 & {L [...]
return-type	MOD	-	component FortressLibrary	overloading	FortressLibrary.fss:742,FortressLibrary.fss:796	For MOD, the return type of ((ZZ64 & {Long, ZZ32}), ZZ64)->ZZ64 @ FortressLibrary.fss:742:5-743:75 should be a subtype of the return type of ((NN64 & {UnsignedL [...]
return-type	MOD	-	component FortressLibrary	overloading	FortressLibrary.fss:742,FortressLibrary.fss:867	For MOD, the return type of ((ZZ & {BigNum, ZZ64, NN64}), ZZ)->ZZ @ FortressLibrary.fss:867:5-868:77 should be a subtype of the return type of ((ZZ64 & {Long, Z [...]
return-type	MOD	-	component FortressLibrary	overloading	FortressLibrary.fss:796,FortressLibrary.fss:867	For MOD, the return type of ((ZZ & {BigNum, ZZ64, NN64}), ZZ)->ZZ @ FortressLibrary.fss:867:5-868:77 should be a subtype of the return type of ((NN64 & {Unsigne [...]
return-type	REM	-	api FortressLibrary	overloading	FortressLibrary.fsi:422,FortressLibrary.fsi:449	For REM, the return type of ((NN64 & {UnsignedLong, NN32}), NN64)->NN64 @ FortressLibrary.fsi:449:5-29 should be a subtype of the return type of [\I extends Int [...]
return-type	REM	-	api FortressLibrary	overloading	FortressLibrary.fsi:422,FortressLibrary.fsi:483	For REM, the return type of ((ZZ32 & {Int, IntLiteral}), ZZ32)->ZZ32 @ FortressLibrary.fsi:483:5-29 should be a subtype of the return type of [\I extends Integr [...]
return-type	REM	-	api FortressLibrary	overloading	FortressLibrary.fsi:422,FortressLibrary.fsi:522	For REM, the return type of ((ZZ64 & {Long, ZZ32}), ZZ64)->ZZ64 @ FortressLibrary.fsi:522:5-29 should be a subtype of the return type of [\I extends Integral[\I [...]
return-type	REM	-	api FortressLibrary	overloading	FortressLibrary.fsi:449,FortressLibrary.fsi:483	For REM, the return type of ((NN64 & {UnsignedLong, NN32}), NN64)->NN64 @ FortressLibrary.fsi:449:5-29 should be a subtype of the return type of ((ZZ32 & {Int,  [...]
return-type	REM	-	api FortressLibrary	overloading	FortressLibrary.fsi:449,FortressLibrary.fsi:483	For REM, the return type of ((ZZ32 & {Int, IntLiteral}), ZZ32)->ZZ32 @ FortressLibrary.fsi:483:5-29 should be a subtype of the return type of ((NN64 & {Unsigned [...]
return-type	REM	-	api FortressLibrary	overloading	FortressLibrary.fsi:449,FortressLibrary.fsi:522	For REM, the return type of ((NN64 & {UnsignedLong, NN32}), NN64)->NN64 @ FortressLibrary.fsi:449:5-29 should be a subtype of the return type of ((ZZ64 & {Long, [...]
return-type	REM	-	api FortressLibrary	overloading	FortressLibrary.fsi:449,FortressLibrary.fsi:522	For REM, the return type of ((ZZ64 & {Long, ZZ32}), ZZ64)->ZZ64 @ FortressLibrary.fsi:522:5-29 should be a subtype of the return type of ((NN64 & {UnsignedLong, [...]
return-type	REM	-	api FortressLibrary	overloading	FortressLibrary.fsi:483,FortressLibrary.fsi:522	For REM, the return type of ((ZZ64 & {Long, ZZ32}), ZZ64)->ZZ64 @ FortressLibrary.fsi:522:5-29 should be a subtype of the return type of ((ZZ32 & {Int, IntLiter [...]
return-type	REM	-	component FortressLibrary	overloading	FortressLibrary.fss:672,FortressLibrary.fss:740	For REM, the return type of ((ZZ64 & {Long, ZZ32}), ZZ64)->ZZ64 @ FortressLibrary.fss:740:5-741:75 should be a subtype of the return type of ((ZZ32 & {Int, IntL [...]
return-type	REM	-	component FortressLibrary	overloading	FortressLibrary.fss:672,FortressLibrary.fss:794	For REM, the return type of ((NN64 & {UnsignedLong, NN32}), NN64)->NN64 @ FortressLibrary.fss:794:5-795:83 should be a subtype of the return type of ((ZZ32 & {I [...]
return-type	REM	-	component FortressLibrary	overloading	FortressLibrary.fss:672,FortressLibrary.fss:794	For REM, the return type of ((ZZ32 & {Int, IntLiteral}), ZZ32)->ZZ32 @ FortressLibrary.fss:672:5-673:74 should be a subtype of the return type of ((NN64 & {Unsi [...]
return-type	REM	-	component FortressLibrary	overloading	FortressLibrary.fss:672,FortressLibrary.fss:865	For REM, the return type of ((ZZ & {BigNum, ZZ64, NN64}), ZZ)->ZZ @ FortressLibrary.fss:865:5-866:77 should be a subtype of the return type of ((ZZ32 & {Int, In [...]
return-type	REM	-	component FortressLibrary	overloading	FortressLibrary.fss:740,FortressLibrary.fss:794	For REM, the return type of ((NN64 & {UnsignedLong, NN32}), NN64)->NN64 @ FortressLibrary.fss:794:5-795:83 should be a subtype of the return type of ((ZZ64 & {L [...]
return-type	REM	-	component FortressLibrary	overloading	FortressLibrary.fss:740,FortressLibrary.fss:794	For REM, the return type of ((ZZ64 & {Long, ZZ32}), ZZ64)->ZZ64 @ FortressLibrary.fss:740:5-741:75 should be a subtype of the return type of ((NN64 & {UnsignedL [...]
return-type	REM	-	component FortressLibrary	overloading	FortressLibrary.fss:740,FortressLibrary.fss:865	For REM, the return type of ((ZZ & {BigNum, ZZ64, NN64}), ZZ)->ZZ @ FortressLibrary.fss:865:5-866:77 should be a subtype of the return type of ((ZZ64 & {Long, Z [...]
return-type	REM	-	component FortressLibrary	overloading	FortressLibrary.fss:794,FortressLibrary.fss:865	For REM, the return type of ((ZZ & {BigNum, ZZ64, NN64}), ZZ)->ZZ @ FortressLibrary.fss:865:5-866:77 should be a subtype of the return type of ((NN64 & {Unsigne [...]
return-type	RSHIFT	-	api FortressLibrary	overloading	FortressLibrary.fsi:432,FortressLibrary.fsi:458	For RSHIFT, the return type of ((NN64 & {UnsignedLong, NN32}), AnyIntegral)->NN64 @ FortressLibrary.fsi:458:5-39 should be a subtype of the return type of [\I e [...]
return-type	RSHIFT	-	api FortressLibrary	overloading	FortressLibrary.fsi:432,FortressLibrary.fsi:492	For RSHIFT, the return type of ((ZZ32 & {Int, IntLiteral}), AnyIntegral)->ZZ32 @ FortressLibrary.fsi:492:5-39 should be a subtype of the return type of [\I exte [...]
return-type	RSHIFT	-	api FortressLibrary	overloading	FortressLibrary.fsi:432,FortressLibrary.fsi:531	For RSHIFT, the return type of ((ZZ64 & {Long, ZZ32}), AnyIntegral)->ZZ64 @ FortressLibrary.fsi:531:5-39 should be a subtype of the return type of [\I extends I [...]
return-type	RSHIFT	-	api FortressLibrary	overloading	FortressLibrary.fsi:458,FortressLibrary.fsi:492	For RSHIFT, the return type of ((NN64 & {UnsignedLong, NN32}), AnyIntegral)->NN64 @ FortressLibrary.fsi:458:5-39 should be a subtype of the return type of ((ZZ3 [...]
return-type	RSHIFT	-	api FortressLibrary	overloading	FortressLibrary.fsi:458,FortressLibrary.fsi:492	For RSHIFT, the return type of ((ZZ32 & {Int, IntLiteral}), AnyIntegral)->ZZ32 @ FortressLibrary.fsi:492:5-39 should be a subtype of the return type of ((NN64 & [...]
return-type	RSHIFT	-	api FortressLibrary	overloading	FortressLibrary.fsi:458,FortressLibrary.fsi:531	For RSHIFT, the return type of ((NN64 & {UnsignedLong, NN32}), AnyIntegral)->NN64 @ FortressLibrary.fsi:458:5-39 should be a subtype of the return type of ((ZZ6 [...]
return-type	RSHIFT	-	api FortressLibrary	overloading	FortressLibrary.fsi:458,FortressLibrary.fsi:531	For RSHIFT, the return type of ((ZZ64 & {Long, ZZ32}), AnyIntegral)->ZZ64 @ FortressLibrary.fsi:531:5-39 should be a subtype of the return type of ((NN64 & {Uns [...]
return-type	RSHIFT	-	api FortressLibrary	overloading	FortressLibrary.fsi:492,FortressLibrary.fsi:531	For RSHIFT, the return type of ((ZZ64 & {Long, ZZ32}), AnyIntegral)->ZZ64 @ FortressLibrary.fsi:531:5-39 should be a subtype of the return type of ((ZZ32 & {Int [...]
return-type	RSHIFT	-	component FortressLibrary	overloading	FortressLibrary.fss:690,FortressLibrary.fss:758	For RSHIFT, the return type of ((ZZ64 & {Long, ZZ32}), AnyIntegral)->ZZ64 @ FortressLibrary.fss:758:5-759:78 should be a subtype of the return type of ((ZZ32 &  [...]
return-type	RSHIFT	-	component FortressLibrary	overloading	FortressLibrary.fss:690,FortressLibrary.fss:812	For RSHIFT, the return type of ((NN64 & {UnsignedLong, NN32}), AnyIntegral)->NN64 @ FortressLibrary.fss:812:5-813:86 should be a subtype of the return type of ( [...]
return-type	RSHIFT	-	component FortressLibrary	overloading	FortressLibrary.fss:690,FortressLibrary.fss:812	For RSHIFT, the return type of ((ZZ32 & {Int, IntLiteral}), AnyIntegral)->ZZ32 @ FortressLibrary.fss:690:5-691:77 should be a subtype of the return type of ((NN [...]
return-type	RSHIFT	-	component FortressLibrary	overloading	FortressLibrary.fss:690,FortressLibrary.fss:883	For RSHIFT, the return type of ((ZZ & {BigNum, ZZ64, NN64}), AnyIntegral)->ZZ @ FortressLibrary.fss:883:5-884:80 should be a subtype of the return type of ((ZZ3 [...]
return-type	RSHIFT	-	component FortressLibrary	overloading	FortressLibrary.fss:758,FortressLibrary.fss:812	For RSHIFT, the return type of ((NN64 & {UnsignedLong, NN32}), AnyIntegral)->NN64 @ FortressLibrary.fss:812:5-813:86 should be a subtype of the return type of ( [...]
return-type	RSHIFT	-	component FortressLibrary	overloading	FortressLibrary.fss:758,FortressLibrary.fss:812	For RSHIFT, the return type of ((ZZ64 & {Long, ZZ32}), AnyIntegral)->ZZ64 @ FortressLibrary.fss:758:5-759:78 should be a subtype of the return type of ((NN64 &  [...]
return-type	RSHIFT	-	component FortressLibrary	overloading	FortressLibrary.fss:758,FortressLibrary.fss:883	For RSHIFT, the return type of ((ZZ & {BigNum, ZZ64, NN64}), AnyIntegral)->ZZ @ FortressLibrary.fss:883:5-884:80 should be a subtype of the return type of ((ZZ6 [...]
return-type	RSHIFT	-	component FortressLibrary	overloading	FortressLibrary.fss:812,FortressLibrary.fss:883	For RSHIFT, the return type of ((ZZ & {BigNum, ZZ64, NN64}), AnyIntegral)->ZZ @ FortressLibrary.fss:883:5-884:80 should be a subtype of the return type of ((NN6 [...]
return-type	SQCAP	-	api FortressLibrary	overloading	FortressLibrary.fsi:837,FortressLibrary.fsi:882	For SQCAP, the return type of [\T extends Object\]((Maybe[\T\] & {Nothing[\T\], Just[\T\]}), Maybe[\T\])->Maybe[\T\] @ FortressLibrary.fsi:837:5-838:1 should be [...]
return-type	SQCAP	-	api FortressLibrary	overloading	FortressLibrary.fsi:837,FortressLibrary.fsi:883	For SQCAP, the return type of [\T extends Object\]((Maybe[\T\] & {Nothing[\T\], Just[\T\]}), Maybe[\T\])->Maybe[\T\] @ FortressLibrary.fsi:837:5-838:1 should be [...]
return-type	SQCAP	-	component FortressLibrary	overloading	FortressLibrary.fss:1315,FortressLibrary.fss:1339	For SQCAP, the return type of ((Maybe[\T\] & {Nothing[\T\], Just[\T\]}), Maybe[\T\])->Maybe[\T\] @ FortressLibrary.fss:1315:5-96 should be a subtype of the retu [...]
return-type	SQCAP	-	component FortressLibrary	overloading	FortressLibrary.fss:1315,FortressLibrary.fss:1339	For SQCAP, the return type of [\T extends Object\]((Maybe[\T\] & {Nothing[\T\], Just[\T\]}), Maybe[\T\])->Maybe[\T\] @ FortressLibrary.fss:1315:5-96 should be a [...]
return-type	SQCAP	-	component FortressLibrary	overloading	FortressLibrary.fss:1315,FortressLibrary.fss:1368	For SQCAP, the return type of ((Maybe[\T\] & {Nothing[\T\], Just[\T\]}), Maybe[\T\])->Maybe[\T\] @ FortressLibrary.fss:1315:5-96 should be a subtype of the retu [...]
return-type	SQCAP	-	component FortressLibrary	overloading	FortressLibrary.fss:1315,FortressLibrary.fss:1368	For SQCAP, the return type of [\T extends Object\]((Maybe[\T\] & {Nothing[\T\], Just[\T\]}), Maybe[\T\])->Maybe[\T\] @ FortressLibrary.fss:1315:5-96 should be a [...]
return-type	SQCAP	-	component FortressLibrary	overloading	FortressLibrary.fss:1315,FortressLibrary.fss:1369	For SQCAP, the return type of ((Maybe[\T\] & {Nothing[\T\], Just[\T\]}), Maybe[\T\])->Maybe[\T\] @ FortressLibrary.fss:1315:5-96 should be a subtype of the retu [...]
return-type	SQCAP	-	component FortressLibrary	overloading	FortressLibrary.fss:1315,FortressLibrary.fss:1369	For SQCAP, the return type of [\T extends Object\]((Maybe[\T\] & {Nothing[\T\], Just[\T\]}), Maybe[\T\])->Maybe[\T\] @ FortressLibrary.fss:1315:5-96 should be a [...]
return-type	atMost	-	api RangeInternals	overloading	FortressLibrary.fsi:2121,RangeInternals.fsi:259	For atMost, the return type of (RangeInternals.LeftScalarRange[\I\], I)->RangeInternals.ScalarRange[\I\] @ RangeInternals.fsi:259:5-34 should be a subtype of th [...]
return-type	atMost	-	api RangeInternals	overloading	FortressLibrary.fsi:2121,RangeInternals.fsi:319	For atMost, the return type of (RangeInternals.RightScalarRange[\I\], I)->RangeInternals.ScalarRange[\I\] @ RangeInternals.fsi:319:5-34 should be a subtype of t [...]
return-type	atMost	-	component RangeInternals	overloading	FortressLibrary.fsi:2121,RangeInternals.fss:591	For atMost, the return type of (RangeInternals.LeftScalarRange[\I\], I)->RangeInternals.ScalarRange[\I\] @ RangeInternals.fss:591:5-592:57 should be a subtype o [...]
return-type	atMost	-	component RangeInternals	overloading	FortressLibrary.fsi:2121,RangeInternals.fss:709	For atMost, the return type of (RangeInternals.RightScalarRange[\I\], I)->RangeInternals.ScalarRange[\I\] @ RangeInternals.fss:709:5-710:57 should be a subtype  [...]
return-type	distribute	-	component FortressLibrary	overloading	FortressLibrary.fss:2878,FortressLibrary.fss:3043	For distribute, the return type of (SumReduction, MaxReduction[\Number\])->PossibleReductionPair[\AnyMaybe\] @ FortressLibrary.fss:3043:5-3044:23 should be a su [...]
return-type	distribute	-	component FortressLibrary	overloading	FortressLibrary.fss:2878,FortressLibrary.fss:3045	For distribute, the return type of (SumReduction, MinReduction[\Number\])->PossibleReductionPair[\AnyMaybe\] @ FortressLibrary.fss:3045:5-3046:23 should be a su [...]
return-type	distribute	-	component FortressLibrary	overloading	FortressLibrary.fss:2878,FortressLibrary.fss:3047	For distribute, the return type of (SumReduction, MaxReductionN)->PossibleReductionPair[\AnyMaybe\] @ FortressLibrary.fss:3047:5-3048:24 should be a subtype of  [...]
return-type	distribute	-	component FortressLibrary	overloading	FortressLibrary.fss:2878,FortressLibrary.fss:3049	For distribute, the return type of (SumReduction, MinReductionN)->PossibleReductionPair[\AnyMaybe\] @ FortressLibrary.fss:3049:5-3050:24 should be a subtype of  [...]
return-type	empty	-	api FortressLibrary	overloading	FortressLibrary.fsi:1720,FortressLibrary.fsi:1866	For empty, the return type of MinMaxReductionN->Number @ FortressLibrary.fsi:1866:5-19 should be a subtype of the return type of Reduction[\(Number, Number)\]-> [...]
return-type	empty	-	api FortressLibrary	overloading	FortressLibrary.fsi:1729,FortressLibrary.fsi:1866	For empty, the return type of MinMaxReductionN->Number @ FortressLibrary.fsi:1866:5-19 should be a subtype of the return type of ActualReduction[\(Number, Numbe [...]
return-type	empty	-	component FortressLibrary	overloading	FortressLibrary.fss:2849,FortressLibrary.fss:3101	For empty, the return type of MinMaxReductionN->Number @ FortressLibrary.fss:3101:5-32 should be a subtype of the return type of Reduction[\(Number, Number)\]-> [...]
return-type	every	-	api RangeInternals	overloading	FortressLibrary.fsi:2120,RangeInternals.fsi:257	For every, the return type of (RangeInternals.LeftScalarRange[\I\], I)->RangeInternals.ScalarRange[\I\] @ RangeInternals.fsi:257:5-258:4 should be a subtype of  [...]
return-type	every	-	component RangeInternals	overloading	FortressLibrary.fsi:2120,RangeInternals.fss:583	For every, the return type of (RangeInternals.LeftScalarRange[\I\], I)->RangeInternals.ScalarRange[\I\] @ RangeInternals.fss:583:5-588:10 should be a subtype of [...]
return-type	filter	-	component FortressLibrary	overloading	FortressLibrary.fss:3450,FortressLibrary.fss:4433	For filter, the return type of (FilterGenerator2[\E\], Generator[\E\]->Condition[\()\])->SimpleFilterGenerator2[\E\] @ FortressLibrary.fss:4433:3-4434:56 should [...]
return-type	juxtaposition	-	api FortressLibrary	overloading	FortressLibrary.fsi:1516,FortressLibrary.fsi:396	For juxtaposition, the return type of ((QQ & {AnyIntegral}), QQ)->QQ @ FortressLibrary.fsi:396:5-40 should be a subtype of the return type of [\T extends Number [...]
return-type	juxtaposition	-	api FortressLibrary	overloading	FortressLibrary.fsi:1516,FortressLibrary.fsi:447	For juxtaposition, the return type of ((NN64 & {UnsignedLong, NN32}), NN64)->NN64 @ FortressLibrary.fsi:447:5-39 should be a subtype of the return type of [\T e [...]
return-type	juxtaposition	-	api FortressLibrary	overloading	FortressLibrary.fsi:1516,FortressLibrary.fsi:481	For juxtaposition, the return type of ((ZZ32 & {Int, IntLiteral}), ZZ32)->ZZ32 @ FortressLibrary.fsi:481:5-39 should be a subtype of the return type of [\T exte [...]
return-type	juxtaposition	-	api FortressLibrary	overloading	FortressLibrary.fsi:1516,FortressLibrary.fsi:520	For juxtaposition, the return type of ((ZZ64 & {Long, ZZ32}), ZZ64)->ZZ64 @ FortressLibrary.fsi:520:5-39 should be a subtype of the return type of [\T extends N [...]
return-type	juxtaposition	-	api FortressLibrary	overloading	FortressLibrary.fsi:1522,FortressLibrary.fsi:396	For juxtaposition, the return type of ((QQ & {AnyIntegral}), QQ)->QQ @ FortressLibrary.fsi:396:5-40 should be a subtype of the return type of [\T extends Number [...]
return-type	juxtaposition	-	api FortressLibrary	overloading	FortressLibrary.fsi:1522,FortressLibrary.fsi:447	For juxtaposition, the return type of ((NN64 & {UnsignedLong, NN32}), NN64)->NN64 @ FortressLibrary.fsi:447:5-39 should be a subtype of the return type of [\T e [...]
return-type	juxtaposition	-	api FortressLibrary	overloading	FortressLibrary.fsi:1522,FortressLibrary.fsi:481	For juxtaposition, the return type of ((ZZ32 & {Int, IntLiteral}), ZZ32)->ZZ32 @ FortressLibrary.fsi:481:5-39 should be a subtype of the return type of [\T exte [...]
return-type	juxtaposition	-	api FortressLibrary	overloading	FortressLibrary.fsi:1522,FortressLibrary.fsi:520	For juxtaposition, the return type of ((ZZ64 & {Long, ZZ32}), ZZ64)->ZZ64 @ FortressLibrary.fsi:520:5-39 should be a subtype of the return type of [\T extends N [...]
return-type	juxtaposition	-	api FortressLibrary	overloading	FortressLibrary.fsi:1528,FortressLibrary.fsi:396	For juxtaposition, the return type of ((QQ & {AnyIntegral}), QQ)->QQ @ FortressLibrary.fsi:396:5-40 should be a subtype of the return type of [\T extends Number [...]
return-type	juxtaposition	-	api FortressLibrary	overloading	FortressLibrary.fsi:1528,FortressLibrary.fsi:447	For juxtaposition, the return type of ((NN64 & {UnsignedLong, NN32}), NN64)->NN64 @ FortressLibrary.fsi:447:5-39 should be a subtype of the return type of [\T e [...]
return-type	juxtaposition	-	api FortressLibrary	overloading	FortressLibrary.fsi:1528,FortressLibrary.fsi:481	For juxtaposition, the return type of ((ZZ32 & {Int, IntLiteral}), ZZ32)->ZZ32 @ FortressLibrary.fsi:481:5-39 should be a subtype of the return type of [\T exte [...]
return-type	juxtaposition	-	api FortressLibrary	overloading	FortressLibrary.fsi:1528,FortressLibrary.fsi:520	For juxtaposition, the return type of ((ZZ64 & {Long, ZZ32}), ZZ64)->ZZ64 @ FortressLibrary.fsi:520:5-39 should be a subtype of the return type of [\T extends N [...]
return-type	juxtaposition	-	api FortressLibrary	overloading	FortressLibrary.fsi:1622,FortressLibrary.fsi:396	For juxtaposition, the return type of ((QQ & {AnyIntegral}), QQ)->QQ @ FortressLibrary.fsi:396:5-40 should be a subtype of the return type of [\T extends Number [...]
return-type	juxtaposition	-	api FortressLibrary	overloading	FortressLibrary.fsi:1622,FortressLibrary.fsi:447	For juxtaposition, the return type of ((NN64 & {UnsignedLong, NN32}), NN64)->NN64 @ FortressLibrary.fsi:447:5-39 should be a subtype of the return type of [\T e [...]
return-type	juxtaposition	-	api FortressLibrary	overloading	FortressLibrary.fsi:1622,FortressLibrary.fsi:481	For juxtaposition, the return type of ((ZZ32 & {Int, IntLiteral}), ZZ32)->ZZ32 @ FortressLibrary.fsi:481:5-39 should be a subtype of the return type of [\T exte [...]
return-type	juxtaposition	-	api FortressLibrary	overloading	FortressLibrary.fsi:1622,FortressLibrary.fsi:520	For juxtaposition, the return type of ((ZZ64 & {Long, ZZ32}), ZZ64)->ZZ64 @ FortressLibrary.fsi:520:5-39 should be a subtype of the return type of [\T extends N [...]
return-type	juxtaposition	-	api FortressLibrary	overloading	FortressLibrary.fsi:1629,FortressLibrary.fsi:396	For juxtaposition, the return type of ((QQ & {AnyIntegral}), QQ)->QQ @ FortressLibrary.fsi:396:5-40 should be a subtype of the return type of [\T extends Number [...]
return-type	juxtaposition	-	api FortressLibrary	overloading	FortressLibrary.fsi:1629,FortressLibrary.fsi:447	For juxtaposition, the return type of ((NN64 & {UnsignedLong, NN32}), NN64)->NN64 @ FortressLibrary.fsi:447:5-39 should be a subtype of the return type of [\T e [...]
return-type	juxtaposition	-	api FortressLibrary	overloading	FortressLibrary.fsi:1629,FortressLibrary.fsi:481	For juxtaposition, the return type of ((ZZ32 & {Int, IntLiteral}), ZZ32)->ZZ32 @ FortressLibrary.fsi:481:5-39 should be a subtype of the return type of [\T exte [...]
return-type	juxtaposition	-	api FortressLibrary	overloading	FortressLibrary.fsi:1629,FortressLibrary.fsi:520	For juxtaposition, the return type of ((ZZ64 & {Long, ZZ32}), ZZ64)->ZZ64 @ FortressLibrary.fsi:520:5-39 should be a subtype of the return type of [\T extends N [...]
return-type	juxtaposition	-	api FortressLibrary	overloading	FortressLibrary.fsi:1636,FortressLibrary.fsi:396	For juxtaposition, the return type of ((QQ & {AnyIntegral}), QQ)->QQ @ FortressLibrary.fsi:396:5-40 should be a subtype of the return type of [\T extends Number [...]
return-type	juxtaposition	-	api FortressLibrary	overloading	FortressLibrary.fsi:1636,FortressLibrary.fsi:447	For juxtaposition, the return type of ((NN64 & {UnsignedLong, NN32}), NN64)->NN64 @ FortressLibrary.fsi:447:5-39 should be a subtype of the return type of [\T e [...]
return-type	juxtaposition	-	api FortressLibrary	overloading	FortressLibrary.fsi:1636,FortressLibrary.fsi:481	For juxtaposition, the return type of ((ZZ32 & {Int, IntLiteral}), ZZ32)->ZZ32 @ FortressLibrary.fsi:481:5-39 should be a subtype of the return type of [\T exte [...]
return-type	juxtaposition	-	api FortressLibrary	overloading	FortressLibrary.fsi:1636,FortressLibrary.fsi:520	For juxtaposition, the return type of ((ZZ64 & {Long, ZZ32}), ZZ64)->ZZ64 @ FortressLibrary.fsi:520:5-39 should be a subtype of the return type of [\T extends N [...]
return-type	juxtaposition	-	api FortressLibrary	overloading	FortressLibrary.fsi:1642,FortressLibrary.fsi:396	For juxtaposition, the return type of ((QQ & {AnyIntegral}), QQ)->QQ @ FortressLibrary.fsi:396:5-40 should be a subtype of the return type of [\T extends Number [...]
return-type	juxtaposition	-	api FortressLibrary	overloading	FortressLibrary.fsi:1642,FortressLibrary.fsi:447	For juxtaposition, the return type of ((NN64 & {UnsignedLong, NN32}), NN64)->NN64 @ FortressLibrary.fsi:447:5-39 should be a subtype of the return type of [\T e [...]
return-type	juxtaposition	-	api FortressLibrary	overloading	FortressLibrary.fsi:1642,FortressLibrary.fsi:481	For juxtaposition, the return type of ((ZZ32 & {Int, IntLiteral}), ZZ32)->ZZ32 @ FortressLibrary.fsi:481:5-39 should be a subtype of the return type of [\T exte [...]
return-type	juxtaposition	-	api FortressLibrary	overloading	FortressLibrary.fsi:1642,FortressLibrary.fsi:520	For juxtaposition, the return type of ((ZZ64 & {Long, ZZ32}), ZZ64)->ZZ64 @ FortressLibrary.fsi:520:5-39 should be a subtype of the return type of [\T extends N [...]
return-type	juxtaposition	-	api FortressLibrary	overloading	FortressLibrary.fsi:1648,FortressLibrary.fsi:396	For juxtaposition, the return type of ((QQ & {AnyIntegral}), QQ)->QQ @ FortressLibrary.fsi:396:5-40 should be a subtype of the return type of [\T extends Number [...]
return-type	juxtaposition	-	api FortressLibrary	overloading	FortressLibrary.fsi:1648,FortressLibrary.fsi:447	For juxtaposition, the return type of ((NN64 & {UnsignedLong, NN32}), NN64)->NN64 @ FortressLibrary.fsi:447:5-39 should be a subtype of the return type of [\T e [...]
return-type	juxtaposition	-	api FortressLibrary	overloading	FortressLibrary.fsi:1648,FortressLibrary.fsi:481	For juxtaposition, the return type of ((ZZ32 & {Int, IntLiteral}), ZZ32)->ZZ32 @ FortressLibrary.fsi:481:5-39 should be a subtype of the return type of [\T exte [...]
return-type	juxtaposition	-	api FortressLibrary	overloading	FortressLibrary.fsi:1648,FortressLibrary.fsi:520	For juxtaposition, the return type of ((ZZ64 & {Long, ZZ32}), ZZ64)->ZZ64 @ FortressLibrary.fsi:520:5-39 should be a subtype of the return type of [\T extends N [...]
return-type	juxtaposition	-	api FortressLibrary	overloading	FortressLibrary.fsi:2361,FortressLibrary.fsi:396	For juxtaposition, the return type of ((QQ & {AnyIntegral}), QQ)->QQ @ FortressLibrary.fsi:396:5-40 should be a subtype of the return type of (Any, String)->Str [...]
return-type	juxtaposition	-	api FortressLibrary	overloading	FortressLibrary.fsi:2361,FortressLibrary.fsi:447	For juxtaposition, the return type of ((NN64 & {UnsignedLong, NN32}), NN64)->NN64 @ FortressLibrary.fsi:447:5-39 should be a subtype of the return type of (Any, [...]
return-type	juxtaposition	-	api FortressLibrary	overloading	FortressLibrary.fsi:2361,FortressLibrary.fsi:481	For juxtaposition, the return type of ((ZZ32 & {Int, IntLiteral}), ZZ32)->ZZ32 @ FortressLibrary.fsi:481:5-39 should be a subtype of the return type of (Any, St [...]
return-type	juxtaposition	-	api FortressLibrary	overloading	FortressLibrary.fsi:2361,FortressLibrary.fsi:520	For juxtaposition, the return type of ((ZZ64 & {Long, ZZ32}), ZZ64)->ZZ64 @ FortressLibrary.fsi:520:5-39 should be a subtype of the return type of (Any, String) [...]
return-type	juxtaposition	-	api FortressLibrary	overloading	FortressLibrary.fsi:2362,FortressLibrary.fsi:396	For juxtaposition, the return type of ((QQ & {AnyIntegral}), QQ)->QQ @ FortressLibrary.fsi:396:5-40 should be a subtype of the return type of (String, String)-> [...]
return-type	juxtaposition	-	api FortressLibrary	overloading	FortressLibrary.fsi:2362,FortressLibrary.fsi:447	For juxtaposition, the return type of ((NN64 & {UnsignedLong, NN32}), NN64)->NN64 @ FortressLibrary.fsi:447:5-39 should be a subtype of the return type of (Stri [...]
return-type	juxtaposition	-	api FortressLibrary	overloading	FortressLibrary.fsi:2362,FortressLibrary.fsi:481	For juxtaposition, the return type of ((ZZ32 & {Int, IntLiteral}), ZZ32)->ZZ32 @ FortressLibrary.fsi:481:5-39 should be a subtype of the return type of (String, [...]
return-type	juxtaposition	-	api FortressLibrary	overloading	FortressLibrary.fsi:2362,FortressLibrary.fsi:520	For juxtaposition, the return type of ((ZZ64 & {Long, ZZ32}), ZZ64)->ZZ64 @ FortressLibrary.fsi:520:5-39 should be a subtype of the return type of (String, Stri [...]
return-type	juxtaposition	-	api FortressLibrary	overloading	FortressLibrary.fsi:2363,FortressLibrary.fsi:396	For juxtaposition, the return type of ((QQ & {AnyIntegral}), QQ)->QQ @ FortressLibrary.fsi:396:5-40 should be a subtype of the return type of (String, Any)->Str [...]
return-type	juxtaposition	-	api FortressLibrary	overloading	FortressLibrary.fsi:2363,FortressLibrary.fsi:447	For juxtaposition, the return type of ((NN64 & {UnsignedLong, NN32}), NN64)->NN64 @ FortressLibrary.fsi:447:5-39 should be a subtype of the return type of (Stri [...]
return-type	juxtaposition	-	api FortressLibrary	overloading	FortressLibrary.fsi:2363,FortressLibrary.fsi:481	For juxtaposition, the return type of ((ZZ32 & {Int, IntLiteral}), ZZ32)->ZZ32 @ FortressLibrary.fsi:481:5-39 should be a subtype of the return type of (String, [...]
return-type	juxtaposition	-	api FortressLibrary	overloading	FortressLibrary.fsi:2363,FortressLibrary.fsi:520	For juxtaposition, the return type of ((ZZ64 & {Long, ZZ32}), ZZ64)->ZZ64 @ FortressLibrary.fsi:520:5-39 should be a subtype of the return type of (String, Any) [...]
return-type	juxtaposition	-	api FortressLibrary	overloading	FortressLibrary.fsi:271,FortressLibrary.fsi:396	For juxtaposition, the return type of ((QQ & {AnyIntegral}), QQ)->QQ @ FortressLibrary.fsi:396:5-40 should be a subtype of the return type of [\T extends Multip [...]
return-type	juxtaposition	-	api FortressLibrary	overloading	FortressLibrary.fsi:271,FortressLibrary.fsi:447	For juxtaposition, the return type of ((NN64 & {UnsignedLong, NN32}), NN64)->NN64 @ FortressLibrary.fsi:447:5-39 should be a subtype of the return type of [\T e [...]
return-type	juxtaposition	-	api FortressLibrary	overloading	FortressLibrary.fsi:271,FortressLibrary.fsi:481	For juxtaposition, the return type of ((ZZ32 & {Int, IntLiteral}), ZZ32)->ZZ32 @ FortressLibrary.fsi:481:5-39 should be a subtype of the return type of [\T exte [...]
return-type	juxtaposition	-	api FortressLibrary	overloading	FortressLibrary.fsi:271,FortressLibrary.fsi:520	For juxtaposition, the return type of ((ZZ64 & {Long, ZZ32}), ZZ64)->ZZ64 @ FortressLibrary.fsi:520:5-39 should be a subtype of the return type of [\T extends M [...]
return-type	juxtaposition	-	api FortressLibrary	overloading	FortressLibrary.fsi:396,FortressLibrary.fsi:420	For juxtaposition, the return type of ((QQ & {AnyIntegral}), QQ)->QQ @ FortressLibrary.fsi:396:5-40 should be a subtype of the return type of [\I extends Integr [...]
return-type	juxtaposition	-	api FortressLibrary	overloading	FortressLibrary.fsi:396,FortressLibrary.fsi:447	For juxtaposition, the return type of ((QQ & {AnyIntegral}), QQ)->QQ @ FortressLibrary.fsi:396:5-40 should be a subtype of the return type of ((NN64 & {Unsigned [...]
return-type	juxtaposition	-	api FortressLibrary	overloading	FortressLibrary.fsi:396,FortressLibrary.fsi:481	For juxtaposition, the return type of ((QQ & {AnyIntegral}), QQ)->QQ @ FortressLibrary.fsi:396:5-40 should be a subtype of the return type of ((ZZ32 & {Int, Int [...]
return-type	juxtaposition	-	api FortressLibrary	overloading	FortressLibrary.fsi:396,FortressLibrary.fsi:520	For juxtaposition, the return type of ((QQ & {AnyIntegral}), QQ)->QQ @ FortressLibrary.fsi:396:5-40 should be a subtype of the return type of ((ZZ64 & {Long, ZZ [...]
return-type	juxtaposition	-	api FortressLibrary	overloading	FortressLibrary.fsi:420,FortressLibrary.fsi:447	For juxtaposition, the return type of ((NN64 & {UnsignedLong, NN32}), NN64)->NN64 @ FortressLibrary.fsi:447:5-39 should be a subtype of the return type of [\I e [...]
return-type	juxtaposition	-	api FortressLibrary	overloading	FortressLibrary.fsi:420,FortressLibrary.fsi:481	For juxtaposition, the return type of ((ZZ32 & {Int, IntLiteral}), ZZ32)->ZZ32 @ FortressLibrary.fsi:481:5-39 should be a subtype of the return type of [\I exte [...]
return-type	juxtaposition	-	api FortressLibrary	overloading	FortressLibrary.fsi:420,FortressLibrary.fsi:520	For juxtaposition, the return type of ((ZZ64 & {Long, ZZ32}), ZZ64)->ZZ64 @ FortressLibrary.fsi:520:5-39 should be a subtype of the return type of [\I extends I [...]
return-type	juxtaposition	-	api FortressLibrary	overloading	FortressLibrary.fsi:447,FortressLibrary.fsi:481	For juxtaposition, the return type of ((NN64 & {UnsignedLong, NN32}), NN64)->NN64 @ FortressLibrary.fsi:447:5-39 should be a subtype of the return type of ((ZZ3 [...]
return-type	juxtaposition	-	api FortressLibrary	overloading	FortressLibrary.fsi:447,FortressLibrary.fsi:481	For juxtaposition, the return type of ((ZZ32 & {Int, IntLiteral}), ZZ32)->ZZ32 @ FortressLibrary.fsi:481:5-39 should be a subtype of the return type of ((NN64 & [...]
return-type	juxtaposition	-	api FortressLibrary	overloading	FortressLibrary.fsi:447,FortressLibrary.fsi:520	For juxtaposition, the return type of ((NN64 & {UnsignedLong, NN32}), NN64)->NN64 @ FortressLibrary.fsi:447:5-39 should be a subtype of the return type of ((ZZ6 [...]
return-type	juxtaposition	-	api FortressLibrary	overloading	FortressLibrary.fsi:447,FortressLibrary.fsi:520	For juxtaposition, the return type of ((ZZ64 & {Long, ZZ32}), ZZ64)->ZZ64 @ FortressLibrary.fsi:520:5-39 should be a subtype of the return type of ((NN64 & {Uns [...]
return-type	juxtaposition	-	api FortressLibrary	overloading	FortressLibrary.fsi:481,FortressLibrary.fsi:520	For juxtaposition, the return type of ((ZZ64 & {Long, ZZ32}), ZZ64)->ZZ64 @ FortressLibrary.fsi:520:5-39 should be a subtype of the return type of ((ZZ32 & {Int [...]
return-type	juxtaposition	-	component FortressLibrary	overloading	FortressLibrary.fss:2270,FortressLibrary.fss:572	For juxtaposition, the return type of ((QQ & {Ratio, AnyIntegral}), QQ)->QQ @ FortressLibrary.fss:572:5-57 should be a subtype of the return type of [\T extends [...]
return-type	juxtaposition	-	component FortressLibrary	overloading	FortressLibrary.fss:2270,FortressLibrary.fss:668	For juxtaposition, the return type of ((ZZ32 & {Int, IntLiteral}), ZZ32)->ZZ32 @ FortressLibrary.fss:668:5-669:74 should be a subtype of the return type of [\T  [...]
return-type	juxtaposition	-	component FortressLibrary	overloading	FortressLibrary.fss:2270,FortressLibrary.fss:736	For juxtaposition, the return type of ((ZZ64 & {Long, ZZ32}), ZZ64)->ZZ64 @ FortressLibrary.fss:736:5-737:75 should be a subtype of the return type of [\T exten [...]
return-type	juxtaposition	-	component FortressLibrary	overloading	FortressLibrary.fss:2270,FortressLibrary.fss:790	For juxtaposition, the return type of ((NN64 & {UnsignedLong, NN32}), NN64)->NN64 @ FortressLibrary.fss:790:5-791:83 should be a subtype of the return type of [ [...]
return-type	juxtaposition	-	component FortressLibrary	overloading	FortressLibrary.fss:2270,FortressLibrary.fss:851	For juxtaposition, the return type of ((ZZ & {BigNum, ZZ64, NN64}), ZZ)->ZZ @ FortressLibrary.fss:851:5-852:77 should be a subtype of the return type of [\T ext [...]
return-type	juxtaposition	-	component FortressLibrary	overloading	FortressLibrary.fss:2276,FortressLibrary.fss:572	For juxtaposition, the return type of ((QQ & {Ratio, AnyIntegral}), QQ)->QQ @ FortressLibrary.fss:572:5-57 should be a subtype of the return type of [\T extends [...]
return-type	juxtaposition	-	component FortressLibrary	overloading	FortressLibrary.fss:2276,FortressLibrary.fss:668	For juxtaposition, the return type of ((ZZ32 & {Int, IntLiteral}), ZZ32)->ZZ32 @ FortressLibrary.fss:668:5-669:74 should be a subtype of the return type of [\T  [...]
return-type	juxtaposition	-	component FortressLibrary	overloading	FortressLibrary.fss:2276,FortressLibrary.fss:736	For juxtaposition, the return type of ((ZZ64 & {Long, ZZ32}), ZZ64)->ZZ64 @ FortressLibrary.fss:736:5-737:75 should be a subtype of the return type of [\T exten [...]
return-type	juxtaposition	-	component FortressLibrary	overloading	FortressLibrary.fss:2276,FortressLibrary.fss:790	For juxtaposition, the return type of ((NN64 & {UnsignedLong, NN32}), NN64)->NN64 @ FortressLibrary.fss:790:5-791:83 should be a subtype of the return type of [ [...]
return-type	juxtaposition	-	component FortressLibrary	overloading	FortressLibrary.fss:2276,FortressLibrary.fss:851	For juxtaposition, the return type of ((ZZ & {BigNum, ZZ64, NN64}), ZZ)->ZZ @ FortressLibrary.fss:851:5-852:77 should be a subtype of the return type of [\T ext [...]
return-type	juxtaposition	-	component FortressLibrary	overloading	FortressLibrary.fss:2282,FortressLibrary.fss:572	For juxtaposition, the return type of ((QQ & {Ratio, AnyIntegral}), QQ)->QQ @ FortressLibrary.fss:572:5-57 should be a subtype of the return type of [\T extends [...]
return-type	juxtaposition	-	component FortressLibrary	overloading	FortressLibrary.fss:2282,FortressLibrary.fss:668	For juxtaposition, the return type of ((ZZ32 & {Int, IntLiteral}), ZZ32)->ZZ32 @ FortressLibrary.fss:668:5-669:74 should be a subtype of the return type of [\T  [...]
return-type	juxtaposition	-	component FortressLibrary	overloading	FortressLibrary.fss:2282,FortressLibrary.fss:736	For juxtaposition, the return type of ((ZZ64 & {Long, ZZ32}), ZZ64)->ZZ64 @ FortressLibrary.fss:736:5-737:75 should be a subtype of the return type of [\T exten [...]
return-type	juxtaposition	-	component FortressLibrary	overloading	FortressLibrary.fss:2282,FortressLibrary.fss:790	For juxtaposition, the return type of ((NN64 & {UnsignedLong, NN32}), NN64)->NN64 @ FortressLibrary.fss:790:5-791:83 should be a subtype of the return type of [ [...]
return-type	juxtaposition	-	component FortressLibrary	overloading	FortressLibrary.fss:2282,FortressLibrary.fss:851	For juxtaposition, the return type of ((ZZ & {BigNum, ZZ64, NN64}), ZZ)->ZZ @ FortressLibrary.fss:851:5-852:77 should be a subtype of the return type of [\T ext [...]
return-type	juxtaposition	-	component FortressLibrary	overloading	FortressLibrary.fss:2631,FortressLibrary.fss:572	For juxtaposition, the return type of ((QQ & {Ratio, AnyIntegral}), QQ)->QQ @ FortressLibrary.fss:572:5-57 should be a subtype of the return type of [\T extends [...]
return-type	juxtaposition	-	component FortressLibrary	overloading	FortressLibrary.fss:2631,FortressLibrary.fss:668	For juxtaposition, the return type of ((ZZ32 & {Int, IntLiteral}), ZZ32)->ZZ32 @ FortressLibrary.fss:668:5-669:74 should be a subtype of the return type of [\T  [...]
return-type	juxtaposition	-	component FortressLibrary	overloading	FortressLibrary.fss:2631,FortressLibrary.fss:736	For juxtaposition, the return type of ((ZZ64 & {Long, ZZ32}), ZZ64)->ZZ64 @ FortressLibrary.fss:736:5-737:75 should be a subtype of the return type of [\T exten [...]
return-type	juxtaposition	-	component FortressLibrary	overloading	FortressLibrary.fss:2631,FortressLibrary.fss:790	For juxtaposition, the return type of ((NN64 & {UnsignedLong, NN32}), NN64)->NN64 @ FortressLibrary.fss:790:5-791:83 should be a subtype of the return type of [ [...]
return-type	juxtaposition	-	component FortressLibrary	overloading	FortressLibrary.fss:2631,FortressLibrary.fss:851	For juxtaposition, the return type of ((ZZ & {BigNum, ZZ64, NN64}), ZZ)->ZZ @ FortressLibrary.fss:851:5-852:77 should be a subtype of the return type of [\T ext [...]
return-type	juxtaposition	-	component FortressLibrary	overloading	FortressLibrary.fss:2640,FortressLibrary.fss:572	For juxtaposition, the return type of ((QQ & {Ratio, AnyIntegral}), QQ)->QQ @ FortressLibrary.fss:572:5-57 should be a subtype of the return type of [\T extends [...]
return-type	juxtaposition	-	component FortressLibrary	overloading	FortressLibrary.fss:2640,FortressLibrary.fss:668	For juxtaposition, the return type of ((ZZ32 & {Int, IntLiteral}), ZZ32)->ZZ32 @ FortressLibrary.fss:668:5-669:74 should be a subtype of the return type of [\T  [...]
return-type	juxtaposition	-	component FortressLibrary	overloading	FortressLibrary.fss:2640,FortressLibrary.fss:736	For juxtaposition, the return type of ((ZZ64 & {Long, ZZ32}), ZZ64)->ZZ64 @ FortressLibrary.fss:736:5-737:75 should be a subtype of the return type of [\T exten [...]
return-type	juxtaposition	-	component FortressLibrary	overloading	FortressLibrary.fss:2640,FortressLibrary.fss:790	For juxtaposition, the return type of ((NN64 & {UnsignedLong, NN32}), NN64)->NN64 @ FortressLibrary.fss:790:5-791:83 should be a subtype of the return type of [ [...]
return-type	juxtaposition	-	component FortressLibrary	overloading	FortressLibrary.fss:2640,FortressLibrary.fss:851	For juxtaposition, the return type of ((ZZ & {BigNum, ZZ64, NN64}), ZZ)->ZZ @ FortressLibrary.fss:851:5-852:77 should be a subtype of the return type of [\T ext [...]
return-type	juxtaposition	-	component FortressLibrary	overloading	FortressLibrary.fss:2647,FortressLibrary.fss:572	For juxtaposition, the return type of ((QQ & {Ratio, AnyIntegral}), QQ)->QQ @ FortressLibrary.fss:572:5-57 should be a subtype of the return type of [\T extends [...]
return-type	juxtaposition	-	component FortressLibrary	overloading	FortressLibrary.fss:2647,FortressLibrary.fss:668	For juxtaposition, the return type of ((ZZ32 & {Int, IntLiteral}), ZZ32)->ZZ32 @ FortressLibrary.fss:668:5-669:74 should be a subtype of the return type of [\T  [...]
return-type	juxtaposition	-	component FortressLibrary	overloading	FortressLibrary.fss:2647,FortressLibrary.fss:736	For juxtaposition, the return type of ((ZZ64 & {Long, ZZ32}), ZZ64)->ZZ64 @ FortressLibrary.fss:736:5-737:75 should be a subtype of the return type of [\T exten [...]
return-type	juxtaposition	-	component FortressLibrary	overloading	FortressLibrary.fss:2647,FortressLibrary.fss:790	For juxtaposition, the return type of ((NN64 & {UnsignedLong, NN32}), NN64)->NN64 @ FortressLibrary.fss:790:5-791:83 should be a subtype of the return type of [ [...]
return-type	juxtaposition	-	component FortressLibrary	overloading	FortressLibrary.fss:2647,FortressLibrary.fss:851	For juxtaposition, the return type of ((ZZ & {BigNum, ZZ64, NN64}), ZZ)->ZZ @ FortressLibrary.fss:851:5-852:77 should be a subtype of the return type of [\T ext [...]
return-type	juxtaposition	-	component FortressLibrary	overloading	FortressLibrary.fss:2653,FortressLibrary.fss:572	For juxtaposition, the return type of ((QQ & {Ratio, AnyIntegral}), QQ)->QQ @ FortressLibrary.fss:572:5-57 should be a subtype of the return type of [\T extends [...]
return-type	juxtaposition	-	component FortressLibrary	overloading	FortressLibrary.fss:2653,FortressLibrary.fss:668	For juxtaposition, the return type of ((ZZ32 & {Int, IntLiteral}), ZZ32)->ZZ32 @ FortressLibrary.fss:668:5-669:74 should be a subtype of the return type of [\T  [...]
return-type	juxtaposition	-	component FortressLibrary	overloading	FortressLibrary.fss:2653,FortressLibrary.fss:736	For juxtaposition, the return type of ((ZZ64 & {Long, ZZ32}), ZZ64)->ZZ64 @ FortressLibrary.fss:736:5-737:75 should be a subtype of the return type of [\T exten [...]
return-type	juxtaposition	-	component FortressLibrary	overloading	FortressLibrary.fss:2653,FortressLibrary.fss:790	For juxtaposition, the return type of ((NN64 & {UnsignedLong, NN32}), NN64)->NN64 @ FortressLibrary.fss:790:5-791:83 should be a subtype of the return type of [ [...]
return-type	juxtaposition	-	component FortressLibrary	overloading	FortressLibrary.fss:2653,FortressLibrary.fss:851	For juxtaposition, the return type of ((ZZ & {BigNum, ZZ64, NN64}), ZZ)->ZZ @ FortressLibrary.fss:851:5-852:77 should be a subtype of the return type of [\T ext [...]
return-type	juxtaposition	-	component FortressLibrary	overloading	FortressLibrary.fss:2659,FortressLibrary.fss:572	For juxtaposition, the return type of ((QQ & {Ratio, AnyIntegral}), QQ)->QQ @ FortressLibrary.fss:572:5-57 should be a subtype of the return type of [\T extends [...]
return-type	juxtaposition	-	component FortressLibrary	overloading	FortressLibrary.fss:2659,FortressLibrary.fss:668	For juxtaposition, the return type of ((ZZ32 & {Int, IntLiteral}), ZZ32)->ZZ32 @ FortressLibrary.fss:668:5-669:74 should be a subtype of the return type of [\T  [...]
return-type	juxtaposition	-	component FortressLibrary	overloading	FortressLibrary.fss:2659,FortressLibrary.fss:736	For juxtaposition, the return type of ((ZZ64 & {Long, ZZ32}), ZZ64)->ZZ64 @ FortressLibrary.fss:736:5-737:75 should be a subtype of the return type of [\T exten [...]
return-type	juxtaposition	-	component FortressLibrary	overloading	FortressLibrary.fss:2659,FortressLibrary.fss:790	For juxtaposition, the return type of ((NN64 & {UnsignedLong, NN32}), NN64)->NN64 @ FortressLibrary.fss:790:5-791:83 should be a subtype of the return type of [ [...]
return-type	juxtaposition	-	component FortressLibrary	overloading	FortressLibrary.fss:2659,FortressLibrary.fss:851	For juxtaposition, the return type of ((ZZ & {BigNum, ZZ64, NN64}), ZZ)->ZZ @ FortressLibrary.fss:851:5-852:77 should be a subtype of the return type of [\T ext [...]
return-type	juxtaposition	-	component FortressLibrary	overloading	FortressLibrary.fss:347,FortressLibrary.fss:572	For juxtaposition, the return type of ((QQ & {Ratio, AnyIntegral}), QQ)->QQ @ FortressLibrary.fss:572:5-57 should be a subtype of the return type of [\T extends [...]
return-type	juxtaposition	-	component FortressLibrary	overloading	FortressLibrary.fss:347,FortressLibrary.fss:668	For juxtaposition, the return type of ((ZZ32 & {Int, IntLiteral}), ZZ32)->ZZ32 @ FortressLibrary.fss:668:5-669:74 should be a subtype of the return type of [\T  [...]
return-type	juxtaposition	-	component FortressLibrary	overloading	FortressLibrary.fss:347,FortressLibrary.fss:736	For juxtaposition, the return type of ((ZZ64 & {Long, ZZ32}), ZZ64)->ZZ64 @ FortressLibrary.fss:736:5-737:75 should be a subtype of the return type of [\T exten [...]
return-type	juxtaposition	-	component FortressLibrary	overloading	FortressLibrary.fss:347,FortressLibrary.fss:790	For juxtaposition, the return type of ((NN64 & {UnsignedLong, NN32}), NN64)->NN64 @ FortressLibrary.fss:790:5-791:83 should be a subtype of the return type of [ [...]
return-type	juxtaposition	-	component FortressLibrary	overloading	FortressLibrary.fss:347,FortressLibrary.fss:851	For juxtaposition, the return type of ((ZZ & {BigNum, ZZ64, NN64}), ZZ)->ZZ @ FortressLibrary.fss:851:5-852:77 should be a subtype of the return type of [\T ext [...]
return-type	juxtaposition	-	component FortressLibrary	overloading	FortressLibrary.fss:4060,FortressLibrary.fss:572	For juxtaposition, the return type of ((QQ & {Ratio, AnyIntegral}), QQ)->QQ @ FortressLibrary.fss:572:5-57 should be a subtype of the return type of (Any, Strin [...]
return-type	juxtaposition	-	component FortressLibrary	overloading	FortressLibrary.fss:4060,FortressLibrary.fss:668	For juxtaposition, the return type of ((ZZ32 & {Int, IntLiteral}), ZZ32)->ZZ32 @ FortressLibrary.fss:668:5-669:74 should be a subtype of the return type of (Any [...]
return-type	juxtaposition	-	component FortressLibrary	overloading	FortressLibrary.fss:4060,FortressLibrary.fss:736	For juxtaposition, the return type of ((ZZ64 & {Long, ZZ32}), ZZ64)->ZZ64 @ FortressLibrary.fss:736:5-737:75 should be a subtype of the return type of (Any, Str [...]
return-type	juxtaposition	-	component FortressLibrary	overloading	FortressLibrary.fss:4060,FortressLibrary.fss:790	For juxtaposition, the return type of ((NN64 & {UnsignedLong, NN32}), NN64)->NN64 @ FortressLibrary.fss:790:5-791:83 should be a subtype of the return type of ( [...]
return-type	juxtaposition	-	component FortressLibrary	overloading	FortressLibrary.fss:4060,FortressLibrary.fss:851	For juxtaposition, the return type of ((ZZ & {BigNum, ZZ64, NN64}), ZZ)->ZZ @ FortressLibrary.fss:851:5-852:77 should be a subtype of the return type of (Any, S [...]
return-type	juxtaposition	-	component FortressLibrary	overloading	FortressLibrary.fss:4061,FortressLibrary.fss:572	For juxtaposition, the return type of ((QQ & {Ratio, AnyIntegral}), QQ)->QQ @ FortressLibrary.fss:572:5-57 should be a subtype of the return type of (String, St [...]
return-type	juxtaposition	-	component FortressLibrary	overloading	FortressLibrary.fss:4061,FortressLibrary.fss:668	For juxtaposition, the return type of ((ZZ32 & {Int, IntLiteral}), ZZ32)->ZZ32 @ FortressLibrary.fss:668:5-669:74 should be a subtype of the return type of (Str [...]
return-type	juxtaposition	-	component FortressLibrary	overloading	FortressLibrary.fss:4061,FortressLibrary.fss:736	For juxtaposition, the return type of ((ZZ64 & {Long, ZZ32}), ZZ64)->ZZ64 @ FortressLibrary.fss:736:5-737:75 should be a subtype of the return type of (String,  [...]
return-type	juxtaposition	-	component FortressLibrary	overloading	FortressLibrary.fss:4061,FortressLibrary.fss:790	For juxtaposition, the return type of ((NN64 & {UnsignedLong, NN32}), NN64)->NN64 @ FortressLibrary.fss:790:5-791:83 should be a subtype of the return type of ( [...]
return-type	juxtaposition	-	component FortressLibrary	overloading	FortressLibrary.fss:4061,FortressLibrary.fss:851	For juxtaposition, the return type of ((ZZ & {BigNum, ZZ64, NN64}), ZZ)->ZZ @ FortressLibrary.fss:851:5-852:77 should be a subtype of the return type of (String [...]
return-type	juxtaposition	-	component FortressLibrary	overloading	FortressLibrary.fss:4062,FortressLibrary.fss:572	For juxtaposition, the return type of ((QQ & {Ratio, AnyIntegral}), QQ)->QQ @ FortressLibrary.fss:572:5-57 should be a subtype of the return type of (String, An [...]
return-type	juxtaposition	-	component FortressLibrary	overloading	FortressLibrary.fss:4062,FortressLibrary.fss:668	For juxtaposition, the return type of ((ZZ32 & {Int, IntLiteral}), ZZ32)->ZZ32 @ FortressLibrary.fss:668:5-669:74 should be a subtype of the return type of (Str [...]
return-type	juxtaposition	-	component FortressLibrary	overloading	FortressLibrary.fss:4062,FortressLibrary.fss:736	For juxtaposition, the return type of ((ZZ64 & {Long, ZZ32}), ZZ64)->ZZ64 @ FortressLibrary.fss:736:5-737:75 should be a subtype of the return type of (String,  [...]
return-type	juxtaposition	-	component FortressLibrary	overloading	FortressLibrary.fss:4062,FortressLibrary.fss:790	For juxtaposition, the return type of ((NN64 & {UnsignedLong, NN32}), NN64)->NN64 @ FortressLibrary.fss:790:5-791:83 should be a subtype of the return type of ( [...]
return-type	juxtaposition	-	component FortressLibrary	overloading	FortressLibrary.fss:4062,FortressLibrary.fss:851	For juxtaposition, the return type of ((ZZ & {BigNum, ZZ64, NN64}), ZZ)->ZZ @ FortressLibrary.fss:851:5-852:77 should be a subtype of the return type of (String [...]
return-type	juxtaposition	-	component FortressLibrary	overloading	FortressLibrary.fss:572,FortressLibrary.fss:668	For juxtaposition, the return type of ((QQ & {Ratio, AnyIntegral}), QQ)->QQ @ FortressLibrary.fss:572:5-57 should be a subtype of the return type of ((ZZ32 & {I [...]
return-type	juxtaposition	-	component FortressLibrary	overloading	FortressLibrary.fss:572,FortressLibrary.fss:736	For juxtaposition, the return type of ((QQ & {Ratio, AnyIntegral}), QQ)->QQ @ FortressLibrary.fss:572:5-57 should be a subtype of the return type of ((ZZ64 & {L [...]
return-type	juxtaposition	-	component FortressLibrary	overloading	FortressLibrary.fss:572,FortressLibrary.fss:790	For juxtaposition, the return type of ((QQ & {Ratio, AnyIntegral}), QQ)->QQ @ FortressLibrary.fss:572:5-57 should be a subtype of the return type of ((NN64 & {U [...]
return-type	juxtaposition	-	component FortressLibrary	overloading	FortressLibrary.fss:572,FortressLibrary.fss:851	For juxtaposition, the return type of ((QQ & {Ratio, AnyIntegral}), QQ)->QQ @ FortressLibrary.fss:572:5-57 should be a subtype of the return type of ((ZZ & {Big [...]
return-type	juxtaposition	-	component FortressLibrary	overloading	FortressLibrary.fss:668,FortressLibrary.fss:736	For juxtaposition, the return type of ((ZZ64 & {Long, ZZ32}), ZZ64)->ZZ64 @ FortressLibrary.fss:736:5-737:75 should be a subtype of the return type of ((ZZ32 &  [...]
return-type	juxtaposition	-	component FortressLibrary	overloading	FortressLibrary.fss:668,FortressLibrary.fss:790	For juxtaposition, the return type of ((NN64 & {UnsignedLong, NN32}), NN64)->NN64 @ FortressLibrary.fss:790:5-791:83 should be a subtype of the return type of ( [...]
return-type	juxtaposition	-	component FortressLibrary	overloading	FortressLibrary.fss:668,FortressLibrary.fss:790	For juxtaposition, the return type of ((ZZ32 & {Int, IntLiteral}), ZZ32)->ZZ32 @ FortressLibrary.fss:668:5-669:74 should be a subtype of the return type of ((NN [...]
return-type	juxtaposition	-	component FortressLibrary	overloading	FortressLibrary.fss:668,FortressLibrary.fss:851	For juxtaposition, the return type of ((ZZ & {BigNum, ZZ64, NN64}), ZZ)->ZZ @ FortressLibrary.fss:851:5-852:77 should be a subtype of the return type of ((ZZ32  [...]
return-type	juxtaposition	-	component FortressLibrary	overloading	FortressLibrary.fss:736,FortressLibrary.fss:790	For juxtaposition, the return type of ((NN64 & {UnsignedLong, NN32}), NN64)->NN64 @ FortressLibrary.fss:790:5-791:83 should be a subtype of the return type of ( [...]
return-type	juxtaposition	-	component FortressLibrary	overloading	FortressLibrary.fss:736,FortressLibrary.fss:790	For juxtaposition, the return type of ((ZZ64 & {Long, ZZ32}), ZZ64)->ZZ64 @ FortressLibrary.fss:736:5-737:75 should be a subtype of the return type of ((NN64 &  [...]
return-type	juxtaposition	-	component FortressLibrary	overloading	FortressLibrary.fss:736,FortressLibrary.fss:851	For juxtaposition, the return type of ((ZZ & {BigNum, ZZ64, NN64}), ZZ)->ZZ @ FortressLibrary.fss:851:5-852:77 should be a subtype of the return type of ((ZZ64  [...]
return-type	juxtaposition	-	component FortressLibrary	overloading	FortressLibrary.fss:790,FortressLibrary.fss:851	For juxtaposition, the return type of ((ZZ & {BigNum, ZZ64, NN64}), ZZ)->ZZ @ FortressLibrary.fss:851:5-852:77 should be a subtype of the return type of ((NN64  [...]
return-type	map	-	component FortressLibrary	overloading	FortressLibrary.fss:3402,FortressLibrary.fss:3429	For map, the return type of [\G extends Object\](SimpleMappedIndexed[\E,F,I\], F->G)->SimpleMappedIndexed[\E,G,I\] @ FortressLibrary.fss:3429:5-3430:63 should b [...]
return-type	narrow	-	api FortressLibrary	overloading	FortressLibrary.fsi:365,FortressLibrary.fsi:461	For narrow, the return type of (NN64 & {UnsignedLong, NN32})->NN32 @ FortressLibrary.fsi:461:5-21 should be a subtype of the return type of (RR64 & {Float, Floa [...]
return-type	narrow	-	api FortressLibrary	overloading	FortressLibrary.fsi:365,FortressLibrary.fsi:533	For narrow, the return type of (ZZ64 & {Long, ZZ32})->ZZ32 @ FortressLibrary.fsi:533:5-21 should be a subtype of the return type of (RR64 & {Float, FloatLiteral [...]
return-type	narrow	-	api FortressLibrary	overloading	FortressLibrary.fsi:365,FortressLibrary.fsi:540	For narrow, the return type of (ZZ & {BigNum, ZZ64, NN64})->ZZ32 @ FortressLibrary.fsi:540:5-541:4 should be a subtype of the return type of (RR64 & {Float, Flo [...]
return-type	narrow	-	api FortressLibrary	overloading	FortressLibrary.fsi:461,FortressLibrary.fsi:533	For narrow, the return type of (NN64 & {UnsignedLong, NN32})->NN32 @ FortressLibrary.fsi:461:5-21 should be a subtype of the return type of (ZZ64 & {Long, ZZ32} [...]
return-type	narrow	-	api FortressLibrary	overloading	FortressLibrary.fsi:461,FortressLibrary.fsi:533	For narrow, the return type of (ZZ64 & {Long, ZZ32})->ZZ32 @ FortressLibrary.fsi:533:5-21 should be a subtype of the return type of (NN64 & {UnsignedLong, NN32} [...]
return-type	narrow	-	api FortressLibrary	overloading	FortressLibrary.fsi:461,FortressLibrary.fsi:540	For narrow, the return type of (NN64 & {UnsignedLong, NN32})->NN32 @ FortressLibrary.fsi:461:5-21 should be a subtype of the return type of (ZZ & {BigNum, ZZ64, [...]
return-type	narrow	-	api FortressLibrary	overloading	FortressLibrary.fsi:461,FortressLibrary.fsi:540	For narrow, the return type of (ZZ & {BigNum, ZZ64, NN64})->ZZ32 @ FortressLibrary.fsi:540:5-541:4 should be a subtype of the return type of (NN64 & {UnsignedLo [...]
return-type	narrow	-	component FortressLibrary	overloading	FortressLibrary.fss:471,FortressLibrary.fss:766	For narrow, the return type of (ZZ64 & {Long, ZZ32})->ZZ32 @ FortressLibrary.fss:766:5-767:80 should be a subtype of the return type of (RR64 & {Float, FloatLit [...]
return-type	narrow	-	component FortressLibrary	overloading	FortressLibrary.fss:471,FortressLibrary.fss:820	For narrow, the return type of (NN64 & {UnsignedLong, NN32})->NN32 @ FortressLibrary.fss:820:5-821:88 should be a subtype of the return type of (RR64 & {Float,  [...]
return-type	narrow	-	component FortressLibrary	overloading	FortressLibrary.fss:471,FortressLibrary.fss:891	For narrow, the return type of (ZZ & {BigNum, ZZ64, NN64})->ZZ32 @ FortressLibrary.fss:891:5-893:65 should be a subtype of the return type of (RR64 & {Float, Fl [...]
return-type	narrow	-	component FortressLibrary	overloading	FortressLibrary.fss:766,FortressLibrary.fss:820	For narrow, the return type of (NN64 & {UnsignedLong, NN32})->NN32 @ FortressLibrary.fss:820:5-821:88 should be a subtype of the return type of (ZZ64 & {Long, Z [...]
return-type	narrow	-	component FortressLibrary	overloading	FortressLibrary.fss:766,FortressLibrary.fss:820	For narrow, the return type of (ZZ64 & {Long, ZZ32})->ZZ32 @ FortressLibrary.fss:766:5-767:80 should be a subtype of the return type of (NN64 & {UnsignedLong, N [...]
return-type	narrow	-	component FortressLibrary	overloading	FortressLibrary.fss:820,FortressLibrary.fss:891	For narrow, the return type of (NN64 & {UnsignedLong, NN32})->NN32 @ FortressLibrary.fss:820:5-821:88 should be a subtype of the return type of (ZZ & {BigNum, Z [...]
return-type	narrow	-	component FortressLibrary	overloading	FortressLibrary.fss:820,FortressLibrary.fss:891	For narrow, the return type of (ZZ & {BigNum, ZZ64, NN64})->ZZ32 @ FortressLibrary.fss:891:5-893:65 should be a subtype of the return type of (NN64 & {UnsignedL [...]
return-type	partitionL	-	component FortressLibrary	overloading	FortressLibrary.fss:698,FortressLibrary.fss:764	For partitionL, the return type of (ZZ64 & {Long, ZZ32})->ZZ64 @ FortressLibrary.fss:764:5-765:81 should be a subtype of the return type of (ZZ32 & {Int, IntLit [...]
return-type	partitionL	-	component FortressLibrary	overloading	FortressLibrary.fss:698,FortressLibrary.fss:818	For partitionL, the return type of (NN64 & {UnsignedLong, NN32})->NN64 @ FortressLibrary.fss:818:5-819:89 should be a subtype of the return type of (ZZ32 & {Int [...]
return-type	partitionL	-	component FortressLibrary	overloading	FortressLibrary.fss:698,FortressLibrary.fss:818	For partitionL, the return type of (ZZ32 & {Int, IntLiteral})->ZZ32 @ FortressLibrary.fss:698:5-699:80 should be a subtype of the return type of (NN64 & {Unsign [...]
return-type	partitionL	-	component FortressLibrary	overloading	FortressLibrary.fss:764,FortressLibrary.fss:818	For partitionL, the return type of (NN64 & {UnsignedLong, NN32})->NN64 @ FortressLibrary.fss:818:5-819:89 should be a subtype of the return type of (ZZ64 & {Lon [...]
return-type	partitionL	-	component FortressLibrary	overloading	FortressLibrary.fss:764,FortressLibrary.fss:818	For partitionL, the return type of (ZZ64 & {Long, ZZ32})->ZZ64 @ FortressLibrary.fss:764:5-765:81 should be a subtype of the return type of (NN64 & {UnsignedLon [...]
return-type	relation	-	component FortressLibrary	overloading	FortressLibrary.fss:4454,FortressLibrary.fss:4471	For relation, the return type of ConcreteRelationalPredicateCondition[\E\]->(E, E)->Boolean @ FortressLibrary.fss:4471:3-36 should be a subtype of the return ty [...]
return-type	round	-	component FortressLibrary	overloading	FortressLibrary.fss:422,FortressLibrary.fss:643	For round, the return type of Integral[\I\]->I @ FortressLibrary.fss:643:5-25 should be a subtype of the return type of (Number & {RR64})->ZZ @ FortressLibrary. [...]
return-type	round	-	component FortressLibrary	overloading	FortressLibrary.fss:592,FortressLibrary.fss:643	For round, the return type of (QQ & {Ratio, AnyIntegral})->ZZ @ FortressLibrary.fss:592:5-96 should be a subtype of the return type of Integral[\I\]->I @ Fortre [...]
return-type	round	-	component FortressLibrary	overloading	FortressLibrary.fss:592,FortressLibrary.fss:643	For round, the return type of (QQ & {Ratio, AnyIntegral})->ZZ @ FortressLibrary.fss:592:5-96 should be a subtype of the return type of [\I extends Integral[\I\] [...]
return-type	round	-	component FortressLibrary	overloading	FortressLibrary.fss:592,FortressLibrary.fss:643	For round, the return type of Integral[\I\]->I @ FortressLibrary.fss:643:5-25 should be a subtype of the return type of (QQ & {Ratio, AnyIntegral})->ZZ @ Fortre [...]
return-type	seq	-	component FortressLibrary	overloading	FortressLibrary.fss:1184,RangeInternals.fsi:527	For seq, the return type of [\I extends Integral[\I\]\]RangeInternals.StridedFullSeqScalarRange[\I\]->RangeInternals.StridedFullSeqScalarRange[\I\] @ RangeInter [...]
return-type	seq	-	component FortressLibrary	overloading	FortressLibrary.fss:3499,FortressLibrary.fss:996	For seq, the return type of SimpleNestedGenerator[\E,F\]->SequentialGenerator[\E\] @ FortressLibrary.fss:3499:5-3508:6 should be a subtype of the return type of [...]
return-type	seq	-	component FortressLibrary	overloading	FortressLibrary.fss:3499,FortressLibrary.fss:996	For seq, the return type of [\E extends Object, F extends Object\]SimpleNestedGenerator[\E,F\]->SequentialGenerator[\E\] @ FortressLibrary.fss:3499:5-3508:6 sho [...]
return-type	seq	-	component FortressLibrary	overloading	FortressLibrary.fss:3537,FortressLibrary.fss:996	For seq, the return type of SimplePairGenerator[\E,F\]->SequentialGenerator[\E\] @ FortressLibrary.fss:3537:5-88 should be a subtype of the return type of Gener [...]
return-type	seq	-	component FortressLibrary	overloading	FortressLibrary.fss:996,RangeInternals.fsi:442	For seq, the return type of [\I extends Integral[\I\]\]RangeInternals.CompactFullParScalarRange[\I\]->RangeInternals.CompactFullSeqScalarRange[\I\] @ RangeInter [...]
return-type	seq	-	component FortressLibrary	overloading	FortressLibrary.fss:996,RangeInternals.fsi:516	For seq, the return type of [\I extends Integral[\I\]\]RangeInternals.StridedFullParScalarRange[\I\]->RangeInternals.StridedFullSeqScalarRange[\I\] @ RangeInter [...]
return-type	seq	-	component FortressLibrary	overloading	FortressLibrary.fss:996,RangeInternals.fsi:527	For seq, the return type of [\I extends Integral[\I\]\]RangeInternals.StridedFullSeqScalarRange[\I\]->RangeInternals.StridedFullSeqScalarRange[\I\] @ RangeInter [...]
return-type	shift	-	api FortressLibrary	overloading	FortressLibrary.fsi:1294,FortressLibrary.fsi:1688	For shift, the return type of (Array3[\T,b0,s0,b1,s1,b2,s2\], (ZZ32, ZZ32, ZZ32))->Array[\T,(ZZ32, ZZ32)\] @ FortressLibrary.fsi:1688:5-1694:8 should be a subty [...]
return-type	shift	-	api FortressLibrary	overloading	FortressLibrary.fsi:1337,FortressLibrary.fsi:1688	For shift, the return type of (Array3[\T,b0,s0,b1,s1,b2,s2\], (ZZ32, ZZ32, ZZ32))->Array[\T,(ZZ32, ZZ32)\] @ FortressLibrary.fsi:1688:5-1694:8 should be a subty [...]
return-type	shift	-	component FortressLibrary	overloading	FortressLibrary.fss:1853,FortressLibrary.fss:2741	For shift, the return type of (Array3[\T,b0,s0,b1,s1,b2,s2\], (ZZ32, ZZ32, ZZ32))->Array[\T,(ZZ32, ZZ32)\] @ FortressLibrary.fss:2741:5-2750:8 should be a subty [...]
return-type	shift	-	component FortressLibrary	overloading	FortressLibrary.fss:1915,FortressLibrary.fss:2741	For shift, the return type of (Array3[\T,b0,s0,b1,s1,b2,s2\], (ZZ32, ZZ32, ZZ32))->Array[\T,(ZZ32, ZZ32)\] @ FortressLibrary.fss:2741:5-2750:8 should be a subty [...]
return-type	split	-	component FlatString	overloading	FlatString.fss:147,FortressLibrary.fsi:2332	For split, the return type of FlatString.FlatString->Maybe[\Generator[\(ZZ32, String)\]\] @ FlatString.fss:147:5-82 should be a subtype of the return type of St [...]
return-type	split	-	component String	overloading	FortressLibrary.fsi:2332,String.fss:318	For split, the return type of String.EmptyString->Maybe[\Generator[\(ZZ32, String)\]\] @ String.fss:318:5-82 should be a subtype of the return type of String->G [...]
return-type	splitWithOffsets	-	component FlatString	overloading	FlatString.fss:146,FortressLibrary.fsi:2331	For splitWithOffsets, the return type of FlatString.FlatString->Maybe[\Generator[\(ZZ32, String)\]\] @ FlatString.fss:146:5-92 should be a subtype of the return [...]
return-type	splitWithOffsets	-	component String	overloading	FortressLibrary.fsi:2331,String.fss:317	For splitWithOffsets, the return type of String.EmptyString->Maybe[\Generator[\(ZZ32, String)\]\] @ String.fss:317:5-92 should be a subtype of the return type o [...]
return-type	subarray	-	component FortressLibrary	overloading	FortressLibrary.fss:2126,FortressLibrary.fss:2486	For subarray, the return type of [\nat b, nat s, nat o\](Col[\T,b0,s0\], ZZ32)->ReadableArray1[\T,b,s\] @ FortressLibrary.fss:2486:5-2487:54 should be a subtype [...]
return-type	subarray	-	component FortressLibrary	overloading	FortressLibrary.fss:2126,FortressLibrary.fss:2497	For subarray, the return type of [\nat b, nat s, nat o\](Row[\T,b1,s1\], ZZ32)->ReadableArray1[\T,b,s\] @ FortressLibrary.fss:2497:5-2498:54 should be a subtype [...]
return-type	target	-	component FortressLibrary	overloading	FortressLibrary.fss:4455,FortressLibrary.fss:4472	For target, the return type of ConcreteRelationalPredicateCondition[\E\]->Generator[\E\] @ FortressLibrary.fss:4472:3-33 should be a subtype of the return type  [...]
return-type	truncate	-	api FortressLibrary	overloading	FortressLibrary.fsi:335,FortressLibrary.fsi:403	For truncate, the return type of (QQ & {AnyIntegral})->ZZ @ FortressLibrary.fsi:403:5-404:4 should be a subtype of the return type of (Number & {RR64})->ZZ64 @  [...]
return-type	unsigned	-	component FortressLibrary	overloading	FortressLibrary.fss:700,FortressLibrary.fss:768	For unsigned, the return type of (ZZ64 & {Long, ZZ32})->NN64 @ FortressLibrary.fss:768:5-769:86 should be a subtype of the return type of (ZZ32 & {Int, IntLiter [...]
typecheck	-	-	component String	typecheck	String.fss:83	()->Maybe[\Char\] has no getter called asExprString
typecheck	-	-	component String	typecheck	String.fss:82	()->Maybe[\Char\] has no getter called asFlatString
typecheck	-	-	component String	typecheck	String.fss:140	()->Maybe[\Char\] has no getter called bounds
typecheck	-	-	component String	typecheck	String.fss:124	()->Maybe[\Char\] has no getter called depth
typecheck	-	-	component String	typecheck	String.fss:80	()->Maybe[\Char\] has no getter called generator
typecheck	-	-	component String	typecheck	String.fss:121	()->Maybe[\Char\] has no getter called indices
typecheck	-	-	component RangeInternals	typecheck	RangeInternals.fss:906	(I, J) has no getter called get
typecheck	-	-	component RangeInternals	typecheck	RangeInternals.fss:952	(I, J, K) has no getter called get
typecheck	-	-	component List	typecheck	List.fss:285	An 'if' clause without corresponding 'else' has type Boolean instead of type ().
typecheck	-	-	component FortressLibrary	typecheck	FortressLibrary.fss:298	Any has no getter called asDebugString
typecheck	-	-	component FortressLibrary	typecheck	FortressLibrary.fss:308	Any has no getter called asDebugString
typecheck	-	-	component FortressLibrary	typecheck	FortressLibrary.fss:4045	Any has no getter called asString
typecheck	-	-	component FortressLibrary	typecheck	FortressLibrary.fss:4046	Any has no getter called asString
typecheck	-	-	component String	typecheck	?	Compiler internal generated.:0:0-String.fss:157:87: Could not check call to function __generate - [\E extends Object, R extends Object\](Generator[\E\], Reducti [...]
typecheck	-	-	component FortressLibrary	typecheck	?	Compiler internal generated.:0:0-FortressLibrary.fss:1752:46: Could not check call to function __generate - [\E extends Object, R extends Object\](Generator[\E\ [...]
typecheck	-	-	component String	typecheck	?	Compiler internal generated.:0:0-String.fss:414:39: Could not check call to function __generate - [\E extends Object, R extends Object\](Generator[\E\], Reducti [...]
typecheck	-	-	component FortressLibrary	typecheck	?	Compiler internal generated.:0:0-FortressLibrary.fss:4020:45: Could not check call to function __generate - [\E extends Object, R extends Object\](Generator[\E\ [...]
typecheck	-	-	component FortressLibrary	typecheck	?	Compiler internal generated.:0:0-FortressLibrary.fss:4026:45: Could not check call to function __generate - [\E extends Object, R extends Object\](Generator[\E\ [...]
typecheck	-	-	component List	typecheck	?	Compiler internal generated.:0:0-List.fss:499:31: Could not check call to function __generate - [\E extends Object, R extends Object\](Generator[\E\], Reduction [...]
typecheck	-	-	component List	typecheck	?	Compiler internal generated.:0:0-List.fss:499:61: Could not check call to function __generate - [\E extends Object, R extends Object\](Generator[\E\], Reduction [...]
typecheck	-	-	component RangeInternals	typecheck	RangeInternals.fss:1073	Could not assign an expression of type QQ to variable i of type I.
typecheck	-	-	component RangeInternals	typecheck	RangeInternals.fss:1081	Could not assign an expression of type QQ to variable i of type I.
typecheck	-	-	component RangeInternals	typecheck	RangeInternals.fss:1298	Could not assign an expression of type QQ to variable i of type I.
typecheck	-	-	component RangeInternals	typecheck	RangeInternals.fss:1304	Could not assign an expression of type QQ to variable i of type I.
typecheck	-	-	component RangeInternals	typecheck	RangeInternals.fss:1314	Could not assign an expression of type QQ to variable i of type I.
typecheck	-	-	component RangeInternals	typecheck	RangeInternals.fss:1320	Could not assign an expression of type QQ to variable i of type I.
typecheck	-	-	component String	typecheck	String.fss:521	Could not assign an expression of type QQ to variable maxFlat of type ZZ32.
typecheck	-	-	component String	typecheck	String.fss:520	Could not assign an expression of type QQ to variable minFlat of type ZZ32.
typecheck	-	-	component RangeInternals	typecheck	RangeInternals.fss:575	Could not assign an expression of type QQ to variable n of type I.
typecheck	-	-	component RangeInternals	typecheck	RangeInternals.fss:809	Could not assign an expression of type QQ to variable n of type I.
typecheck	-	-	component RangeInternals	typecheck	RangeInternals.fss:815	Could not assign an expression of type QQ to variable n of type I.
typecheck	-	-	component String	typecheck	String.fss:549	Could not assign an expression of type QQ to variable remainder of type ZZ32.
typecheck	-	-	component RangeInternals	typecheck	RangeInternals.fss:574	Could not assign an expression of type QQ to variable t of type I.
typecheck	-	-	component RangeInternals	typecheck	RangeInternals.fss:808	Could not assign an expression of type QQ to variable t of type I.
typecheck	-	-	component RangeInternals	typecheck	RangeInternals.fss:814	Could not assign an expression of type QQ to variable t of type I.
typecheck	-	-	component List	typecheck	List.fss:272	Could not check call to function ArrayList - [\E extends Object\](ImmutableArray[\E,ZZ32\], ZZ32, OneShotFlag.OneShot, ZZ32, OneShotFlag.OneShot)->ArrayList[\E\ [...]
typecheck	-	-	component List	typecheck	List.fss:346	Could not check call to function ArrayList - [\E extends Object\](ImmutableArray[\E,ZZ32\], ZZ32, OneShotFlag.OneShot, ZZ32, OneShotFlag.OneShot)->ArrayList[\E\ [...]
typecheck	-	-	component RangeInternals	typecheck	RangeInternals.fss:1418	Could not check call to function CompactFullParScalarRange - [\I\](I, I)->RangeInternals.CompactFullParScalarRange[\I\] is not applicable to an argument of type [...]
typecheck	-	-	component RangeInternals	typecheck	RangeInternals.fss:1423	Could not check call to function CompactFullParScalarRange - [\I\](I, I)->RangeInternals.CompactFullParScalarRange[\I\] is not applicable to an argument of type [...]
typecheck	-	-	component RangeInternals	typecheck	RangeInternals.fss:1451	Could not check call to function CompactFullParScalarRange - [\I\](I, I)->RangeInternals.CompactFullParScalarRange[\I\] is not applicable to an argument of type [...]
typecheck	-	-	component RangeInternals	typecheck	RangeInternals.fss:795	Could not check call to function CompactFullParScalarRange - [\I\](I, I)->RangeInternals.CompactFullParScalarRange[\I\] is not applicable to an argument of type [...]
typecheck	-	-	component RangeInternals	typecheck	RangeInternals.fss:1426	Could not check call to function CompactFullRange2D - [\I, J\](I, J, I, J)->RangeInternals.CompactFullRange2D[\I,J\] is not applicable to an argument of type (I [...]
typecheck	-	-	component RangeInternals	typecheck	RangeInternals.fss:1096	Could not check call to function CompactFullRange2D - [\I, J\](I, J, I, J)->RangeInternals.CompactFullRange2D[\I,J\] is not applicable to an argument of type (I [...]
typecheck	-	-	component RangeInternals	typecheck	RangeInternals.fss:1111	Could not check call to function CompactFullRange2D - [\I, J\](I, J, I, J)->RangeInternals.CompactFullRange2D[\I,J\] is not applicable to an argument of type (Q [...]
typecheck	-	-	component RangeInternals	typecheck	RangeInternals.fss:1115	Could not check call to function CompactFullRange2D - [\I, J\](I, J, I, J)->RangeInternals.CompactFullRange2D[\I,J\] is not applicable to an argument of type (Q [...]
typecheck	-	-	component RangeInternals	typecheck	RangeInternals.fss:1460	Could not check call to function CompactFullRange2D - [\I, J\](I, J, I, J)->RangeInternals.CompactFullRange2D[\I,J\] is not applicable to an argument of type (Q [...]
typecheck	-	-	component RangeInternals	typecheck	RangeInternals.fss:1429	Could not check call to function CompactFullRange3D - [\I, J, K\](I, J, K, I, J, K)->RangeInternals.CompactFullRange3D[\I,J,K\] is not applicable to an argument [...]
typecheck	-	-	component RangeInternals	typecheck	RangeInternals.fss:1129	Could not check call to function CompactFullRange3D - [\I, J, K\](I, J, K, I, J, K)->RangeInternals.CompactFullRange3D[\I,J,K\] is not applicable to an argument [...]
typecheck	-	-	component RangeInternals	typecheck	RangeInternals.fss:1145	Could not check call to function CompactFullRange3D - [\I, J, K\](I, J, K, I, J, K)->RangeInternals.CompactFullRange3D[\I,J,K\] is not applicable to an argument [...]
typecheck	-	-	component RangeInternals	typecheck	RangeInternals.fss:1150	Could not check call to function CompactFullRange3D - [\I, J, K\](I, J, K, I, J, K)->RangeInternals.CompactFullRange3D[\I,J,K\] is not applicable to an argument [...]
typecheck	-	-	component RangeInternals	typecheck	RangeInternals.fss:1470	Could not check call to function CompactFullRange3D - [\I, J, K\](I, J, K, I, J, K)->RangeInternals.CompactFullRange3D[\I,J,K\] is not applicable to an argument [...]
typecheck	-	-	component FortressLibrary	typecheck	FortressLibrary.fss:3145	Could not check call to function Comprehension - [\T, AnyMaybe, AnyMaybe, AnyMaybe\](AnyMaybe->AnyMaybe, ActualReduction[\AnyMaybe,AnyMaybe\], T->AnyMaybe)->Com [...]
typecheck	-	-	component FortressLibrary	typecheck	FortressLibrary.fss:3385	Could not check call to function Comprehension - [\T, T, Any, Any\](Any->T, ActualReduction[\Any,Any\], T->Any)->Comprehension[\T,T,Any,Any\] is not applicable  [...]
typecheck	-	-	component RangeInternals	typecheck	RangeInternals.fss:1462	Could not check call to function ExtentRange2D - [\I, J\](I, J, I, J)->RangeInternals.ExtentRange2D[\I,J\] is not applicable to an argument of type (I, J, IntLi [...]
typecheck	-	-	component RangeInternals	typecheck	RangeInternals.fss:476	Could not check call to function ExtentRange2D - [\ZZ32, ZZ32\](ZZ32, ZZ32, ZZ32, ZZ32)->RangeInternals.ExtentRange2D[\ZZ32,ZZ32\] is not applicable to an argum [...]
typecheck	-	-	component RangeInternals	typecheck	RangeInternals.fss:1472	Could not check call to function ExtentRange3D - [\I, J, K\](I, J, K, I, J, K)->RangeInternals.ExtentRange3D[\I,J,K\] is not applicable to an argument of type ( [...]
typecheck	-	-	component RangeInternals	typecheck	RangeInternals.fss:500	Could not check call to function ExtentRange3D - [\ZZ32, ZZ32\](ZZ32, ZZ32, K, ZZ32, ZZ32, K)->RangeInternals.ExtentRange3D[\ZZ32,ZZ32,K\] is not applicable to  [...]
typecheck	-	-	component RangeInternals	typecheck	RangeInternals.fss:1453	Could not check call to function ExtentScalarRange - [\I\](I, I)->RangeInternals.ExtentScalarRange[\I\] is not applicable to an argument of type (I, IntLiteral) [...]
typecheck	-	-	component String	typecheck	String.fss:293	Could not check call to function IndexOutOfBounds - [\I extends Object\](Range[\I\], I)->IndexOutOfBounds[\I\] is not applicable to an argument of type String.
typecheck	-	-	component RangeInternals	typecheck	RangeInternals.fss:471	Could not check call to function Just - [\(I, J)\](I, J)->Just[\(I, J)\] is not applicable to an argument of type (QQ, QQ).
typecheck	-	-	component RangeInternals	typecheck	RangeInternals.fss:495	Could not check call to function Just - [\(I, J, K)\](I, J, K)->Just[\(I, J, K)\] is not applicable to an argument of type (QQ, QQ, QQ).
typecheck	-	-	component RangeInternals	typecheck	RangeInternals.fss:899	Could not check call to function Just - [\(I, J)\](I, J)->Just[\(I, J)\] is not applicable to an argument of type (ZZ32, ZZ32).
typecheck	-	-	component RangeInternals	typecheck	RangeInternals.fss:941	Could not check call to function Just - [\(I, J, K)\](I, J, K)->Just[\(I, J, K)\] is not applicable to an argument of type (ZZ32, ZZ32, ZZ32).
typecheck	-	-	component FortressLibrary	typecheck	FortressLibrary.fss:1302	Could not check call to function Just - [\T extends Object\]T->Just[\T\] is not applicable to an argument of type Any.
typecheck	-	-	component FortressLibrary	typecheck	FortressLibrary.fss:2920	Could not check call to function Just - [\T extends Object\]T->Just[\T\] is not applicable to an argument of type Any.
typecheck	-	-	component FortressLibrary	typecheck	FortressLibrary.fss:2945	Could not check call to function Just - [\T extends Object\]T->Just[\T\] is not applicable to an argument of type Any.
typecheck	-	-	component RangeInternals	typecheck	RangeInternals.fss:1007	Could not check call to function Just - [\I\]I->Just[\I\] is not applicable to an argument of type QQ.
typecheck	-	-	component RangeInternals	typecheck	RangeInternals.fss:380	Could not check call to function Just - [\I\]I->Just[\I\] is not applicable to an argument of type QQ.
typecheck	-	-	component RangeInternals	typecheck	RangeInternals.fss:794	Could not check call to function Just - [\I\]I->Just[\I\] is not applicable to an argument of type ZZ32.
typecheck	-	-	component RangeInternals	typecheck	RangeInternals.fss:1443	Could not check call to function LeftRange2D - [\I, J\](I, J, I, J)->RangeInternals.LeftRange2D[\I,J\] is not applicable to an argument of type (I, J, IntLitera [...]
typecheck	-	-	component RangeInternals	typecheck	RangeInternals.fss:746	Could not check call to function LeftRange2D - [\ZZ32, ZZ32\](ZZ32, ZZ32, ZZ32, ZZ32)->RangeInternals.LeftRange2D[\ZZ32,ZZ32\] is not applicable to an argument  [...]
typecheck	-	-	component RangeInternals	typecheck	RangeInternals.fss:633	Could not check call to function LeftRange2D - [\I, J\](I, J, I, J)->RangeInternals.LeftRange2D[\I,J\] is not applicable to an argument of type (QQ, QQ, I, J).
typecheck	-	-	component RangeInternals	typecheck	RangeInternals.fss:637	Could not check call to function LeftRange2D - [\I, J\](I, J, I, J)->RangeInternals.LeftRange2D[\I,J\] is not applicable to an argument of type (QQ, QQ, I, J).
typecheck	-	-	component RangeInternals	typecheck	RangeInternals.fss:1446	Could not check call to function LeftRange3D - [\I, J, K\](I, J, K, I, J, K)->RangeInternals.LeftRange3D[\I,J,K\] is not applicable to an argument of type (I, J [...]
typecheck	-	-	component RangeInternals	typecheck	RangeInternals.fss:776	Could not check call to function LeftRange3D - [\ZZ32, ZZ32\](ZZ32, ZZ32, K, ZZ32, ZZ32, K)->RangeInternals.LeftRange3D[\ZZ32,ZZ32,K\] is not applicable to an a [...]
typecheck	-	-	component RangeInternals	typecheck	RangeInternals.fss:1441	Could not check call to function LeftScalarRange - [\I\](I, I)->RangeInternals.LeftScalarRange[\I\] is not applicable to an argument of type (I, IntLiteral).
typecheck	-	-	component RangeInternals	typecheck	RangeInternals.fss:1485	Could not check call to function OpenRange2D - [\I\](I, J)->RangeInternals.OpenRange2D[\I,J\] is not applicable to an argument of type (IntLiteral, IntLiteral).
typecheck	-	-	component RangeInternals	typecheck	RangeInternals.fss:343	Could not check call to function OpenRange2D - [\ZZ32, ZZ32\](ZZ32, ZZ32)->RangeInternals.OpenRange2D[\ZZ32,ZZ32\] is not applicable to an argument of type (QQ, [...]
typecheck	-	-	component RangeInternals	typecheck	RangeInternals.fss:344	Could not check call to function OpenRange2D - [\ZZ32, ZZ32\](ZZ32, ZZ32)->RangeInternals.OpenRange2D[\ZZ32,ZZ32\] is not applicable to an argument of type (QQ, [...]
typecheck	-	-	component RangeInternals	typecheck	RangeInternals.fss:1487	Could not check call to function OpenRange3D - [\I, J, K\](I, J, K)->RangeInternals.OpenRange3D[\I,J,K\] is not applicable to an argument of type (IntLiteral, I [...]
typecheck	-	-	component RangeInternals	typecheck	RangeInternals.fss:362	Could not check call to function OpenRange3D - [\ZZ32, ZZ32\](ZZ32, ZZ32, K)->RangeInternals.OpenRange3D[\ZZ32,ZZ32,K\] is not applicable to an argument of type [...]
typecheck	-	-	component RangeInternals	typecheck	RangeInternals.fss:363	Could not check call to function OpenRange3D - [\ZZ32, ZZ32\](ZZ32, ZZ32, K)->RangeInternals.OpenRange3D[\ZZ32,ZZ32,K\] is not applicable to an argument of type [...]
typecheck	-	-	component RangeInternals	typecheck	RangeInternals.fss:1483	Could not check call to function OpenScalarRange - [\I\]I->RangeInternals.OpenScalarRange[\I\] is not applicable to an argument of type IntLiteral.
typecheck	-	-	component RangeInternals	typecheck	RangeInternals.fss:368	Could not check call to function OpenScalarRange - [\I\]I->RangeInternals.OpenScalarRange[\I\] is not applicable to an argument of type IntLiteral.
typecheck	-	-	component RangeInternals	typecheck	RangeInternals.fss:316	Could not check call to function OpenScalarRange - [\I\]I->RangeInternals.OpenScalarRange[\I\] is not applicable to an argument of type QQ.
typecheck	-	-	component RangeInternals	typecheck	RangeInternals.fss:317	Could not check call to function OpenScalarRange - [\I\]I->RangeInternals.OpenScalarRange[\I\] is not applicable to an argument of type QQ.
typecheck	-	-	component RangeInternals	typecheck	RangeInternals.fss:319	Could not check call to function OpenScalarRange - [\I\]I->RangeInternals.OpenScalarRange[\I\] is not applicable to an argument of type QQ.
typecheck	-	-	component RangeInternals	typecheck	RangeInternals.fss:1477	Could not check call to function RightRange2D - [\I, J\](I, J, I, J)->RangeInternals.RightRange2D[\I,J\] is not applicable to an argument of type (I, J, IntLite [...]
typecheck	-	-	component RangeInternals	typecheck	RangeInternals.fss:626	Could not check call to function RightRange2D - [\ZZ32, ZZ32\](ZZ32, ZZ32, ZZ32, ZZ32)->RangeInternals.RightRange2D[\ZZ32,ZZ32\] is not applicable to an argumen [...]
typecheck	-	-	component RangeInternals	typecheck	RangeInternals.fss:753	Could not check call to function RightRange2D - [\I, J\](I, J, I, J)->RangeInternals.RightRange2D[\I,J\] is not applicable to an argument of type (QQ, QQ, I, J) [...]
typecheck	-	-	component RangeInternals	typecheck	RangeInternals.fss:757	Could not check call to function RightRange2D - [\I, J\](I, J, I, J)->RangeInternals.RightRange2D[\I,J\] is not applicable to an argument of type (QQ, QQ, I, J) [...]
typecheck	-	-	component RangeInternals	typecheck	RangeInternals.fss:1480	Could not check call to function RightRange3D - [\I, J, K\](I, J, K, I, J, K)->RangeInternals.RightRange3D[\I,J,K\] is not applicable to an argument of type (I, [...]
typecheck	-	-	component RangeInternals	typecheck	RangeInternals.fss:656	Could not check call to function RightRange3D - [\ZZ32, ZZ32\](ZZ32, ZZ32, K, ZZ32, ZZ32, K)->RangeInternals.RightRange3D[\ZZ32,ZZ32,K\] is not applicable to an [...]
typecheck	-	-	component RangeInternals	typecheck	RangeInternals.fss:1475	Could not check call to function RightScalarRange - [\I\](I, I)->RangeInternals.RightScalarRange[\I\] is not applicable to an argument of type (I, IntLiteral).
typecheck	-	-	component FortressLibrary	typecheck	FortressLibrary.fss:3451	Could not check call to function SimpleFilterGenerator - [\E\](Generator[\E\], E->Condition[\()\])->SimpleFilterGenerator[\E\] is not applicable to an argument  [...]
typecheck	-	-	component FortressLibrary	typecheck	FortressLibrary.fss:4434	Could not check call to function SimpleFilterGenerator2 - [\E\](Generator2[\E\], Generator[\E\]->Condition[\()\])->SimpleFilterGenerator2[\E\] is not applicable [...]
typecheck	-	-	component FortressLibrary	typecheck	FortressLibrary.fss:3403	Could not check call to function SimpleMappedGenerator - [\E, G\](Generator[\E\], E->G)->SimpleMappedGenerator[\E,G\] is not applicable to an argument of type ( [...]
typecheck	-	-	component FortressLibrary	typecheck	FortressLibrary.fss:3430	Could not check call to function SimpleMappedIndexed - [\E, G, I\](Indexed[\E,I\], E->G)->SimpleMappedIndexed[\E,G,I\] is not applicable to an argument of type  [...]
typecheck	-	-	component RangeInternals	typecheck	RangeInternals.fss:1280	Could not check call to function StridedFullParScalarRange - [\I\](I, I, I)->RangeInternals.StridedFullParScalarRange[\I\] is not applicable to an argument of t [...]
typecheck	-	-	component RangeInternals	typecheck	RangeInternals.fss:1281	Could not check call to function StridedFullParScalarRange - [\I\](I, I, I)->RangeInternals.StridedFullParScalarRange[\I\] is not applicable to an argument of t [...]
typecheck	-	-	component RangeInternals	typecheck	RangeInternals.fss:1290	Could not check call to function StridedFullSeqScalarRange - [\I\](I, I, I)->RangeInternals.StridedFullSeqScalarRange[\I\] is not applicable to an argument of t [...]
typecheck	-	-	component RangeInternals	typecheck	RangeInternals.fss:1323	Could not check call to function StridedFullSeqScalarRange - [\I\](I, I, I)->RangeInternals.StridedFullSeqScalarRange[\I\] is not applicable to an argument of t [...]
typecheck	-	-	component RangeInternals	typecheck	RangeInternals.fss:1324	Could not check call to function StridedFullSeqScalarRange - [\I\](I, I, I)->RangeInternals.StridedFullSeqScalarRange[\I\] is not applicable to an argument of t [...]
typecheck	-	-	component FortressLibrary	typecheck	FortressLibrary.fss:1928	Could not check call to function __arr1 - [\E extends Object, nat n\](()->E, NatReflect.N[\n\])->Array1[\E,0,n\] is not applicable to an argument of type (()->E [...]
typecheck	-	-	component FortressLibrary	typecheck	FortressLibrary.fss:1930	Could not check call to function __arr2 - [\E extends Object, nat n, nat m\](()->E, NatReflect.N[\n\], NatReflect.N[\m\])->Array2[\E,0,n,0,m\] is not applicable [...]
typecheck	-	-	component FortressLibrary	typecheck	FortressLibrary.fss:1932	Could not check call to function __arr3 - [\E extends Object, nat n, nat m, nat p\](()->E, NatReflect.N[\n\], NatReflect.N[\m\], NatReflect.N[\p\])->Array3[\E,0 [...]
typecheck	-	-	component FortressLibrary	typecheck	FortressLibrary.fss:2207	Could not check call to function __bigOperator - [\I extends Object, O extends Object, R extends Object, L extends Object\](BigOperator[\I,O,R,L\], (Reduction[\ [...]
typecheck	-	-	component FortressLibrary	typecheck	FortressLibrary.fss:2557	Could not check call to function __bigOperator - [\I extends Object, O extends Object, R extends Object, L extends Object\](BigOperator[\I,O,R,L\], (Reduction[\ [...]
typecheck	-	-	component FortressLibrary	typecheck	FortressLibrary.fss:2562	Could not check call to function __bigOperator - [\I extends Object, O extends Object, R extends Object, L extends Object\](BigOperator[\I,O,R,L\], (Reduction[\ [...]
typecheck	-	-	component FortressLibrary	typecheck	FortressLibrary.fss:3985	Could not check call to function __bigOperator - [\I extends Object, O extends Object, R extends Object, L extends Object\](BigOperator[\I,O,R,L\], (Reduction[\ [...]
typecheck	-	-	component FortressLibrary	typecheck	FortressLibrary.fss:3988	Could not check call to function __bigOperator - [\I extends Object, O extends Object, R extends Object, L extends Object\](BigOperator[\I,O,R,L\], (Reduction[\ [...]
typecheck	-	-	component FortressLibrary	typecheck	FortressLibrary.fss:4114	Could not check call to function __bigOperator - [\I extends Object, O extends Object, R extends Object, L extends Object\](BigOperator[\I,O,R,L\], (Reduction[\ [...]
typecheck	-	-	component FortressLibrary	typecheck	FortressLibrary.fss:969	Could not check call to function __bigOperator - [\I extends Object, O extends Object, R extends Object, L extends Object\](BigOperator[\I,O,R,L\], (Reduction[\ [...]
typecheck	-	-	component Stream	typecheck	Stream.fss:57	Could not check call to function __bigOperator - [\I extends Object, O extends Object, R extends Object, L extends Object\](BigOperator[\I,O,R,L\], (Reduction[\ [...]
typecheck	-	-	component String	typecheck	String.fss:368	Could not check call to function __bigOperator - [\I extends Object, O extends Object, R extends Object, L extends Object\](BigOperator[\I,O,R,L\], (Reduction[\ [...]
typecheck	-	-	component String	typecheck	String.fss:377	Could not check call to function __bigOperator - [\I extends Object, O extends Object, R extends Object, L extends Object\](BigOperator[\I,O,R,L\], (Reduction[\ [...]
typecheck	-	-	component String	typecheck	String.fss:392	Could not check call to function __bigOperator - [\I extends Object, O extends Object, R extends Object, L extends Object\](BigOperator[\I,O,R,L\], (Reduction[\ [...]
typecheck	-	-	component String	typecheck	String.fss:401	Could not check call to function __bigOperator - [\I extends Object, O extends Object, R extends Object, L extends Object\](BigOperator[\I,O,R,L\], (Reduction[\ [...]
typecheck	-	-	component FortressLibrary	typecheck	FortressLibrary.fss:3147	Could not check call to function __bigOperatorSugar - [\T, (T, T), (T, T), AnyMaybe\](BigOperator[\T,(T, T),(T, T),AnyMaybe\], Generator[\T\])->(T, T) is not ap [...]
typecheck	-	-	component FortressLibrary	typecheck	FortressLibrary.fss:2936	Could not check call to function __cond - [\E extends Object, R extends Object\](Condition[\E\], E->R, ()->R)->R is not applicable to any type of the form (AnyM [...]
typecheck	-	-	component FortressLibrary	typecheck	FortressLibrary.fss:4102	Could not check call to function __cond - [\E extends Object, R extends Object\](Condition[\E\], E->R, ()->R)->R is not applicable to any type of the form (Mayb [...]
typecheck	-	-	component FortressLibrary	typecheck	FortressLibrary.fss:2910	Could not check call to function __cond - [\E extends Object, R extends Object\](Condition[\E\], E->R, ()->R)->R is not applicable to any type of the form (AnyM [...]
typecheck	-	-	component FortressLibrary	typecheck	FortressLibrary.fss:2922	Could not check call to function __cond - [\E extends Object, R extends Object\](Condition[\E\], E->R, ()->R)->R is not applicable to any type of the form (AnyM [...]
typecheck	-	-	component FortressLibrary	typecheck	FortressLibrary.fss:2947	Could not check call to function __cond - [\E extends Object, R extends Object\](Condition[\E\], E->R, ()->R)->R is not applicable to any type of the form (AnyM [...]
typecheck	-	-	component RangeInternals	typecheck	RangeInternals.fss:556	Could not check call to function __cond - [\E extends Object, R extends Object\](Condition[\E\], E->R, ()->R)->R is not applicable to an argument of type (Maybe [...]
typecheck	-	-	component RangeInternals	typecheck	RangeInternals.fss:674	Could not check call to function __cond - [\E extends Object, R extends Object\](Condition[\E\], E->R, ()->R)->R is not applicable to an argument of type (Maybe [...]
typecheck	-	-	component FortressLibrary	typecheck	FortressLibrary.fss:3719	Could not check call to function __cond - [\E extends Object, R extends Object\](Condition[\E\], E->R, ()->R)->R is not applicable to any type of the form (Mayb [...]
typecheck	-	-	component FortressLibrary	typecheck	FortressLibrary.fss:3752	Could not check call to function __cond - [\E extends Object, R extends Object\](Condition[\E\], E->R, ()->R)->R is not applicable to any type of the form (Mayb [...]
typecheck	-	-	component FortressLibrary	typecheck	FortressLibrary.fss:3777	Could not check call to function __cond - [\E extends Object, R extends Object\](Condition[\E\], E->R, ()->R)->R is not applicable to any type of the form (Mayb [...]
typecheck	-	-	component FortressLibrary	typecheck	FortressLibrary.fss:1946	Could not check call to function __imm1 - [\E extends Object, nat n\](()->E, NatReflect.N[\n\])->ImmutableArray1[\E,0,n\] is not applicable to an argument of ty [...]
typecheck	-	-	component FortressLibrary	typecheck	FortressLibrary.fss:1965	Could not check call to function __parr - [\E extends Object, nat n\](()->E, NatReflect.N[\n\])->NativeArray.PrimitiveArray[\E,n\] is not applicable to an argum [...]
typecheck	-	-	component FortressLibrary	typecheck	FortressLibrary.fss:1970	Could not check call to function __piarr - [\E extends Object, nat n\](()->E, NatReflect.N[\n\])->NativeArray.PrimImmutableArray[\E,n\] is not applicable to an  [...]
typecheck	-	-	component NatReflect	typecheck	NatReflect.fss:47	Could not check call to function __refl' - [\r+b, b+b\]ZZ32->NatReflect.NatParam is not applicable to an argument of type QQ.
typecheck	-	-	component FortressLibrary	typecheck	FortressLibrary.fss:2110	Could not check call to function __subarray - [\T extends Object, nat b0, nat s0, nat b, nat s, nat o\](Array1[\T,b0,s0\], NatReflect.N[\b\], NatReflect.N[\s\], [...]
typecheck	-	-	component FortressLibrary	typecheck	FortressLibrary.fss:2060	Could not check call to function __subarrayI - [\T extends Object, nat b0, nat s0, nat b, nat s, nat o\](ImmutableArray1[\T,b0,s0\], NatReflect.N[\b\], NatRefle [...]
typecheck	-	-	component List	typecheck	List.fss:89	Could not check call to function addL - [\T extends Object, E extends T, F extends T\](E, List.List[\F\])->List.List[\T\] is not applicable to an argument of ty [...]
typecheck	-	-	component List	typecheck	List.fss:90	Could not check call to function addR - [\T extends Object, E extends T, F extends T\](List.List[\F\], E)->List.List[\T\] is not applicable to an argument of ty [...]
typecheck	-	-	component List	typecheck	List.fss:88	Could not check call to function app - [\T extends Object, E extends T, F extends T\](List.List[\E\], List.List[\F\])->List.List[\T\] is not applicable to an ar [...]
typecheck	-	-	component FortressBuiltin	typecheck	FortressBuiltin.fss:158	Could not check call to function asFloat - BigNum->Float is not applicable to an argument of type Number. - Float->Float is not applicable to an argument of typ [...]
typecheck	-	-	component String	typecheck	String.fss:431	Could not check call to function assert - (Any, Any, (Any...))->() is not applicable to an argument of type (Boolean, Boolean, String, String, Range[\ZZ32\], St [...]
typecheck	-	-	component FortressLibrary	typecheck	FortressLibrary.fss:3836	Could not check call to function bounded1Range - [\I extends Integral[\I\]\](I, I, I)->RangeInternals.CompactFullParScalarRange[\I\] is not applicable to an arg [...]
typecheck	-	-	component FortressLibrary	typecheck	FortressLibrary.fss:3839	Could not check call to function bounded2Range - [\I extends Integral[\I\], J extends Integral[\J\]\](I, J, I, J, I, J)->RangeInternals.CompactFullRange2D[\I,J\ [...]
typecheck	-	-	component FortressLibrary	typecheck	FortressLibrary.fss:3843	Could not check call to function bounded3Range - [\I extends Integral[\I\], J extends Integral[\J\], K extends Integral[\K\]\](I, J, K, I, J, K, I, J, K)->Range [...]
typecheck	-	-	component RangeInternals	typecheck	RangeInternals.fss:178	Could not check call to function combine2D - [\I extends Integral[\I\], J extends Integral[\J\]\](RangeInternals.CompactFullScalarRange[\I\], RangeInternals.Com [...]
typecheck	-	-	component RangeInternals	typecheck	RangeInternals.fss:180	Could not check call to function combine2D - [\I extends Integral[\I\], J extends Integral[\J\]\](RangeInternals.CompactFullScalarRange[\I\], RangeInternals.Com [...]
typecheck	-	-	component RangeInternals	typecheck	RangeInternals.fss:182	Could not check call to function combine2D - [\I extends Integral[\I\], J extends Integral[\J\]\](RangeInternals.CompactFullScalarRange[\I\], RangeInternals.Com [...]
typecheck	-	-	component RangeInternals	typecheck	RangeInternals.fss:186	Could not check call to function combine2D - [\I extends Integral[\I\], J extends Integral[\J\]\](RangeInternals.CompactFullScalarRange[\I\], RangeInternals.Com [...]
typecheck	-	-	component RangeInternals	typecheck	RangeInternals.fss:241	Could not check call to function combine3D - [\I extends Integral[\I\], J extends Integral[\J\], K extends Integral[\K\]\](RangeInternals.CompactFullScalarRange [...]
typecheck	-	-	component RangeInternals	typecheck	RangeInternals.fss:243	Could not check call to function combine3D - [\I extends Integral[\I\], J extends Integral[\J\], K extends Integral[\K\]\](RangeInternals.CompactFullScalarRange [...]
typecheck	-	-	component RangeInternals	typecheck	RangeInternals.fss:245	Could not check call to function combine3D - [\I extends Integral[\I\], J extends Integral[\J\], K extends Integral[\K\]\](RangeInternals.CompactFullScalarRange [...]
typecheck	-	-	component RangeInternals	typecheck	RangeInternals.fss:249	Could not check call to function combine3D - [\I extends Integral[\I\], J extends Integral[\J\], K extends Integral[\K\]\](RangeInternals.CompactFullScalarRange [...]
typecheck	-	-	component FortressLibrary	typecheck	FortressLibrary.fss:1215	Could not check call to function cond - [\E\](E->E, ()->E)->E is not applicable to an argument of type (E->Just[\(ZZ32, E)\], ()->Nothing[\(ZZ32, E)\]).
typecheck	-	-	component FortressLibrary	typecheck	FortressLibrary.fss:1220	Could not check call to function cond - [\E\](E->E, ()->E)->E is not applicable to an argument of type (E->Condition[\E\], ()->Condition[\E\]).
typecheck	-	-	component FortressLibrary	typecheck	FortressLibrary.fss:1231	Could not check call to function cond - [\G\](E->G, ()->G)->G is not applicable to an argument of type (E->Just[\G\], ()->Nothing[\G\]).
typecheck	-	-	component FortressLibrary	typecheck	FortressLibrary.fss:1233	Could not check call to function cond - [\G\](E->G, ()->G)->G is not applicable to an argument of type (E->Just[\G\], ()->Nothing[\G\]).
typecheck	-	-	component FortressLibrary	typecheck	FortressLibrary.fss:1235	Could not check call to function cond - [\G\](E->G, ()->G)->G is not applicable to an argument of type (E->Generator[\G\], ()->Nothing[\G\]).
typecheck	-	-	component FortressLibrary	typecheck	FortressLibrary.fss:1237	Could not check call to function cond - [\G\](E->G, ()->G)->G is not applicable to an argument of type (E->Generator[\(E, G)\], ()->Nothing[\(E, G)\]).
typecheck	-	-	component String	typecheck	String.fss:430	Could not check call to function deny - (Any, Any, (Any...))->() is not applicable to an argument of type (Boolean, Boolean, String, String, Range[\ZZ32\], Stri [...]
typecheck	-	-	component FortressLibrary	typecheck	FortressLibrary.fss:3860	Could not check call to function extent1Range - [\I extends AnyIntegral\](I, I)->ExtentRange[\I\] is not applicable to an argument of type (ZZ32, I).
typecheck	-	-	component FortressLibrary	typecheck	FortressLibrary.fss:3862	Could not check call to function extent2Range - [\I extends AnyIntegral, J extends AnyIntegral\](I, J, I, J)->ExtentRange[\(I, J)\] is not applicable to an argu [...]
typecheck	-	-	component FortressLibrary	typecheck	FortressLibrary.fss:3865	Could not check call to function extent3Range - [\I extends AnyIntegral, J extends AnyIntegral, K extends AnyIntegral\](I, J, K, I, J, K)->ExtentRange[\(I, J, K [...]
typecheck	-	-	component FlatString	typecheck	FlatString.fss:135	Could not check call to function flatConcat - (FlatString.FlatString, Char)->String is not applicable to an argument of type (FlatString.FlatString, String). -  [...]
typecheck	-	-	component RangeInternals	typecheck	RangeInternals.fss:917	Could not check call to function fullRange2D - [\I, J\](I, J, I, J, I, J)->RangeInternals.FullRange2D[\I,J\] is not applicable to an argument of type (QQ, QQ, Q [...]
typecheck	-	-	component RangeInternals	typecheck	RangeInternals.fss:964	Could not check call to function fullRange3D - [\I, J, K\](I, J, K, I, J, K, I, J, K)->RangeInternals.FullRange3D[\I,J,K\] is not applicable to an argument of t [...]
typecheck	-	-	component RangeInternals	typecheck	RangeInternals.fss:824	Could not check call to function fullScalarRange - [\I\](I, I, I)->RangeInternals.FullScalarRange[\I\] is not applicable to an argument of type (I, I, QQ).
typecheck	-	-	component RangeInternals	typecheck	RangeInternals.fss:840	Could not check call to function fullScalarRange - [\I\](I, I, I)->RangeInternals.FullScalarRange[\I\] is not applicable to an argument of type (I, I, QQ).
typecheck	-	-	component RangeInternals	typecheck	RangeInternals.fss:592	Could not check call to function fullScalarRange - [\I\](I, I, I)->RangeInternals.FullScalarRange[\I\] is not applicable to an argument of type (I, QQ, I).
typecheck	-	-	component RangeInternals	typecheck	RangeInternals.fss:852	Could not check call to function fullScalarRange - [\I\](I, I, I)->RangeInternals.FullScalarRange[\I\] is not applicable to an argument of type (I, QQ, I).
typecheck	-	-	component RangeInternals	typecheck	RangeInternals.fss:862	Could not check call to function fullScalarRange - [\I\](I, I, I)->RangeInternals.FullScalarRange[\I\] is not applicable to an argument of type (QQ, I, I).
typecheck	-	-	component RangeInternals	typecheck	RangeInternals.fss:890	Could not check call to function fullScalarRange - [\I\](I, I, I)->RangeInternals.FullScalarRange[\I\] is not applicable to an argument of type (QQ, QQ, QQ).
typecheck	-	-	component FortressLibrary	typecheck	FortressLibrary.fss:2086	Could not check call to function get - ZZ32->T is not applicable to an argument of type ZZ64.
typecheck	-	-	component FortressLibrary	typecheck	FortressLibrary.fss:2089	Could not check call to function get - ZZ32->T is not applicable to an argument of type ZZ64.
typecheck	-	-	component FortressLibrary	typecheck	FortressLibrary.fss:2092	Could not check call to function get - ZZ32->T is not applicable to an argument of type ZZ64.
typecheck	-	-	component FortressLibrary	typecheck	FortressLibrary.fss:2094	Could not check call to function get - ZZ32->T is not applicable to an argument of type ZZ64.
typecheck	-	-	component FortressLibrary	typecheck	FortressLibrary.fss:2136	Could not check call to function get - ZZ32->T is not applicable to an argument of type ZZ64.
typecheck	-	-	component FortressLibrary	typecheck	FortressLibrary.fss:2139	Could not check call to function get - ZZ32->T is not applicable to an argument of type ZZ64.
typecheck	-	-	component FortressLibrary	typecheck	FortressLibrary.fss:2142	Could not check call to function get - ZZ32->T is not applicable to an argument of type ZZ64.
typecheck	-	-	component FortressLibrary	typecheck	FortressLibrary.fss:2144	Could not check call to function get - ZZ32->T is not applicable to an argument of type ZZ64.
typecheck	-	-	component FortressLibrary	typecheck	FortressLibrary.fss:3847	Could not check call to function left1Range - [\I extends AnyIntegral\](I, I)->LeftRange[\I\] is not applicable to an argument of type (ZZ32, I).
typecheck	-	-	component FortressLibrary	typecheck	FortressLibrary.fss:3850	Could not check call to function left2Range - [\I extends AnyIntegral, J extends AnyIntegral\](I, J, I, J)->LeftRange[\(I, J)\] is not applicable to an argument [...]
typecheck	-	-	component FortressLibrary	typecheck	FortressLibrary.fss:3855	Could not check call to function left3Range - [\I extends AnyIntegral, J extends AnyIntegral, K extends AnyIntegral\](I, J, K, I, J, K)->LeftRange[\(I, J, K)\]  [...]
typecheck	-	-	component RangeInternals	typecheck	RangeInternals.fss:149	Could not check call to function leftScalarRange - [\I\](I, I)->RangeInternals.LeftScalarRange[\I\] is not applicable to an argument of type (I, IntLiteral).
typecheck	-	-	component RangeInternals	typecheck	RangeInternals.fss:590	Could not check call to function leftScalarRange - [\I\](I, I)->RangeInternals.LeftScalarRange[\I\] is not applicable to an argument of type (I, QQ).
typecheck	-	-	component RangeInternals	typecheck	RangeInternals.fss:603	Could not check call to function leftScalarRange - [\I\](I, I)->RangeInternals.LeftScalarRange[\I\] is not applicable to an argument of type (QQ, I).
typecheck	-	-	component RangeInternals	typecheck	RangeInternals.fss:604	Could not check call to function leftScalarRange - [\I\](I, I)->RangeInternals.LeftScalarRange[\I\] is not applicable to an argument of type (QQ, I).
typecheck	-	-	component List	typecheck	List.fss:176	Could not check call to function list - [\E extends Object\]Generator[\E\]->List.List[\E\] is not applicable to an argument of type E. - [\E extends Object\]Imm [...]
typecheck	-	-	component FortressLibrary	typecheck	FortressLibrary.fss:2203	Could not check call to function map - [\T\]T->T->Array1[\T,0,s0\] is not applicable to any type of the form _->_. - [\T\]T->T->Array[\T,ZZ32\] is not applicabl [...]
typecheck	-	-	component FortressLibrary	typecheck	FortressLibrary.fss:2538	Could not check call to function mm - (ZZ32, ZZ32, ZZ32, ZZ32, ZZ32, ZZ32)->() is not applicable to an argument of type (ZZ32, ZZ32, ZZ32, ZZ32, ZZ64, ZZ32).
typecheck	-	-	component FortressLibrary	typecheck	FortressLibrary.fss:2546	Could not check call to function mm - (ZZ32, ZZ32, ZZ32, ZZ32, ZZ32, ZZ32)->() is not applicable to an argument of type (ZZ64, ZZ32, ZZ32, ZZ32, ZZ32, ZZ32).
typecheck	-	-	component FortressLibrary	typecheck	FortressLibrary.fss:2522	Could not check call to function mma - (ZZ32, ZZ32, ZZ32, ZZ32, ZZ32, ZZ32)->() is not applicable to an argument of type (ZZ32, ZZ32, ZZ32, ZZ32, ZZ64, ZZ32).
typecheck	-	-	component FortressLibrary	typecheck	FortressLibrary.fss:2527	Could not check call to function mma - (ZZ32, ZZ32, ZZ32, ZZ32, ZZ32, ZZ32)->() is not applicable to an argument of type (ZZ32, ZZ32, ZZ64, ZZ32, ZZ32, ZZ32).
typecheck	-	-	component FortressLibrary	typecheck	FortressLibrary.fss:2530	Could not check call to function mma - (ZZ32, ZZ32, ZZ32, ZZ32, ZZ32, ZZ32)->() is not applicable to an argument of type (ZZ64, ZZ32, ZZ32, ZZ32, ZZ32, ZZ32).
typecheck	-	-	component FortressLibrary	typecheck	FortressLibrary.fss:2543	Could not check call to function mma - (ZZ32, ZZ32, ZZ32, ZZ32, ZZ32, ZZ32)->() is not applicable to an argument of type (ZZ32, ZZ32, ZZ64, ZZ32, ZZ32, ZZ32).
typecheck	-	-	component FortressLibrary	typecheck	FortressLibrary.fss:3896	Could not check call to function open1Range - [\I extends AnyIntegral\](I, I)->OpenRange[\I\] is not applicable to an argument of type (ZZ32, I).
typecheck	-	-	component FortressLibrary	typecheck	FortressLibrary.fss:3898	Could not check call to function open2Range - [\I extends AnyIntegral, J extends AnyIntegral\](I, J, I, J)->OpenRange[\(I, J)\] is not applicable to an argument [...]
typecheck	-	-	component FortressLibrary	typecheck	FortressLibrary.fss:3901	Could not check call to function open3Range - [\I extends AnyIntegral, J extends AnyIntegral, K extends AnyIntegral\](I, J, K, I, J, K)->OpenRange[\(I, J, K)\]  [...]
typecheck	-	-	component FortressLibrary	typecheck	FortressLibrary.fss:3883	Could not check call to function openRangeHelper - [\I extends Integral[\I\], J extends Integral[\J\], K extends Integral[\K\]\]()->(I, J, K)->RangeInternals.Op [...]
typecheck	-	-	component FortressLibrary	typecheck	FortressLibrary.fss:2011	Could not check call to function partitionL - (NN64 & {UnsignedLong, NN32})->NN64 is not applicable to an argument of type I. - (ZZ32 & {Int, IntLiteral})->ZZ32 [...]
typecheck	-	-	component FortressLibrary	typecheck	FortressLibrary.fss:3867	Could not check call to function right1Range - [\I extends AnyIntegral\](I, I)->RightRange[\I\] is not applicable to an argument of type (ZZ32, I).
typecheck	-	-	component FortressLibrary	typecheck	FortressLibrary.fss:3869	Could not check call to function right2Range - [\I extends AnyIntegral, J extends AnyIntegral\](I, J, I, J)->RightRange[\(I, J)\] is not applicable to an argume [...]
typecheck	-	-	component FortressLibrary	typecheck	FortressLibrary.fss:3872	Could not check call to function right3Range - [\I extends AnyIntegral, J extends AnyIntegral, K extends AnyIntegral\](I, J, K, I, J, K)->RightRange[\(I, J, K)\ [...]
typecheck	-	-	component RangeInternals	typecheck	RangeInternals.fss:580	Could not check call to function rightScalarRange - [\I\](I, I)->RangeInternals.RightScalarRange[\I\] is not applicable to an argument of type (I, QQ).
typecheck	-	-	component RangeInternals	typecheck	RangeInternals.fss:720	Could not check call to function rightScalarRangeInter - [\I extends Integral[\I\]\](I, I, I)->RangeInternals.RightScalarRange[\I\] is not applicable to an argu [...]
typecheck	-	-	component RangeInternals	typecheck	RangeInternals.fss:39	Could not check call to function roundToStride - [\I extends Integral[\I\]\](I, I)->I is not applicable to an argument of type (QQ, I).
typecheck	-	-	component RangeInternals	typecheck	RangeInternals.fss:41	Could not check call to function roundToStride - [\I extends Integral[\I\]\](I, I)->I is not applicable to an argument of type (QQ, I).
typecheck	-	-	component RangeInternals	typecheck	RangeInternals.fss:43	Could not check call to function roundToStride - [\I extends Integral[\I\]\](I, I)->I is not applicable to an argument of type (QQ, I).
typecheck	-	-	component RangeInternals	typecheck	RangeInternals.fss:45	Could not check call to function roundToStride - [\I extends Integral[\I\]\](I, I)->I is not applicable to an argument of type (QQ, I).
typecheck	-	-	component String	typecheck	String.fss:481	Could not check call to function seq - DelegatedIndexed[\E,I\]->SequentialGenerator[\E\] is not applicable to an argument of type Generator[\(ZZ32, String)\]. - [...]
typecheck	-	-	component String	typecheck	String.fss:486	Could not check call to function seq - DelegatedIndexed[\E,I\]->SequentialGenerator[\E\] is not applicable to an argument of type Range[\ZZ32\]. - FilterGenerat [...]
typecheck	-	-	component List	typecheck	List.fss:490	Could not check call to function singleton - [\E extends Object\]E->List.List[\E\] is not applicable to an argument of type Any.
typecheck	-	-	component FortressLibrary	typecheck	FortressLibrary.fss:3825	Could not check call to function sized1Range - [\I extends Integral[\I\]\](I, I, I)->RangeInternals.CompactFullParScalarRange[\I\] is not applicable to an argum [...]
typecheck	-	-	component FortressLibrary	typecheck	FortressLibrary.fss:3828	Could not check call to function sized2Range - [\I extends Integral[\I\], J extends Integral[\J\]\](I, J, I, J, I, J)->RangeInternals.CompactFullRange2D[\I,J\]  [...]
typecheck	-	-	component FortressLibrary	typecheck	FortressLibrary.fss:3832	Could not check call to function sized3Range - [\I extends Integral[\I\], J extends Integral[\J\], K extends Integral[\K\]\](I, J, K, I, J, K, I, J, K)->RangeIn [...]
typecheck	-	-	component Stream	typecheck	Stream.fss:70	Could not check call to function writes - (Generator[\Any\], String)->() is not applicable to an argument of type (Any, String). - Generator[\Any\]->() is not a [...]
typecheck	-	-	component Stream	typecheck	Stream.fss:71	Could not check call to function writes - (Generator[\Any\], String)->() is not applicable to an argument of type (Any, String). - Generator[\Any\]->() is not a [...]
typecheck	-	-	component String	typecheck	String.fss:79	Could not check call to operator # - [\I extends AnyIntegral, J extends AnyIntegral, K extends AnyIntegral\]((I, J, K), (I, J, K))->CompactFullRange[\(I, J, K)\ [...]
typecheck	-	-	component FortressLibrary	typecheck	FortressLibrary.fss:1221	Could not check call to operator # - [\I extends AnyIntegral, J extends AnyIntegral, K extends AnyIntegral\]((I, J, K), (I, J, K))->RangeInternals.CompactFullRa [...]
typecheck	-	-	component FortressLibrary	typecheck	FortressLibrary.fss:1224	Could not check call to operator # - [\I extends AnyIntegral, J extends AnyIntegral, K extends AnyIntegral\]((I, J, K), (I, J, K))->RangeInternals.CompactFullRa [...]
typecheck	-	-	component String	typecheck	String.fss:272	Could not check call to operator # - [\I extends AnyIntegral, J extends AnyIntegral, K extends AnyIntegral\]((I, J, K), (I, J, K))->CompactFullRange[\(I, J, K)\ [...]
typecheck	-	-	component FortressLibrary	typecheck	FortressLibrary.fss:1212	Could not check call to operator # - [\I extends AnyIntegral, J extends AnyIntegral, K extends AnyIntegral\]((I, J, K), (I, J, K))->RangeInternals.CompactFullRa [...]
typecheck	-	-	component List	typecheck	List.fss:276	Could not check call to operator # - [\I extends AnyIntegral, J extends AnyIntegral, K extends AnyIntegral\]((I, J, K), (I, J, K))->CompactFullRange[\(I, J, K)\ [...]
typecheck	-	-	component List	typecheck	List.fss:302	Could not check call to operator # - [\I extends AnyIntegral, J extends AnyIntegral, K extends AnyIntegral\]((I, J, K), (I, J, K))->CompactFullRange[\(I, J, K)\ [...]
typecheck	-	-	component FortressLibrary	typecheck	FortressLibrary.fss:2313	Could not check call to operator # - [\I extends AnyIntegral, J extends AnyIntegral, K extends AnyIntegral\]((I, J, K), (I, J, K))->RangeInternals.CompactFullRa [...]
typecheck	-	-	component FortressLibrary	typecheck	FortressLibrary.fss:2704	Could not check call to operator # - [\I extends AnyIntegral, J extends AnyIntegral, K extends AnyIntegral\]((I, J, K), (I, J, K))->RangeInternals.CompactFullRa [...]
typecheck	-	-	component FortressLibrary	typecheck	FortressLibrary.fss:4007	Could not check call to operator # - [\I extends AnyIntegral, J extends AnyIntegral, K extends AnyIntegral\]((I, J, K), (I, J, K))->RangeInternals.CompactFullRa [...]
typecheck	-	-	component List	typecheck	List.fss:281	Could not check call to operator # - [\I extends AnyIntegral, J extends AnyIntegral, K extends AnyIntegral\]((I, J, K), (I, J, K))->CompactFullRange[\(I, J, K)\ [...]
typecheck	-	-	component List	typecheck	List.fss:312	Could not check call to operator # - [\I extends AnyIntegral, J extends AnyIntegral, K extends AnyIntegral\]((I, J, K), (I, J, K))->CompactFullRange[\(I, J, K)\ [...]
typecheck	-	-	component FortressLibrary	typecheck	FortressLibrary.fss:3696	Could not check call to operator # - [\I extends AnyIntegral, J extends AnyIntegral, K extends AnyIntegral\](I, J, K)->LeftRange[\(I, J, K)\] is not applicable  [...]
typecheck	-	-	component FortressLibrary	typecheck	FortressLibrary.fss:3702	Could not check call to operator # - [\I extends AnyIntegral, J extends AnyIntegral, K extends AnyIntegral\](I, J, K)->ExtentRange[\(I, J, K)\] is not applicabl [...]
typecheck	-	-	component FortressLibrary	typecheck	FortressLibrary.fss:3858	Could not check call to operator # - [\I extends AnyIntegral, J extends AnyIntegral, K extends AnyIntegral\](I, J, K)->LeftRange[\(I, J, K)\] is not applicable  [...]
typecheck	-	-	component FortressLibrary	typecheck	FortressLibrary.fss:3894	Could not check call to operator # - [\I extends AnyIntegral, J extends AnyIntegral, K extends AnyIntegral\](I, J, K)->LeftRange[\(I, J, K)\] is not applicable  [...]
typecheck	-	-	component String	typecheck	String.fss:545	Could not check call to operator # - [\I extends AnyIntegral, J extends AnyIntegral, K extends AnyIntegral\](I, J, K)->ExtentRange[\(I, J, K)\] is not applicabl [...]
typecheck	-	-	component FortressLibrary	typecheck	FortressLibrary.fss:2077	Could not check call to operator # - [\I extends AnyIntegral, J extends AnyIntegral, K extends AnyIntegral\]((I, J, K), (I, J, K))->RangeInternals.CompactFullRa [...]
typecheck	-	-	component FortressLibrary	typecheck	FortressLibrary.fss:2127	Could not check call to operator # - [\I extends AnyIntegral, J extends AnyIntegral, K extends AnyIntegral\]((I, J, K), (I, J, K))->RangeInternals.CompactFullRa [...]
typecheck	-	-	component FortressLibrary	typecheck	FortressLibrary.fss:2172	Could not check call to operator # - [\I extends AnyIntegral, J extends AnyIntegral, K extends AnyIntegral\]((I, J, K), (I, J, K))->RangeInternals.CompactFullRa [...]
typecheck	-	-	component FortressLibrary	typecheck	FortressLibrary.fss:2187	Could not check call to operator # - [\I extends AnyIntegral, J extends AnyIntegral, K extends AnyIntegral\]((I, J, K), (I, J, K))->RangeInternals.CompactFullRa [...]
typecheck	-	-	component RangeInternals	typecheck	RangeInternals.fss:1359	Could not check call to operator + - ((NN64 & {UnsignedLong, NN32}), NN64)->NN64 is not applicable to an argument of type (I, (I, J)). - ((Number & {RR64}), Num [...]
typecheck	-	-	component RangeInternals	typecheck	RangeInternals.fss:1359	Could not check call to operator + - ((NN64 & {UnsignedLong, NN32}), NN64)->NN64 is not applicable to an argument of type (J, (I, J)). - ((Number & {RR64}), Num [...]
typecheck	-	-	component RangeInternals	typecheck	RangeInternals.fss:667	Could not check call to operator + - ((NN64 & {UnsignedLong, NN32}), NN64)->NN64 is not applicable to an argument of type (K, (I, J, K)). - ((Number & {RR64}),  [...]
typecheck	-	-	component RangeInternals	typecheck	RangeInternals.fss:693	Could not check call to operator + - ((NN64 & {UnsignedLong, NN32}), NN64)->NN64 is not applicable to an argument of type (I, IntLiteral). - ((Number & {RR64}), [...]
typecheck	-	-	component RangeInternals	typecheck	RangeInternals.fss:723	Could not check call to operator + - ((NN64 & {UnsignedLong, NN32}), NN64)->NN64 is not applicable to an argument of type (I, I). - ((Number & {RR64}), Number)- [...]
typecheck	-	-	component RangeInternals	typecheck	RangeInternals.fss:787	Could not check call to operator + - ((NN64 & {UnsignedLong, NN32}), NN64)->NN64 is not applicable to an argument of type (K, (I, J, K)). - ((Number & {RR64}),  [...]
typecheck	-	-	component FortressLibrary	typecheck	FortressLibrary.fss:332	Could not check call to operator - - ((NN64 & {UnsignedLong, NN32}), NN64)->NN64 is not applicable to an argument of type (AdditiveGroup[\T\], AdditiveGroup[\T\ [...]
typecheck	-	-	component FortressLibrary	typecheck	FortressLibrary.fss:335	Could not check call to operator - - ((NN64 & {UnsignedLong, NN32}), NN64)->NN64 is not applicable to an argument of type (T, AdditiveGroup[\T\]). - ((Number &  [...]
typecheck	-	-	component FortressLibrary	typecheck	FortressLibrary.fss:3814	Could not check call to operator - - ((NN64 & {UnsignedLong, NN32}), NN64)->NN64 is not applicable to an argument of type (I, AND(ZZ32,I)). - ((Number & {RR64}) [...]
typecheck	-	-	component RangeInternals	typecheck	RangeInternals.fss:1355	Could not check call to operator - - ((NN64 & {UnsignedLong, NN32}), NN64)->NN64 is not applicable to an argument of type (I, (I, J)). - ((Number & {RR64}), Num [...]
typecheck	-	-	component RangeInternals	typecheck	RangeInternals.fss:1355	Could not check call to operator - - ((NN64 & {UnsignedLong, NN32}), NN64)->NN64 is not applicable to an argument of type (J, (I, J)). - ((Number & {RR64}), Num [...]
typecheck	-	-	component RangeInternals	typecheck	RangeInternals.fss:663	Could not check call to operator - - ((NN64 & {UnsignedLong, NN32}), NN64)->NN64 is not applicable to an argument of type (K, (I, J, K)). - ((Number & {RR64}),  [...]
typecheck	-	-	component RangeInternals	typecheck	RangeInternals.fss:692	Could not check call to operator - - ((NN64 & {UnsignedLong, NN32}), NN64)->NN64 is not applicable to an argument of type (I, I). - ((Number & {RR64}), Number)- [...]
typecheck	-	-	component RangeInternals	typecheck	RangeInternals.fss:713	Could not check call to operator - - ((NN64 & {UnsignedLong, NN32}), NN64)->NN64 is not applicable to an argument of type (I, I). - ((Number & {RR64}), Number)- [...]
typecheck	-	-	component RangeInternals	typecheck	RangeInternals.fss:714	Could not check call to operator - - ((NN64 & {UnsignedLong, NN32}), NN64)->NN64 is not applicable to an argument of type (I, I). - ((Number & {RR64}), Number)- [...]
typecheck	-	-	component RangeInternals	typecheck	RangeInternals.fss:722	Could not check call to operator - - ((NN64 & {UnsignedLong, NN32}), NN64)->NN64 is not applicable to an argument of type (I, I). - ((Number & {RR64}), Number)- [...]
typecheck	-	-	component RangeInternals	typecheck	RangeInternals.fss:783	Could not check call to operator - - ((NN64 & {UnsignedLong, NN32}), NN64)->NN64 is not applicable to an argument of type (K, (I, J, K)). - ((Number & {RR64}),  [...]
typecheck	-	-	component RangeInternals	typecheck	RangeInternals.fss:698	Could not check call to operator - - (NN64 & {UnsignedLong, NN32})->NN64 is not applicable to an argument of type I. - (Number & {RR64})->RR64 is not applicable [...]
typecheck	-	-	component RangeInternals	typecheck	RangeInternals.fss:703	Could not check call to operator - - (NN64 & {UnsignedLong, NN32})->NN64 is not applicable to an argument of type I. - (Number & {RR64})->RR64 is not applicable [...]
typecheck	-	-	component String	typecheck	String.fss:25	Could not check call to operator : - [\I extends AnyIntegral, J extends AnyIntegral, K extends AnyIntegral\]((I, J, K), (I, J, K))->CompactFullRange[\(I, J, K)\ [...]
typecheck	-	-	component RangeInternals	typecheck	RangeInternals.fss:1008	Could not check call to operator : - [\I extends AnyIntegral, J extends AnyIntegral, K extends AnyIntegral\]((I, J, K), (I, J, K))->CompactFullRange[\(I, J, K)\ [...]
typecheck	-	-	component RangeInternals	typecheck	RangeInternals.fss:1010	Could not check call to operator : - [\I extends AnyIntegral, J extends AnyIntegral, K extends AnyIntegral\]((I, J, K), (I, J, K))->CompactFullRange[\(I, J, K)\ [...]
typecheck	-	-	component FortressLibrary	typecheck	FortressLibrary.fss:3697	Could not check call to operator : - [\I extends AnyIntegral, J extends AnyIntegral, K extends AnyIntegral\](I, J, K)->RightRange[\(I, J, K)\] is not applicable [...]
typecheck	-	-	component FortressLibrary	typecheck	FortressLibrary.fss:3903	Could not check call to operator : - [\I extends AnyIntegral, J extends AnyIntegral, K extends AnyIntegral\]((I, J, K), (I, J, K))->RangeInternals.CompactFullRa [...]
typecheck	-	-	component FortressLibrary	typecheck	FortressLibrary.fss:2473	Could not check call to operator :: - [\I extends Object\](I, I)->LeftRange[\I\] is not applicable to an argument of type ((IntLiteral, IntLiteral), (ZZ32, ZZ32 [...]
typecheck	-	-	component FortressLibrary	typecheck	FortressLibrary.fss:3700	Could not check call to operator :: - [\I extends AnyIntegral, J extends AnyIntegral, K extends AnyIntegral\](I, J, K)->OpenRange[\(I, J, K)\] is not applicable [...]
typecheck	-	-	component FortressLibrary	typecheck	FortressLibrary.fss:3701	Could not check call to operator :: - [\I extends AnyIntegral, J extends AnyIntegral, K extends AnyIntegral\](I, J, K)->OpenRange[\(I, J, K)\] is not applicable [...]
typecheck	-	-	component FortressLibrary	typecheck	FortressLibrary.fss:217	Could not check call to operator < - ((NN64 & {UnsignedLong, NN32}), NN64)->Boolean is not applicable to an argument of type (T, StandardPartialOrder[\T\]). - ( [...]
typecheck	-	-	component FortressLibrary	typecheck	FortressLibrary.fss:222	Could not check call to operator < - ((NN64 & {UnsignedLong, NN32}), NN64)->Boolean is not applicable to an argument of type (T, StandardPartialOrder[\T\]). - ( [...]
typecheck	-	-	component FortressLibrary	typecheck	FortressLibrary.fss:274	Could not check call to operator < - ((NN64 & {UnsignedLong, NN32}), NN64)->Boolean is not applicable to an argument of type (T, StandardTotalOrder[\T\]). - ((N [...]
typecheck	-	-	component FortressLibrary	typecheck	FortressLibrary.fss:278	Could not check call to operator < - ((NN64 & {UnsignedLong, NN32}), NN64)->Boolean is not applicable to an argument of type (T, StandardTotalOrder[\T\]). - ((N [...]
typecheck	-	-	component FortressLibrary	typecheck	FortressLibrary.fss:279	Could not check call to operator < - ((NN64 & {UnsignedLong, NN32}), NN64)->Boolean is not applicable to an argument of type (T, StandardTotalOrder[\T\]). - ((N [...]
typecheck	-	-	component FortressLibrary	typecheck	FortressLibrary.fss:280	Could not check call to operator < - ((NN64 & {UnsignedLong, NN32}), NN64)->Boolean is not applicable to an argument of type (T, StandardTotalOrder[\T\]). - ((N [...]
typecheck	-	-	component FortressLibrary	typecheck	FortressLibrary.fss:282	Could not check call to operator < - ((NN64 & {UnsignedLong, NN32}), NN64)->Boolean is not applicable to an argument of type (T, StandardTotalOrder[\T\]). - ((N [...]
typecheck	-	-	component RangeInternals	typecheck	RangeInternals.fss:690	Could not check call to operator < - ((NN64 & {UnsignedLong, NN32}), NN64)->Boolean is not applicable to an argument of type (I, IntLiteral). - ((Number & {RR64 [...]
typecheck	-	-	component RangeInternals	typecheck	RangeInternals.fss:700	Could not check call to operator < - ((NN64 & {UnsignedLong, NN32}), NN64)->Boolean is not applicable to an argument of type (I, IntLiteral). - ((Number & {RR64 [...]
typecheck	-	-	component RangeInternals	typecheck	RangeInternals.fss:702	Could not check call to operator < - ((NN64 & {UnsignedLong, NN32}), NN64)->Boolean is not applicable to an argument of type (I, IntLiteral). - ((Number & {RR64 [...]
typecheck	-	-	component RangeInternals	typecheck	RangeInternals.fss:713	Could not check call to operator <= - ((Number & {RR64}), Number)->Boolean is not applicable to an argument of type (I, I). - ((QQ & {AnyIntegral}), QQ)->Boolea [...]
typecheck	-	-	component FortressLibrary	typecheck	FortressLibrary.fss:4399	Could not check call to operator <|_|> - [\E extends Object\](E...)->List.List[\E\] is not applicable to an argument of type ().
typecheck	-	-	component FortressLibrary	typecheck	FortressLibrary.fss:4423	Could not check call to operator <|_|> - [\E extends Object\](E...)->List.List[\E\] is not applicable to an argument of type ().
typecheck	-	-	component String	typecheck	String.fss:156	Could not check call to operator <|_|> - [\(ZZ32, String)\]((ZZ32, String)...)->List.List[\(ZZ32, String)\] is not applicable to an argument of type ((IntLitera [...]
typecheck	-	-	component RangeInternals	typecheck	RangeInternals.fss:713	Could not check call to operator > - ((Number & {RR64}), Number)->Boolean is not applicable to an argument of type (I, IntLiteral). - ((QQ & {AnyIntegral}), QQ) [...]
typecheck	-	-	component FortressLibrary	typecheck	FortressLibrary.fss:224	Could not check call to operator >= - ((Number & {RR64}), Number)->Boolean is not applicable to an argument of type (T, StandardPartialOrder[\T\]). - ((QQ & {Ra [...]
typecheck	-	-	component String	typecheck	String.fss:437	Could not check call to operator >> - (Range[\I\], I)->Range[\I\] is not applicable to an argument of type (CompactFullRange[\ZZ32\], ZZ32).
typecheck	-	-	component RangeInternals	typecheck	RangeInternals.fss:1176	Could not check call to operator ? - (Integral[\I\], I)->Boolean is not applicable to an argument of type (I, QQ).
typecheck	-	-	component RangeInternals	typecheck	RangeInternals.fss:595	Could not check call to operator ? - (Integral[\I\], I)->Boolean is not applicable to an argument of type (I, QQ).
typecheck	-	-	component RangeInternals	typecheck	RangeInternals.fss:91	Could not check call to operator ? - (Integral[\I\], I)->Boolean is not applicable to an argument of type (I, I).
typecheck	-	-	component RangeInternals	typecheck	RangeInternals.fss:93	Could not check call to operator ? - (Integral[\I\], I)->Boolean is not applicable to an argument of type (I, I).
typecheck	-	-	component FortressLibrary	typecheck	FortressLibrary.fss:298	Could not check call to operator BIG || - ()->Comprehension[\Any,String,String,String\] is not applicable to an argument of type Any. - [\T extends Object\]Gene [...]
typecheck	-	-	component FortressLibrary	typecheck	FortressLibrary.fss:308	Could not check call to operator BIG || - ()->Comprehension[\Any,String,String,String\] is not applicable to an argument of type Any. - [\T extends Object\]Gene [...]
typecheck	-	-	component RangeInternals	typecheck	RangeInternals.fss:1030	Could not check call to operator BITXOR - ((NN64 & {UnsignedLong, NN32}), NN64)->NN64 is not applicable to an argument of type (I, I). - ((ZZ32 & {Int, IntLiter [...]
typecheck	-	-	component RangeInternals	typecheck	RangeInternals.fss:1045	Could not check call to operator BITXOR - ((NN64 & {UnsignedLong, NN32}), NN64)->NN64 is not applicable to an argument of type (I, I). - ((ZZ32 & {Int, IntLiter [...]
typecheck	-	-	component RangeInternals	typecheck	RangeInternals.fss:1200	Could not check call to operator BITXOR - ((NN64 & {UnsignedLong, NN32}), NN64)->NN64 is not applicable to an argument of type (I, I). - ((ZZ32 & {Int, IntLiter [...]
typecheck	-	-	component RangeInternals	typecheck	RangeInternals.fss:1220	Could not check call to operator BITXOR - ((NN64 & {UnsignedLong, NN32}), NN64)->NN64 is not applicable to an argument of type (I, I). - ((ZZ32 & {Int, IntLiter [...]
typecheck	-	-	component RangeInternals	typecheck	RangeInternals.fss:1241	Could not check call to operator BITXOR - ((NN64 & {UnsignedLong, NN32}), NN64)->NN64 is not applicable to an argument of type (I, I). - ((ZZ32 & {Int, IntLiter [...]
typecheck	-	-	component RangeInternals	typecheck	RangeInternals.fss:1265	Could not check call to operator BITXOR - ((NN64 & {UnsignedLong, NN32}), NN64)->NN64 is not applicable to an argument of type (I, I). - ((ZZ32 & {Int, IntLiter [...]
typecheck	-	-	component FlatString	typecheck	FlatString.fss:61	Could not check call to operator CAP - (BoundedRange[\I\], Range[\I\])->BoundedRange[\I\] is not applicable to an argument of type (Range[\ZZ32\], CompactFullRa [...]
typecheck	-	-	component String	typecheck	String.fss:435	Could not check call to operator CAP - (BoundedRange[\I\], Range[\I\])->BoundedRange[\I\] is not applicable to an argument of type (CompactFullRange[\ZZ32\], Ra [...]
typecheck	-	-	component String	typecheck	String.fss:113	Could not check call to operator CASE_INSENSITIVE_CMP - (String, String)->TotalComparison is not applicable to an argument of type (()->Maybe[\Char\], String).  [...]
typecheck	-	-	component FortressLibrary	typecheck	FortressLibrary.fss:1746	Could not check call to operator CMP - ((Number & {RR64}), Number)->Comparison is not applicable to an argument of type (E, E). - ((TotalComparison & {LessThan, [...]
typecheck	-	-	component FortressLibrary	typecheck	FortressLibrary.fss:4265	Could not check call to operator CMP - ((Number & {RR64}), Number)->Comparison is not applicable to an argument of type (A, A). - ((TotalComparison & {LessThan, [...]
typecheck	-	-	component FortressLibrary	typecheck	FortressLibrary.fss:4275	Could not check call to operator CMP - ((Number & {RR64}), Number)->Comparison is not applicable to an argument of type (A, A). - ((TotalComparison & {LessThan, [...]
typecheck	-	-	component FortressLibrary	typecheck	FortressLibrary.fss:4285	Could not check call to operator CMP - ((Number & {RR64}), Number)->Comparison is not applicable to an argument of type (A, A). - ((TotalComparison & {LessThan, [...]
typecheck	-	-	component FortressLibrary	typecheck	FortressLibrary.fss:4295	Could not check call to operator CMP - ((Number & {RR64}), Number)->Comparison is not applicable to an argument of type (A, A). - ((TotalComparison & {LessThan, [...]
typecheck	-	-	component FortressLibrary	typecheck	FortressLibrary.fss:4305	Could not check call to operator CMP - ((Number & {RR64}), Number)->Comparison is not applicable to an argument of type (A, A). - ((TotalComparison & {LessThan, [...]
typecheck	-	-	component FortressLibrary	typecheck	FortressLibrary.fss:4305	Could not check call to operator CMP - ((Number & {RR64}), Number)->Comparison is not applicable to an argument of type (B, B). - ((TotalComparison & {LessThan, [...]
typecheck	-	-	component FortressLibrary	typecheck	FortressLibrary.fss:4317	Could not check call to operator CMP - ((Number & {RR64}), Number)->Comparison is not applicable to an argument of type (A, A). - ((TotalComparison & {LessThan, [...]
typecheck	-	-	component FortressLibrary	typecheck	FortressLibrary.fss:4317	Could not check call to operator CMP - ((Number & {RR64}), Number)->Comparison is not applicable to an argument of type (B, B). - ((TotalComparison & {LessThan, [...]
typecheck	-	-	component FortressLibrary	typecheck	FortressLibrary.fss:4327	Could not check call to operator CMP - ((Number & {RR64}), Number)->Comparison is not applicable to an argument of type (A, A). - ((TotalComparison & {LessThan, [...]
typecheck	-	-	component FortressLibrary	typecheck	FortressLibrary.fss:4327	Could not check call to operator CMP - ((Number & {RR64}), Number)->Comparison is not applicable to an argument of type (B, B). - ((TotalComparison & {LessThan, [...]
typecheck	-	-	component FortressLibrary	typecheck	FortressLibrary.fss:4337	Could not check call to operator CMP - ((Number & {RR64}), Number)->Comparison is not applicable to an argument of type (A, A). - ((TotalComparison & {LessThan, [...]
typecheck	-	-	component FortressLibrary	typecheck	FortressLibrary.fss:4337	Could not check call to operator CMP - ((Number & {RR64}), Number)->Comparison is not applicable to an argument of type (B, B). - ((TotalComparison & {LessThan, [...]
typecheck	-	-	component FortressLibrary	typecheck	FortressLibrary.fss:4347	Could not check call to operator CMP - ((Number & {RR64}), Number)->Comparison is not applicable to an argument of type (A, A). - ((TotalComparison & {LessThan, [...]
typecheck	-	-	component FortressLibrary	typecheck	FortressLibrary.fss:4347	Could not check call to operator CMP - ((Number & {RR64}), Number)->Comparison is not applicable to an argument of type (B, B). - ((TotalComparison & {LessThan, [...]
typecheck	-	-	component FortressLibrary	typecheck	FortressLibrary.fss:4357	Could not check call to operator CMP - ((Number & {RR64}), Number)->Comparison is not applicable to an argument of type (A, A). - ((TotalComparison & {LessThan, [...]
typecheck	-	-	component FortressLibrary	typecheck	FortressLibrary.fss:4357	Could not check call to operator CMP - ((Number & {RR64}), Number)->Comparison is not applicable to an argument of type (B, B). - ((TotalComparison & {LessThan, [...]
typecheck	-	-	component FortressLibrary	typecheck	FortressLibrary.fss:4357	Could not check call to operator CMP - ((Number & {RR64}), Number)->Comparison is not applicable to an argument of type (C, C). - ((TotalComparison & {LessThan, [...]
typecheck	-	-	component String	typecheck	String.fss:97	Could not check call to operator CMP - ((Number & {RR64}), Number)->Comparison is not applicable to an argument of type (()->Maybe[\Char\], String). - ((TotalCo [...]
typecheck	-	-	component FortressLibrary	typecheck	FortressLibrary.fss:588	Could not check call to operator DIV - ((NN64 & {UnsignedLong, NN32}), NN64)->NN64 is not applicable to an argument of type (QQ, ZZ). - ((ZZ & {BigNum, ZZ64, NN [...]
typecheck	-	-	component RangeInternals	typecheck	RangeInternals.fss:1158	Could not check call to operator DIV - ((NN64 & {UnsignedLong, NN32}), NN64)->NN64 is not applicable to an argument of type (QQ, I). - ((ZZ32 & {Int, IntLiteral [...]
typecheck	-	-	component RangeInternals	typecheck	RangeInternals.fss:1168	Could not check call to operator DIV - ((NN64 & {UnsignedLong, NN32}), NN64)->NN64 is not applicable to an argument of type (QQ, I). - ((ZZ32 & {Int, IntLiteral [...]
typecheck	-	-	component RangeInternals	typecheck	RangeInternals.fss:1178	Could not check call to operator DIV - ((NN64 & {UnsignedLong, NN32}), NN64)->NN64 is not applicable to an argument of type (QQ, I). - ((ZZ32 & {Int, IntLiteral [...]
typecheck	-	-	component RangeInternals	typecheck	RangeInternals.fss:1337	Could not check call to operator DIV - ((NN64 & {UnsignedLong, NN32}), NN64)->NN64 is not applicable to an argument of type (QQ, I). - ((ZZ32 & {Int, IntLiteral [...]
typecheck	-	-	component RangeInternals	typecheck	RangeInternals.fss:1337	Could not check call to operator DIV - ((NN64 & {UnsignedLong, NN32}), NN64)->NN64 is not applicable to an argument of type (QQ, J). - ((ZZ32 & {Int, IntLiteral [...]
typecheck	-	-	component RangeInternals	typecheck	RangeInternals.fss:1373	Could not check call to operator DIV - ((NN64 & {UnsignedLong, NN32}), NN64)->NN64 is not applicable to an argument of type (QQ, I). - ((ZZ32 & {Int, IntLiteral [...]
typecheck	-	-	component RangeInternals	typecheck	RangeInternals.fss:1373	Could not check call to operator DIV - ((NN64 & {UnsignedLong, NN32}), NN64)->NN64 is not applicable to an argument of type (QQ, J). - ((ZZ32 & {Int, IntLiteral [...]
typecheck	-	-	component RangeInternals	typecheck	RangeInternals.fss:1373	Could not check call to operator DIV - ((NN64 & {UnsignedLong, NN32}), NN64)->NN64 is not applicable to an argument of type (QQ, K). - ((ZZ32 & {Int, IntLiteral [...]
typecheck	-	-	component RangeInternals	typecheck	RangeInternals.fss:31	Could not check call to operator DIV - ((NN64 & {UnsignedLong, NN32}), NN64)->NN64 is not applicable to an argument of type (I, I). - ((ZZ32 & {Int, IntLiteral} [...]
typecheck	-	-	component RangeInternals	typecheck	RangeInternals.fss:596	Could not check call to operator DIV - ((NN64 & {UnsignedLong, NN32}), NN64)->NN64 is not applicable to an argument of type (QQ, I). - ((ZZ32 & {Int, IntLiteral [...]
typecheck	-	-	component RangeInternals	typecheck	RangeInternals.fss:837	Could not check call to operator DIV - ((NN64 & {UnsignedLong, NN32}), NN64)->NN64 is not applicable to an argument of type (QQ, QQ). - ((ZZ32 & {Int, IntLitera [...]
typecheck	-	-	component RangeInternals	typecheck	RangeInternals.fss:893	Could not check call to operator DIV - ((NN64 & {UnsignedLong, NN32}), NN64)->NN64 is not applicable to an argument of type (QQ, I). - ((ZZ32 & {Int, IntLiteral [...]
typecheck	-	-	component RangeInternals	typecheck	RangeInternals.fss:327	Could not check call to operator GCD - ((NN64 & {UnsignedLong, NN32}), NN64)->NN64 is not applicable to an argument of type (I, I). - ((ZZ32 & {Int, IntLiteral} [...]
typecheck	-	-	component RangeInternals	typecheck	RangeInternals.fss:526	Could not check call to operator GCD - ((NN64 & {UnsignedLong, NN32}), NN64)->NN64 is not applicable to an argument of type (I, I). - ((ZZ32 & {Int, IntLiteral} [...]
typecheck	-	-	component FlatString	typecheck	FlatString.fss:115	Could not check call to operator IN - (Char, FlatString.FlatString)->Boolean is not applicable to an argument of type (ZZ32, Indexed[\ZZ32,ZZ32\]). - (E, Condit [...]
typecheck	-	-	component String	typecheck	String.fss:89	Could not check call to operator IN - (Char, String.CatString)->Boolean is not applicable to an argument of type (Char, ()->Maybe[\Char\]). - (Char, String.Empt [...]
typecheck	-	-	component RangeInternals	typecheck	RangeInternals.fss:539	Could not check call to operator LCM - ((NN64 & {UnsignedLong, NN32}), NN64)->NN64 is not applicable to an argument of type (I, I). - ((ZZ32 & {Int, IntLiteral} [...]
typecheck	-	-	component RangeInternals	typecheck	RangeInternals.fss:873	Could not check call to operator LCM - ((NN64 & {UnsignedLong, NN32}), NN64)->NN64 is not applicable to an argument of type (I, I). - ((ZZ32 & {Int, IntLiteral} [...]
typecheck	-	-	component FortressLibrary	typecheck	FortressLibrary.fss:632	Could not check call to operator MOD - ((NN64 & {UnsignedLong, NN32}), NN64)->NN64 is not applicable to an argument of type (I, Integral[\I\]). - ((ZZ & {BigNum [...]
typecheck	-	-	component FortressLibrary	typecheck	FortressLibrary.fss:3804	Could not check call to operator PCMP - [\I extends Integral[\I\], J extends Integral[\J\], K extends Integral[\K\]\]((I, J, K), (I, J, K))->Comparison is not a [...]
typecheck	-	-	component FortressLibrary	typecheck	FortressLibrary.fss:3805	Could not check call to operator PCMP - [\I extends Integral[\I\], J extends Integral[\J\], K extends Integral[\K\]\]((I, J, K), (I, J, K))->Comparison is not a [...]
typecheck	-	-	component FortressLibrary	typecheck	FortressLibrary.fss:3666	Could not check call to operator SCMP - [\I extends Integral[\I\], J extends Integral[\J\], K extends Integral[\K\]\]((I, J, K), (I, J, K))->Comparison is not a [...]
typecheck	-	-	component RangeInternals	typecheck	RangeInternals.fss:107	Could not check call to operator SYMMETRIC_PARTIAL - ((Comparison & {Unordered, TotalComparison}), Comparison)->Comparison is not applicable to an argument of t [...]
typecheck	-	-	component RangeInternals	typecheck	RangeInternals.fss:122	Could not check call to operator SYMMETRIC_PARTIAL - ((Comparison & {Unordered, TotalComparison}), Comparison)->Comparison is not applicable to an argument of t [...]
typecheck	-	-	component FortressBuiltin	typecheck	FortressBuiltin.fss:327	Could not check call to operator ^ - ((NN64 & {UnsignedLong, NN32}), AnyIntegral)->RR64 is not applicable to an argument of type (RR32, AND(IntLiteral->Float,Un [...]
typecheck	-	-	component FortressLibrary	typecheck	FortressLibrary.fss:4014	Could not check call to operator ^ - ((NN64 & {UnsignedLong, NN32}), AnyIntegral)->RR64 is not applicable to an argument of type (String, ZZ). - ((Number & {RR6 [...]
typecheck	-	-	component FortressLibrary	typecheck	FortressLibrary.fss:3428	Could not check call to operator juxtaposition - ((NN64 & {UnsignedLong, NN32}), NN64)->NN64 is not applicable to an argument of type (Indexed[\E,I\], ()). - (( [...]
typecheck	-	-	component RangeInternals	typecheck	RangeInternals.fss:708	Could not check call to operator juxtaposition - ((NN64 & {UnsignedLong, NN32}), NN64)->NN64 is not applicable to an argument of type (I, I). - ((Number & {RR64 [...]
typecheck	-	-	component FortressLibrary	typecheck	FortressLibrary.fss:1723	Could not check call to operator |_| - (NN64 & {UnsignedLong, NN32})->NN64 is not applicable to an argument of type ZeroIndexed[\E\]. - (Number & {RR64})->Numbe [...]
typecheck	-	-	component FortressLibrary	typecheck	FortressLibrary.fss:1734	Could not check call to operator |_| - (NN64 & {UnsignedLong, NN32})->NN64 is not applicable to an argument of type ZeroIndexed[\E\]. - (Number & {RR64})->Numbe [...]
typecheck	-	-	component FortressLibrary	typecheck	FortressLibrary.fss:1734	Could not check call to operator |_| - (NN64 & {UnsignedLong, NN32})->NN64 is not applicable to an argument of type ZeroIndexed[\F\]. - (Number & {RR64})->Numbe [...]
typecheck	-	-	component FortressLibrary	typecheck	FortressLibrary.fss:1735	Could not check call to operator |_| - (NN64 & {UnsignedLong, NN32})->NN64 is not applicable to an argument of type ZeroIndexed[\E\]. - (Number & {RR64})->Numbe [...]
typecheck	-	-	component FortressLibrary	typecheck	FortressLibrary.fss:1735	Could not check call to operator |_| - (NN64 & {UnsignedLong, NN32})->NN64 is not applicable to an argument of type ZeroIndexed[\F\]. - (Number & {RR64})->Numbe [...]
typecheck	-	-	component FortressLibrary	typecheck	FortressLibrary.fss:1747	Could not check call to operator |_| - (NN64 & {UnsignedLong, NN32})->NN64 is not applicable to an argument of type LexicographicOrder[\T,E\]. - (Number & {RR64 [...]
typecheck	-	-	component FortressLibrary	typecheck	FortressLibrary.fss:1747	Could not check call to operator |_| - (NN64 & {UnsignedLong, NN32})->NN64 is not applicable to an argument of type T. - (Number & {RR64})->Number is not applic [...]
typecheck	-	-	component FortressLibrary	typecheck	FortressLibrary.fss:1751	Could not check call to operator |_| - (NN64 & {UnsignedLong, NN32})->NN64 is not applicable to an argument of type LexicographicOrder[\T,E\]. - (Number & {RR64 [...]
typecheck	-	-	component FortressLibrary	typecheck	FortressLibrary.fss:1751	Could not check call to operator |_| - (NN64 & {UnsignedLong, NN32})->NN64 is not applicable to an argument of type T. - (Number & {RR64})->Number is not applic [...]
typecheck	-	-	component FortressLibrary	typecheck	FortressLibrary.fss:1757	Could not check call to operator |_| - (NN64 & {UnsignedLong, NN32})->NN64 is not applicable to an argument of type CompactFullRange[\ZZ32\]. - (Number & {RR64} [...]
typecheck	-	-	component FortressLibrary	typecheck	FortressLibrary.fss:1775	Could not check call to operator |_| - (NN64 & {UnsignedLong, NN32})->NN64 is not applicable to an argument of type Generator[\I\]. - (Number & {RR64})->Number  [...]
typecheck	-	-	component FortressLibrary	typecheck	FortressLibrary.fss:2065	Could not check call to operator |_| - (NN64 & {UnsignedLong, NN32})->NN64 is not applicable to an argument of type FullRange[\ZZ32\]. - (Number & {RR64})->Numb [...]
typecheck	-	-	component FortressLibrary	typecheck	FortressLibrary.fss:2115	Could not check call to operator |_| - (NN64 & {UnsignedLong, NN32})->NN64 is not applicable to an argument of type FullRange[\ZZ32\]. - (Number & {RR64})->Numb [...]
typecheck	-	-	component FortressLibrary	typecheck	FortressLibrary.fss:3526	Could not check call to operator |_| - (NN64 & {UnsignedLong, NN32})->NN64 is not applicable to an argument of type Generator[\E\]. - (Number & {RR64})->Number  [...]
typecheck	-	-	component FortressLibrary	typecheck	FortressLibrary.fss:3526	Could not check call to operator |_| - (NN64 & {UnsignedLong, NN32})->NN64 is not applicable to an argument of type Generator[\F\]. - (Number & {RR64})->Number  [...]
typecheck	-	-	component FortressLibrary	typecheck	FortressLibrary.fss:3604	Could not check call to operator |_| - (NN64 & {UnsignedLong, NN32})->NN64 is not applicable to an argument of type Generator[\E\]. - (Number & {RR64})->Number  [...]
typecheck	-	-	component FortressLibrary	typecheck	FortressLibrary.fss:3606	Could not check call to operator |_| - (NN64 & {UnsignedLong, NN32})->NN64 is not applicable to an argument of type Generator[\E\]. - (Number & {RR64})->Number  [...]
typecheck	-	-	component FortressLibrary	typecheck	FortressLibrary.fss:4384	Could not check call to operator |_| - (NN64 & {UnsignedLong, NN32})->NN64 is not applicable to an argument of type Generator[\((ActualReduction[\R,L1\], Actual [...]
typecheck	-	-	component FortressLibrary	typecheck	FortressLibrary.fss:4409	Could not check call to operator |_| - (NN64 & {UnsignedLong, NN32})->NN64 is not applicable to an argument of type Generator[\((ActualReduction[\R,L1\], Actual [...]
typecheck	-	-	component FortressLibrary	typecheck	FortressLibrary.fss:4494	Could not check call to operator |_| - (NN64 & {UnsignedLong, NN32})->NN64 is not applicable to an argument of type Array[\ZZ32,ZZ32\]. - (Number & {RR64})->Num [...]
typecheck	-	-	component FortressLibrary	typecheck	FortressLibrary.fss:4501	Could not check call to operator |_| - (NN64 & {UnsignedLong, NN32})->NN64 is not applicable to an argument of type Array[\ZZ32,ZZ32\]. - (Number & {RR64})->Num [...]
typecheck	-	-	component List	typecheck	List.fss:103	Could not check call to operator |_| - (NN64 & {UnsignedLong, NN32})->NN64 is not applicable to an argument of type List.List[\F\]. - (Number & {RR64})->RR64 is [...]
typecheck	-	-	component List	typecheck	List.fss:106	Could not check call to operator |_| - (NN64 & {UnsignedLong, NN32})->NN64 is not applicable to an argument of type List.List[\F\]. - (Number & {RR64})->RR64 is [...]
typecheck	-	-	component List	typecheck	List.fss:146	Could not check call to operator |_| - (NN64 & {UnsignedLong, NN32})->NN64 is not applicable to an argument of type List.List[\E\]. - (Number & {RR64})->RR64 is [...]
typecheck	-	-	component List	typecheck	List.fss:192	Could not check call to operator |_| - (NN64 & {UnsignedLong, NN32})->NN64 is not applicable to an argument of type Indexed[\E,ZZ32\]. - (Number & {RR64})->RR64 [...]
typecheck	-	-	component List	typecheck	List.fss:212	Could not check call to operator |_| - (NN64 & {UnsignedLong, NN32})->NN64 is not applicable to an argument of type Indexed[\List.List[\E\],ZZ32\]. - (Number &  [...]
typecheck	-	-	component List	typecheck	List.fss:292	Could not check call to operator |_| - (NN64 & {UnsignedLong, NN32})->NN64 is not applicable to an argument of type ImmutableArray[\E,ZZ32\]. - (Number & {RR64} [...]
typecheck	-	-	component List	typecheck	List.fss:318	Could not check call to operator |_| - (NN64 & {UnsignedLong, NN32})->NN64 is not applicable to an argument of type ImmutableArray[\E,ZZ32\]. - (Number & {RR64} [...]
typecheck	-	-	component List	typecheck	List.fss:330	Could not check call to operator |_| - (NN64 & {UnsignedLong, NN32})->NN64 is not applicable to an argument of type ImmutableArray[\E,ZZ32\]. - (Number & {RR64} [...]
typecheck	-	-	component List	typecheck	List.fss:350	Could not check call to operator |_| - (NN64 & {UnsignedLong, NN32})->NN64 is not applicable to an argument of type ImmutableArray[\E,ZZ32\]. - (Number & {RR64} [...]
typecheck	-	-	component List	typecheck	List.fss:366	Could not check call to operator |_| - (NN64 & {UnsignedLong, NN32})->NN64 is not applicable to an argument of type List.List[\E\]. - (Number & {RR64})->RR64 is [...]
typecheck	-	-	component List	typecheck	List.fss:374	Could not check call to operator |_| - (NN64 & {UnsignedLong, NN32})->NN64 is not applicable to an argument of type List.List[\E\]. - (Number & {RR64})->RR64 is [...]
typecheck	-	-	component List	typecheck	List.fss:381	Could not check call to operator |_| - (NN64 & {UnsignedLong, NN32})->NN64 is not applicable to an argument of type List.List[\T\]. - (Number & {RR64})->RR64 is [...]
typecheck	-	-	component List	typecheck	List.fss:384	Could not check call to operator |_| - (NN64 & {UnsignedLong, NN32})->NN64 is not applicable to an argument of type List.List[\T\]. - (Number & {RR64})->RR64 is [...]
typecheck	-	-	component List	typecheck	List.fss:387	Could not check call to operator |_| - (NN64 & {UnsignedLong, NN32})->NN64 is not applicable to an argument of type List.List[\T\]. - (Number & {RR64})->RR64 is [...]
typecheck	-	-	component List	typecheck	List.fss:391	Could not check call to operator |_| - (NN64 & {UnsignedLong, NN32})->NN64 is not applicable to an argument of type List.List[\T\]. - (Number & {RR64})->RR64 is [...]
typecheck	-	-	component List	typecheck	List.fss:397	Could not check call to operator |_| - (NN64 & {UnsignedLong, NN32})->NN64 is not applicable to an argument of type List.List[\T\]. - (Number & {RR64})->RR64 is [...]
typecheck	-	-	component List	typecheck	List.fss:400	Could not check call to operator |_| - (NN64 & {UnsignedLong, NN32})->NN64 is not applicable to an argument of type List.List[\T\]. - (Number & {RR64})->RR64 is [...]
typecheck	-	-	component List	typecheck	List.fss:480	Could not check call to operator |_| - (NN64 & {UnsignedLong, NN32})->NN64 is not applicable to an argument of type ImmutableArray[\E,ZZ32\]. - (Number & {RR64} [...]
typecheck	-	-	component List	typecheck	List.fss:99	Could not check call to operator |_| - (NN64 & {UnsignedLong, NN32})->NN64 is not applicable to an argument of type List.List[\E\]. - (Number & {RR64})->RR64 is [...]
typecheck	-	-	component List	typecheck	List.fss:99	Could not check call to operator |_| - (NN64 & {UnsignedLong, NN32})->NN64 is not applicable to an argument of type List.List[\F\]. - (Number & {RR64})->RR64 is [...]
typecheck	-	-	component RangeInternals	typecheck	RangeInternals.fss:710	Could not check call to operator |_| - (NN64 & {UnsignedLong, NN32})->NN64 is not applicable to an argument of type I. - (Number & {RR64})->RR64 is not applicab [...]
typecheck	-	-	component String	typecheck	String.fss:111	Could not check call to operator |_| - (NN64 & {UnsignedLong, NN32})->NN64 is not applicable to an argument of type ()->Maybe[\Char\]. - (Number & {RR64})->RR64 [...]
typecheck	-	-	component String	typecheck	String.fss:115	Could not check call to operator |_| - (NN64 & {UnsignedLong, NN32})->NN64 is not applicable to an argument of type ()->Maybe[\Char\]. - (Number & {RR64})->RR64 [...]
typecheck	-	-	component String	typecheck	String.fss:125	Could not check call to operator |_| - (NN64 & {UnsignedLong, NN32})->NN64 is not applicable to an argument of type ()->Maybe[\Char\]. - (Number & {RR64})->RR64 [...]
typecheck	-	-	component String	typecheck	String.fss:156	Could not check call to operator |_| - (NN64 & {UnsignedLong, NN32})->NN64 is not applicable to an argument of type ()->Maybe[\Char\]. - (Number & {RR64})->RR64 [...]
typecheck	-	-	component String	typecheck	String.fss:95	Could not check call to operator |_| - (NN64 & {UnsignedLong, NN32})->NN64 is not applicable to an argument of type ()->Maybe[\Char\]. - (Number & {RR64})->RR64 [...]
typecheck	-	-	component String	typecheck	String.fss:99	Could not check call to operator |_| - (NN64 & {UnsignedLong, NN32})->NN64 is not applicable to an argument of type ()->Maybe[\Char\]. - (Number & {RR64})->RR64 [...]
typecheck	-	-	component FortressLibrary	typecheck	FortressLibrary.fss:1164	Could not check method invocation AND(Generator2[\E\],Generator[\F\]).generate2 - [\I0, L0, L1\](ActualReduction[\I0,L0\], ActualReduction[\I0,L1\], E->I0)->I0  [...]
typecheck	-	-	component String	typecheck	String.fss:43	Could not check method invocation Array1[\ZZ32,0,47\]._[_] - OpenRange[\ZZ32\]->Array1[\ZZ32,0,47\] is not applicable to an argument of type QQ. - Range[\ZZ32\] [...]
typecheck	-	-	component String	typecheck	String.fss:226	Could not check method invocation Array1[\String,0,47\]._[_]:= - (Indexed[\String,ZZ32\], Range[\ZZ32\])->() is not applicable to an argument of type (String, Q [...]
typecheck	-	-	component FortressLibrary	typecheck	FortressLibrary.fss:2831	Could not check method invocation Array3[\T,0,s0,0,s1,0,s2\].fill - (ZZ32, ZZ32, ZZ32)->T->Array3[\T,0,s0,0,s1,0,s2\] is not applicable to an argument of type ( [...]
typecheck	-	-	component String	typecheck	String.fss:165	Could not check method invocation BalancingForest.add - FlatString.FlatString->() is not applicable to an argument of type String. - String.CatString->() is not [...]
typecheck	-	-	component String	typecheck	String.fss:166	Could not check method invocation BalancingForest.add - FlatString.FlatString->() is not applicable to an argument of type String. - String.CatString->() is not [...]
typecheck	-	-	component String	typecheck	String.fss:243	Could not check method invocation BalancingForest.add - FlatString.FlatString->() is not applicable to an argument of type String. - String.CatString->() is not [...]
typecheck	-	-	component String	typecheck	String.fss:244	Could not check method invocation BalancingForest.add - FlatString.FlatString->() is not applicable to an argument of type String. - String.CatString->() is not [...]
typecheck	-	-	component FortressLibrary	typecheck	FortressLibrary.fss:3399	Could not check method invocation Generator[\E\].generate - [\R\](Reduction[\R\], E->R)->R is not applicable to an argument of type (Reduction[\R\], BottomType- [...]
typecheck	-	-	component FortressLibrary	typecheck	FortressLibrary.fss:1077	Could not check method invocation Generator[\E\].loop - E->()->() is not applicable to an argument of type E->R.
typecheck	-	-	component List	typecheck	List.fss:262	Could not check method invocation ImmutableArray[\E,ZZ32\].get - ZZ32->E is not applicable to an argument of type ZZ64.
typecheck	-	-	component List	typecheck	List.fss:274	Could not check method invocation ImmutableArray[\E,ZZ32\].get - ZZ32->E is not applicable to an argument of type ZZ64.
typecheck	-	-	component List	typecheck	List.fss:345	Could not check method invocation ImmutableArray[\E,ZZ32\].init0 - (ZZ32, E)->() is not applicable to an argument of type (ZZ64, E).
typecheck	-	-	component FortressLibrary	typecheck	FortressLibrary.fss:2519	Could not check method invocation Matrix[\T,s0,s2\].put - ((ZZ32, ZZ32), T)->() is not applicable to an argument of type ((ZZ32, ZZ32), RR64). - ((ZZ32, ZZ32),  [...]
typecheck	-	-	component FortressLibrary	typecheck	FortressLibrary.fss:2535	Could not check method invocation Matrix[\T,s0,s2\].put - ((ZZ32, ZZ32), T)->() is not applicable to an argument of type ((ZZ32, ZZ32), RR64). - ((ZZ32, ZZ32),  [...]
typecheck	-	-	component RangeInternals	typecheck	RangeInternals.fss:131	Could not check method invocation Maybe[\I\].loop - I->()->(): RangeInternals.fss:131:25-43: Could not check method invocation Maybe[\I\].loop - I->()->(): Rang [...]
typecheck	-	-	component RangeInternals	typecheck	RangeInternals.fss:135	Could not check method invocation Maybe[\I\].loop - I->()->(): RangeInternals.fss:135:26-45: Could not check method invocation Maybe[\I\].loop - I->()->(): Rang [...]
typecheck	-	-	component RangeInternals	typecheck	RangeInternals.fss:157	Could not check method invocation Maybe[\I\].loop - I->()->(): RangeInternals.fss:157:29-45: Could not check method invocation Maybe[\I\].loop - I->()->(): Rang [...]
typecheck	-	-	component FortressLibrary	typecheck	FortressLibrary.fss:2426	Could not check method invocation NativeArray.PrimitiveArray[\T,s0 s1\].get - ZZ32->T is not applicable to an argument of type QQ.
typecheck	-	-	component FortressLibrary	typecheck	FortressLibrary.fss:2574	Could not check method invocation NativeArray.PrimitiveArray[\T,s0 s1\].get - ZZ32->T is not applicable to an argument of type QQ.
typecheck	-	-	component FortressLibrary	typecheck	FortressLibrary.fss:2424	Could not check method invocation NativeArray.PrimitiveArray[\T,s0 s1\].init0 - (ZZ32, T)->() is not applicable to an argument of type (QQ, T).
typecheck	-	-	component FortressLibrary	typecheck	FortressLibrary.fss:2572	Could not check method invocation NativeArray.PrimitiveArray[\T,s0 s1\].init0 - (ZZ32, T)->() is not applicable to an argument of type (QQ, T).
typecheck	-	-	component FortressLibrary	typecheck	FortressLibrary.fss:2425	Could not check method invocation NativeArray.PrimitiveArray[\T,s0 s1\].put - (ZZ32, T)->() is not applicable to an argument of type (QQ, T).
typecheck	-	-	component FortressLibrary	typecheck	FortressLibrary.fss:2573	Could not check method invocation NativeArray.PrimitiveArray[\T,s0 s1\].put - (ZZ32, T)->() is not applicable to an argument of type (QQ, T).
typecheck	-	-	component RangeInternals	typecheck	RangeInternals.fss:220	Could not check method invocation RangeInternals.ActualRange2D[\I,J,T,Scalar1,Scalar2\].recombine - (Scalar1, Scalar2)->T is not applicable to an argument of ty [...]
typecheck	-	-	component RangeInternals	typecheck	RangeInternals.fss:222	Could not check method invocation RangeInternals.ActualRange2D[\I,J,T,Scalar1,Scalar2\].recombine - (Scalar1, Scalar2)->T is not applicable to an argument of ty [...]
typecheck	-	-	component RangeInternals	typecheck	RangeInternals.fss:291	Could not check method invocation RangeInternals.ActualRange3D[\I,J,K,T,Scalar1,Scalar2,Scalar3\].recombine - (Scalar1, Scalar2, Scalar3)->T is not applicable t [...]
typecheck	-	-	component RangeInternals	typecheck	RangeInternals.fss:295	Could not check method invocation RangeInternals.ActualRange3D[\I,J,K,T,Scalar1,Scalar2,Scalar3\].recombine - (Scalar1, Scalar2, Scalar3)->T is not applicable t [...]
typecheck	-	-	component RangeInternals	typecheck	RangeInternals.fss:999	Could not check method invocation RangeInternals.CompactFullScalarRange[\I\].map - [\I\]I->I->Generator[\I\] is not applicable to an argument of type I->(I, I). [...]
typecheck	-	-	component RangeInternals	typecheck	RangeInternals.fss:827	Could not check method invocation RangeInternals.FullScalarRange[\I\].every - I->BoundedRange[\I\] is not applicable to an argument of type QQ. - I->RangeIntern [...]
typecheck	-	-	component RangeInternals	typecheck	RangeInternals.fss:628	Could not check method invocation RangeInternals.LeftRange2D[\I,J\].recombine - (RangeInternals.LeftScalarRange[\I\], RangeInternals.LeftScalarRange[\J\])->Rang [...]
typecheck	-	-	component RangeInternals	typecheck	RangeInternals.fss:658	Could not check method invocation RangeInternals.LeftRange3D[\I,J,K\].recombine - (RangeInternals.LeftScalarRange[\I\], RangeInternals.LeftScalarRange[\J\], Ran [...]
typecheck	-	-	component RangeInternals	typecheck	RangeInternals.fss:748	Could not check method invocation RangeInternals.RightRange2D[\I,J\].recombine - (RangeInternals.RightScalarRange[\I\], RangeInternals.RightScalarRange[\J\])->R [...]
typecheck	-	-	component RangeInternals	typecheck	RangeInternals.fss:778	Could not check method invocation RangeInternals.RightRange3D[\I,J,K\].recombine - (RangeInternals.RightScalarRange[\I\], RangeInternals.RightScalarRange[\J\],  [...]
typecheck	-	-	component RangeInternals	typecheck	RangeInternals.fss:585	Could not check method invocation RangeInternals.RightScalarRange[\I\].every - I->BoundedRange[\I\] is not applicable to an argument of type QQ. - I->RangeInter [...]
typecheck	-	-	component RangeInternals	typecheck	RangeInternals.fss:1350	Could not check method invocation RangeInternals.StridedFullRange2D[\I,J\].recombine - (RangeInternals.FullScalarRange[\I\], RangeInternals.FullScalarRange[\J\] [...]
typecheck	-	-	component RangeInternals	typecheck	RangeInternals.fss:1389	Could not check method invocation RangeInternals.StridedFullRange3D[\I,J,K\].recombine - (RangeInternals.FullScalarRange[\I\], RangeInternals.FullScalarRange[\J [...]
typecheck	-	-	component RangeInternals	typecheck	RangeInternals.fss:1168	Could not check method invocation RangeInternals.StridedFullScalarRange[\I\].map - [\I\]I->I->Generator[\I\] is not applicable to an argument of type I->(I, I). [...]
typecheck	-	-	component String	typecheck	String.fss:513	Could not check method invocation String.StringStats.collectStatsFor - FlatString.FlatString->() is not applicable to an argument of type String. - String.CatSt [...]
typecheck	-	-	component String	typecheck	String.fss:514	Could not check method invocation String.StringStats.collectStatsFor - FlatString.FlatString->() is not applicable to an argument of type String. - String.CatSt [...]
typecheck	-	-	component String	typecheck	String.fss:528	Could not check method invocation String.StringStats.collectStatsFor - FlatString.FlatString->() is not applicable to an argument of type String. - String.CatSt [...]
typecheck	-	-	component FortressLibrary	typecheck	FortressLibrary.fss:4008	Could not check method invocation String._[_] - Range[\ZZ32\]->Indexed[\Char,ZZ32\] is not applicable to an argument of type LeftRange[\IntLiteral\]. - Range[\Z [...]
typecheck	-	-	component FortressLibrary	typecheck	FortressLibrary.fss:4003	Could not check method invocation String.uncheckedSubstring - Range[\ZZ32\]->String is not applicable to an argument of type Indexed[\ZZ32,ZZ32\].
typecheck	-	-	component RangeInternals	typecheck	RangeInternals.fss:91	Filter expressions in generator clauses must have type Boolean, but OpExpr at RangeInternals.fss:91.10 was not well typed.
typecheck	-	-	component RangeInternals	typecheck	RangeInternals.fss:93	Filter expressions in generator clauses must have type Boolean, but OpExpr at RangeInternals.fss:93.10 was not well typed.
typecheck	-	-	component FortressLibrary	typecheck	FortressLibrary.fss:4384	Filter expressions in generator clauses must have type Boolean, but OpExpr at FortressLibrary.fss:4384.11 was not well typed.
typecheck	-	-	component FortressLibrary	typecheck	FortressLibrary.fss:4409	Filter expressions in generator clauses must have type Boolean, but OpExpr at FortressLibrary.fss:4409.11 was not well typed.
typecheck	-	-	component FortressLibrary	typecheck	FortressLibrary.fss:1734	Filter expressions in generator clauses must have type Boolean, but OpExpr at FortressLibrary.fss:1734.12 was not well typed.
typecheck	-	-	component FortressLibrary	typecheck	FortressLibrary.fss:282	Filter expressions in generator clauses must have type Boolean, but OpExpr at FortressLibrary.fss:282.12 was not well typed.
typecheck	-	-	component List	typecheck	List.fss:366	Filter expressions in generator clauses must have type Boolean, but OpExpr at List.fss:366.12 was not well typed.
typecheck	-	-	component List	typecheck	List.fss:384	Filter expressions in generator clauses must have type Boolean, but OpExpr at List.fss:384.12 was not well typed.
typecheck	-	-	component List	typecheck	List.fss:397	Filter expressions in generator clauses must have type Boolean, but OpExpr at List.fss:397.12 was not well typed.
typecheck	-	-	component RangeInternals	typecheck	RangeInternals.fss:700	Filter expressions in generator clauses must have type Boolean, but OpExpr at RangeInternals.fss:700.12 was not well typed.
typecheck	-	-	component RangeInternals	typecheck	RangeInternals.fss:702	Filter expressions in generator clauses must have type Boolean, but OpExpr at RangeInternals.fss:702.12 was not well typed.
typecheck	-	-	component String	typecheck	String.fss:111	Filter expressions in generator clauses must have type Boolean, but OpExpr at String.fss:111.12 was not well typed.
typecheck	-	-	component String	typecheck	String.fss:121	Filter expressions in generator clauses must have type Boolean, but OpExpr at String.fss:121.12 was not well typed.
typecheck	-	-	component String	typecheck	String.fss:95	Filter expressions in generator clauses must have type Boolean, but OpExpr at String.fss:95.12 was not well typed.
typecheck	-	-	component RangeInternals	typecheck	RangeInternals.fss:713	Filter expressions in generator clauses must have type Boolean, but OpExpr at RangeInternals.fss:713.13 was not well typed.
typecheck	-	-	component FortressLibrary	typecheck	FortressLibrary.fss:217	Filter expressions in generator clauses must have type Boolean, but OpExpr at FortressLibrary.fss:217.14 was not well typed.
typecheck	-	-	component FortressLibrary	typecheck	FortressLibrary.fss:274	Filter expressions in generator clauses must have type Boolean, but OpExpr at FortressLibrary.fss:274.14 was not well typed.
typecheck	-	-	component List	typecheck	List.fss:368	Filter expressions in generator clauses must have type Boolean, but OpExpr at List.fss:368.14 was not well typed.
typecheck	-	-	component RangeInternals	typecheck	RangeInternals.fss:690	Filter expressions in generator clauses must have type Boolean, but OpExpr at RangeInternals.fss:690.15 was not well typed.
typecheck	-	-	component List	typecheck	List.fss:350	Filter expressions in generator clauses must have type Boolean, but OpExpr at List.fss:350.16 was not well typed.
typecheck	-	-	component FortressLibrary	typecheck	FortressLibrary.fss:279	Filter expressions in generator clauses must have type Boolean, but OpExpr at FortressLibrary.fss:279.36 was not well typed.
typecheck	-	-	component FortressLibrary	typecheck	FortressLibrary.fss:280	Filter expressions in generator clauses must have type Boolean, but OpExpr at FortressLibrary.fss:280.36 was not well typed.
typecheck	-	-	component FortressLibrary	typecheck	FortressLibrary.fss:4459	Filter expressions in generator clauses must have type Boolean, but OpExpr at FortressLibrary.fss:4459.8 was not well typed.
typecheck	-	-	component String	typecheck	String.fss:375	Filter expressions in generator clauses must have type Boolean, but otherPieces.nonEmpty was not well typed.
typecheck	-	-	component String	typecheck	String.fss:399	Filter expressions in generator clauses must have type Boolean, but otherPieces.nonEmpty was not well typed.
typecheck	-	-	component String	typecheck	String.fss:367	Filter expressions in generator clauses must have type Boolean, but pieces.nonEmpty was not well typed.
typecheck	-	-	component String	typecheck	String.fss:391	Filter expressions in generator clauses must have type Boolean, but pieces.nonEmpty was not well typed.
typecheck	-	-	component String	typecheck	String.fss:413	Filter expressions in generator clauses must have type Boolean, but pieces.nonEmpty was not well typed.
typecheck	-	-	component String	typecheck	String.fss:480	Filter expressions in generator clauses must have type Boolean, but pieces.nonEmpty was not well typed.
typecheck	-	-	component FortressBuiltin	typecheck	FortressBuiltin.fss:349	Filter expressions in generator clauses must have type Boolean, but r.isNaN was not well typed.
typecheck	-	-	component FortressBuiltin	typecheck	FortressBuiltin.fss:359	Filter expressions in generator clauses must have type Boolean, but r.isNaN was not well typed.
typecheck	-	-	component FortressLibrary	typecheck	FortressLibrary.fss:452	Filter expressions in generator clauses must have type Boolean, but r.isNaN was not well typed.
typecheck	-	-	component FortressLibrary	typecheck	FortressLibrary.fss:462	Filter expressions in generator clauses must have type Boolean, but r.isNaN was not well typed.
typecheck	-	-	component FortressLibrary	typecheck	FortressLibrary.fss:2515	Function body has type ((), ()), but declared return type is ().
typecheck	-	-	component FortressLibrary	typecheck	FortressLibrary.fss:2533	Function body has type ((), ()), but declared return type is ().
typecheck	-	-	component List	typecheck	List.fss:499	Function body has type ((), ()), but declared return type is (List.List[\E\], List.List[\F\]).
typecheck	-	-	component FortressLibrary	typecheck	FortressLibrary.fss:3137	Function body has type ((T, T), (T, T)), but declared return type is (T, T).
typecheck	-	-	component RangeInternals	typecheck	RangeInternals.fss:1101	Function body has type (IntLiteral, IntLiteral), but declared return type is (I, J).
typecheck	-	-	component RangeInternals	typecheck	RangeInternals.fss:1134	Function body has type (IntLiteral, IntLiteral, IntLiteral), but declared return type is (I, J, K).
typecheck	-	-	component FortressBuiltin	typecheck	FortressBuiltin.fss:268	Function body has type (Number, Number), but declared return type is Number.
typecheck	-	-	component FortressBuiltin	typecheck	FortressBuiltin.fss:99	Function body has type (Number, Number), but declared return type is Number.
typecheck	-	-	component FortressLibrary	typecheck	FortressLibrary.fss:2462	Function body has type (QQ, QQ), but declared return type is (ZZ32, ZZ32).
typecheck	-	-	component FortressLibrary	typecheck	FortressLibrary.fss:3101	Function body has type (QQ, QQ), but declared return type is Number.
typecheck	-	-	component FortressLibrary	typecheck	FortressLibrary.fss:2816	Function body has type (QQ, QQ, QQ), but declared return type is (ZZ32, ZZ32, ZZ32).
typecheck	-	-	component FortressLibrary	typecheck	FortressLibrary.fss:506	Function body has type (QQ, ZZ), but declared return type is (ZZ, ZZ).
typecheck	-	-	component FortressLibrary	typecheck	FortressLibrary.fss:2965	Function body has type Any, but declared return type is R.
typecheck	-	-	component FortressLibrary	typecheck	FortressLibrary.fss:3372	Function body has type Any, but declared return type is R.
typecheck	-	-	component FortressLibrary	typecheck	FortressLibrary.fss:2199	Function body has type Array1[\T,0,s0\], but declared return type is Vector[\T,s0\].
typecheck	-	-	component FortressLibrary	typecheck	FortressLibrary.fss:2201	Function body has type Array1[\T,0,s0\], but declared return type is Vector[\T,s0\].
typecheck	-	-	component FortressLibrary	typecheck	FortressLibrary.fss:2202	Function body has type Array1[\T,0,s0\], but declared return type is Vector[\T,s0\].
typecheck	-	-	component FortressLibrary	typecheck	FortressLibrary.fss:2205	Function body has type Array1[\T,0,s0\], but declared return type is Vector[\T,s0\].
typecheck	-	-	component FortressLibrary	typecheck	FortressLibrary.fss:2262	Function body has type Array1[\T,0,s0\], but declared return type is Vector[\T,s0\].
typecheck	-	-	component FortressLibrary	typecheck	FortressLibrary.fss:2555	Function body has type Array1[\T,0,s0\], but declared return type is Vector[\T,s0\].
typecheck	-	-	component FortressLibrary	typecheck	FortressLibrary.fss:2507	Function body has type Array2[\T,0,s0,0,s1\], but declared return type is Matrix[\T,s0,s1\].
typecheck	-	-	component FortressLibrary	typecheck	FortressLibrary.fss:2509	Function body has type Array2[\T,0,s0,0,s1\], but declared return type is Matrix[\T,s0,s1\].
typecheck	-	-	component FortressLibrary	typecheck	FortressLibrary.fss:2510	Function body has type Array2[\T,0,s0,0,s1\], but declared return type is Matrix[\T,s0,s1\].
typecheck	-	-	component FortressLibrary	typecheck	FortressLibrary.fss:2511	Function body has type Array2[\T,0,s0,0,s1\], but declared return type is Matrix[\T,s0,s1\].
typecheck	-	-	component FortressLibrary	typecheck	FortressLibrary.fss:2142	Function body has type Array[\R,ZZ32\], but declared return type is Array1[\R,b0,s0\].
typecheck	-	-	component FortressLibrary	typecheck	FortressLibrary.fss:2144	Function body has type Array[\R,ZZ32\], but declared return type is Array1[\R,b0,s0\].
typecheck	-	-	component FortressLibrary	typecheck	FortressLibrary.fss:2251	Function body has type Array[\T,ZZ32\], but declared return type is Array1[\T,0,s0\].
typecheck	-	-	component FortressLibrary	typecheck	FortressLibrary.fss:2252	Function body has type Array[\T,ZZ32\], but declared return type is Array1[\T,0,s0\].
typecheck	-	-	component FortressLibrary	typecheck	FortressLibrary.fss:2260	Function body has type Array[\T,ZZ32\], but declared return type is Vector[\T,s0\].
typecheck	-	-	component FortressLibrary	typecheck	FortressLibrary.fss:2560	Function body has type Array[\T,ZZ32\], but declared return type is Vector[\T,s1\].
typecheck	-	-	component FortressLibrary	typecheck	FortressLibrary.fss:2612	Function body has type Array[\T,(ZZ32, ZZ32)\], but declared return type is Array2[\T,0,s0,0,s1\].
typecheck	-	-	component FortressLibrary	typecheck	FortressLibrary.fss:2614	Function body has type Array[\T,(ZZ32, ZZ32)\], but declared return type is Array2[\T,0,s0,0,s1\].
typecheck	-	-	component FortressLibrary	typecheck	FortressLibrary.fss:2622	Function body has type Array[\T,(ZZ32, ZZ32)\], but declared return type is Matrix[\T,s0,s1\].
typecheck	-	-	component FortressLibrary	typecheck	FortressLibrary.fss:2829	Function body has type Array[\T,(ZZ32, ZZ32, ZZ32)\], but declared return type is Array3[\T,0,s0,0,s1,0,s2\].
typecheck	-	-	component FortressLibrary	typecheck	FortressLibrary.fss:1084	Function body has type Boolean, but declared return type is ().
typecheck	-	-	component FortressLibrary	typecheck	FortressLibrary.fss:3261	Function body has type Boolean, but declared return type is BigReduction[\Boolean,Boolean\].
typecheck	-	-	component FortressLibrary	typecheck	FortressLibrary.fss:3794	Function body has type BoundedRange[\I\], but declared return type is FullRange[\I\].
typecheck	-	-	component FortressLibrary	typecheck	FortressLibrary.fss:4486	Function body has type ConcreteRelationalPredicateCondition[\E\], but declared return type is RelationalPredicateCondition[\E\].
typecheck	-	-	component List	typecheck	List.fss:119	Function body has type Condition[\E\], but declared return type is Maybe[\E\].
typecheck	-	-	component List	typecheck	List.fss:120	Function body has type Condition[\E\], but declared return type is Maybe[\E\].
typecheck	-	-	component FortressLibrary	typecheck	FortressLibrary.fss:4486	Function body has type Generator[\E\]->RelationalPredicateCondition[\E\], but declared return type is E->RelationalPredicateCondition[\E\].
typecheck	-	-	component FortressLibrary	typecheck	FortressLibrary.fss:3773	Function body has type I, but declared return type is Just[\I\].
typecheck	-	-	component FortressLibrary	typecheck	FortressLibrary.fss:2094	Function body has type ImmutableArray[\R,ZZ32\], but declared return type is ImmutableArray1[\R,b0,s0\].
typecheck	-	-	component RangeInternals	typecheck	RangeInternals.fss:985	Function body has type IntLiteral, but declared return type is I.
typecheck	-	-	component FortressLibrary	typecheck	FortressLibrary.fss:641	Function body has type Integral[\I\], but declared return type is I.
typecheck	-	-	component FortressLibrary	typecheck	FortressLibrary.fss:642	Function body has type Integral[\I\], but declared return type is I.
typecheck	-	-	component FortressLibrary	typecheck	FortressLibrary.fss:643	Function body has type Integral[\I\], but declared return type is I.
typecheck	-	-	component FortressLibrary	typecheck	FortressLibrary.fss:2934	Function body has type Just[\R\], but declared return type is Nothing[\R\].
typecheck	-	-	component FortressBuiltin	typecheck	FortressBuiltin.fss:451	Function body has type NN64, but declared return type is UnsignedLong.
typecheck	-	-	component FortressBuiltin	typecheck	FortressBuiltin.fss:452	Function body has type NN64, but declared return type is UnsignedLong.
typecheck	-	-	component FortressLibrary	typecheck	FortressLibrary.fss:3074	Function body has type Number, but declared return type is Comprehension[\T,Number,Number,Number\].
typecheck	-	-	component FortressLibrary	typecheck	FortressLibrary.fss:3097	Function body has type Number, but declared return type is Comprehension[\T,Number,Number,Number\].
typecheck	-	-	component FortressBuiltin	typecheck	FortressBuiltin.fss:347	Function body has type Number, but declared return type is RR32.
typecheck	-	-	component FortressBuiltin	typecheck	FortressBuiltin.fss:357	Function body has type Number, but declared return type is RR32.
typecheck	-	-	component FortressLibrary	typecheck	FortressLibrary.fss:450	Function body has type Number, but declared return type is RR64.
typecheck	-	-	component FortressLibrary	typecheck	FortressLibrary.fss:460	Function body has type Number, but declared return type is RR64.
typecheck	-	-	component FortressLibrary	typecheck	FortressLibrary.fss:4518	Function body has type Number, but declared return type is T.
typecheck	-	-	component FortressLibrary	typecheck	FortressLibrary.fss:4519	Function body has type Number, but declared return type is T.
typecheck	-	-	component FortressLibrary	typecheck	FortressLibrary.fss:4520	Function body has type Number, but declared return type is T.
typecheck	-	-	component FortressLibrary	typecheck	FortressLibrary.fss:4521	Function body has type Number, but declared return type is T.
typecheck	-	-	component FortressLibrary	typecheck	FortressLibrary.fss:282	Function body has type OR((StandardTotalOrder[\T\], T),(T, StandardTotalOrder[\T\])), but declared return type is (T, T).
typecheck	-	-	component FortressLibrary	typecheck	FortressLibrary.fss:3170	Function body has type OR((T, (U, U)),(T, U)), but declared return type is (T, U).
typecheck	-	-	component FortressLibrary	typecheck	FortressLibrary.fss:3190	Function body has type OR((T, (U, U)),(T, U)), but declared return type is (T, U).
typecheck	-	-	component FortressLibrary	typecheck	FortressLibrary.fss:3210	Function body has type OR((T, (U, U)),(T, U)), but declared return type is (T, U).
typecheck	-	-	component FortressLibrary	typecheck	FortressLibrary.fss:3230	Function body has type OR((T, (U, U)),(T, U)), but declared return type is (T, U).
typecheck	-	-	component FortressLibrary	typecheck	FortressLibrary.fss:2224	Function body has type OR(Array1[\T,0,s0\],Array1[\T,b0,s0\]), but declared return type is Array1[\T,b0,s0\].
typecheck	-	-	component RangeInternals	typecheck	RangeInternals.fss:512	Function body has type OR(BoundedRange[\I\],BottomType,RangeInternals.BoundedScalarRange[\I\],RangeInternals.FullScalarRange[\I\]), but declared return type is  [...]
typecheck	-	-	component FortressLibrary	typecheck	FortressLibrary.fss:2235	Function body has type OR(ImmutableArray1[\T,0,s0\],ImmutableArray1[\T,b0,s0\]), but declared return type is ReadableArray1[\T,b0,s0\].
typecheck	-	-	component FortressLibrary	typecheck	FortressLibrary.fss:2622	Function body has type OR(IntLiteral,T), but declared return type is T.
typecheck	-	-	component RangeInternals	typecheck	RangeInternals.fss:986	Function body has type OR(RR32,IntLiteral), but declared return type is ZZ32.
typecheck	-	-	component FortressLibrary	typecheck	FortressLibrary.fss:2598	Function body has type OR(__DefaultArray2[\T,b0,s0,b1,s1\],Array2[\T,0,s0,0,s1\]), but declared return type is Array2[\T,b0,s0,b1,s1\].
typecheck	-	-	component RangeInternals	typecheck	RangeInternals.fss:999	Function body has type QQ, but declared return type is (I, I).
typecheck	-	-	component RangeInternals	typecheck	RangeInternals.fss:1004	Function body has type QQ, but declared return type is I.
typecheck	-	-	component RangeInternals	typecheck	RangeInternals.fss:1171	Function body has type QQ, but declared return type is I.
typecheck	-	-	component RangeInternals	typecheck	RangeInternals.fss:892	Function body has type QQ, but declared return type is I.
typecheck	-	-	component FortressLibrary	typecheck	FortressLibrary.fss:592	Function body has type QQ, but declared return type is ZZ.
typecheck	-	-	component FortressLibrary	typecheck	FortressLibrary.fss:830	Function body has type QQ, but declared return type is ZZ.
typecheck	-	-	component FortressLibrary	typecheck	FortressLibrary.fss:2167	Function body has type QQ, but declared return type is ZZ32.
typecheck	-	-	component FortressLibrary	typecheck	FortressLibrary.fss:2182	Function body has type QQ, but declared return type is ZZ32.
typecheck	-	-	component FortressLibrary	typecheck	FortressLibrary.fss:2796	Function body has type QQ, but declared return type is ZZ32.
typecheck	-	-	component List	typecheck	List.fss:72	Function body has type QQ, but declared return type is ZZ32.
typecheck	-	-	component List	typecheck	List.fss:75	Function body has type QQ, but declared return type is ZZ32.
typecheck	-	-	component FortressLibrary	typecheck	FortressLibrary.fss:3154	Function body has type RR64, but declared return type is BigReduction[\RR64,RR64\].
typecheck	-	-	component FortressLibrary	typecheck	FortressLibrary.fss:579	Function body has type RR64, but declared return type is QQ.
typecheck	-	-	component String	typecheck	String.fss:508	Function body has type RR64, but declared return type is RR32.
typecheck	-	-	component FortressLibrary	typecheck	FortressLibrary.fss:2199	Function body has type RR64, but declared return type is T.
typecheck	-	-	component FortressLibrary	typecheck	FortressLibrary.fss:2201	Function body has type RR64, but declared return type is T.
typecheck	-	-	component FortressLibrary	typecheck	FortressLibrary.fss:2202	Function body has type RR64, but declared return type is T.
typecheck	-	-	component FortressLibrary	typecheck	FortressLibrary.fss:2205	Function body has type RR64, but declared return type is T.
typecheck	-	-	component FortressLibrary	typecheck	FortressLibrary.fss:2507	Function body has type RR64, but declared return type is T.
typecheck	-	-	component FortressLibrary	typecheck	FortressLibrary.fss:2509	Function body has type RR64, but declared return type is T.
typecheck	-	-	component FortressLibrary	typecheck	FortressLibrary.fss:2510	Function body has type RR64, but declared return type is T.
typecheck	-	-	component FortressLibrary	typecheck	FortressLibrary.fss:2511	Function body has type RR64, but declared return type is T.
typecheck	-	-	component FortressLibrary	typecheck	FortressLibrary.fss:4511	Function body has type RR64, but declared return type is T.
typecheck	-	-	component FortressLibrary	typecheck	FortressLibrary.fss:4512	Function body has type RR64, but declared return type is T.
typecheck	-	-	component FortressLibrary	typecheck	FortressLibrary.fss:4513	Function body has type RR64, but declared return type is T.
typecheck	-	-	component FortressLibrary	typecheck	FortressLibrary.fss:4517	Function body has type RR64, but declared return type is T.
typecheck	-	-	component RangeInternals	typecheck	RangeInternals.fss:1352	Function body has type RangeInternals.FullRange2D[\I,J\], but declared return type is RangeInternals.StridedFullRange2D[\I,J\].
typecheck	-	-	component RangeInternals	typecheck	RangeInternals.fss:1391	Function body has type RangeInternals.FullRange3D[\I,J,K\], but declared return type is RangeInternals.StridedFullRange3D[\I,J,K\].
typecheck	-	-	component RangeInternals	typecheck	RangeInternals.fss:1404	Function body has type RangeInternals.Range2D[\I,J\], but declared return type is RangeInternals.FullRange2D[\I,J\].
typecheck	-	-	component RangeInternals	typecheck	RangeInternals.fss:1412	Function body has type RangeInternals.Range3D[\I,J,K\], but declared return type is RangeInternals.FullRange3D[\I,J,K\].
typecheck	-	-	component RangeInternals	typecheck	RangeInternals.fss:1396	Function body has type RangeInternals.ScalarRange[\I\], but declared return type is RangeInternals.FullScalarRange[\I\].
typecheck	-	-	component RangeInternals	typecheck	RangeInternals.fss:459	Function body has type RangeInternals.ScalarRange[\I\], but declared return type is RangeInternals.ScalarRangeWithExtent[\I\].
typecheck	-	-	component RangeInternals	typecheck	RangeInternals.fss:607	Function body has type RangeInternals.ScalarRange[\I\], but declared return type is RangeInternals.LeftScalarRange[\I\].
typecheck	-	-	component RangeInternals	typecheck	RangeInternals.fss:727	Function body has type RangeInternals.ScalarRange[\I\], but declared return type is RangeInternals.RightScalarRange[\I\].
typecheck	-	-	component FortressLibrary	typecheck	FortressLibrary.fss:3636	Function body has type Range[\I\], but declared return type is RangeWithRight[\I\].
typecheck	-	-	component FortressLibrary	typecheck	FortressLibrary.fss:3683	Function body has type Range[\I\], but declared return type is OpenRange[\I\].
typecheck	-	-	component RangeInternals	typecheck	RangeInternals.fss:323	Function body has type Range[\I\], but declared return type is RangeInternals.ScalarRange[\I\].
typecheck	-	-	component FortressLibrary	typecheck	FortressLibrary.fss:2083	Function body has type ReadableArray1[\U,b0,s0\], but declared return type is ImmutableArray1[\U,b0,s0\].
typecheck	-	-	component FortressLibrary	typecheck	FortressLibrary.fss:2139	Function body has type ReadableArray[\T,ZZ32\], but declared return type is ImmutableArray1[\T,b0,s0\].
typecheck	-	-	component FortressLibrary	typecheck	FortressLibrary.fss:3499	Function body has type SimpleNestedSeqGenerator[\E,F\], but declared return type is SequentialGenerator[\E\].
typecheck	-	-	component FortressLibrary	typecheck	FortressLibrary.fss:3537	Function body has type SimplePairSeqGenerator[\E,F\], but declared return type is SequentialGenerator[\E\].
typecheck	-	-	component FortressLibrary	typecheck	FortressLibrary.fss:1980	Function body has type StandardImmutableArrayType[\T,E,I\], but declared return type is T.
typecheck	-	-	component FortressLibrary	typecheck	FortressLibrary.fss:1984	Function body has type StandardImmutableArrayType[\T,E,I\], but declared return type is T.
typecheck	-	-	component FortressLibrary	typecheck	FortressLibrary.fss:1995	Function body has type StandardMutableArrayType[\T,E,I\], but declared return type is T.
typecheck	-	-	component FortressLibrary	typecheck	FortressLibrary.fss:1999	Function body has type StandardMutableArrayType[\T,E,I\], but declared return type is T.
typecheck	-	-	component FortressLibrary	typecheck	FortressLibrary.fss:279	Function body has type StandardTotalOrder[\T\], but declared return type is T.
typecheck	-	-	component FortressLibrary	typecheck	FortressLibrary.fss:280	Function body has type StandardTotalOrder[\T\], but declared return type is T.
typecheck	-	-	component FortressLibrary	typecheck	FortressLibrary.fss:260	Function body has type T, but declared return type is (T, T).
typecheck	-	-	component FortressLibrary	typecheck	FortressLibrary.fss:261	Function body has type T, but declared return type is (T, T).
typecheck	-	-	component FortressLibrary	typecheck	FortressLibrary.fss:3133	Function body has type T, but declared return type is (T, T).
typecheck	-	-	component FortressLibrary	typecheck	FortressLibrary.fss:130	Function body has type TotalComparison, but declared return type is BigReduction[\TotalComparison,TotalComparison\].
typecheck	-	-	component FortressLibrary	typecheck	FortressLibrary.fss:1432	Function body has type UniqueItem[\T\], but declared return type is BigReduction[\UniqueItem[\T\],UniqueItem[\T\]\].
typecheck	-	-	component FortressLibrary	typecheck	FortressLibrary.fss:1447	Function body has type UniqueItem[\T\], but declared return type is BigReduction[\UniqueItem[\T\],UniqueItem[\T\]\].
typecheck	-	-	component FortressBuiltin	typecheck	FortressBuiltin.fss:462	Function body has type ZZ, but declared return type is IntLiteral.
typecheck	-	-	component FortressBuiltin	typecheck	FortressBuiltin.fss:463	Function body has type ZZ, but declared return type is IntLiteral.
typecheck	-	-	component FortressLibrary	typecheck	FortressLibrary.fss:2299	Function body has type ZZ, but declared return type is ZZ32.
typecheck	-	-	component FortressLibrary	typecheck	FortressLibrary.fss:2680	Function body has type ZZ, but declared return type is ZZ32.
typecheck	-	-	component FortressBuiltin	typecheck	FortressBuiltin.fss:472	Function body has type ZZ64, but declared return type is ZZ32.
typecheck	-	-	component FortressLibrary	typecheck	FortressLibrary.fss:2042	Function body has type ZZ64, but declared return type is ZZ32.
typecheck	-	-	component FortressLibrary	typecheck	FortressLibrary.fss:2047	Function body has type ZZ64, but declared return type is ZZ32.
typecheck	-	-	component FortressLibrary	typecheck	FortressLibrary.fss:652	Function body has type ZZ64, but declared return type is ZZ32.
typecheck	-	-	component List	typecheck	List.fss:306	Function body has type ZZ64, but declared return type is ZZ32.
typecheck	-	-	component String	typecheck	String.fss:196	Generator[\ZZ32\] has no getter called flip
typecheck	-	-	component String	typecheck	String.fss:367	Generator[\(ZZ32, String)\] has no getter called nonEmpty
typecheck	-	-	component String	typecheck	String.fss:375	Generator[\(ZZ32, String)\] has no getter called nonEmpty
typecheck	-	-	component String	typecheck	String.fss:391	Generator[\(ZZ32, String)\] has no getter called nonEmpty
typecheck	-	-	component String	typecheck	String.fss:399	Generator[\(ZZ32, String)\] has no getter called nonEmpty
typecheck	-	-	component String	typecheck	String.fss:413	Generator[\(ZZ32, String)\] has no getter called nonEmpty
typecheck	-	-	component String	typecheck	String.fss:480	Generator[\(ZZ32, String)\] has no getter called nonEmpty
typecheck	-	-	component FortressLibrary	typecheck	FortressLibrary.fss:4459	Generator[\E\] has no getter called size
typecheck	-	-	component FortressLibrary	typecheck	FortressLibrary.fss:4462	Generator[\E\] has no getter called size
typecheck	-	-	component List	typecheck	List.fss:368	List.List[\E\] has no getter called canExtendLeft
typecheck	-	-	component List	typecheck	List.fss:368	List.List[\E\] has no getter called leftSpace
typecheck	-	-	component String	typecheck	String.fss:130	No such method ()->Maybe[\Char\].asDebugStringIndented.
typecheck	-	-	component String	typecheck	String.fss:131	No such method ()->Maybe[\Char\].asDebugStringIndented.
typecheck	-	-	component String	typecheck	String.fss:87	No such method ()->Maybe[\Char\].generate.
typecheck	-	-	component String	typecheck	String.fss:121	No such method ()->Maybe[\Char\].get.
typecheck	-	-	component FortressLibrary	typecheck	FortressLibrary.fss:1815	No such method CompactFullRange[\I\].map.
typecheck	-	-	component FortressLibrary	typecheck	FortressLibrary.fss:4402	No such method Condition[\()\].holds. FortressLibrary.fss:4402:185-294: Possibly because x: Generator[\E\] after argument inference
typecheck	-	-	component FortressLibrary	typecheck	FortressLibrary.fss:1080	No such method Condition[\E\].cond.
typecheck	-	-	component List	typecheck	List.fss:178	No such method CovariantCollection.AnyCovColl.toImmutableArray. List.fss:178:35-86: Possibly because cc: CovariantCollection.AnyCovColl after argument inference
typecheck	-	-	component FlatString	typecheck	FlatString.fss:89	No such method FlatString.FlatString.size.
typecheck	-	-	component FortressLibrary	typecheck	FortressLibrary.fss:4448	No such method Generator2[\E\].seed.
typecheck	-	-	component FortressLibrary	typecheck	FortressLibrary.fss:4385	No such method Generator[\((ActualReduction[\R,L1\], ActualReduction[\R,L2\], E->R)->Boolean, (ActualReduction[\R,L1\], ActualReduction[\R,L1\], E->R)->R)\]._[_ [...]
typecheck	-	-	component FortressLibrary	typecheck	FortressLibrary.fss:4410	No such method Generator[\((ActualReduction[\R,L1\], ActualReduction[\R,L2\], Generator[\E\]->Condition[\()\], E->R)->Boolean, (ActualReduction[\R,L1\], ActualR [...]
typecheck	-	-	component FortressLibrary	typecheck	FortressLibrary.fss:4435	No such method Generator[\Generator[\E\]\].__generate2filtered.
typecheck	-	-	component FortressLibrary	typecheck	FortressLibrary.fss:4436	No such method Generator[\Generator[\E\]\].__generate2filtered.
typecheck	-	-	component FortressBuiltin	typecheck	FortressBuiltin.fss:553	No such method Generator[\G\].map.
typecheck	-	-	component FortressLibrary	typecheck	FortressLibrary.fss:1237	No such method Generator[\G\].map.
typecheck	-	-	component FortressLibrary	typecheck	FortressLibrary.fss:1331	No such method Generator[\G\].map.
typecheck	-	-	component FortressLibrary	typecheck	FortressLibrary.fss:1662	No such method Generator[\I\].map.
typecheck	-	-	component FortressLibrary	typecheck	FortressLibrary.fss:3336	No such method Generator[\T\].map.
typecheck	-	-	component FortressLibrary	typecheck	FortressLibrary.fss:3346	No such method Generator[\T\].map.
typecheck	-	-	component FortressLibrary	typecheck	FortressLibrary.fss:3356	No such method Generator[\T\].map.
typecheck	-	-	component RangeInternals	typecheck	RangeInternals.fss:1098	No such method Generator[\(I, J)\].map.
typecheck	-	-	component RangeInternals	typecheck	RangeInternals.fss:1100	No such method Generator[\(I, J)\].map.
typecheck	-	-	component RangeInternals	typecheck	RangeInternals.fss:1131	No such method Generator[\(I, J, K)\].map.
typecheck	-	-	component RangeInternals	typecheck	RangeInternals.fss:1133	No such method Generator[\(I, J, K)\].map.
typecheck	-	-	component RangeInternals	typecheck	RangeInternals.fss:1339	No such method Generator[\(I, J)\].map.
typecheck	-	-	component RangeInternals	typecheck	RangeInternals.fss:1341	No such method Generator[\(I, J)\].map.
typecheck	-	-	component RangeInternals	typecheck	RangeInternals.fss:1375	No such method Generator[\(I, J, K)\].map.
typecheck	-	-	component RangeInternals	typecheck	RangeInternals.fss:1378	No such method Generator[\(I, J, K)\].map.
typecheck	-	-	component RangeInternals	typecheck	RangeInternals.fss:943	No such method Generator[\((I, J), K)\].map.
typecheck	-	-	component RangeInternals	typecheck	RangeInternals.fss:946	No such method Generator[\((I, J), K)\].map.
typecheck	-	-	component FortressLibrary	typecheck	FortressLibrary.fss:3611	No such method Generator[\E\].mapReduce.
typecheck	-	-	component FortressLibrary	typecheck	FortressLibrary.fss:4440	No such method Generator[\Generator[\E\]\].theorems.
typecheck	-	-	component FortressLibrary	typecheck	FortressLibrary.fss:4438	No such method Generator[\Generator[\E\]\].theoremsFiltered.
typecheck	-	-	component FortressLibrary	typecheck	FortressLibrary.fss:2184	No such method ImmutableArray1[\T,b_a,s_a\].put.
typecheck	-	-	component FortressLibrary	typecheck	FortressLibrary.fss:3420	No such method Indexed[\(I, E),I\].map.
typecheck	-	-	component List	typecheck	List.fss:379	No such method List.List[\T\].fill.
typecheck	-	-	component FortressLibrary	typecheck	FortressLibrary.fss:2585	No such method Matrix[\T,s1,s0\].add.
typecheck	-	-	component FortressLibrary	typecheck	FortressLibrary.fss:2587	No such method Matrix[\T,s1,s0\].negate.
typecheck	-	-	component FortressLibrary	typecheck	FortressLibrary.fss:2586	No such method Matrix[\T,s1,s0\].subtract.
typecheck	-	-	component FortressLibrary	typecheck	FortressLibrary.fss:3475	No such method NestedGenerator[\E,F\].f.
typecheck	-	-	component RangeInternals	typecheck	RangeInternals.fss:995	No such method RangeInternals.CompactFullScalarRange[\I\].map.
typecheck	-	-	component RangeInternals	typecheck	RangeInternals.fss:194	No such method RangeInternals.ScalarRange[\I\].indexOf.
typecheck	-	-	component RangeInternals	typecheck	RangeInternals.fss:258	No such method RangeInternals.ScalarRange[\I\].indexOf.
typecheck	-	-	component RangeInternals	typecheck	RangeInternals.fss:1166	No such method RangeInternals.StridedFullScalarRange[\I\].map.
typecheck	-	-	component String	typecheck	String.fss:296	No such method Range[\ZZ32\]._[_].
typecheck	-	-	component RangeInternals	typecheck	RangeInternals.fss:517	No such method Range[\I\].forwardIntersection.
typecheck	-	-	component RangeInternals	typecheck	RangeInternals.fss:533	No such method Range[\I\].intersectWithExtent.
typecheck	-	-	component String	typecheck	String.fss:354	No such method String.asDebugStringIndented.
typecheck	-	-	component FortressLibrary	typecheck	FortressLibrary.fss:3973	No such method String.get.
typecheck	-	-	component FortressLibrary	typecheck	FortressLibrary.fss:3974	No such method String.get.
typecheck	-	-	component FortressLibrary	typecheck	FortressLibrary.fss:3995	No such method String.get.
typecheck	-	-	component String	typecheck	String.fss:467	No such method String.get.
typecheck	-	-	component List	typecheck	List.fss:278	No such method ZeroIndexed[\ZZ32\].map.
typecheck	-	-	component FlatString	typecheck	FlatString.fss:29	Non-last expression in a block has type FlatString.FlatString, but it must have () type.
typecheck	-	-	component FortressLibrary	typecheck	FortressLibrary.fss:480	Non-last expression in a block has type OR((),BottomType,QQ), but it must have () type.
typecheck	-	-	component FortressBuiltin	typecheck	FortressBuiltin.fss:349	Number has no getter called isNaN
typecheck	-	-	component FortressBuiltin	typecheck	FortressBuiltin.fss:359	Number has no getter called isNaN
typecheck	-	-	component FortressLibrary	typecheck	FortressLibrary.fss:452	Number has no getter called isNaN
typecheck	-	-	component FortressLibrary	typecheck	FortressLibrary.fss:462	Number has no getter called isNaN
typecheck	-	-	component FortressLibrary	typecheck	FortressLibrary.fss:2243	'throw' can only throw objects of Exception type. This expression is of type Exception->ForbiddenException.
typecheck	-	-	component FortressLibrary	typecheck	FortressLibrary.fss:315	'throw' can only throw objects of Exception type. This expression is of type Exception->ForbiddenException.
typecheck	-	-	component FlatString	typecheck	FlatString.fss:64	Range[\ZZ32\] has no getter called lower
typecheck	-	-	component String	typecheck	String.fss:424	Range[\ZZ32\] has no getter called lower
typecheck	-	-	component String	typecheck	String.fss:450	Range[\ZZ32\] has no getter called lower
typecheck	-	-	component String	typecheck	String.fss:471	Range[\ZZ32\] has no getter called lower
typecheck	-	-	component String	typecheck	String.fss:474	Range[\ZZ32\] has no getter called lower
typecheck	-	-	component String	typecheck	String.fss:339	Range[\ZZ32\] has no getter called size
typecheck	-	-	component FlatString	typecheck	FlatString.fss:64	Range[\ZZ32\] has no getter called upper
typecheck	-	-	component FortressLibrary	typecheck	FortressLibrary.fss:3815	Right-hand side has type AND((ZZ32, ZZ32),I), but left-hand side is a tuple of 2 variables.
typecheck	-	-	component FortressLibrary	typecheck	FortressLibrary.fss:3816	Right-hand side has type AND((ZZ32, ZZ32, ZZ32),I), but left-hand side is a tuple of 3 variables.
typecheck	-	-	component RangeInternals	typecheck	RangeInternals.fss:570	Right-hand side has type IntLiteral, but declared type is I.
typecheck	-	-	component RangeInternals	typecheck	RangeInternals.fss:688	Right-hand side has type IntLiteral, but declared type is I.
typecheck	-	-	component RangeInternals	typecheck	RangeInternals.fss:803	Right-hand side has type IntLiteral, but declared type is I.
typecheck	-	-	component String	typecheck	String.fss:77	Right-hand side has type QQ, but declared type is ZZ32.
typecheck	-	-	component FortressLibrary	typecheck	FortressLibrary.fss:2517	Right-hand side has type RR64, but declared type is T.
typecheck	-	-	component FortressLibrary	typecheck	FortressLibrary.fss:4129	Right-hand side has type ZZ, but declared type is ZZ64.
typecheck	-	-	component String	typecheck	String.fss:360	String has no getter called balanced
typecheck	-	-	component String	typecheck	String.fss:256	String.SubString has no getter called balanced
typecheck	-	-	component FortressLibrary	typecheck	FortressLibrary.fss:3815	The typecase clause, (ZZ32, ZZ32), is unreachable.
typecheck	-	-	component FortressLibrary	typecheck	FortressLibrary.fss:3816	The typecase clause, (ZZ32, ZZ32, ZZ32), is unreachable.
typecheck	-	-	component FortressLibrary	typecheck	FortressLibrary.fss:482	The typecase clause, EqualTo, is unreachable.
typecheck	-	-	component FortressLibrary	typecheck	FortressLibrary.fss:483	The typecase clause, GreaterThan, is unreachable.
typecheck	-	-	component FortressLibrary	typecheck	FortressLibrary.fss:2227,NatReflect.fsi:27	The typecase clause, NatReflect.N[\0\], is unreachable.
typecheck	-	-	component FortressLibrary	typecheck	FortressLibrary.fss:2238,NatReflect.fsi:27	The typecase clause, NatReflect.N[\0\], is unreachable.
typecheck	-	-	component FortressLibrary	typecheck	FortressLibrary.fss:3814	The typecase clause, ZZ32, is unreachable.
wellformed	-	-	component NatReflect	wellformed1+wellformed2	NatReflect.fss:45	Ill-formed static argument: b+b Arithmetic on nat static arguments is not supported by the type checker; use a nat parameter or a literal.
wellformed	-	-	component NatReflect	wellformed1+wellformed2	NatReflect.fss:47	Ill-formed static argument: b+b Arithmetic on nat static arguments is not supported by the type checker; use a nat parameter or a literal.
wellformed	-	-	component NatReflect	wellformed1+wellformed2	NatReflect.fss:47	Ill-formed static argument: r+b Arithmetic on nat static arguments is not supported by the type checker; use a nat parameter or a literal.
wellformed	-	-	component FortressLibrary	wellformed1+wellformed2	FortressLibrary.fss:2423	Ill-formed static argument: s0 s1 Arithmetic on nat static arguments is not supported by the type checker; use a nat parameter or a literal.
wellformed	-	-	component FortressLibrary	wellformed1+wellformed2	FortressLibrary.fss:2571	Ill-formed static argument: s0 s1 Arithmetic on nat static arguments is not supported by the type checker; use a nat parameter or a literal.
wellformed	-	-	component FortressLibrary	wellformed1+wellformed2	FortressLibrary.fss:2794	Ill-formed static argument: s0 s1 s2 Arithmetic on nat static arguments is not supported by the type checker; use a nat parameter or a literal.
wellformed	-	-	component FortressLibrary	wellformed1+wellformed2	FortressLibrary.fss:2570	Ill-formed type: Matrix[\T,s0,s1\] The static argument T does not satisfy the corresponding bound Number.
wellformed	-	-	component FortressLibrary	wellformed1+wellformed2	FortressLibrary.fss:2577	Ill-formed type: Matrix[\T,s1,s0\] The static argument T does not satisfy the corresponding bound Number.
wellformed	-	-	component FortressLibrary	wellformed1+wellformed2	FortressLibrary.fss:2578	Ill-formed type: Matrix[\T,s0,s1\] The static argument T does not satisfy the corresponding bound Number.
wellformed	-	-	component FortressLibrary	wellformed1+wellformed2	FortressLibrary.fss:2584	Ill-formed type: Matrix[\T,s1,s0\] The static argument T does not satisfy the corresponding bound Number.
wellformed	-	-	component FortressLibrary	wellformed1+wellformed2	FortressLibrary.fss:2585	Ill-formed type: Matrix[\T,s0,s1\] The static argument T does not satisfy the corresponding bound Number.
wellformed	-	-	component FortressLibrary	wellformed1+wellformed2	FortressLibrary.fss:2586	Ill-formed type: Matrix[\T,s0,s1\] The static argument T does not satisfy the corresponding bound Number.
wellformed	-	-	component FortressLibrary	wellformed1+wellformed2	FortressLibrary.fss:2587	Ill-formed type: Matrix[\T,s0,s1\] The static argument T does not satisfy the corresponding bound Number.
wellformed	-	-	component FortressLibrary	wellformed1+wellformed2	FortressLibrary.fss:2588	Ill-formed type: Matrix[\T,s0,s1\] The static argument T does not satisfy the corresponding bound Number.
wellformed	-	-	component FortressLibrary	wellformed2	FortressLibrary.fss:2511	Ill-formed type: Matrix[\T,s1,s0\] The static argument T does not satisfy the corresponding bound Number.
wellformed	-	-	component FortressLibrary	wellformed2	FortressLibrary.fss:2565	Ill-formed type: Matrix[\T,s0,s1\] The static argument T does not satisfy the corresponding bound Number.
wellformed	-	-	component FortressLibrary	wellformed2	FortressLibrary.fss:2619	Ill-formed type: Matrix[\T,s0,s1\] The static argument T does not satisfy the corresponding bound Number.
wellformed	-	-	component FortressLibrary	wellformed1+wellformed2	FortressLibrary.fss:2423	Ill-formed type: NativeArray.PrimitiveArray[\T,s0 s1\] Arithmetic on nat static arguments is not supported by the type checker; use a nat parameter or a literal [...]
wellformed	-	-	component FortressLibrary	wellformed1+wellformed2	FortressLibrary.fss:2571	Ill-formed type: NativeArray.PrimitiveArray[\T,s0 s1\] Arithmetic on nat static arguments is not supported by the type checker; use a nat parameter or a literal [...]
wellformed	-	-	component FortressLibrary	wellformed1+wellformed2	FortressLibrary.fss:2794	Ill-formed type: NativeArray.PrimitiveArray[\T,s0 s1 s2\] Arithmetic on nat static arguments is not supported by the type checker; use a nat parameter or a lite [...]
wellformed	-	-	component FortressLibrary	wellformed2	NativeArray.fsi:12	Ill-formed type: NativeArray.PrimitiveArray[\T,s0 s1 s2\] Arithmetic on nat static arguments is not supported by the type checker; use a nat parameter or a lite [...]
wellformed	-	-	component FortressLibrary	wellformed2	NativeArray.fsi:12	Ill-formed type: NativeArray.PrimitiveArray[\T,s0 s1\] Arithmetic on nat static arguments is not supported by the type checker; use a nat parameter or a literal [...]
wellformed	-	-	component RangeInternals	wellformed1+wellformed2	RangeInternals.fss:699	Ill-formed type: RangeInternals.BoundedScalarRange[\I\] The static argument I does not satisfy the corresponding bound Integral[\I\].
wellformed	-	-	component RangeInternals	wellformed1+wellformed2	RangeInternals.fss:715	Ill-formed type: RangeInternals.BoundedScalarRange[\I\] The static argument I does not satisfy the corresponding bound Integral[\I\].
wellformed	-	-	component FortressLibrary	wellformed1+wellformed2	FortressLibrary.fss:3825	Ill-formed type: RangeInternals.CompactFullParScalarRange[\I\] The static argument I does not satisfy the corresponding bound Integral[\I\].
wellformed	-	-	component FortressLibrary	wellformed1+wellformed2	FortressLibrary.fss:3835	Ill-formed type: RangeInternals.CompactFullParScalarRange[\I\] The static argument I does not satisfy the corresponding bound Integral[\I\].
wellformed	-	-	component RangeInternals	wellformed1+wellformed2	RangeInternals.fss:1422	Ill-formed type: RangeInternals.CompactFullParScalarRange[\I\] The static argument I does not satisfy the corresponding bound Integral[\I\].
wellformed	-	-	component RangeInternals	wellformed1+wellformed2	RangeInternals.fss:1433	Ill-formed type: RangeInternals.CompactFullParScalarRange[\I\] The static argument I does not satisfy the corresponding bound Integral[\I\].
wellformed	-	-	component RangeInternals	wellformed2	RangeInternals.fss:1013	Ill-formed type: RangeInternals.CompactFullParScalarRange[\I\] The static argument I does not satisfy the corresponding bound Integral[\I\].
wellformed	-	-	component FortressLibrary	wellformed1+wellformed2	FortressLibrary.fss:3827	Ill-formed type: RangeInternals.CompactFullRange2D[\I,J\] The static argument I does not satisfy the corresponding bound Integral[\I\].
wellformed	-	-	component FortressLibrary	wellformed1+wellformed2	FortressLibrary.fss:3827	Ill-formed type: RangeInternals.CompactFullRange2D[\I,J\] The static argument J does not satisfy the corresponding bound Integral[\J\].
wellformed	-	-	component FortressLibrary	wellformed1+wellformed2	FortressLibrary.fss:3838	Ill-formed type: RangeInternals.CompactFullRange2D[\I,J\] The static argument I does not satisfy the corresponding bound Integral[\I\].
wellformed	-	-	component FortressLibrary	wellformed1+wellformed2	FortressLibrary.fss:3838	Ill-formed type: RangeInternals.CompactFullRange2D[\I,J\] The static argument J does not satisfy the corresponding bound Integral[\J\].
wellformed	-	-	component RangeInternals	wellformed1+wellformed2	RangeInternals.fss:1425	Ill-formed type: RangeInternals.CompactFullRange2D[\I,J\] The static argument I does not satisfy the corresponding bound Integral[\I\].
wellformed	-	-	component RangeInternals	wellformed1+wellformed2	RangeInternals.fss:1425	Ill-formed type: RangeInternals.CompactFullRange2D[\I,J\] The static argument J does not satisfy the corresponding bound Integral[\J\].
wellformed	-	-	component RangeInternals	wellformed1+wellformed2	RangeInternals.fss:1435	Ill-formed type: RangeInternals.CompactFullRange2D[\I,J\] The static argument I does not satisfy the corresponding bound Integral[\I\].
wellformed	-	-	component RangeInternals	wellformed1+wellformed2	RangeInternals.fss:1435	Ill-formed type: RangeInternals.CompactFullRange2D[\I,J\] The static argument J does not satisfy the corresponding bound Integral[\J\].
wellformed	-	-	component RangeInternals	wellformed2	RangeInternals.fss:1090	Ill-formed type: RangeInternals.CompactFullRange2D[\I,J\] The static argument I does not satisfy the corresponding bound Integral[\I\].
wellformed	-	-	component RangeInternals	wellformed2	RangeInternals.fss:1090	Ill-formed type: RangeInternals.CompactFullRange2D[\I,J\] The static argument J does not satisfy the corresponding bound Integral[\J\].
wellformed	-	-	component FortressLibrary	wellformed1+wellformed2	FortressLibrary.fss:3830	Ill-formed type: RangeInternals.CompactFullRange3D[\I,J,K\] The static argument I does not satisfy the corresponding bound Integral[\I\].
wellformed	-	-	component FortressLibrary	wellformed1+wellformed2	FortressLibrary.fss:3830	Ill-formed type: RangeInternals.CompactFullRange3D[\I,J,K\] The static argument J does not satisfy the corresponding bound Integral[\J\].
wellformed	-	-	component FortressLibrary	wellformed1+wellformed2	FortressLibrary.fss:3830	Ill-formed type: RangeInternals.CompactFullRange3D[\I,J,K\] The static argument K does not satisfy the corresponding bound Integral[\K\].
wellformed	-	-	component FortressLibrary	wellformed1+wellformed2	FortressLibrary.fss:3841	Ill-formed type: RangeInternals.CompactFullRange3D[\I,J,K\] The static argument I does not satisfy the corresponding bound Integral[\I\].
wellformed	-	-	component FortressLibrary	wellformed1+wellformed2	FortressLibrary.fss:3841	Ill-formed type: RangeInternals.CompactFullRange3D[\I,J,K\] The static argument J does not satisfy the corresponding bound Integral[\J\].
wellformed	-	-	component FortressLibrary	wellformed1+wellformed2	FortressLibrary.fss:3841	Ill-formed type: RangeInternals.CompactFullRange3D[\I,J,K\] The static argument K does not satisfy the corresponding bound Integral[\K\].
wellformed	-	-	component RangeInternals	wellformed1+wellformed2	RangeInternals.fss:1428	Ill-formed type: RangeInternals.CompactFullRange3D[\I,J,K\] The static argument I does not satisfy the corresponding bound Integral[\I\].
wellformed	-	-	component RangeInternals	wellformed1+wellformed2	RangeInternals.fss:1428	Ill-formed type: RangeInternals.CompactFullRange3D[\I,J,K\] The static argument J does not satisfy the corresponding bound Integral[\J\].
wellformed	-	-	component RangeInternals	wellformed1+wellformed2	RangeInternals.fss:1428	Ill-formed type: RangeInternals.CompactFullRange3D[\I,J,K\] The static argument K does not satisfy the corresponding bound Integral[\K\].
wellformed	-	-	component RangeInternals	wellformed1+wellformed2	RangeInternals.fss:1438	Ill-formed type: RangeInternals.CompactFullRange3D[\I,J,K\] The static argument I does not satisfy the corresponding bound Integral[\I\].
wellformed	-	-	component RangeInternals	wellformed1+wellformed2	RangeInternals.fss:1438	Ill-formed type: RangeInternals.CompactFullRange3D[\I,J,K\] The static argument J does not satisfy the corresponding bound Integral[\J\].
wellformed	-	-	component RangeInternals	wellformed1+wellformed2	RangeInternals.fss:1438	Ill-formed type: RangeInternals.CompactFullRange3D[\I,J,K\] The static argument K does not satisfy the corresponding bound Integral[\K\].
wellformed	-	-	component RangeInternals	wellformed2	RangeInternals.fss:1123	Ill-formed type: RangeInternals.CompactFullRange3D[\I,J,K\] The static argument I does not satisfy the corresponding bound Integral[\I\].
wellformed	-	-	component RangeInternals	wellformed2	RangeInternals.fss:1123	Ill-formed type: RangeInternals.CompactFullRange3D[\I,J,K\] The static argument J does not satisfy the corresponding bound Integral[\J\].
wellformed	-	-	component RangeInternals	wellformed2	RangeInternals.fss:1123	Ill-formed type: RangeInternals.CompactFullRange3D[\I,J,K\] The static argument K does not satisfy the corresponding bound Integral[\K\].
wellformed	-	-	component RangeInternals	wellformed1+wellformed2	RangeInternals.fss:1418	Ill-formed type: RangeInternals.FullScalarRange[\I\] The static argument I does not satisfy the corresponding bound Integral[\I\].
wellformed	-	-	component RangeInternals	wellformed1+wellformed2	RangeInternals.fss:698	Ill-formed type: RangeInternals.LeftScalarRange[\I\] The static argument I does not satisfy the corresponding bound Integral[\I\].
wellformed	-	-	component RangeInternals	wellformed1+wellformed2	RangeInternals.fss:1485	Ill-formed type: RangeInternals.OpenRange2D[\I,J\] The static argument I does not satisfy the corresponding bound Integral[\I\].
wellformed	-	-	component RangeInternals	wellformed1+wellformed2	RangeInternals.fss:1485	Ill-formed type: RangeInternals.OpenRange2D[\I,J\] The static argument J does not satisfy the corresponding bound Integral[\J\].
wellformed	-	-	component RangeInternals	wellformed2	RangeInternals.fss:336	Ill-formed type: RangeInternals.OpenRange2D[\I,J\] The static argument I does not satisfy the corresponding bound Integral[\I\].
wellformed	-	-	component RangeInternals	wellformed2	RangeInternals.fss:336	Ill-formed type: RangeInternals.OpenRange2D[\I,J\] The static argument J does not satisfy the corresponding bound Integral[\J\].
wellformed	-	-	component RangeInternals	wellformed1+wellformed2	RangeInternals.fss:1487	Ill-formed type: RangeInternals.OpenRange3D[\I,J,K\] The static argument I does not satisfy the corresponding bound Integral[\I\].
wellformed	-	-	component RangeInternals	wellformed1+wellformed2	RangeInternals.fss:1487	Ill-formed type: RangeInternals.OpenRange3D[\I,J,K\] The static argument J does not satisfy the corresponding bound Integral[\J\].
wellformed	-	-	component RangeInternals	wellformed1+wellformed2	RangeInternals.fss:1487	Ill-formed type: RangeInternals.OpenRange3D[\I,J,K\] The static argument K does not satisfy the corresponding bound Integral[\K\].
wellformed	-	-	component RangeInternals	wellformed2	RangeInternals.fss:353	Ill-formed type: RangeInternals.OpenRange3D[\I,J,K\] The static argument I does not satisfy the corresponding bound Integral[\I\].
wellformed	-	-	component RangeInternals	wellformed2	RangeInternals.fss:353	Ill-formed type: RangeInternals.OpenRange3D[\I,J,K\] The static argument J does not satisfy the corresponding bound Integral[\J\].
wellformed	-	-	component RangeInternals	wellformed2	RangeInternals.fss:353	Ill-formed type: RangeInternals.OpenRange3D[\I,J,K\] The static argument K does not satisfy the corresponding bound Integral[\K\].
wellformed	-	-	component RangeInternals	wellformed1+wellformed2	RangeInternals.fss:1483	Ill-formed type: RangeInternals.OpenScalarRange[\I\] The static argument I does not satisfy the corresponding bound Integral[\I\].
wellformed	-	-	component RangeInternals	wellformed2	RangeInternals.fss:305	Ill-formed type: RangeInternals.OpenScalarRange[\I\] The static argument I does not satisfy the corresponding bound Integral[\I\].
wellformed	-	-	component RangeInternals	wellformed1+wellformed2	RangeInternals.fss:682	Ill-formed type: RangeInternals.PartialScalarRange[\I\] The static argument I does not satisfy the corresponding bound Integral[\I\].
wellformed	-	-	component RangeInternals	wellformed1+wellformed2	RangeInternals.fss:681	Ill-formed type: RangeInternals.RightScalarRange[\I\] The static argument I does not satisfy the corresponding bound Integral[\I\].
wellformed	-	-	component RangeInternals	wellformed1+wellformed2	RangeInternals.fss:701	Ill-formed type: RangeInternals.RightScalarRange[\I\] The static argument I does not satisfy the corresponding bound Integral[\I\].
wellformed	-	-	component RangeInternals	wellformed1+wellformed2	RangeInternals.fss:707	Ill-formed type: RangeInternals.RightScalarRange[\I\] The static argument I does not satisfy the corresponding bound Integral[\I\].
wellformed	-	-	component RangeInternals	wellformed1+wellformed2	RangeInternals.fss:711	Ill-formed type: RangeInternals.RightScalarRange[\I\] The static argument I does not satisfy the corresponding bound Integral[\I\].
wellformed	-	-	component RangeInternals	wellformed1+wellformed2	RangeInternals.fss:722	Ill-formed type: RangeInternals.RightScalarRange[\I\] The static argument I does not satisfy the corresponding bound Integral[\I\].
wellformed	-	-	component RangeInternals	wellformed1+wellformed2	RangeInternals.fss:723	Ill-formed type: RangeInternals.RightScalarRange[\I\] The static argument I does not satisfy the corresponding bound Integral[\I\].
wellformed	-	-	component RangeInternals	wellformed1+wellformed2	RangeInternals.fss:682	Ill-formed type: RangeInternals.ScalarRangeWithRight[\I\] The static argument I does not satisfy the corresponding bound Integral[\I\].
wellformed	-	-	component RangeInternals	wellformed1+wellformed2	RangeInternals.fss:716	Ill-formed type: RangeInternals.ScalarRangeWithRight[\I\] The static argument I does not satisfy the corresponding bound Integral[\I\].
wellformed	-	-	component RangeInternals	wellformed1+wellformed2	RangeInternals.fss:709	Ill-formed type: RangeInternals.ScalarRange[\I\] The static argument I does not satisfy the corresponding bound Integral[\I\].
wellformed	-	-	component FortressLibrary	wellformed1+wellformed2	FortressLibrary.fss:2210	Ill-formed type: Vector[\T,s0\] The static argument T does not satisfy the corresponding bound Number.
wellformed	-	-	component FortressLibrary	wellformed1+wellformed2	FortressLibrary.fss:2589	Ill-formed type: Vector[\T,s0\] The static argument T does not satisfy the corresponding bound Number.
wellformed	-	-	component FortressLibrary	wellformed1+wellformed2	FortressLibrary.fss:2589	Ill-formed type: Vector[\T,s1\] The static argument T does not satisfy the corresponding bound Number.
wellformed	-	-	component FortressLibrary	wellformed1+wellformed2	FortressLibrary.fss:2590	Ill-formed type: Vector[\T,s0\] The static argument T does not satisfy the corresponding bound Number.
wellformed	-	-	component FortressLibrary	wellformed1+wellformed2	FortressLibrary.fss:2590	Ill-formed type: Vector[\T,s1\] The static argument T does not satisfy the corresponding bound Number.
wellformed	-	-	component FortressLibrary	wellformed2	FortressLibrary.fss:2258	Ill-formed type: Vector[\T,s0\] The static argument T does not satisfy the corresponding bound Number.
wellformed	-	-	component FortressLibrary	wellformed2	FortressLibrary.fss:2555	Ill-formed type: Vector[\T,s0\] The static argument T does not satisfy the corresponding bound Number.
wellformed	-	-	component FortressLibrary	wellformed2	FortressLibrary.fss:2555	Ill-formed type: Vector[\T,s1\] The static argument T does not satisfy the corresponding bound Number.
wellformed	-	-	component FortressLibrary	wellformed2	FortressLibrary.fss:2560	Ill-formed type: Vector[\T,s0\] The static argument T does not satisfy the corresponding bound Number.
wellformed	-	-	component FortressLibrary	wellformed2	FortressLibrary.fss:2560	Ill-formed type: Vector[\T,s1\] The static argument T does not satisfy the corresponding bound Number.
wellformed	-	-	component RangeInternals	wellformed2	?	Type checker generated.:0:0: Ill-formed type: RangeInternals.LeftScalarRange[\I\] The static argument I does not satisfy the corresponding bound Integral[\I\].
wellformed	-	-	component RangeInternals	wellformed2	?	Type checker generated.:0:0: Ill-formed type: RangeInternals.RightScalarRange[\I\] The static argument I does not satisfy the corresponding bound Integral[\I\].
