# kind	family	subclass	unit(s)	stage(s)	location	message
abstract-method	+	-	component FortressLibrary	overloading	FortressLibrary.fss:2323	The inherited abstract method +(self:AdditiveGroup[\T\],other:T):T from the trait AdditiveGroup[\Vector[\T,s0\]\] has no concrete implementation in the object __DefaultVector in component FortressLibrary.
abstract-method	+	-	component FortressLibrary	overloading	FortressLibrary.fss:2682	The inherited abstract method +(self:AdditiveGroup[\T\],other:T):T from the trait AdditiveGroup[\Matrix[\T,s0,s1\]\] has no concrete implementation in the object __DefaultMatrix in component FortressLibrary.
abstract-method	+	-	component FortressLibrary	overloading	FortressLibrary.fss:2690	The inherited abstract method +(self:AdditiveGroup[\T\],other:T):T from the trait AdditiveGroup[\Matrix[\T,s0,s1\]\] has no concrete implementation in the object TransposedMatrix in component FortressLibrary.
abstract-method	generate	-	component FortressLibrary	overloading	FortressLibrary.fss:3002	The inherited abstract method generate[\R\](r:Reduction[\R\],body:E->R):R from the trait Generator[\PossibleReductionPair[\R\]\] has no concrete implementation in the object NoReductionPair in component FortressLibrary.
abstract-method	simpleJoin	-	component FortressLibrary	overloading	FortressLibrary.fss:3197	The inherited abstract method simpleJoin(a:Any,b:Any):Any from the trait AssociativeReduction[\T\] has no concrete implementation in the object MinReduction in component FortressLibrary.
abstract-method	simpleJoin	-	component FortressLibrary	overloading	FortressLibrary.fss:3206	The inherited abstract method simpleJoin(a:Any,b:Any):Any from the trait AssociativeReduction[\T\] has no concrete implementation in the object MaxReduction in component FortressLibrary.
abstract-method	simpleJoin	-	component FortressLibrary	overloading	FortressLibrary.fss:3215	The inherited abstract method simpleJoin(a:Any,b:Any):Any from the trait AssociativeReduction[\(T, T)\] has no concrete implementation in the object MinMaxReduction in component FortressLibrary.
abstract-method	simpleJoin	-	component FortressLibrary	overloading	FortressLibrary.fss:3246	The inherited abstract method simpleJoin(a:Any,b:Any):Any from the trait AssociativeReduction[\(T, U)\] has no concrete implementation in the object TupleMinMinReduction in component FortressLibrary.
abstract-method	simpleJoin	-	component FortressLibrary	overloading	FortressLibrary.fss:3266	The inherited abstract method simpleJoin(a:Any,b:Any):Any from the trait AssociativeReduction[\(T, U)\] has no concrete implementation in the object TupleMinMaxReduction in component FortressLibrary.
abstract-method	simpleJoin	-	component FortressLibrary	overloading	FortressLibrary.fss:3286	The inherited abstract method simpleJoin(a:Any,b:Any):Any from the trait AssociativeReduction[\(T, U)\] has no concrete implementation in the object TupleMaxMinReduction in component FortressLibrary.
abstract-method	simpleJoin	-	component FortressLibrary	overloading	FortressLibrary.fss:3306	The inherited abstract method simpleJoin(a:Any,b:Any):Any from the trait AssociativeReduction[\(T, U)\] has no concrete implementation in the object TupleMaxMaxReduction in component FortressLibrary.
abstract-method	simpleJoin	-	component FortressLibrary	overloading	FortressLibrary.fss:3404	The inherited abstract method simpleJoin(a:Any,b:Any):Any from the trait AssociativeReduction[\String\] has no concrete implementation in the object NewlineReduction in component FortressLibrary.
abstract-method	|_|	-	component RangeInternals	overloading	RangeInternals.fss:1146	The inherited abstract method |_|(self:Indexed[\E,I\]):ZZ32 from the trait Indexed[\ZZ32,ZZ32\] has no concrete implementation in the object StridedFullParScalarRange in component RangeInternals.
abstract-method	|_|	-	component RangeInternals	overloading	RangeInternals.fss:1247	The inherited abstract method |_|(self:Indexed[\E,I\]):ZZ32 from the trait Indexed[\ZZ32,ZZ32\] has no concrete implementation in the object StridedFullSeqScalarRange in component RangeInternals.
export	Component FortressLibrary exports API FortressLibrary but does not define all declarations in FortressLibrary.	-	component FortressLibrary	export	FortressLibrary.fss:12	Component FortressLibrary exports API FortressLibrary but does not define all declarations in FortressLibrary. Missing declarations: {immutableArray[\E\](x:ZZ32,y:ZZ32):ImmutableArray[\E,(ZZ32, ZZ32)\] at FortressLibrary.fsi:1423:1-67, immutableArray[\E\](x:ZZ32,y:ZZ32,z:ZZ32):ImmutableArray[\E,(ZZ32, ZZ32, ZZ32)\] at FortressLibrary.fsi:1424:1-79, partition(x:ZZ32):(ZZ32, ZZ32) at FortressLibrary.fsi:1455:1-1462:19, DOT[\T extends Number,nat n,nat m,nat p\](me:Vector[\T,n\],other:Vector[\T,n\]):T at FortressLibrary.fsi:1583:1-1584:53, juxtaposition[\T extends Number,nat n,nat m,nat p\](me:Vector[\T,n\],other:Vector[\T,n\]):T at FortressLibrary.fsi:1586:1-1587:51, DOT[\T extends Number,nat n,nat m,nat p\](me:Vector[\T,n\],other:T):Vector[\T,n\] at FortressLibrary.fsi:1589:1-1590:55, juxtaposition[\T extends Number,nat n,nat m,nat p\](me:Vector[\T,n\],other:T):Vector[\T,n\] at FortressLibrary.fsi:1592:1-1593:53, DOT[\T extends Number,nat n,nat m,nat p\](other:T,me:Vector[\T,n\]):Vector[\T,n\] at FortressLibrary.fsi:1595:1-1596:56, juxtaposition[\T extends Number,nat n,nat m,nat p\](other:T,me:Vector[\T,n\]):Vector[\T,n\] at FortressLibrary.fsi:1598:1-1599:53, DOT[\T extends Number,nat n,nat m,nat p\](me:Matrix[\T,n,m\],v:Vector[\T,m\]):Vector[\T,n\] at FortressLibrary.fsi:1696:1-1697:59, juxtaposition[\T extends Number,nat n,nat m,nat p\](me:Matrix[\T,n,m\],v:Vector[\T,m\]):Vector[\T,n\] at FortressLibrary.fsi:1699:1-1702:36, DOT[\T extends Number,nat n,nat m,nat p\](v:Vector[\T,n\],me:Matrix[\T,n,m\]):Vector[\T,m\] at FortressLibrary.fsi:1703:1-1704:59, juxtaposition[\T extends Number,nat n,nat m,nat p\](v:Vector[\T,n\],me:Matrix[\T,n,m\]):Vector[\T,m\] at FortressLibrary.fsi:1706:1-1707:57, DOT[\T extends Number,nat n,nat m,nat p\](me:Matrix[\T,n,m\],other:T):Matrix[\T,n,m\] at FortressLibrary.fsi:1709:1-1710:59, juxtaposition[\T extends Number,nat n,nat m,nat p\](me:Matrix[\T,n,m\],other:T):Matrix[\T,n,m\] at FortressLibrary.fsi:1712:1-1713:57, DOT[\T extends Number,nat n,nat m,nat p\](other:T,me:Matrix[\T,n,m\]):Matrix[\T,n,m\] at FortressLibrary.fsi:1715:1-1716:59, juxtaposition[\T extends Number,nat n,nat m,nat p\](other:T,me:Matrix[\T,n,m\]):Matrix[\T,n,m\] at FortressLibrary.fsi:1718:1-1726:30, array3[\T,nat s0,nat s1,nat s2\]():Array3[\T,0,s0,0,s1,0,s2\] at FortressLibrary.fsi:1782:1-64, assert(x:Any,y:Any,failMsg:Any...):() at FortressLibrary.fsi:239:1-42, deny(x:Any,y:Any,failMsg:Any...):() at FortressLibrary.fsi:247:1-40}
export	Component List exports API List but does not define all declarations in List. Missing declarations: {concat[\.	-	component List	export	List.fss:12	Component List exports API List but does not define all declarations in List. Missing declarations: {concat[\E\](x:List.List[\List.List[\E\]\]):List.List[\E\] at List.fsi:119:1-120:1}
export	The following declarations in API FlatString are not matched by the declarations in component FlatString. Unma	-	component FlatString	export	FlatString.fss:12	The following declarations in API FlatString are not matched by the declarations in component FlatString. Unmatched declarations: { (ObjectDecl FlatString at FlatString.fsi:16.3, due to different extends clauses, due to different extends clauses, different method || @ FlatString.fsi:20:5-38) }
export	The following declarations in API FortressBuiltin are not matched by the declarations in component FortressBui	-	component FortressBuiltin	export	FortressBuiltin.fss:12	The following declarations in API FortressBuiltin are not matched by the declarations in component FortressBuiltin. Unmatched declarations: { (ObjectDecl BigNum at FortressBuiltin.fsi:149.1, due to different modifiers), (ObjectDecl Thread at FortressBuiltin.fsi:213.1, due to different method val @ FortressBuiltin.fsi:214:5-18) }
export	The following declarations in API FortressLibrary are not matched by the declarations in component FortressLib	-	component FortressLibrary	export	FortressLibrary.fss:12	The following declarations in API FortressLibrary are not matched by the declarations in component FortressLibrary. Unmatched declarations: { (TraitDecl Comparison at FortressLibrary.fsi:100.1, due to Asbtract method asString @ FortressLibrary.fss:135:5-29 is not declared in the API), (TraitDecl Indexed1 at FortressLibrary.fsi:1157.1, due to different extends clauses), (TraitDecl Indexed2 at FortressLibrary.fsi:1159.1, due to different extends clauses), (TraitDecl Indexed3 at FortressLibrary.fsi:1161.1, due to different extends clauses), (TraitDecl Indexed at FortressLibrary.fsi:1182.1, due to different method size @ FortressLibrary.fsi:1188:5-1190:29), (TraitDecl ZeroIndexed at FortressLibrary.fsi:1253.1, due to different method bounds @ FortressLibrary.fsi:1254:5-38, due to different method bounds @ FortressLibrary.fsi:1254:5-38, Asbtract method _[_] @ FortressLibrary.fss:1829:5-43 is not declared in the API), (TraitDecl DelegatedIndexed at FortressLibrary.fsi:1285.1, due to missing members of the trait/object in the component), (TraitDecl ReadableArray at FortressLibrary.fsi:1318.1, due to missing members of the trait/object in the component), (ObjectDecl LessThan at FortressLibrary.fsi:137.1, due to different method CMP @ FortressLibrary.fsi:139:5-45), (TraitDecl ReadableArray1 at FortressLibrary.fsi:1463.1, due to different method subarray @ FortressLibrary.fsi:1471:5-1474:36, due to different method subarray @ FortressLibrary.fsi:1471:5-1474:36, Asbtract method subarray @ FortressLibrary.fss:2143:5-2146:34 is not declared in the API), (TraitDecl ImmutableArray1 at FortressLibrary.fsi:1481.1, due to missing members of the trait/object in the component), (ObjectDecl GreaterThan at FortressLibrary.fsi:148.1, due to different method CMP @ FortressLibrary.fsi:150:5-48), (TraitDecl Array1 at FortressLibrary.fsi:1510.1, due to missing members of the trait/object in the component), (ObjectDecl EqualTo at FortressLibrary.fsi:158.1, due to different method < @ FortressLibrary.fsi:161:5-40), (TraitDecl Array2 at FortressLibrary.fsi:1612.1, due to different method bounds @ FortressLibrary.fsi:1618:3-49, due to different method bounds @ FortressLibrary.fsi:1618:3-49, Asbtract method put @ FortressLibrary.fss:2512:3-32 is not declared in the API), (TraitDecl Array3 at FortressLibrary.fsi:1727.1, due to different method bounds @ FortressLibrary.fsi:1741:5-1742:1), (TraitDecl Reduction at FortressLibrary.fsi:1789.1, due to different method empty @ FortressLibrary.fsi:1791:5-14, due to different method empty @ FortressLibrary.fsi:1791:5-14, Asbtract method empty @ FortressLibrary.fss:2962:5-14 is not declared in the API), (TraitDecl ActualReduction at FortressLibrary.fsi:1799.1, due to missing members of the trait/object in the component, due to missing members of the trait/object in the component, Asbtract method lift @ FortressLibrary.fss:2978:5-19 is not declared in the API), (TraitDecl PossibleReductionPair at FortressLibrary.fsi:1815.1, due to different extends clauses), (TraitDecl ReductionPair at FortressLibrary.fsi:1831.1, due to different extends clauses), (ObjectDecl BigReduction at FortressLibrary.fsi:1871.1, due to missing members of the trait/object in the component), (ObjectDecl Comprehension at FortressLibrary.fsi:1877.1, due to missing members of the trait/object in the component), (TraitDecl StandardMin at FortressLibrary.fsi:189.1, due to different method MIN @ FortressLibrary.fsi:190:5-191:1, due to different method MIN @ FortressLibrary.fsi:190:5-191:1, Asbtract method MIN @ FortressLibrary.fss:242:5-243:1 is not declared in the API), (TraitDecl StandardMax at FortressLibrary.fsi:200.1, due to different method MAX @ FortressLibrary.fsi:201:5-202:1, due to different method MAX @ FortressLibrary.fsi:201:5-202:1, Asbtract method MAX @ FortressLibrary.fss:253:5-254:1 is not declared in the API), (TraitDecl FilterGenerator at FortressLibrary.fsi:2076.1, due to different method g @ FortressLibrary.fsi:2077:5-30, due to different method g @ FortressLibrary.fsi:2077:5-30, Asbtract method g @ FortressLibrary.fss:3522:5-30 is not declared in the API), (TraitDecl Range at FortressLibrary.fsi:2095.1, due to missing members of the trait/object in the component, different excludes clauses for traits), (TraitDecl OpenRange at FortressLibrary.fsi:2127.1, due to Asbtract method forward @ FortressLibrary.fss:3767:5-29 is not declared in the API), (TraitDecl RangeWithExtent at FortressLibrary.fsi:2144.1, due to different method extent @ FortressLibrary.fsi:2145:5-2146:1, due to different method extent @ FortressLibrary.fsi:2145:5-2146:1, Asbtract method extent @ FortressLibrary.fss:3790:5-3791:1 is not declared in the API), (TraitDecl BoundedRange at FortressLibrary.fsi:2156.1, due to different method leftOrRight @ FortressLibrary.fsi:2157:5-2158:4, due to different method leftOrRight @ FortressLibrary.fsi:2157:5-2158:4, Asbtract method leftOrRight @ FortressLibrary.fss:3813:5-3814:4 is not declared in the API), (TraitDecl RangeWithLeft at FortressLibrary.fsi:2165.1, due to different method left @ FortressLibrary.fsi:2166:5-28, due to different method left @ FortressLibrary.fsi:2166:5-28, Asbtract method left @ FortressLibrary.fss:3823:5-28 is not declared in the API), (TraitDecl RangeWithRight at FortressLibrary.fsi:2177.1, due to different method right @ FortressLibrary.fsi:2178:5-2179:1, due to different method right @ FortressLibrary.fsi:2178:5-2179:1, Asbtract method right @ FortressLibrary.fss:3848:5-3849:1 is not declared in the API), (TraitDecl FullRange at FortressLibrary.fsi:2189.1, due to different method extent @ FortressLibrary.fsi:2190:5-30, due to different method extent @ FortressLibrary.fsi:2190:5-30, Asbtract method extent @ FortressLibrary.fss:3873:5-30 is not declared in the API), (TraitDecl CompactFullRange at FortressLibrary.fsi:2197.1, due to different method |_| @ FortressLibrary.fsi:2200:5-18), (TraitDecl String at FortressLibrary.fsi:2330.1, due to different extends clauses, missing members of the trait/object in the component, due to different extends clauses, missing members of the trait/object in the component, Asbtract method size @ FortressLibrary.fss:4050:5-24 is not declared in the API, different excludes clauses for traits), (TraitDecl Generator2 at FortressLibrary.fsi:2551.1, due to different method seed @ FortressLibrary.fsi:2553:3-35, due to different method seed @ FortressLibrary.fsi:2553:3-35, Asbtract method seed @ FortressLibrary.fss:4459:3-35 is not declared in the API), (TraitDecl RelationalPredicateCondition at FortressLibrary.fsi:2569.1, due to different method relation @ FortressLibrary.fsi:2570:3-2571:2, due to different method relation @ FortressLibrary.fsi:2570:3-2571:2, Asbtract method relation @ FortressLibrary.fss:4535:3-4536:2 is not declared in the API), (TraitDecl MultiplicativeRing at FortressLibrary.fsi:272.1, due to different method ^ @ FortressLibrary.fsi:278:5-279:1, due to different method ^ @ FortressLibrary.fsi:278:5-279:1, Asbtract method ^ @ FortressLibrary.fss:355:5-356:1 is not declared in the API), (TraitDecl Number at FortressLibrary.fsi:281.1, due to different method asFloat @ FortressLibrary.fsi:284:5-287:30, due to different method asFloat @ FortressLibrary.fsi:284:5-287:30, Asbtract method asFloat @ FortressLibrary.fss:360:5-363:30 is not declared in the API), (TraitDecl RR64 at FortressLibrary.fsi:291.1, due to different method |\_/| @ FortressLibrary.fsi:369:5-23), (TraitDecl QQ at FortressLibrary.fsi:387.1, due to different method ^ @ FortressLibrary.fsi:422:5-30, due to different method ^ @ FortressLibrary.fsi:422:5-30, Asbtract method isNaN @ FortressLibrary.fss:561:5-27 is not declared in the API), (TraitDecl Integral at FortressLibrary.fsi:436.1, due to different method zero @ FortressLibrary.fsi:437:5-20, due to different method zero @ FortressLibrary.fsi:437:5-20, Asbtract method zero @ FortressLibrary.fss:651:5-20 is not declared in the API), (TraitDecl Equality at FortressLibrary.fsi:73.1, due to different method = @ FortressLibrary.fsi:74:5-75:1), (TraitDecl Condition at FortressLibrary.fsi:838.1, due to different extends clauses, due to different extends clauses, different method indexValuePairs @ FortressLibrary.fsi:846:5-51), (TraitDecl AnyMaybe at FortressLibrary.fsi:884.1, due to missing members of the trait/object in the component), (TraitDecl Maybe at FortressLibrary.fsi:900.1, due to different extends clauses), (ObjectDecl Just at FortressLibrary.fsi:906.1, due to different method _[_] @ FortressLibrary.fsi:915:5-35), (ObjectDecl Nothing at FortressLibrary.fsi:930.1, due to different method _[_] @ FortressLibrary.fsi:939:5-38), (TraitDecl AnyUniqueItem at FortressLibrary.fsi:953.1, due to different method holds @ FortressLibrary.fsi:954:5-28, due to different method holds @ FortressLibrary.fsi:954:5-28, Asbtract method holds @ FortressLibrary.fss:1480:5-28 is not declared in the API) }
export	The following declarations in API List are not matched by the declarations in component List. Unmatched declar	-	component List	export	List.fss:12	The following declarations in API List are not matched by the declarations in component List. Unmatched declarations: { (ObjectDecl Concat at List.fsi:130.1, due to different modifiers), (TraitDecl AnyList at List.fsi:55.1, due to different excludes clauses for traits), (TraitDecl List at List.fsi:67.1, due to different method extractLeft @ List.fsi:76:3-46, due to different method extractLeft @ List.fsi:76:3-46, Asbtract method extractLeft @ List.fss:121:5-48 is not declared in the API, different excludes clauses for traits) }
export	The following declarations in API RangeInternals are not matched by the declarations in component RangeInterna	-	component RangeInternals	export	RangeInternals.fss:12	The following declarations in API RangeInternals are not matched by the declarations in component RangeInternals. Unmatched declarations: { (TraitDecl ActualRange3D at RangeInternals.fsi:101.1, due to different method range1 @ RangeInternals.fsi:103:5-28, due to different method range1 @ RangeInternals.fsi:103:5-28, Asbtract method range1 @ RangeInternals.fss:276:5-28 is not declared in the API), (TraitDecl BoundedScalarRange at RangeInternals.fsi:218.1, due to different method nonemptyUpwardIntersectionWithPoint @ RangeInternals.fsi:224:5-225:1, due to different method nonemptyUpwardIntersectionWithPoint @ RangeInternals.fsi:224:5-225:1, Asbtract method nonemptyUpwardIntersectionWithPoint @ RangeInternals.fss:530:5-531:1 is not declared in the API), (TraitDecl ScalarRange at RangeInternals.fsi:44.1, due to different method intersectWithExtent @ RangeInternals.fsi:47:5-68, due to different method intersectWithExtent @ RangeInternals.fsi:47:5-68, Asbtract method intersectWithExtent @ RangeInternals.fss:151:5-67 is not declared in the API), (TraitDecl Range2D at RangeInternals.fsi:53.1, due to different method range1 @ RangeInternals.fsi:55:5-32, due to different method range1 @ RangeInternals.fsi:55:5-32, Asbtract method range1 @ RangeInternals.fss:168:5-32 is not declared in the API), (TraitDecl ActualRange2D at RangeInternals.fsi:70.1, due to different method range1 @ RangeInternals.fsi:72:5-28, due to different method range1 @ RangeInternals.fsi:72:5-28, Asbtract method range1 @ RangeInternals.fss:211:5-28 is not declared in the API), (TraitDecl Range3D at RangeInternals.fsi:82.1, due to different method range1 @ RangeInternals.fsi:84:5-32, due to different method range1 @ RangeInternals.fsi:84:5-32, Asbtract method range1 @ RangeInternals.fss:224:5-32 is not declared in the API) }
export	The following declarations in API Stream are not matched by the declarations in component Stream. Unmatched de	-	component Stream	export	Stream.fss:12	The following declarations in API Stream are not matched by the declarations in component Stream. Unmatched declarations: { (TraitDecl Closeable at Stream.fsi:19.1, due to different method close @ Stream.fsi:20:5-21:1, due to different method close @ Stream.fsi:20:5-21:1, Asbtract method close @ Stream.fss:21:5-22:1 is not declared in the API), (TraitDecl FileStream at Stream.fsi:23.1, due to different method fileName @ Stream.fsi:24:5-25:1, due to different method fileName @ Stream.fsi:24:5-25:1, Asbtract method fileName @ Stream.fss:25:5-26:1 is not declared in the API), (TraitDecl Consumable at Stream.fsi:27.1, due to different method consume @ Stream.fsi:28:5-29:6, due to different method consume @ Stream.fsi:28:5-29:6, Asbtract method consume @ Stream.fss:29:5-30:6 is not declared in the API), (TraitDecl WriteStream at Stream.fsi:32.1, due to different method write @ Stream.fsi:39:5-40:4, due to different method write @ Stream.fsi:39:5-40:4, Asbtract method write @ Stream.fss:38:5-32 is not declared in the API) }
export	The following declarations in API String are not matched by the declarations in component String. Unmatched de	-	component String	export	String.fss:12	The following declarations in API String are not matched by the declarations in component String. Unmatched declarations: { (ObjectDecl CatString at String.fsi:16.3, due to different extends clauses), (ObjectDecl EmptyString at String.fsi:19.3, due to different extends clauses), (ObjectDecl SubString at String.fsi:22.3, due to different extends clauses, different parameters, different parameters for object constructors), (ObjectDecl StringStats at String.fsi:25.3, due to different method minFlat @ String.fsi:26:5-26) }
export	The following declarations in API Writer are not matched by the declarations in component Writer. Unmatched de	-	component Writer	export	Writer.fss:12	The following declarations in API Writer are not matched by the declarations in component Writer. Unmatched declarations: { (ObjectDecl BufferedWriter at Writer.fsi:22.1, due to different parameters, different parameters for object constructors) }
overloading	FORWARD_CMP	same-sparams	api FortressLibrary	overloading	FortressLibrary.fsi:2133,FortressLibrary.fsi:2153	Invalid overloading of FORWARD_CMP in API FortressLibrary: [\I\](ExtentRange[\I\], Range[\I\])->Comparison @ FortressLibrary.fsi:2153:5-2154:1 and [\I\](OpenRange[\I\], OpenRange[\I\])->Comparison @ FortressLibrary.fsi:2133:5-59
overloading	FORWARD_CMP	same-sparams	api FortressLibrary	overloading	FortressLibrary.fsi:2133,FortressLibrary.fsi:2174	Invalid overloading of FORWARD_CMP in API FortressLibrary: [\I\](LeftRange[\I\], Range[\I\])->Comparison @ FortressLibrary.fsi:2174:5-2175:1 and [\I\](OpenRange[\I\], OpenRange[\I\])->Comparison @ FortressLibrary.fsi:2133:5-59
overloading	FORWARD_CMP	same-sparams	api FortressLibrary	overloading	FortressLibrary.fsi:2133,FortressLibrary.fsi:2186	Invalid overloading of FORWARD_CMP in API FortressLibrary: [\I\](OpenRange[\I\], OpenRange[\I\])->Comparison @ FortressLibrary.fsi:2133:5-59 and [\I\](RightRange[\I\], Range[\I\])->Comparison @ FortressLibrary.fsi:2186:5-2187:1
overloading	FORWARD_CMP	same-sparams	api FortressLibrary	overloading	FortressLibrary.fsi:2133,FortressLibrary.fsi:2193	Invalid overloading of FORWARD_CMP in API FortressLibrary: [\I\](FullRange[\I\], Range[\I\])->Comparison @ FortressLibrary.fsi:2193:5-56 and [\I\](OpenRange[\I\], OpenRange[\I\])->Comparison @ FortressLibrary.fsi:2133:5-59
overloading	FORWARD_CMP	same-sparams	api FortressLibrary	overloading	FortressLibrary.fsi:2133,FortressLibrary.fsi:2194	Invalid overloading of FORWARD_CMP in API FortressLibrary: [\I\](FullRange[\I\], FullRange[\I\])->Comparison @ FortressLibrary.fsi:2194:5-2195:1 and [\I\](OpenRange[\I\], OpenRange[\I\])->Comparison @ FortressLibrary.fsi:2133:5-59
overloading	FORWARD_CMP	same-sparams	api FortressLibrary	overloading	FortressLibrary.fsi:2134,FortressLibrary.fsi:2153	Invalid overloading of FORWARD_CMP in API FortressLibrary: [\I\](ExtentRange[\I\], Range[\I\])->Comparison @ FortressLibrary.fsi:2153:5-2154:1 and [\I\](OpenRange[\I\], Range[\I\])->Comparison @ FortressLibrary.fsi:2134:5-55
overloading	FORWARD_CMP	same-sparams	api FortressLibrary	overloading	FortressLibrary.fsi:2134,FortressLibrary.fsi:2174	Invalid overloading of FORWARD_CMP in API FortressLibrary: [\I\](LeftRange[\I\], Range[\I\])->Comparison @ FortressLibrary.fsi:2174:5-2175:1 and [\I\](OpenRange[\I\], Range[\I\])->Comparison @ FortressLibrary.fsi:2134:5-55
overloading	FORWARD_CMP	same-sparams	api FortressLibrary	overloading	FortressLibrary.fsi:2134,FortressLibrary.fsi:2186	Invalid overloading of FORWARD_CMP in API FortressLibrary: [\I\](OpenRange[\I\], Range[\I\])->Comparison @ FortressLibrary.fsi:2134:5-55 and [\I\](RightRange[\I\], Range[\I\])->Comparison @ FortressLibrary.fsi:2186:5-2187:1
overloading	FORWARD_CMP	same-sparams	api FortressLibrary	overloading	FortressLibrary.fsi:2134,FortressLibrary.fsi:2193	Invalid overloading of FORWARD_CMP in API FortressLibrary: [\I\](FullRange[\I\], Range[\I\])->Comparison @ FortressLibrary.fsi:2193:5-56 and [\I\](OpenRange[\I\], Range[\I\])->Comparison @ FortressLibrary.fsi:2134:5-55
overloading	FORWARD_CMP	same-sparams	api FortressLibrary	overloading	FortressLibrary.fsi:2134,FortressLibrary.fsi:2194	Invalid overloading of FORWARD_CMP in API FortressLibrary: [\I\](FullRange[\I\], FullRange[\I\])->Comparison @ FortressLibrary.fsi:2194:5-2195:1 and [\I\](OpenRange[\I\], Range[\I\])->Comparison @ FortressLibrary.fsi:2134:5-55
overloading	FORWARD_CMP	same-sparams	api FortressLibrary	overloading	FortressLibrary.fsi:2153,FortressLibrary.fsi:2174	Invalid overloading of FORWARD_CMP in API FortressLibrary: [\I\](ExtentRange[\I\], Range[\I\])->Comparison @ FortressLibrary.fsi:2153:5-2154:1 and [\I\](LeftRange[\I\], Range[\I\])->Comparison @ FortressLibrary.fsi:2174:5-2175:1
overloading	FORWARD_CMP	same-sparams	api FortressLibrary	overloading	FortressLibrary.fsi:2153,FortressLibrary.fsi:2186	Invalid overloading of FORWARD_CMP in API FortressLibrary: [\I\](ExtentRange[\I\], Range[\I\])->Comparison @ FortressLibrary.fsi:2153:5-2154:1 and [\I\](RightRange[\I\], Range[\I\])->Comparison @ FortressLibrary.fsi:2186:5-2187:1
overloading	FORWARD_CMP	same-sparams	api FortressLibrary	overloading	FortressLibrary.fsi:2153,FortressLibrary.fsi:2193	Invalid overloading of FORWARD_CMP in API FortressLibrary: [\I\](ExtentRange[\I\], Range[\I\])->Comparison @ FortressLibrary.fsi:2153:5-2154:1 and [\I\](FullRange[\I\], Range[\I\])->Comparison @ FortressLibrary.fsi:2193:5-56
overloading	FORWARD_CMP	same-sparams	api FortressLibrary	overloading	FortressLibrary.fsi:2153,FortressLibrary.fsi:2194	Invalid overloading of FORWARD_CMP in API FortressLibrary: [\I\](ExtentRange[\I\], Range[\I\])->Comparison @ FortressLibrary.fsi:2153:5-2154:1 and [\I\](FullRange[\I\], FullRange[\I\])->Comparison @ FortressLibrary.fsi:2194:5-2195:1
overloading	FORWARD_CMP	same-sparams	api FortressLibrary	overloading	FortressLibrary.fsi:2174,FortressLibrary.fsi:2186	Invalid overloading of FORWARD_CMP in API FortressLibrary: [\I\](LeftRange[\I\], Range[\I\])->Comparison @ FortressLibrary.fsi:2174:5-2175:1 and [\I\](RightRange[\I\], Range[\I\])->Comparison @ FortressLibrary.fsi:2186:5-2187:1
overloading	FORWARD_CMP	same-sparams	api FortressLibrary	overloading	FortressLibrary.fsi:2174,FortressLibrary.fsi:2193	Invalid overloading of FORWARD_CMP in API FortressLibrary: [\I\](FullRange[\I\], Range[\I\])->Comparison @ FortressLibrary.fsi:2193:5-56 and [\I\](LeftRange[\I\], Range[\I\])->Comparison @ FortressLibrary.fsi:2174:5-2175:1
overloading	FORWARD_CMP	same-sparams	api FortressLibrary	overloading	FortressLibrary.fsi:2174,FortressLibrary.fsi:2194	Invalid overloading of FORWARD_CMP in API FortressLibrary: [\I\](FullRange[\I\], FullRange[\I\])->Comparison @ FortressLibrary.fsi:2194:5-2195:1 and [\I\](LeftRange[\I\], Range[\I\])->Comparison @ FortressLibrary.fsi:2174:5-2175:1
overloading	FORWARD_CMP	same-sparams	api FortressLibrary	overloading	FortressLibrary.fsi:2186,FortressLibrary.fsi:2193	Invalid overloading of FORWARD_CMP in API FortressLibrary: [\I\](FullRange[\I\], Range[\I\])->Comparison @ FortressLibrary.fsi:2193:5-56 and [\I\](RightRange[\I\], Range[\I\])->Comparison @ FortressLibrary.fsi:2186:5-2187:1
overloading	FORWARD_CMP	same-sparams	api FortressLibrary	overloading	FortressLibrary.fsi:2186,FortressLibrary.fsi:2194	Invalid overloading of FORWARD_CMP in API FortressLibrary: [\I\](FullRange[\I\], FullRange[\I\])->Comparison @ FortressLibrary.fsi:2194:5-2195:1 and [\I\](RightRange[\I\], Range[\I\])->Comparison @ FortressLibrary.fsi:2186:5-2187:1
overloading	FORWARD_CMP	same-sparams	component FortressLibrary	overloading	FortressLibrary.fss:3764,FortressLibrary.fss:3798	Invalid overloading of FORWARD_CMP in component FortressLibrary: [\I\](ExtentRange[\I\], Range[\I\])->Comparison @ FortressLibrary.fss:3798:5-3806:10 and [\I\](OpenRange[\I\], OpenRange[\I\])->Comparison @ FortressLibrary.fss:3764:5-69
overloading	FORWARD_CMP	same-sparams	component FortressLibrary	overloading	FortressLibrary.fss:3764,FortressLibrary.fss:3831	Invalid overloading of FORWARD_CMP in component FortressLibrary: [\I\](LeftRange[\I\], Range[\I\])->Comparison @ FortressLibrary.fss:3831:5-3844:10 and [\I\](OpenRange[\I\], OpenRange[\I\])->Comparison @ FortressLibrary.fss:3764:5-69
overloading	FORWARD_CMP	same-sparams	component FortressLibrary	overloading	FortressLibrary.fss:3764,FortressLibrary.fss:3856	Invalid overloading of FORWARD_CMP in component FortressLibrary: [\I\](OpenRange[\I\], OpenRange[\I\])->Comparison @ FortressLibrary.fss:3764:5-69 and [\I\](RightRange[\I\], Range[\I\])->Comparison @ FortressLibrary.fss:3856:5-3869:10
overloading	FORWARD_CMP	same-sparams	component FortressLibrary	overloading	FortressLibrary.fss:3764,FortressLibrary.fss:3882	Invalid overloading of FORWARD_CMP in component FortressLibrary: [\I\](FullRange[\I\], Range[\I\])->Comparison @ FortressLibrary.fss:3882:5-91 and [\I\](OpenRange[\I\], OpenRange[\I\])->Comparison @ FortressLibrary.fss:3764:5-69
overloading	FORWARD_CMP	same-sparams	component FortressLibrary	overloading	FortressLibrary.fss:3764,FortressLibrary.fss:3883	Invalid overloading of FORWARD_CMP in component FortressLibrary: [\I\](FullRange[\I\], FullRange[\I\])->Comparison @ FortressLibrary.fss:3883:5-3885:47 and [\I\](OpenRange[\I\], OpenRange[\I\])->Comparison @ FortressLibrary.fss:3764:5-69
overloading	FORWARD_CMP	same-sparams	component FortressLibrary	overloading	FortressLibrary.fss:3765,FortressLibrary.fss:3798	Invalid overloading of FORWARD_CMP in component FortressLibrary: [\I\](ExtentRange[\I\], Range[\I\])->Comparison @ FortressLibrary.fss:3798:5-3806:10 and [\I\](OpenRange[\I\], Range[\I\])->Comparison @ FortressLibrary.fss:3765:5-69
overloading	FORWARD_CMP	same-sparams	component FortressLibrary	overloading	FortressLibrary.fss:3765,FortressLibrary.fss:3831	Invalid overloading of FORWARD_CMP in component FortressLibrary: [\I\](LeftRange[\I\], Range[\I\])->Comparison @ FortressLibrary.fss:3831:5-3844:10 and [\I\](OpenRange[\I\], Range[\I\])->Comparison @ FortressLibrary.fss:3765:5-69
overloading	FORWARD_CMP	same-sparams	component FortressLibrary	overloading	FortressLibrary.fss:3765,FortressLibrary.fss:3856	Invalid overloading of FORWARD_CMP in component FortressLibrary: [\I\](OpenRange[\I\], Range[\I\])->Comparison @ FortressLibrary.fss:3765:5-69 and [\I\](RightRange[\I\], Range[\I\])->Comparison @ FortressLibrary.fss:3856:5-3869:10
overloading	FORWARD_CMP	same-sparams	component FortressLibrary	overloading	FortressLibrary.fss:3765,FortressLibrary.fss:3882	Invalid overloading of FORWARD_CMP in component FortressLibrary: [\I\](FullRange[\I\], Range[\I\])->Comparison @ FortressLibrary.fss:3882:5-91 and [\I\](OpenRange[\I\], Range[\I\])->Comparison @ FortressLibrary.fss:3765:5-69
overloading	FORWARD_CMP	same-sparams	component FortressLibrary	overloading	FortressLibrary.fss:3765,FortressLibrary.fss:3883	Invalid overloading of FORWARD_CMP in component FortressLibrary: [\I\](FullRange[\I\], FullRange[\I\])->Comparison @ FortressLibrary.fss:3883:5-3885:47 and [\I\](OpenRange[\I\], Range[\I\])->Comparison @ FortressLibrary.fss:3765:5-69
overloading	FORWARD_CMP	same-sparams	component FortressLibrary	overloading	FortressLibrary.fss:3798,FortressLibrary.fss:3831	Invalid overloading of FORWARD_CMP in component FortressLibrary: [\I\](ExtentRange[\I\], Range[\I\])->Comparison @ FortressLibrary.fss:3798:5-3806:10 and [\I\](LeftRange[\I\], Range[\I\])->Comparison @ FortressLibrary.fss:3831:5-3844:10
overloading	FORWARD_CMP	same-sparams	component FortressLibrary	overloading	FortressLibrary.fss:3798,FortressLibrary.fss:3856	Invalid overloading of FORWARD_CMP in component FortressLibrary: [\I\](ExtentRange[\I\], Range[\I\])->Comparison @ FortressLibrary.fss:3798:5-3806:10 and [\I\](RightRange[\I\], Range[\I\])->Comparison @ FortressLibrary.fss:3856:5-3869:10
overloading	FORWARD_CMP	same-sparams	component FortressLibrary	overloading	FortressLibrary.fss:3798,FortressLibrary.fss:3882	Invalid overloading of FORWARD_CMP in component FortressLibrary: [\I\](ExtentRange[\I\], Range[\I\])->Comparison @ FortressLibrary.fss:3798:5-3806:10 and [\I\](FullRange[\I\], Range[\I\])->Comparison @ FortressLibrary.fss:3882:5-91
overloading	FORWARD_CMP	same-sparams	component FortressLibrary	overloading	FortressLibrary.fss:3798,FortressLibrary.fss:3883	Invalid overloading of FORWARD_CMP in component FortressLibrary: [\I\](ExtentRange[\I\], Range[\I\])->Comparison @ FortressLibrary.fss:3798:5-3806:10 and [\I\](FullRange[\I\], FullRange[\I\])->Comparison @ FortressLibrary.fss:3883:5-3885:47
overloading	FORWARD_CMP	same-sparams	component FortressLibrary	overloading	FortressLibrary.fss:3831,FortressLibrary.fss:3856	Invalid overloading of FORWARD_CMP in component FortressLibrary: [\I\](LeftRange[\I\], Range[\I\])->Comparison @ FortressLibrary.fss:3831:5-3844:10 and [\I\](RightRange[\I\], Range[\I\])->Comparison @ FortressLibrary.fss:3856:5-3869:10
overloading	FORWARD_CMP	same-sparams	component FortressLibrary	overloading	FortressLibrary.fss:3831,FortressLibrary.fss:3882	Invalid overloading of FORWARD_CMP in component FortressLibrary: [\I\](FullRange[\I\], Range[\I\])->Comparison @ FortressLibrary.fss:3882:5-91 and [\I\](LeftRange[\I\], Range[\I\])->Comparison @ FortressLibrary.fss:3831:5-3844:10
overloading	FORWARD_CMP	same-sparams	component FortressLibrary	overloading	FortressLibrary.fss:3831,FortressLibrary.fss:3883	Invalid overloading of FORWARD_CMP in component FortressLibrary: [\I\](FullRange[\I\], FullRange[\I\])->Comparison @ FortressLibrary.fss:3883:5-3885:47 and [\I\](LeftRange[\I\], Range[\I\])->Comparison @ FortressLibrary.fss:3831:5-3844:10
overloading	FORWARD_CMP	same-sparams	component FortressLibrary	overloading	FortressLibrary.fss:3856,FortressLibrary.fss:3882	Invalid overloading of FORWARD_CMP in component FortressLibrary: [\I\](FullRange[\I\], Range[\I\])->Comparison @ FortressLibrary.fss:3882:5-91 and [\I\](RightRange[\I\], Range[\I\])->Comparison @ FortressLibrary.fss:3856:5-3869:10
overloading	FORWARD_CMP	same-sparams	component FortressLibrary	overloading	FortressLibrary.fss:3856,FortressLibrary.fss:3883	Invalid overloading of FORWARD_CMP in component FortressLibrary: [\I\](FullRange[\I\], FullRange[\I\])->Comparison @ FortressLibrary.fss:3883:5-3885:47 and [\I\](RightRange[\I\], Range[\I\])->Comparison @ FortressLibrary.fss:3856:5-3869:10
overloading	IN	same-sparams	api FortressLibrary	overloading	FortressLibrary.fsi:2114,FortressLibrary.fsi:766	Invalid overloading of IN in API FortressLibrary: [\E\](E, Generator[\E\])->Boolean @ FortressLibrary.fsi:766:5-767:1 and [\I\](I, Range[\I\])->Boolean @ FortressLibrary.fsi:2114:5-40
overloading	IN	same-sparams	api FortressLibrary	overloading	FortressLibrary.fsi:2114,FortressLibrary.fsi:865	Invalid overloading of IN in API FortressLibrary: [\E\](E, Condition[\E\])->Boolean @ FortressLibrary.fsi:865:5-866:1 and [\I\](I, Range[\I\])->Boolean @ FortressLibrary.fsi:2114:5-40
overloading	IN	same-sparams	api FortressLibrary	overloading	FortressLibrary.fsi:2135,FortressLibrary.fsi:2152	Invalid overloading of IN in API FortressLibrary: [\I\](I, ExtentRange[\I\])->Boolean @ FortressLibrary.fsi:2152:5-31 and [\I\](I, OpenRange[\I\])->Boolean @ FortressLibrary.fsi:2135:5-2136:1
overloading	IN	same-sparams	api FortressLibrary	overloading	FortressLibrary.fsi:2135,FortressLibrary.fsi:766	Invalid overloading of IN in API FortressLibrary: [\E\](E, Generator[\E\])->Boolean @ FortressLibrary.fsi:766:5-767:1 and [\I\](I, OpenRange[\I\])->Boolean @ FortressLibrary.fsi:2135:5-2136:1
overloading	IN	same-sparams	api FortressLibrary	overloading	FortressLibrary.fsi:2135,FortressLibrary.fsi:865	Invalid overloading of IN in API FortressLibrary: [\E\](E, Condition[\E\])->Boolean @ FortressLibrary.fsi:865:5-866:1 and [\I\](I, OpenRange[\I\])->Boolean @ FortressLibrary.fsi:2135:5-2136:1
overloading	IN	same-sparams	api FortressLibrary	overloading	FortressLibrary.fsi:2152,FortressLibrary.fsi:766	Invalid overloading of IN in API FortressLibrary: [\E\](E, Generator[\E\])->Boolean @ FortressLibrary.fsi:766:5-767:1 and [\I\](I, ExtentRange[\I\])->Boolean @ FortressLibrary.fsi:2152:5-31
overloading	IN	same-sparams	api FortressLibrary	overloading	FortressLibrary.fsi:2152,FortressLibrary.fsi:865	Invalid overloading of IN in API FortressLibrary: [\E\](E, Condition[\E\])->Boolean @ FortressLibrary.fsi:865:5-866:1 and [\I\](I, ExtentRange[\I\])->Boolean @ FortressLibrary.fsi:2152:5-31
overloading	IN	same-sparams	api RangeInternals	overloading	RangeInternals.fsi:400,RangeInternals.fsi:475	Invalid overloading of IN in API RangeInternals: (ZZ32, RangeInternals.CompactFullScalarRange)->Boolean @ RangeInternals.fsi:400:5-401:5 and (ZZ32, RangeInternals.StridedFullScalarRange)->Boolean @ RangeInternals.fsi:475:5-476:5
overloading	IN	same-sparams	component FortressLibrary	overloading	FortressLibrary.fss:1162,FortressLibrary.fss:3766	Invalid overloading of IN in component FortressLibrary: [\E\](E, Generator[\E\])->Boolean @ FortressLibrary.fss:1162:5-55 and [\I\](I, OpenRange[\I\])->Boolean @ FortressLibrary.fss:3766:5-37
overloading	IN	same-sparams	component FortressLibrary	overloading	FortressLibrary.fss:1162,FortressLibrary.fss:3797	Invalid overloading of IN in component FortressLibrary: [\E\](E, Generator[\E\])->Boolean @ FortressLibrary.fss:1162:5-55 and [\I\](I, ExtentRange[\I\])->Boolean @ FortressLibrary.fss:3797:5-37
overloading	IN	same-sparams	component FortressLibrary	overloading	FortressLibrary.fss:1346,FortressLibrary.fss:3766	Invalid overloading of IN in component FortressLibrary: [\E\](E, Condition[\E\])->Boolean @ FortressLibrary.fss:1346:5-88 and [\I\](I, OpenRange[\I\])->Boolean @ FortressLibrary.fss:3766:5-37
overloading	IN	same-sparams	component FortressLibrary	overloading	FortressLibrary.fss:1346,FortressLibrary.fss:3797	Invalid overloading of IN in component FortressLibrary: [\E\](E, Condition[\E\])->Boolean @ FortressLibrary.fss:1346:5-88 and [\I\](I, ExtentRange[\I\])->Boolean @ FortressLibrary.fss:3797:5-37
overloading	IN	same-sparams	component FortressLibrary	overloading	FortressLibrary.fss:3766,FortressLibrary.fss:3797	Invalid overloading of IN in component FortressLibrary: [\I\](I, ExtentRange[\I\])->Boolean @ FortressLibrary.fss:3797:5-37 and [\I\](I, OpenRange[\I\])->Boolean @ FortressLibrary.fss:3766:5-37
overloading	IN	same-sparams	component FortressLibrary	overloading	RangeInternals.fsi:400,RangeInternals.fsi:475	Invalid overloading of IN in component FortressLibrary: (ZZ32, RangeInternals.CompactFullScalarRange)->Boolean @ RangeInternals.fsi:400:5-401:5 and (ZZ32, RangeInternals.StridedFullScalarRange)->Boolean @ RangeInternals.fsi:475:5-476:5
overloading	IN	same-sparams	component RangeInternals	overloading	RangeInternals.fss:1136,RangeInternals.fss:973	Invalid overloading of IN in component RangeInternals: (ZZ32, RangeInternals.CompactFullScalarRange)->Boolean @ RangeInternals.fss:973:5-65 and (ZZ32, RangeInternals.StridedFullScalarRange)->Boolean @ RangeInternals.fss:1136:5-1140:8
overloading	IN	sentence	component FortressLibrary	overloading	FortressLibrary.fss:1162,RangeInternals.fsi:65	Invalid overloading of IN in component FortressLibrary: ((ZZ32, ZZ32), RangeInternals.Range2D)->Boolean @ RangeInternals.fsi:65:5-42 and [\E\](E, Generator[\E\])->Boolean @ FortressLibrary.fss:1162:5-55
overloading	IN	sentence	component FortressLibrary	overloading	FortressLibrary.fss:1162,RangeInternals.fsi:96	Invalid overloading of IN in component FortressLibrary: ((ZZ32, ZZ32, ZZ32), RangeInternals.Range3D)->Boolean @ RangeInternals.fsi:96:5-48 and [\E\](E, Generator[\E\])->Boolean @ FortressLibrary.fss:1162:5-55
overloading	IN	sentence	component FortressLibrary	overloading	FortressLibrary.fss:1346,RangeInternals.fsi:400	Invalid overloading of IN in component FortressLibrary: (ZZ32, RangeInternals.CompactFullScalarRange)->Boolean @ RangeInternals.fsi:400:5-401:5 and [\E\](E, Condition[\E\])->Boolean @ FortressLibrary.fss:1346:5-88
overloading	IN	sentence	component FortressLibrary	overloading	FortressLibrary.fss:1346,RangeInternals.fsi:475	Invalid overloading of IN in component FortressLibrary: (ZZ32, RangeInternals.StridedFullScalarRange)->Boolean @ RangeInternals.fsi:475:5-476:5 and [\E\](E, Condition[\E\])->Boolean @ FortressLibrary.fss:1346:5-88
overloading	IN	sentence	component FortressLibrary	overloading	FortressLibrary.fss:1346,RangeInternals.fsi:65	Invalid overloading of IN in component FortressLibrary: ((ZZ32, ZZ32), RangeInternals.Range2D)->Boolean @ RangeInternals.fsi:65:5-42 and [\E\](E, Condition[\E\])->Boolean @ FortressLibrary.fss:1346:5-88
overloading	IN	sentence	component FortressLibrary	overloading	FortressLibrary.fss:1346,RangeInternals.fsi:96	Invalid overloading of IN in component FortressLibrary: ((ZZ32, ZZ32, ZZ32), RangeInternals.Range3D)->Boolean @ RangeInternals.fsi:96:5-48 and [\E\](E, Condition[\E\])->Boolean @ FortressLibrary.fss:1346:5-88
overloading	IN	sentence	component FortressLibrary	overloading	FortressLibrary.fss:3766,RangeInternals.fsi:400	Invalid overloading of IN in component FortressLibrary: (ZZ32, RangeInternals.CompactFullScalarRange)->Boolean @ RangeInternals.fsi:400:5-401:5 and [\I\](I, OpenRange[\I\])->Boolean @ FortressLibrary.fss:3766:5-37
overloading	IN	sentence	component FortressLibrary	overloading	FortressLibrary.fss:3766,RangeInternals.fsi:475	Invalid overloading of IN in component FortressLibrary: (ZZ32, RangeInternals.StridedFullScalarRange)->Boolean @ RangeInternals.fsi:475:5-476:5 and [\I\](I, OpenRange[\I\])->Boolean @ FortressLibrary.fss:3766:5-37
overloading	IN	sentence	component FortressLibrary	overloading	FortressLibrary.fss:3766,RangeInternals.fsi:65	Invalid overloading of IN in component FortressLibrary: ((ZZ32, ZZ32), RangeInternals.Range2D)->Boolean @ RangeInternals.fsi:65:5-42 and [\I\](I, OpenRange[\I\])->Boolean @ FortressLibrary.fss:3766:5-37
overloading	IN	sentence	component FortressLibrary	overloading	FortressLibrary.fss:3766,RangeInternals.fsi:96	Invalid overloading of IN in component FortressLibrary: ((ZZ32, ZZ32, ZZ32), RangeInternals.Range3D)->Boolean @ RangeInternals.fsi:96:5-48 and [\I\](I, OpenRange[\I\])->Boolean @ FortressLibrary.fss:3766:5-37
overloading	IN	sentence	component FortressLibrary	overloading	FortressLibrary.fss:3797,RangeInternals.fsi:400	Invalid overloading of IN in component FortressLibrary: (ZZ32, RangeInternals.CompactFullScalarRange)->Boolean @ RangeInternals.fsi:400:5-401:5 and [\I\](I, ExtentRange[\I\])->Boolean @ FortressLibrary.fss:3797:5-37
overloading	IN	sentence	component FortressLibrary	overloading	FortressLibrary.fss:3797,RangeInternals.fsi:475	Invalid overloading of IN in component FortressLibrary: (ZZ32, RangeInternals.StridedFullScalarRange)->Boolean @ RangeInternals.fsi:475:5-476:5 and [\I\](I, ExtentRange[\I\])->Boolean @ FortressLibrary.fss:3797:5-37
overloading	IN	sentence	component FortressLibrary	overloading	FortressLibrary.fss:3797,RangeInternals.fsi:65	Invalid overloading of IN in component FortressLibrary: ((ZZ32, ZZ32), RangeInternals.Range2D)->Boolean @ RangeInternals.fsi:65:5-42 and [\I\](I, ExtentRange[\I\])->Boolean @ FortressLibrary.fss:3797:5-37
overloading	IN	sentence	component FortressLibrary	overloading	FortressLibrary.fss:3797,RangeInternals.fsi:96	Invalid overloading of IN in component FortressLibrary: ((ZZ32, ZZ32, ZZ32), RangeInternals.Range3D)->Boolean @ RangeInternals.fsi:96:5-48 and [\I\](I, ExtentRange[\I\])->Boolean @ FortressLibrary.fss:3797:5-37
overloading	MAX	sentence	api FortressLibrary	overloading	FortressLibrary.fsi:201,FortressLibrary.fsi:2598	Invalid overloading of MAX in API FortressLibrary: [\T extends Number, I\](Array[\T,I\], T)->Array[\T,I\] @ FortressLibrary.fsi:2598:1-67 and [\T extends StandardMax[\T\]\](StandardMax[\T\], T)->T @ FortressLibrary.fsi:201:5-202:1
overloading	MAX	sentence	api FortressLibrary	overloading	FortressLibrary.fsi:201,FortressLibrary.fsi:2599	Invalid overloading of MAX in API FortressLibrary: [\T extends Number, I\](T, Array[\T,I\])->Array[\T,I\] @ FortressLibrary.fsi:2599:1-2602:1 and [\T extends StandardMax[\T\]\](StandardMax[\T\], T)->T @ FortressLibrary.fsi:201:5-202:1
overloading	MAX	sentence	api FortressLibrary	overloading	FortressLibrary.fsi:215,FortressLibrary.fsi:2598	Invalid overloading of MAX in API FortressLibrary: [\T extends Number, I\](Array[\T,I\], T)->Array[\T,I\] @ FortressLibrary.fsi:2598:1-67 and [\T extends StandardMinMax[\T\]\](StandardMinMax[\T\], T)->T @ FortressLibrary.fsi:215:5-216:1
overloading	MAX	sentence	api FortressLibrary	overloading	FortressLibrary.fsi:215,FortressLibrary.fsi:2599	Invalid overloading of MAX in API FortressLibrary: [\T extends Number, I\](T, Array[\T,I\])->Array[\T,I\] @ FortressLibrary.fsi:2599:1-2602:1 and [\T extends StandardMinMax[\T\]\](StandardMinMax[\T\], T)->T @ FortressLibrary.fsi:215:5-216:1
overloading	MAX	sentence	component FortressLibrary	overloading	FortressLibrary.fss:267,FortressLibrary.fss:4611	Invalid overloading of MAX in component FortressLibrary: [\T extends Number, I\](Array[\T,I\], T)->Array[\T,I\] @ FortressLibrary.fss:4611:1-105 and [\T extends StandardMinMax[\T\]\](StandardMinMax[\T\], T)->T @ FortressLibrary.fss:267:5-66
overloading	MAX	sentence	component FortressLibrary	overloading	FortressLibrary.fss:267,FortressLibrary.fss:4612	Invalid overloading of MAX in component FortressLibrary: [\T extends Number, I\](T, Array[\T,I\])->Array[\T,I\] @ FortressLibrary.fss:4612:1-4613:1 and [\T extends StandardMinMax[\T\]\](StandardMinMax[\T\], T)->T @ FortressLibrary.fss:267:5-66
overloading	MIN	sentence	api FortressLibrary	overloading	FortressLibrary.fsi:190,FortressLibrary.fsi:2596	Invalid overloading of MIN in API FortressLibrary: [\T extends Number, I\](Array[\T,I\], T)->Array[\T,I\] @ FortressLibrary.fsi:2596:1-67 and [\T extends StandardMin[\T\]\](StandardMin[\T\], T)->T @ FortressLibrary.fsi:190:5-191:1
overloading	MIN	sentence	api FortressLibrary	overloading	FortressLibrary.fsi:190,FortressLibrary.fsi:2597	Invalid overloading of MIN in API FortressLibrary: [\T extends Number, I\](T, Array[\T,I\])->Array[\T,I\] @ FortressLibrary.fsi:2597:1-67 and [\T extends StandardMin[\T\]\](StandardMin[\T\], T)->T @ FortressLibrary.fsi:190:5-191:1
overloading	MIN	sentence	api FortressLibrary	overloading	FortressLibrary.fsi:214,FortressLibrary.fsi:2596	Invalid overloading of MIN in API FortressLibrary: [\T extends Number, I\](Array[\T,I\], T)->Array[\T,I\] @ FortressLibrary.fsi:2596:1-67 and [\T extends StandardMinMax[\T\]\](StandardMinMax[\T\], T)->T @ FortressLibrary.fsi:214:5-29
overloading	MIN	sentence	api FortressLibrary	overloading	FortressLibrary.fsi:214,FortressLibrary.fsi:2597	Invalid overloading of MIN in API FortressLibrary: [\T extends Number, I\](T, Array[\T,I\])->Array[\T,I\] @ FortressLibrary.fsi:2597:1-67 and [\T extends StandardMinMax[\T\]\](StandardMinMax[\T\], T)->T @ FortressLibrary.fsi:214:5-29
overloading	MIN	sentence	component FortressLibrary	overloading	FortressLibrary.fss:266,FortressLibrary.fss:4609	Invalid overloading of MIN in component FortressLibrary: [\T extends Number, I\](Array[\T,I\], T)->Array[\T,I\] @ FortressLibrary.fss:4609:1-105 and [\T extends StandardMinMax[\T\]\](StandardMinMax[\T\], T)->T @ FortressLibrary.fss:266:5-66
overloading	MIN	sentence	component FortressLibrary	overloading	FortressLibrary.fss:266,FortressLibrary.fss:4610	Invalid overloading of MIN in component FortressLibrary: [\T extends Number, I\](T, Array[\T,I\])->Array[\T,I\] @ FortressLibrary.fss:4610:1-105 and [\T extends StandardMinMax[\T\]\](StandardMinMax[\T\], T)->T @ FortressLibrary.fss:266:5-66
overloading	SQCAP	same-sparams	api FortressLibrary	overloading	FortressLibrary.fsi:903,FortressLibrary.fsi:923	Invalid overloading of SQCAP in API FortressLibrary: [\T\]((Maybe[\T\] & {Nothing[\T\], Just[\T\]}), Maybe[\T\])->Maybe[\T\] @ FortressLibrary.fsi:903:5-904:1 and [\T\](Just[\T\], UniqueItem[\T\])->Maybe[\T\] @ FortressLibrary.fsi:923:5-50
overloading	copy	same-sparams	api FortressLibrary	overloading	FortressLibrary.fsi:1407,FortressLibrary.fsi:1438	Invalid overloading of copy in trait StandardMutableArrayType: Array[\E,I\]->Array[\E,I\] @ FortressLibrary.fsi:1407:5-32 and StandardImmutableArrayType[\T,E,I\]->T @ FortressLibrary.fsi:1438:5-1439:1
overloading	copy	same-sparams	component FortressLibrary	overloading	FortressLibrary.fss:2022,FortressLibrary.fss:2086	Invalid overloading of copy in trait StandardMutableArrayType: Array[\E,I\]->Array[\E,I\] @ FortressLibrary.fss:2022:5-2023:5 and StandardImmutableArrayType[\T,E,I\]->T @ FortressLibrary.fss:2086:5-2087:1
overloading	cross	same-sparams	component FortressLibrary	overloading	FortressLibrary.fss:1144,FortressLibrary.fss:1297	Invalid overloading of cross in trait SimpleMappedSeqGenerator: [\F\](SequentialGenerator[\F\], Generator[\F\])->Generator[\(F, F)\] @ FortressLibrary.fss:1297:5-1302:10 and [\G\](Generator[\F\], Generator[\G\])->Generator[\(F, G)\] @ FortressLibrary.fss:1144:5-1150:62
overloading	cross	same-sparams	component FortressLibrary	overloading	FortressLibrary.fss:1144,FortressLibrary.fss:1297	Invalid overloading of cross in trait SimpleNestedSeqGenerator: [\F\](SequentialGenerator[\F\], Generator[\F\])->Generator[\(F, F)\] @ FortressLibrary.fss:1297:5-1302:10 and [\G\](Generator[\F\], Generator[\G\])->Generator[\(F, G)\] @ FortressLibrary.fss:1144:5-1150:62
overloading	cross	same-sparams	component FortressLibrary	overloading	FortressLibrary.fss:1144,FortressLibrary.fss:1297	Invalid overloading of cross in trait SimplePairSeqGenerator: [\F\](SequentialGenerator[\(E, F)\], Generator[\F\])->Generator[\((E, F), F)\] @ FortressLibrary.fss:1297:5-1302:10 and [\G\](Generator[\(E, F)\], Generator[\G\])->Generator[\((E, F), G)\] @ FortressLibrary.fss:1144:5-1150:62
overloading	generate	same-sparams	api FortressLibrary	overloading	FortressLibrary.fsi:691,FortressLibrary.fsi:856	Invalid overloading of generate in trait NoReductionPair: [\G\](Condition[\SomeReductionPair[\R\]\], Reduction[\G\], SomeReductionPair[\R\]->G)->G @ FortressLibrary.fsi:856:5-52 and [\R\](Generator[\SomeReductionPair[\R\]\], Reduction[\R\], SomeReductionPair[\R\]->R)->R @ FortressLibrary.fsi:691:5-698:31
overloading	generate	same-sparams	api FortressLibrary	overloading	FortressLibrary.fsi:691,FortressLibrary.fsi:856	Invalid overloading of generate in trait PossibleReductionPair: [\G\](Condition[\SomeReductionPair[\R\]\], Reduction[\G\], SomeReductionPair[\R\]->G)->G @ FortressLibrary.fsi:856:5-52 and [\R\](Generator[\SomeReductionPair[\R\]\], Reduction[\R\], SomeReductionPair[\R\]->R)->R @ FortressLibrary.fsi:691:5-698:31
overloading	generate	same-sparams	api FortressLibrary	overloading	FortressLibrary.fsi:691,FortressLibrary.fsi:856	Invalid overloading of generate in trait ReductionPair: [\G\](Condition[\SomeReductionPair[\R\]\], Reduction[\G\], SomeReductionPair[\R\]->G)->G @ FortressLibrary.fsi:856:5-52 and [\R\](Generator[\SomeReductionPair[\R\]\], Reduction[\R\], SomeReductionPair[\R\]->R)->R @ FortressLibrary.fsi:691:5-698:31
overloading	generate	same-sparams	api FortressLibrary	overloading	FortressLibrary.fsi:691,FortressLibrary.fsi:856	Invalid overloading of generate in trait SomeReductionPair: [\G\](Condition[\SomeReductionPair[\R\]\], Reduction[\G\], SomeReductionPair[\R\]->G)->G @ FortressLibrary.fsi:856:5-52 and [\R\](Generator[\SomeReductionPair[\R\]\], Reduction[\R\], SomeReductionPair[\R\]->R)->R @ FortressLibrary.fsi:691:5-698:31
overloading	generate	same-sparams	component FortressLibrary	overloading	FortressLibrary.fss:1088,FortressLibrary.fss:1329	Invalid overloading of generate in trait NoReductionPair: [\G\](Condition[\PossibleReductionPair[\R\]\], Reduction[\G\], PossibleReductionPair[\R\]->G)->G @ FortressLibrary.fss:1329:5-1331:55 and [\R\](Generator[\PossibleReductionPair[\R\]\], Reduction[\R\], PossibleReductionPair[\R\]->R)->R @ FortressLibrary.fss:1088:5-1094:31
overloading	generate	same-sparams	component FortressLibrary	overloading	FortressLibrary.fss:1088,FortressLibrary.fss:1329	Invalid overloading of generate in trait PossibleReductionPair: [\G\](Condition[\PossibleReductionPair[\R\]\], Reduction[\G\], PossibleReductionPair[\R\]->G)->G @ FortressLibrary.fss:1329:5-1331:55 and [\R\](Generator[\PossibleReductionPair[\R\]\], Reduction[\R\], PossibleReductionPair[\R\]->R)->R @ FortressLibrary.fss:1088:5-1094:31
overloading	generate	same-sparams	component FortressLibrary	overloading	FortressLibrary.fss:1088,FortressLibrary.fss:1329	Invalid overloading of generate in trait SomeReductionPair: [\G\](Condition[\PossibleReductionPair[\R\]\], Reduction[\G\], PossibleReductionPair[\R\]->G)->G @ FortressLibrary.fss:1329:5-1331:55 and [\R\](Generator[\PossibleReductionPair[\R\]\], Reduction[\R\], PossibleReductionPair[\R\]->R)->R @ FortressLibrary.fss:1088:5-1094:31
overloading	isLeftZero	same-sparams	api FortressLibrary	overloading	FortressLibrary.fsi:1860,FortressLibrary.fsi:93	Invalid overloading of isLeftZero in trait LexicographicReduction: (LexicographicReduction, Comparison)->Boolean @ FortressLibrary.fsi:93:5-94:1 and (ReductionWithZeroes[\TotalComparison,TotalComparison\], TotalComparison)->Boolean @ FortressLibrary.fsi:1860:5-1861:4
overloading	isLeftZero	same-sparams	component FortressLibrary	overloading	FortressLibrary.fss:123,FortressLibrary.fss:3087	Invalid overloading of isLeftZero in trait LexicographicReduction: (LexicographicReduction, Comparison)->Boolean @ FortressLibrary.fss:123:5-44 and (ReductionWithZeroes[\TotalComparison,TotalComparison\], TotalComparison)->Boolean @ FortressLibrary.fss:3087:5-40
overloading	ivmap	same-sparams	api FortressLibrary	overloading	FortressLibrary.fsi:1244,FortressLibrary.fsi:858	Invalid overloading of ivmap in trait Just: [\G\](Condition[\T\], (ZZ32, T)->G)->Generator[\G\] @ FortressLibrary.fsi:858:5-46 and [\R\](Indexed[\T,ZZ32\], (ZZ32, T)->R)->Indexed[\R,ZZ32\] @ FortressLibrary.fsi:1244:5-43
overloading	ivmap	same-sparams	api FortressLibrary	overloading	FortressLibrary.fsi:1244,FortressLibrary.fsi:858	Invalid overloading of ivmap in trait Maybe: [\G\](Condition[\T\], (ZZ32, T)->G)->Generator[\G\] @ FortressLibrary.fsi:858:5-46 and [\R\](Indexed[\T,ZZ32\], (ZZ32, T)->R)->Indexed[\R,ZZ32\] @ FortressLibrary.fsi:1244:5-43
overloading	ivmap	same-sparams	api FortressLibrary	overloading	FortressLibrary.fsi:1244,FortressLibrary.fsi:858	Invalid overloading of ivmap in trait Nothing: [\G\](Condition[\T\], (ZZ32, T)->G)->Generator[\G\] @ FortressLibrary.fsi:858:5-46 and [\R\](Indexed[\T,ZZ32\], (ZZ32, T)->R)->Indexed[\R,ZZ32\] @ FortressLibrary.fsi:1244:5-43
overloading	ivmap	same-sparams	component FortressLibrary	overloading	FortressLibrary.fss:1334,FortressLibrary.fss:1811	Invalid overloading of ivmap in trait NoReductionPair: [\G\](Condition[\PossibleReductionPair[\R\]\], (ZZ32, PossibleReductionPair[\R\])->G)->Condition[\G\] @ FortressLibrary.fss:1334:5-1335:71 and [\R\](Indexed[\PossibleReductionPair[\R\],ZZ32\], (ZZ32, PossibleReductionPair[\R\])->R)->Indexed[\R,ZZ32\] @ FortressLibrary.fss:1811:5-78
overloading	ivmap	same-sparams	component FortressLibrary	overloading	FortressLibrary.fss:1334,FortressLibrary.fss:1811	Invalid overloading of ivmap in trait PossibleReductionPair: [\G\](Condition[\PossibleReductionPair[\R\]\], (ZZ32, PossibleReductionPair[\R\])->G)->Condition[\G\] @ FortressLibrary.fss:1334:5-1335:71 and [\R\](Indexed[\PossibleReductionPair[\R\],ZZ32\], (ZZ32, PossibleReductionPair[\R\])->R)->Indexed[\R,ZZ32\] @ FortressLibrary.fss:1811:5-78
overloading	ivmap	same-sparams	component FortressLibrary	overloading	FortressLibrary.fss:1334,FortressLibrary.fss:1811	Invalid overloading of ivmap in trait SomeReductionPair: [\G\](Condition[\PossibleReductionPair[\R\]\], (ZZ32, PossibleReductionPair[\R\])->G)->Condition[\G\] @ FortressLibrary.fss:1334:5-1335:71 and [\R\](Indexed[\PossibleReductionPair[\R\],ZZ32\], (ZZ32, PossibleReductionPair[\R\])->R)->Indexed[\R,ZZ32\] @ FortressLibrary.fss:1811:5-78
overloading	juxtaposition	same-sparams	api FortressLibrary	overloading	FortressLibrary.fsi:2400,FortressLibrary.fsi:2402	Invalid overloading of juxtaposition in API FortressLibrary: (Any, String)->String @ FortressLibrary.fsi:2400:5-41 and (String, Any)->String @ FortressLibrary.fsi:2402:5-2404:64
overloading	juxtaposition	same-sparams	component FortressLibrary	overloading	FortressLibrary.fss:4141,FortressLibrary.fss:4143	Invalid overloading of juxtaposition in component FortressLibrary: (Any, String)->String @ FortressLibrary.fss:4141:5-59 and (String, Any)->String @ FortressLibrary.fss:4143:5-4149:48
overloading	juxtaposition	same-sparams	component FortressLibrary	overloading	FortressLibrary.fss:4141,FortressLibrary.fss:4143	Invalid overloading of juxtaposition in trait String: (Any, String)->String @ FortressLibrary.fss:4141:5-59 and (String, Any)->String @ FortressLibrary.fss:4143:5-4149:48
overloading	juxtaposition	sentence	api FortressLibrary	overloading	FortressLibrary.fsi:2400,FortressLibrary.fsi:276	Invalid overloading of juxtaposition in API FortressLibrary: (Any, String)->String @ FortressLibrary.fsi:2400:5-41 and [\T extends MultiplicativeRing[\T\]\](MultiplicativeRing[\T\], T)->T @ FortressLibrary.fsi:276:5-277:65
overloading	juxtaposition	sentence	api FortressLibrary	overloading	FortressLibrary.fsi:2401,FortressLibrary.fsi:276	Invalid overloading of juxtaposition in API FortressLibrary: (String, String)->String @ FortressLibrary.fsi:2401:5-44 and [\T extends MultiplicativeRing[\T\]\](MultiplicativeRing[\T\], T)->T @ FortressLibrary.fsi:276:5-277:65
overloading	juxtaposition	sentence	api FortressLibrary	overloading	FortressLibrary.fsi:2402,FortressLibrary.fsi:276	Invalid overloading of juxtaposition in API FortressLibrary: (String, Any)->String @ FortressLibrary.fsi:2402:5-2404:64 and [\T extends MultiplicativeRing[\T\]\](MultiplicativeRing[\T\], T)->T @ FortressLibrary.fsi:276:5-277:65
overloading	lift	same-sparams	api FortressLibrary	overloading	FortressLibrary.fsi:1802,FortressLibrary.fsi:1841	Invalid overloading of lift in trait AssociativeReduction: (ActualReduction[\R,AnyMaybe\], R)->AnyMaybe @ FortressLibrary.fsi:1802:5-25 and (AssociativeReduction[\R\], Any)->AnyMaybe @ FortressLibrary.fsi:1841:5-25
overloading	lift	same-sparams	api FortressLibrary	overloading	FortressLibrary.fsi:1802,FortressLibrary.fsi:1841	Invalid overloading of lift in trait CommutativeReduction: (ActualReduction[\R,AnyMaybe\], R)->AnyMaybe @ FortressLibrary.fsi:1802:5-25 and (AssociativeReduction[\R\], Any)->AnyMaybe @ FortressLibrary.fsi:1841:5-25
overloading	lift	same-sparams	api FortressLibrary	overloading	FortressLibrary.fsi:1802,FortressLibrary.fsi:1841	Invalid overloading of lift in trait MaxReduction: (ActualReduction[\T,AnyMaybe\], T)->AnyMaybe @ FortressLibrary.fsi:1802:5-25 and (AssociativeReduction[\T\], Any)->AnyMaybe @ FortressLibrary.fsi:1841:5-25
overloading	lift	same-sparams	api FortressLibrary	overloading	FortressLibrary.fsi:1802,FortressLibrary.fsi:1841	Invalid overloading of lift in trait MinMaxReduction: (ActualReduction[\(T, T),AnyMaybe\], (T, T))->AnyMaybe @ FortressLibrary.fsi:1802:5-25 and (AssociativeReduction[\(T, T)\], Any)->AnyMaybe @ FortressLibrary.fsi:1841:5-25
overloading	lift	same-sparams	api FortressLibrary	overloading	FortressLibrary.fsi:1802,FortressLibrary.fsi:1841	Invalid overloading of lift in trait MinReduction: (ActualReduction[\T,AnyMaybe\], T)->AnyMaybe @ FortressLibrary.fsi:1802:5-25 and (AssociativeReduction[\T\], Any)->AnyMaybe @ FortressLibrary.fsi:1841:5-25
overloading	lift	same-sparams	api FortressLibrary	overloading	FortressLibrary.fsi:1802,FortressLibrary.fsi:1841	Invalid overloading of lift in trait NewlineReduction: (ActualReduction[\String,AnyMaybe\], String)->AnyMaybe @ FortressLibrary.fsi:1802:5-25 and (AssociativeReduction[\String\], Any)->AnyMaybe @ FortressLibrary.fsi:1841:5-25
overloading	map	same-sparams	api FortressLibrary	overloading	FortressLibrary.fsi:1245,FortressLibrary.fsi:830	Invalid overloading of map in trait Maybe: [\G\](SequentialGenerator[\T\], T->G)->SequentialGenerator[\G\] @ FortressLibrary.fsi:830:5-47 and [\R\](Indexed[\T,ZZ32\], T->R)->Indexed[\R,ZZ32\] @ FortressLibrary.fsi:1245:5-1250:5
overloading	map	same-sparams	api FortressLibrary	overloading	FortressLibrary.fsi:1245,FortressLibrary.fsi:857	Invalid overloading of map in trait Maybe: [\G\](Condition[\T\], T->G)->Condition[\G\] @ FortressLibrary.fsi:857:5-858:4 and [\R\](Indexed[\T,ZZ32\], T->R)->Indexed[\R,ZZ32\] @ FortressLibrary.fsi:1245:5-1250:5
overloading	map	same-sparams	api RangeInternals+component RangeInternals	overloading	FortressLibrary.fsi:1245,FortressLibrary.fsi:830	Invalid overloading of map in trait CompactFullSeqScalarRange: [\G\](SequentialGenerator[\ZZ32\], ZZ32->G)->SequentialGenerator[\G\] @ FortressLibrary.fsi:830:5-47 and [\R\](Indexed[\ZZ32,ZZ32\], ZZ32->R)->Indexed[\R,ZZ32\] @ FortressLibrary.fsi:1245:5-1250:5
overloading	map	same-sparams	api RangeInternals+component RangeInternals	overloading	FortressLibrary.fsi:1245,FortressLibrary.fsi:830	Invalid overloading of map in trait StridedFullSeqScalarRange: [\G\](SequentialGenerator[\ZZ32\], ZZ32->G)->SequentialGenerator[\G\] @ FortressLibrary.fsi:830:5-47 and [\R\](Indexed[\ZZ32,ZZ32\], ZZ32->R)->Indexed[\R,ZZ32\] @ FortressLibrary.fsi:1245:5-1250:5
overloading	map	same-sparams	component FortressLibrary	overloading	FortressLibrary.fss:1095,FortressLibrary.fss:1812	Invalid overloading of map in trait NoReductionPair: [\G\](Generator[\PossibleReductionPair[\R\]\], PossibleReductionPair[\R\]->G)->Generator[\G\] @ FortressLibrary.fss:1095:5-1097:72 and [\R\](Indexed[\PossibleReductionPair[\R\],ZZ32\], PossibleReductionPair[\R\]->R)->Indexed[\R,ZZ32\] @ FortressLibrary.fss:1812:5-1815:47
overloading	map	same-sparams	component FortressLibrary	overloading	FortressLibrary.fss:1095,FortressLibrary.fss:1812	Invalid overloading of map in trait PossibleReductionPair: [\G\](Generator[\PossibleReductionPair[\R\]\], PossibleReductionPair[\R\]->G)->Generator[\G\] @ FortressLibrary.fss:1095:5-1097:72 and [\R\](Indexed[\PossibleReductionPair[\R\],ZZ32\], PossibleReductionPair[\R\]->R)->Indexed[\R,ZZ32\] @ FortressLibrary.fss:1812:5-1815:47
overloading	map	same-sparams	component FortressLibrary	overloading	FortressLibrary.fss:1095,FortressLibrary.fss:1812	Invalid overloading of map in trait SomeReductionPair: [\G\](Generator[\PossibleReductionPair[\R\]\], PossibleReductionPair[\R\]->G)->Generator[\G\] @ FortressLibrary.fss:1095:5-1097:72 and [\R\](Indexed[\PossibleReductionPair[\R\],ZZ32\], PossibleReductionPair[\R\]->R)->Indexed[\R,ZZ32\] @ FortressLibrary.fss:1812:5-1815:47
overloading	map	same-sparams	component FortressLibrary	overloading	FortressLibrary.fss:1287,FortressLibrary.fss:1812	Invalid overloading of map in trait NoReductionPair: [\G\](SequentialGenerator[\PossibleReductionPair[\R\]\], PossibleReductionPair[\R\]->G)->SequentialGenerator[\G\] @ FortressLibrary.fss:1287:5-1289:31 and [\R\](Indexed[\PossibleReductionPair[\R\],ZZ32\], PossibleReductionPair[\R\]->R)->Indexed[\R,ZZ32\] @ FortressLibrary.fss:1812:5-1815:47
overloading	map	same-sparams	component FortressLibrary	overloading	FortressLibrary.fss:1287,FortressLibrary.fss:1812	Invalid overloading of map in trait PossibleReductionPair: [\G\](SequentialGenerator[\PossibleReductionPair[\R\]\], PossibleReductionPair[\R\]->G)->SequentialGenerator[\G\] @ FortressLibrary.fss:1287:5-1289:31 and [\R\](Indexed[\PossibleReductionPair[\R\],ZZ32\], PossibleReductionPair[\R\]->R)->Indexed[\R,ZZ32\] @ FortressLibrary.fss:1812:5-1815:47
overloading	map	same-sparams	component FortressLibrary	overloading	FortressLibrary.fss:1287,FortressLibrary.fss:1812	Invalid overloading of map in trait SomeReductionPair: [\G\](SequentialGenerator[\PossibleReductionPair[\R\]\], PossibleReductionPair[\R\]->G)->SequentialGenerator[\G\] @ FortressLibrary.fss:1287:5-1289:31 and [\R\](Indexed[\PossibleReductionPair[\R\],ZZ32\], PossibleReductionPair[\R\]->R)->Indexed[\R,ZZ32\] @ FortressLibrary.fss:1812:5-1815:47
overloading	map	same-sparams	component FortressLibrary	overloading	FortressLibrary.fss:1287,FortressLibrary.fss:3482	Invalid overloading of map in trait SimpleMappedSeqGenerator: [\G\](MappedGenerator[\E,F\], F->G)->SimpleMappedGenerator[\E,G\] @ FortressLibrary.fss:3482:5-3483:63 and [\G\](SequentialGenerator[\F\], F->G)->SequentialGenerator[\G\] @ FortressLibrary.fss:1287:5-1289:31
overloading	map	same-sparams	component FortressLibrary	overloading	FortressLibrary.fss:1287,FortressLibrary.fss:3568	Invalid overloading of map in trait SimpleNestedSeqGenerator: [\G\](NestedGenerator[\E,F\], F->G)->Generator[\G\] @ FortressLibrary.fss:3568:5-3569:77 and [\G\](SequentialGenerator[\F\], F->G)->SequentialGenerator[\G\] @ FortressLibrary.fss:1287:5-1289:31
overloading	map	same-sparams	component FortressLibrary	overloading	FortressLibrary.fss:1332,FortressLibrary.fss:1812	Invalid overloading of map in trait NoReductionPair: [\G\](Condition[\PossibleReductionPair[\R\]\], PossibleReductionPair[\R\]->G)->Condition[\G\] @ FortressLibrary.fss:1332:5-1333:69 and [\R\](Indexed[\PossibleReductionPair[\R\],ZZ32\], PossibleReductionPair[\R\]->R)->Indexed[\R,ZZ32\] @ FortressLibrary.fss:1812:5-1815:47
overloading	map	same-sparams	component FortressLibrary	overloading	FortressLibrary.fss:1332,FortressLibrary.fss:1812	Invalid overloading of map in trait PossibleReductionPair: [\G\](Condition[\PossibleReductionPair[\R\]\], PossibleReductionPair[\R\]->G)->Condition[\G\] @ FortressLibrary.fss:1332:5-1333:69 and [\R\](Indexed[\PossibleReductionPair[\R\],ZZ32\], PossibleReductionPair[\R\]->R)->Indexed[\R,ZZ32\] @ FortressLibrary.fss:1812:5-1815:47
overloading	map	same-sparams	component FortressLibrary	overloading	FortressLibrary.fss:1332,FortressLibrary.fss:1812	Invalid overloading of map in trait SomeReductionPair: [\G\](Condition[\PossibleReductionPair[\R\]\], PossibleReductionPair[\R\]->G)->Condition[\G\] @ FortressLibrary.fss:1332:5-1333:69 and [\R\](Indexed[\PossibleReductionPair[\R\],ZZ32\], PossibleReductionPair[\R\]->R)->Indexed[\R,ZZ32\] @ FortressLibrary.fss:1812:5-1815:47
overloading	nest	same-sparams	component FortressLibrary	overloading	FortressLibrary.fss:1290,FortressLibrary.fss:3570	Invalid overloading of nest in trait SimpleNestedSeqGenerator: [\G\](NestedGenerator[\E,F\], F->Generator[\G\])->Generator[\G\] @ FortressLibrary.fss:3570:5-3571:77 and [\G\](SequentialGenerator[\F\], F->Generator[\G\])->Generator[\G\] @ FortressLibrary.fss:1290:5-1295:10
overloading	openRangeHelper	same-sparams	api RangeInternals	overloading	RangeInternals.fsi:580,RangeInternals.fsi:582	Invalid overloading of openRangeHelper in API RangeInternals: ()->(ZZ32, ZZ32)->RangeInternals.OpenRange2D @ RangeInternals.fsi:582:1-50 and ()->ZZ32->RangeInternals.OpenScalarRange @ RangeInternals.fsi:580:1-46
overloading	openRangeHelper	same-sparams	api RangeInternals	overloading	RangeInternals.fsi:580,RangeInternals.fsi:584	Invalid overloading of openRangeHelper in API RangeInternals: ()->(ZZ32, ZZ32, ZZ32)->RangeInternals.OpenRange3D @ RangeInternals.fsi:584:1-56 and ()->ZZ32->RangeInternals.OpenScalarRange @ RangeInternals.fsi:580:1-46
overloading	openRangeHelper	same-sparams	api RangeInternals	overloading	RangeInternals.fsi:582,RangeInternals.fsi:584	Invalid overloading of openRangeHelper in API RangeInternals: ()->(ZZ32, ZZ32)->RangeInternals.OpenRange2D @ RangeInternals.fsi:582:1-50 and ()->(ZZ32, ZZ32, ZZ32)->RangeInternals.OpenRange3D @ RangeInternals.fsi:584:1-56
overloading	openRangeHelper	same-sparams	component RangeInternals	overloading	RangeInternals.fss:1430,RangeInternals.fss:1432	Invalid overloading of openRangeHelper in component RangeInternals: ()->(ZZ32, ZZ32)->RangeInternals.OpenRange2D @ RangeInternals.fss:1432:1-1433:34 and ()->ZZ32->RangeInternals.OpenScalarRange @ RangeInternals.fss:1430:1-1431:40
overloading	openRangeHelper	same-sparams	component RangeInternals	overloading	RangeInternals.fss:1430,RangeInternals.fss:1434	Invalid overloading of openRangeHelper in component RangeInternals: ()->(ZZ32, ZZ32, ZZ32)->RangeInternals.OpenRange3D @ RangeInternals.fss:1434:1-76 and ()->ZZ32->RangeInternals.OpenScalarRange @ RangeInternals.fss:1430:1-1431:40
overloading	openRangeHelper	same-sparams	component RangeInternals	overloading	RangeInternals.fss:1432,RangeInternals.fss:1434	Invalid overloading of openRangeHelper in component RangeInternals: ()->(ZZ32, ZZ32)->RangeInternals.OpenRange2D @ RangeInternals.fss:1432:1-1433:34 and ()->(ZZ32, ZZ32, ZZ32)->RangeInternals.OpenRange3D @ RangeInternals.fss:1434:1-76
overloading	seq	same-sparams	api FortressLibrary	overloading	FortressLibrary.fsi:2082,FortressLibrary.fsi:829	Invalid overloading of seq in API FortressLibrary: [\E\]FilterGenerator[\E\]->SequentialGenerator[\E\] @ FortressLibrary.fsi:2082:5-2083:1 and [\E\]SequentialGenerator[\E\]->SequentialGenerator[\E\] @ FortressLibrary.fsi:829:5-39
overloading	seq	same-sparams	component FortressLibrary	overloading	FortressLibrary.fss:1286,FortressLibrary.fss:3532	Invalid overloading of seq in component FortressLibrary: [\E\]FilterGenerator[\E\]->SequentialGenerator[\E\] @ FortressLibrary.fss:3532:5-91 and [\E\]SequentialGenerator[\E\]->SequentialGenerator[\E\] @ FortressLibrary.fss:1286:5-46
overloading	seq	same-sparams	component FortressLibrary	overloading	FortressLibrary.fss:1881,FortressLibrary.fss:3484	Invalid overloading of seq in component FortressLibrary: [\E, F\]MappedGenerator[\E,F\]->SimpleMappedSeqGenerator[\E,F\] @ FortressLibrary.fss:3484:5-100 and [\E, I\]DelegatedIndexed[\E,I\]->SequentialGenerator[\E\] @ FortressLibrary.fss:1881:5-61
overloading	seq	same-sparams	component FortressLibrary	overloading	FortressLibrary.fss:1936,FortressLibrary.fss:3484	Invalid overloading of seq in component FortressLibrary: [\E, F\]MappedGenerator[\E,F\]->SimpleMappedSeqGenerator[\E,F\] @ FortressLibrary.fss:3484:5-100 and [\E, I\]ReadableArray[\E,I\]->SequentialGenerator[\E\] @ FortressLibrary.fss:1936:5-1938:47
overloading	seq	sentence	api FortressLibrary	overloading	FortressLibrary.fsi:1290,FortressLibrary.fsi:2082	Invalid overloading of seq in API FortressLibrary: [\E, I\]DelegatedIndexed[\E,I\]->SequentialGenerator[\E\] @ FortressLibrary.fsi:1290:5-39 and [\E\]FilterGenerator[\E\]->SequentialGenerator[\E\] @ FortressLibrary.fsi:2082:5-2083:1
overloading	seq	sentence	api FortressLibrary	overloading	FortressLibrary.fsi:1290,FortressLibrary.fsi:829	Invalid overloading of seq in API FortressLibrary: [\E, I\]DelegatedIndexed[\E,I\]->SequentialGenerator[\E\] @ FortressLibrary.fsi:1290:5-39 and [\E\]SequentialGenerator[\E\]->SequentialGenerator[\E\] @ FortressLibrary.fsi:829:5-39
overloading	seq	sentence	api FortressLibrary	overloading	FortressLibrary.fsi:1340,FortressLibrary.fsi:2082	Invalid overloading of seq in API FortressLibrary: [\E, I\]ReadableArray[\E,I\]->SequentialGenerator[\E\] @ FortressLibrary.fsi:1340:5-1342:48 and [\E\]FilterGenerator[\E\]->SequentialGenerator[\E\] @ FortressLibrary.fsi:2082:5-2083:1
overloading	seq	sentence	api FortressLibrary	overloading	FortressLibrary.fsi:1340,FortressLibrary.fsi:829	Invalid overloading of seq in API FortressLibrary: [\E, I\]ReadableArray[\E,I\]->SequentialGenerator[\E\] @ FortressLibrary.fsi:1340:5-1342:48 and [\E\]SequentialGenerator[\E\]->SequentialGenerator[\E\] @ FortressLibrary.fsi:829:5-39
overloading	seq	sentence	component FortressLibrary	overloading	FortressLibrary.fss:1286,FortressLibrary.fss:1881	Invalid overloading of seq in component FortressLibrary: [\E, I\]DelegatedIndexed[\E,I\]->SequentialGenerator[\E\] @ FortressLibrary.fss:1881:5-61 and [\E\]SequentialGenerator[\E\]->SequentialGenerator[\E\] @ FortressLibrary.fss:1286:5-46
overloading	seq	sentence	component FortressLibrary	overloading	FortressLibrary.fss:1286,FortressLibrary.fss:1936	Invalid overloading of seq in component FortressLibrary: [\E, I\]ReadableArray[\E,I\]->SequentialGenerator[\E\] @ FortressLibrary.fss:1936:5-1938:47 and [\E\]SequentialGenerator[\E\]->SequentialGenerator[\E\] @ FortressLibrary.fss:1286:5-46
overloading	seq	sentence	component FortressLibrary	overloading	FortressLibrary.fss:1286,FortressLibrary.fss:3484	Invalid overloading of seq in component FortressLibrary: [\E, F\]MappedGenerator[\E,F\]->SimpleMappedSeqGenerator[\E,F\] @ FortressLibrary.fss:3484:5-100 and [\E\]SequentialGenerator[\E\]->SequentialGenerator[\E\] @ FortressLibrary.fss:1286:5-46
overloading	seq	sentence	component FortressLibrary	overloading	FortressLibrary.fss:1881,FortressLibrary.fss:3532	Invalid overloading of seq in component FortressLibrary: [\E, I\]DelegatedIndexed[\E,I\]->SequentialGenerator[\E\] @ FortressLibrary.fss:1881:5-61 and [\E\]FilterGenerator[\E\]->SequentialGenerator[\E\] @ FortressLibrary.fss:3532:5-91
overloading	seq	sentence	component FortressLibrary	overloading	FortressLibrary.fss:1936,FortressLibrary.fss:3532	Invalid overloading of seq in component FortressLibrary: [\E, I\]ReadableArray[\E,I\]->SequentialGenerator[\E\] @ FortressLibrary.fss:1936:5-1938:47 and [\E\]FilterGenerator[\E\]->SequentialGenerator[\E\] @ FortressLibrary.fss:3532:5-91
overloading	seq	sentence	component FortressLibrary	overloading	FortressLibrary.fss:3484,FortressLibrary.fss:3532	Invalid overloading of seq in component FortressLibrary: [\E, F\]MappedGenerator[\E,F\]->SimpleMappedSeqGenerator[\E,F\] @ FortressLibrary.fss:3484:5-100 and [\E\]FilterGenerator[\E\]->SequentialGenerator[\E\] @ FortressLibrary.fss:3532:5-91
return-type	CMP	-	api FortressLibrary	overloading	FortressLibrary.fsi:139,FortressLibrary.fsi:140	For CMP, the return type of (LessThan, LessThan)->Comparison @ FortressLibrary.fsi:139:5-45 should be a subtype of the return type of (LessThan, TotalComparison)->TotalComparison @ FortressLibrary.fsi:140:5-57
return-type	CMP	-	api FortressLibrary	overloading	FortressLibrary.fsi:150,FortressLibrary.fsi:151	For CMP, the return type of (GreaterThan, GreaterThan)->Comparison @ FortressLibrary.fsi:150:5-48 should be a subtype of the return type of (GreaterThan, TotalComparison)->TotalComparison @ FortressLibrary.fsi:151:5-57
return-type	atMost	-	api RangeInternals	overloading	FortressLibrary.fsi:2159,RangeInternals.fsi:242	For atMost, the return type of (RangeInternals.LeftScalarRange, ZZ32)->RangeInternals.ScalarRange @ RangeInternals.fsi:242:5-32 should be a subtype of the return type of (BoundedRange[\ZZ32\], ZZ32)->FullRange[\ZZ32\] @ FortressLibrary.fsi:2159:5-32
return-type	atMost	-	api RangeInternals	overloading	FortressLibrary.fsi:2159,RangeInternals.fsi:298	For atMost, the return type of (RangeInternals.RightScalarRange, ZZ32)->RangeInternals.ScalarRange @ RangeInternals.fsi:298:5-32 should be a subtype of the return type of (BoundedRange[\ZZ32\], ZZ32)->FullRange[\ZZ32\] @ FortressLibrary.fsi:2159:5-32
return-type	atMost	-	component RangeInternals	overloading	FortressLibrary.fsi:2159,RangeInternals.fss:571	For atMost, the return type of (RangeInternals.LeftScalarRange, ZZ32)->RangeInternals.ScalarRange @ RangeInternals.fss:571:5-572:52 should be a subtype of the return type of (BoundedRange[\ZZ32\], ZZ32)->FullRange[\ZZ32\] @ FortressLibrary.fsi:2159:5-32
return-type	atMost	-	component RangeInternals	overloading	FortressLibrary.fsi:2159,RangeInternals.fss:683	For atMost, the return type of (RangeInternals.RightScalarRange, ZZ32)->RangeInternals.ScalarRange @ RangeInternals.fss:683:5-684:52 should be a subtype of the return type of (BoundedRange[\ZZ32\], ZZ32)->FullRange[\ZZ32\] @ FortressLibrary.fsi:2159:5-32
return-type	distribute	-	component FortressLibrary	overloading	FortressLibrary.fss:2991,FortressLibrary.fss:3171	For distribute, the return type of (SumReduction[\T\], MaxReduction[\T\])->PossibleReductionPair[\AnyMaybe\] @ FortressLibrary.fss:3171:5-3172:28 should be a subtype of the return type of (ActualReduction[\T,T\], Any)->PossibleReductionPair[\T\] @ FortressLibrary.fss:2991:5-2995:2
return-type	distribute	-	component FortressLibrary	overloading	FortressLibrary.fss:2991,FortressLibrary.fss:3173	For distribute, the return type of (SumReduction[\T\], MinReduction[\T\])->PossibleReductionPair[\AnyMaybe\] @ FortressLibrary.fss:3173:5-3174:28 should be a subtype of the return type of (ActualReduction[\T,T\], Any)->PossibleReductionPair[\T\] @ FortressLibrary.fss:2991:5-2995:2
return-type	every	-	api RangeInternals	overloading	FortressLibrary.fsi:2158,RangeInternals.fsi:240	For every, the return type of (RangeInternals.LeftScalarRange, ZZ32)->RangeInternals.ScalarRange @ RangeInternals.fsi:240:5-241:4 should be a subtype of the return type of (BoundedRange[\ZZ32\], ZZ32)->BoundedRange[\ZZ32\] @ FortressLibrary.fsi:2158:5-34
return-type	every	-	component RangeInternals	overloading	FortressLibrary.fsi:2158,RangeInternals.fss:563	For every, the return type of (RangeInternals.LeftScalarRange, ZZ32)->RangeInternals.ScalarRange @ RangeInternals.fss:563:5-568:10 should be a subtype of the return type of (BoundedRange[\ZZ32\], ZZ32)->BoundedRange[\ZZ32\] @ FortressLibrary.fsi:2158:5-34
return-type	filter	-	component FortressLibrary	overloading	FortressLibrary.fss:3530,FortressLibrary.fss:4514	For filter, the return type of (FilterGenerator2[\E\], Generator[\E\]->Condition[\()\])->SimpleFilterGenerator2[\E\] @ FortressLibrary.fss:4514:3-4515:70 should be a subtype of the return type of (FilterGenerator[\Generator[\E\]\], Generator[\E\]->Condition[\()\])->SimpleFilterGenerator[\Generator[\E\]\] @ FortressLibrary.fss:3530:5-3531:61
return-type	map	-	component FortressLibrary	overloading	FortressLibrary.fss:3482,FortressLibrary.fss:3509	For map, the return type of [\G\](SimpleMappedIndexed[\E,F,I\], F->G)->SimpleMappedIndexed[\E,G,I\] @ FortressLibrary.fss:3509:5-3510:63 should be a subtype of the return type of [\G\](MappedGenerator[\E,F\], F->G)->SimpleMappedGenerator[\E,G\] @ FortressLibrary.fss:3482:5-3483:63
return-type	relation	-	component FortressLibrary	overloading	FortressLibrary.fss:4535,FortressLibrary.fss:4552	For relation, the return type of ConcreteRelationalPredicateCondition[\E\]->(E, E)->Boolean @ FortressLibrary.fss:4552:3-36 should be a subtype of the return type of RelationalPredicateCondition[\()\]->((), ())->Boolean @ FortressLibrary.fss:4535:3-4536:2
return-type	seq	-	component FortressLibrary	overloading	FortressLibrary.fss:1098,FortressLibrary.fss:3579	For seq, the return type of SimpleNestedGenerator[\E,F\]->SequentialGenerator[\E\] @ FortressLibrary.fss:3579:5-3588:6 should be a subtype of the return type of Generator[\F\]->SequentialGenerator[\F\] @ FortressLibrary.fss:1098:5-1109:8
return-type	seq	-	component FortressLibrary	overloading	FortressLibrary.fss:1098,FortressLibrary.fss:3579	For seq, the return type of [\E, F\]SimpleNestedGenerator[\E,F\]->SequentialGenerator[\E\] @ FortressLibrary.fss:3579:5-3588:6 should be a subtype of the return type of [\E\]Generator[\E\]->SequentialGenerator[\E\] @ FortressLibrary.fss:1098:5-1109:8
return-type	seq	-	component FortressLibrary	overloading	FortressLibrary.fss:1098,FortressLibrary.fss:3617	For seq, the return type of SimplePairGenerator[\E,F\]->SequentialGenerator[\E\] @ FortressLibrary.fss:3617:5-88 should be a subtype of the return type of Generator[\(E, F)\]->SequentialGenerator[\(E, F)\] @ FortressLibrary.fss:1098:5-1109:8
return-type	seq	-	component FortressLibrary	overloading	FortressLibrary.fss:1098,FortressLibrary.fss:3617	For seq, the return type of [\E, F\]SimplePairGenerator[\E,F\]->SequentialGenerator[\E\] @ FortressLibrary.fss:3617:5-88 should be a subtype of the return type of [\E\]Generator[\E\]->SequentialGenerator[\E\] @ FortressLibrary.fss:1098:5-1109:8
return-type	shift	-	api FortressLibrary	overloading	FortressLibrary.fsi:1360,FortressLibrary.fsi:1758	For shift, the return type of (Array3[\T,b0,s0,b1,s1,b2,s2\], (ZZ32, ZZ32, ZZ32))->Array[\T,(ZZ32, ZZ32)\] @ FortressLibrary.fsi:1758:5-1764:8 should be a subtype of the return type of (ReadableArray[\T,(ZZ32, ZZ32, ZZ32)\], (ZZ32, ZZ32, ZZ32))->ReadableArray[\T,(ZZ32, ZZ32, ZZ32)\] @ FortressLibrary.fsi:1360:5-1364:57
return-type	shift	-	api FortressLibrary	overloading	FortressLibrary.fsi:1403,FortressLibrary.fsi:1758	For shift, the return type of (Array3[\T,b0,s0,b1,s1,b2,s2\], (ZZ32, ZZ32, ZZ32))->Array[\T,(ZZ32, ZZ32)\] @ FortressLibrary.fsi:1758:5-1764:8 should be a subtype of the return type of (Array[\T,(ZZ32, ZZ32, ZZ32)\], (ZZ32, ZZ32, ZZ32))->Array[\T,(ZZ32, ZZ32, ZZ32)\] @ FortressLibrary.fsi:1403:5-44
return-type	shift	-	component FortressLibrary	overloading	FortressLibrary.fss:1956,FortressLibrary.fss:2854	For shift, the return type of (Array3[\T,b0,s0,b1,s1,b2,s2\], (ZZ32, ZZ32, ZZ32))->Array[\T,(ZZ32, ZZ32)\] @ FortressLibrary.fss:2854:5-2863:8 should be a subtype of the return type of (ReadableArray[\T,(ZZ32, ZZ32, ZZ32)\], (ZZ32, ZZ32, ZZ32))->ReadableArray[\T,(ZZ32, ZZ32, ZZ32)\] @ FortressLibrary.fss:1956:5-1961:4
return-type	shift	-	component FortressLibrary	overloading	FortressLibrary.fss:2018,FortressLibrary.fss:2854	For shift, the return type of (Array3[\T,b0,s0,b1,s1,b2,s2\], (ZZ32, ZZ32, ZZ32))->Array[\T,(ZZ32, ZZ32)\] @ FortressLibrary.fss:2854:5-2863:8 should be a subtype of the return type of (Array[\T,(ZZ32, ZZ32, ZZ32)\], (ZZ32, ZZ32, ZZ32))->Array[\T,(ZZ32, ZZ32, ZZ32)\] @ FortressLibrary.fss:2018:5-2019:4
return-type	split	-	component FlatString	overloading	FlatString.fss:147,FortressLibrary.fsi:2371	For split, the return type of FlatString.FlatString->Maybe[\Generator[\(ZZ32, String)\]\] @ FlatString.fss:147:5-82 should be a subtype of the return type of String->Generator[\String\] @ FortressLibrary.fsi:2371:5-2373:48
return-type	split	-	component String	overloading	FortressLibrary.fsi:2371,String.fss:318	For split, the return type of String.EmptyString->Maybe[\Generator[\(ZZ32, String)\]\] @ String.fss:318:5-82 should be a subtype of the return type of String->Generator[\String\] @ FortressLibrary.fsi:2371:5-2373:48
return-type	splitWithOffsets	-	component FlatString	overloading	FlatString.fss:146,FortressLibrary.fsi:2370	For splitWithOffsets, the return type of FlatString.FlatString->Maybe[\Generator[\(ZZ32, String)\]\] @ FlatString.fss:146:5-92 should be a subtype of the return type of String->Generator[\(ZZ32, String)\] @ FortressLibrary.fsi:2370:5-60
return-type	splitWithOffsets	-	component String	overloading	FortressLibrary.fsi:2370,String.fss:317	For splitWithOffsets, the return type of String.EmptyString->Maybe[\Generator[\(ZZ32, String)\]\] @ String.fss:317:5-92 should be a subtype of the return type of String->Generator[\(ZZ32, String)\] @ FortressLibrary.fsi:2370:5-60
return-type	subarray	-	component FortressLibrary	overloading	FortressLibrary.fss:2239,FortressLibrary.fss:2599	For subarray, the return type of [\nat b, nat s, nat o\](Col[\T,b0,s0\], ZZ32)->ReadableArray1[\T,b,s\] @ FortressLibrary.fss:2599:5-2600:54 should be a subtype of the return type of [\nat b, nat s, nat o\](Array1[\T,b0,s0\], ZZ32)->Array1[\T,b,s\] @ FortressLibrary.fss:2239:5-2242:6
return-type	subarray	-	component FortressLibrary	overloading	FortressLibrary.fss:2239,FortressLibrary.fss:2610	For subarray, the return type of [\nat b, nat s, nat o\](Row[\T,b1,s1\], ZZ32)->ReadableArray1[\T,b,s\] @ FortressLibrary.fss:2610:5-2611:54 should be a subtype of the return type of [\nat b, nat s, nat o\](Array1[\T,b1,s1\], ZZ32)->Array1[\T,b,s\] @ FortressLibrary.fss:2239:5-2242:6
return-type	target	-	component FortressLibrary	overloading	FortressLibrary.fss:4536,FortressLibrary.fss:4553	For target, the return type of ConcreteRelationalPredicateCondition[\E\]->Generator[\E\] @ FortressLibrary.fss:4553:3-33 should be a subtype of the return type of RelationalPredicateCondition[\()\]->Generator[\()\] @ FortressLibrary.fss:4536:3-29
return-type	unsigned	-	api FortressLibrary	overloading	FortressLibrary.fsi:463,FortressLibrary.fsi:547	For unsigned, the return type of (ZZ32 & {Int, IntLiteral})->NN32 @ FortressLibrary.fsi:547:5-23 should be a subtype of the return type of [\I extends Integral[\I\]\]Integral[\I\]->NN64 @ FortressLibrary.fsi:463:5-23
typecheck	()->Maybe[\..\] has no getter called asExprString	-	component String	typecheck	String.fss:83	()->Maybe[\Char\] has no getter called asExprString
typecheck	()->Maybe[\..\] has no getter called asFlatString	-	component String	typecheck	String.fss:82	()->Maybe[\Char\] has no getter called asFlatString
typecheck	()->Maybe[\..\] has no getter called bounds	-	component String	typecheck	String.fss:140	()->Maybe[\Char\] has no getter called bounds
typecheck	()->Maybe[\..\] has no getter called depth	-	component String	typecheck	String.fss:124	()->Maybe[\Char\] has no getter called depth
typecheck	()->Maybe[\..\] has no getter called generator	-	component String	typecheck	String.fss:80	()->Maybe[\Char\] has no getter called generator
typecheck	()->Maybe[\..\] has no getter called indices	-	component String	typecheck	String.fss:121	()->Maybe[\Char\] has no getter called indices
typecheck	(ZZ32, ZZ32) has no getter called get	-	component RangeInternals	typecheck	RangeInternals.fss:874	(ZZ32, ZZ32) has no getter called get
typecheck	(ZZ32, ZZ32, ZZ32) has no getter called get	-	component RangeInternals	typecheck	RangeInternals.fss:919	(ZZ32, ZZ32, ZZ32) has no getter called get
typecheck	An Q clause without corresponding Q has type Boolean instead of type ().	-	component List	typecheck	List.fss:285	An 'if' clause without corresponding 'else' has type Boolean instead of type ().
typecheck	An Q clause without corresponding Q has type Boolean instead of type ().	-	component List	typecheck	List.fss:293	An 'if' clause without corresponding 'else' has type Boolean instead of type ().
typecheck	Any has no getter called asDebugString	-	component FortressLibrary	typecheck	FortressLibrary.fss:304	Any has no getter called asDebugString
typecheck	Any has no getter called asDebugString	-	component FortressLibrary	typecheck	FortressLibrary.fss:314	Any has no getter called asDebugString
typecheck	Any has no getter called asString	-	component FortressLibrary	typecheck	FortressLibrary.fss:4126	Any has no getter called asString
typecheck	Any has no getter called asString	-	component FortressLibrary	typecheck	FortressLibrary.fss:4127	Any has no getter called asString
typecheck	BoundedRange[\..\], Boolean->Boolean) after argument inference	-	component String	typecheck	String.fss:416	BoundedRange[\ZZ32\] has no getter called nonEmpty String.fss:414:20-39: Possibly because (start, str): (ZZ32, String) after argument inference String.fss:414:13-417:20: Possibly because (reduction?43, unit?44): (Reduction[\Boolean\], Boolean->Boolean) after argument inference
typecheck	Could not check call to function CompactFullRange3D - (ZZ32, ZZ32, ZZ32, ZZ32, ZZ32, ZZ32)->RangeInternals.Com	-	component RangeInternals	typecheck	RangeInternals.fss:1092	Could not check call to function CompactFullRange3D - (ZZ32, ZZ32, ZZ32, ZZ32, ZZ32, ZZ32)->RangeInternals.CompactFullRange3D is not applicable to an argument of type (IntLiteral, IntLiteral, ZZ32, ZZ32).
typecheck	Could not check call to function Comprehension - [\..\], _->_).	-	component FortressLibrary	typecheck	FortressLibrary.fss:3225	Could not check call to function Comprehension - [\T, AnyMaybe, AnyMaybe, AnyMaybe\](AnyMaybe->AnyMaybe, ActualReduction[\AnyMaybe,AnyMaybe\], T->AnyMaybe)->Comprehension[\T,AnyMaybe,AnyMaybe,AnyMaybe\] is not applicable to any type of the form (_->_, MinMaxReduction[\T\], _->_).
typecheck	Could not check call to function Comprehension - [\..\], _->_).	-	component FortressLibrary	typecheck	FortressLibrary.fss:3465	Could not check call to function Comprehension - [\T, T, Any, Any\](Any->T, ActualReduction[\Any,Any\], T->Any)->Comprehension[\T,T,Any,Any\] is not applicable to any type of the form (_->_, MIMapReduceReduction[\T\], _->_).
typecheck	Could not check call to function IndexOutOfBounds - [\..\] is not applicable to an argument of type String.	-	component String	typecheck	String.fss:293	Could not check call to function IndexOutOfBounds - [\I\](Range[\I\], I)->IndexOutOfBounds[\I\] is not applicable to an argument of type String.
typecheck	Could not check call to function SimpleFilterGenerator - [\..\]).	-	component FortressLibrary	typecheck	FortressLibrary.fss:3531	Could not check call to function SimpleFilterGenerator - [\E\](Generator[\E\], E->Condition[\()\])->SimpleFilterGenerator[\E\] is not applicable to an argument of type (Generator[\E\], BottomType->Condition[\()\]).
typecheck	Could not check call to function SimpleFilterGenerator2 - [\..\]).	-	component FortressLibrary	typecheck	FortressLibrary.fss:4515	Could not check call to function SimpleFilterGenerator2 - [\E\](Generator2[\E\], Generator[\E\]->Condition[\()\])->SimpleFilterGenerator2[\E\] is not applicable to an argument of type (Generator[\Generator[\E\]\], Generator[\E\]->Condition[\()\]).
typecheck	Could not check call to function SimpleMappedGenerator - [\..\], BottomType->G).	-	component FortressLibrary	typecheck	FortressLibrary.fss:3483	Could not check call to function SimpleMappedGenerator - [\E, G\](Generator[\E\], E->G)->SimpleMappedGenerator[\E,G\] is not applicable to an argument of type (Generator[\E\], BottomType->G).
typecheck	Could not check call to function SimpleMappedIndexed - [\..\], BottomType->G).	-	component FortressLibrary	typecheck	FortressLibrary.fss:3510	Could not check call to function SimpleMappedIndexed - [\E, G, I\](Indexed[\E,I\], E->G)->SimpleMappedIndexed[\E,G,I\] is not applicable to an argument of type (Indexed[\E,I\], BottomType->G).
typecheck	Could not check call to function StridedFullSeqScalarRange - (ZZ32, ZZ32, ZZ32)->RangeInternals.StridedFullSeq	-	component RangeInternals	typecheck	RangeInternals.fss:1253	Could not check call to function StridedFullSeqScalarRange - (ZZ32, ZZ32, ZZ32)->RangeInternals.StridedFullSeqScalarRange is not applicable to an argument of type (ZZ32, ZZ32).
typecheck	Could not check call to function __arr1 - [\..\] is not applicable to an argument of type (()->E, NatReflect.N	-	component FortressLibrary	typecheck	FortressLibrary.fss:2031	Could not check call to function __arr1 - [\E, nat n\](()->E, NatReflect.N[\n\])->Array1[\E,0,n\] is not applicable to an argument of type (()->E, NatReflect.NatParam).
typecheck	Could not check call to function __arr2 - [\..\] is not applicable to an argument of type (()->E, NatReflect.N	-	component FortressLibrary	typecheck	FortressLibrary.fss:2033	Could not check call to function __arr2 - [\E, nat n, nat m\](()->E, NatReflect.N[\n\], NatReflect.N[\m\])->Array2[\E,0,n,0,m\] is not applicable to an argument of type (()->E, NatReflect.NatParam, NatReflect.NatParam).
typecheck	Could not check call to function __arr3 - [\..\] is not applicable to an argument of type (()->E, NatReflect.N	-	component FortressLibrary	typecheck	FortressLibrary.fss:2035	Could not check call to function __arr3 - [\E, nat n, nat m, nat p\](()->E, NatReflect.N[\n\], NatReflect.N[\m\], NatReflect.N[\p\])->Array3[\E,0,n,0,m,0,p\] is not applicable to an argument of type (()->E, NatReflect.NatParam, NatReflect.NatParam, NatReflect.NatParam).
typecheck	Could not check call to function __bigOperatorSugar - [\..\]).	-	component FortressLibrary	typecheck	FortressLibrary.fss:3227	Could not check call to function __bigOperatorSugar - [\T, (T, T), (T, T), AnyMaybe\](BigOperator[\T,(T, T),(T, T),AnyMaybe\], Generator[\T\])->(T, T) is not applicable to an argument of type (Comprehension[\T,AnyMaybe,AnyMaybe,AnyMaybe\], Generator[\T\]).
typecheck	Could not check call to function __cond - [\..\]).	-	component FortressLibrary	typecheck	FortressLibrary.fss:3049	Could not check call to function __cond - [\E, R\](Condition[\E\], E->R, ()->R)->R is not applicable to any type of the form (AnyMaybe, _->_, ()->Nothing[\R\]). - [\E\](Condition[\E\], E->())->() is not applicable to any type of the form (AnyMaybe, _->_, ()->Nothing[\R\]).
typecheck	Could not check call to function __cond - [\..\], E->())->() is not applicable to any type of the form (AnyMay	-	component FortressLibrary	typecheck	FortressLibrary.fss:3023	Could not check call to function __cond - [\E, R\](Condition[\E\], E->R, ()->R)->R is not applicable to any type of the form (AnyMaybe, _->_, ()->AnyMaybe). - [\E\](Condition[\E\], E->())->() is not applicable to any type of the form (AnyMaybe, _->_, ()->AnyMaybe).
typecheck	Could not check call to function __cond - [\..\], E->())->() is not applicable to any type of the form (AnyMay	-	component FortressLibrary	typecheck	FortressLibrary.fss:3035	Could not check call to function __cond - [\E, R\](Condition[\E\], E->R, ()->R)->R is not applicable to any type of the form (AnyMaybe, _->_, ()->BottomType). - [\E\](Condition[\E\], E->())->() is not applicable to any type of the form (AnyMaybe, _->_, ()->BottomType).
typecheck	Could not check call to function __cond - [\..\], E->())->() is not applicable to any type of the form (AnyMay	-	component FortressLibrary	typecheck	FortressLibrary.fss:3060	Could not check call to function __cond - [\E, R\](Condition[\E\], E->R, ()->R)->R is not applicable to any type of the form (AnyMaybe, _->_, ()->BottomType). - [\E\](Condition[\E\], E->())->() is not applicable to any type of the form (AnyMaybe, _->_, ()->BottomType).
typecheck	Could not check call to function __cond - [\..\], _->_, ()->OR(LessThan,Unordered)).	-	component FortressLibrary	typecheck	FortressLibrary.fss:3799	Could not check call to function __cond - [\E, R\](Condition[\E\], E->R, ()->R)->R: FortressLibrary.fss:3800:15-28: Could not check call to operator PCMP - ((ZZ32, ZZ32), (ZZ32, ZZ32))->Comparison is not applicable to an argument of type (I, I). - ((ZZ32, ZZ32, ZZ32), (ZZ32, ZZ32, ZZ32))->Comparison is not applicable to an argument of type (I, I). - (ZZ32, ZZ32)->Comparison is not applicable to an argument of type (I, I). FortressLibrary.fss:3799:12-34: Possibly because ext: I after argument inference - [\E\](Condition[\E\], E->())->() is not applicable to any type of the form (Maybe[\I\], _->_, ()->OR(LessThan,Unordered)).
typecheck	Could not check call to function __cond - [\..\], _->_, ()->OR(LessThan,Unordered)).	-	component FortressLibrary	typecheck	FortressLibrary.fss:3832	Could not check call to function __cond - [\E, R\](Condition[\E\], E->R, ()->R)->R: FortressLibrary.fss:3834:22: Could not check call to operator PCMP - ((ZZ32, ZZ32), (ZZ32, ZZ32))->Comparison is not applicable to an argument of type (I, I). - ((ZZ32, ZZ32, ZZ32), (ZZ32, ZZ32, ZZ32))->Comparison is not applicable to an argument of type (I, I). - (ZZ32, ZZ32)->Comparison is not applicable to an argument of type (I, I). FortressLibrary.fss:3832:12-30: Possibly because l: I after argument inference - [\E\](Condition[\E\], E->())->() is not applicable to any type of the form (Maybe[\I\], _->_, ()->OR(LessThan,Unordered)).
typecheck	Could not check call to function __cond - [\..\], _->_, ()->OR(LessThan,Unordered)).	-	component FortressLibrary	typecheck	FortressLibrary.fss:3857	Could not check call to function __cond - [\E, R\](Condition[\E\], E->R, ()->R)->R: FortressLibrary.fss:3859:22: Could not check call to operator PCMP - ((ZZ32, ZZ32), (ZZ32, ZZ32))->Comparison is not applicable to an argument of type (I, I). - ((ZZ32, ZZ32, ZZ32), (ZZ32, ZZ32, ZZ32))->Comparison is not applicable to an argument of type (I, I). - (ZZ32, ZZ32)->Comparison is not applicable to an argument of type (I, I). FortressLibrary.fss:3857:12-31: Possibly because r: I after argument inference - [\E\](Condition[\E\], E->())->() is not applicable to any type of the form (Maybe[\I\], _->_, ()->OR(LessThan,Unordered)).
typecheck	Could not check call to function __imm1 - [\..\] is not applicable to an argument of type (()->E, NatReflect.N	-	component FortressLibrary	typecheck	FortressLibrary.fss:2049	Could not check call to function __imm1 - [\E, nat n\](()->E, NatReflect.N[\n\])->ImmutableArray1[\E,0,n\] is not applicable to an argument of type (()->E, NatReflect.NatParam).
typecheck	Could not check call to function __parr - [\..\] is not applicable to an argument of type (()->E, NatReflect.N	-	component FortressLibrary	typecheck	FortressLibrary.fss:2068	Could not check call to function __parr - [\E, nat n\](()->E, NatReflect.N[\n\])->NativeArray.PrimitiveArray[\E,n\] is not applicable to an argument of type (()->E, NatReflect.NatParam).
typecheck	Could not check call to function __piarr - [\..\] is not applicable to an argument of type (()->E, NatReflect.	-	component FortressLibrary	typecheck	FortressLibrary.fss:2073	Could not check call to function __piarr - [\E, nat n\](()->E, NatReflect.N[\n\])->NativeArray.PrimImmutableArray[\E,n\] is not applicable to an argument of type (()->E, NatReflect.NatParam).
typecheck	Could not check call to function __subarray - [\..\], IntLiteral).	-	component FortressLibrary	typecheck	FortressLibrary.fss:2223	Could not check call to function __subarray - [\T, nat b0, nat s0, nat b, nat s, nat o\](Array1[\T,b0,s0\], NatReflect.N[\b\], NatReflect.N[\s\], NatReflect.N[\o\], ZZ32)->Array1[\T,b,s\] is not applicable to an argument of type (Array1[\T,b0,s0\], NatReflect.NatParam, NatReflect.N[\s0\], NatReflect.N[\b0\], IntLiteral). - [\T, nat b0, nat s0, nat b1, nat s1, nat b2, nat s2, nat bo0, nat so0, nat bo1, nat so1, nat bo2, nat so2, nat o0, nat o1, nat o2\](Array3[\T,b0,s0,b1,s1,b2,s2\], NatReflect.N[\bo0\], NatReflect.N[\so0\], NatReflect.N[\bo1\], NatReflect.N[\so1\], NatReflect.N[\bo2\], NatReflect.N[\so2\], NatReflect.N[\o0\], NatReflect.N[\o1\], NatReflect.N[\o2\], ZZ32, ZZ32, ZZ32)->Array3[\T,bo0,so0,bo1,so1,bo2,so2\] is not applicable to an argument of type (Array1[\T,b0,s0\], NatReflect.NatParam, NatReflect.N[\s0\], NatReflect.N[\b0\], IntLiteral). - [\T, nat b0, nat s0, nat b1, nat s1, nat bo0, nat so0, nat bo1, nat so1, nat o0, nat o1\](Array2[\T,b0,s0,b1,s1\], NatReflect.N[\bo0\], NatReflect.N[\so0\], NatReflect.N[\bo1\], NatReflect.N[\so1\], NatReflect.N[\o0\], NatReflect.N[\o1\], ZZ32, ZZ32)->Array2[\T,bo0,so0,bo1,so1\] is not applicable to an argument of type (Array1[\T,b0,s0\], NatReflect.NatParam, NatReflect.N[\s0\], NatReflect.N[\b0\], IntLiteral).
typecheck	Could not check call to function __subarray - [\..\], NatReflect.NatParam, NatReflect.NatParam, ZZ32).	-	component FortressLibrary	typecheck	FortressLibrary.fss:2231	Could not check call to function __subarray - [\T, nat b0, nat s0, nat b, nat s, nat o\](Array1[\T,b0,s0\], NatReflect.N[\b\], NatReflect.N[\s\], NatReflect.N[\o\], ZZ32)->Array1[\T,b,s\] is not applicable to an argument of type (Array1[\T,b0,s0\], NatReflect.N[\0\], NatReflect.NatParam, NatReflect.NatParam, ZZ32). - [\T, nat b0, nat s0, nat b1, nat s1, nat b2, nat s2, nat bo0, nat so0, nat bo1, nat so1, nat bo2, nat so2, nat o0, nat o1, nat o2\](Array3[\T,b0,s0,b1,s1,b2,s2\], NatReflect.N[\bo0\], NatReflect.N[\so0\], NatReflect.N[\bo1\], NatReflect.N[\so1\], NatReflect.N[\bo2\], NatReflect.N[\so2\], NatReflect.N[\o0\], NatReflect.N[\o1\], NatReflect.N[\o2\], ZZ32, ZZ32, ZZ32)->Array3[\T,bo0,so0,bo1,so1,bo2,so2\] is not applicable to an argument of type (Array1[\T,b0,s0\], NatReflect.N[\0\], NatReflect.NatParam, NatReflect.NatParam, ZZ32). - [\T, nat b0, nat s0, nat b1, nat s1, nat bo0, nat so0, nat bo1, nat so1, nat o0, nat o1\](Array2[\T,b0,s0,b1,s1\], NatReflect.N[\bo0\], NatReflect.N[\so0\], NatReflect.N[\bo1\], NatReflect.N[\so1\], NatReflect.N[\o0\], NatReflect.N[\o1\], ZZ32, ZZ32)->Array2[\T,bo0,so0,bo1,so1\] is not applicable to an argument of type (Array1[\T,b0,s0\], NatReflect.N[\0\], NatReflect.NatParam, NatReflect.NatParam, ZZ32).
typecheck	Could not check call to function __subarrayI - [\..\], IntLiteral).	-	component FortressLibrary	typecheck	FortressLibrary.fss:2165	Could not check call to function __subarrayI - [\T, nat b0, nat s0, nat b, nat s, nat o\](ImmutableArray1[\T,b0,s0\], NatReflect.N[\b\], NatReflect.N[\s\], NatReflect.N[\o\], ZZ32)->ImmutableArray1[\T,b,s\] is not applicable to an argument of type (ImmutableArray1[\T,b0,s0\], NatReflect.NatParam, NatReflect.N[\s0\], NatReflect.N[\b0\], IntLiteral).
typecheck	Could not check call to function addL - [\..\] is not applicable to an argument of type (Any, List.AnyList).	-	component List	typecheck	List.fss:89	Could not check call to function addL - [\T, E extends T, F extends T\](E, List.List[\F\])->List.List[\T\] is not applicable to an argument of type (Any, List.AnyList).
typecheck	Could not check call to function addR - [\..\] is not applicable to an argument of type (List.AnyList, Any).	-	component List	typecheck	List.fss:90	Could not check call to function addR - [\T, E extends T, F extends T\](List.List[\F\], E)->List.List[\T\] is not applicable to an argument of type (List.AnyList, Any).
typecheck	Could not check call to function app - [\..\] is not applicable to an argument of type (List.AnyList, List.Any	-	component List	typecheck	List.fss:88	Could not check call to function app - [\T, E extends T, F extends T\](List.List[\E\], List.List[\F\])->List.List[\T\] is not applicable to an argument of type (List.AnyList, List.AnyList).
typecheck	Could not check call to function assert - (Any, Any, (Any...))->() is not applicable to an argument of type (B	-	component String	typecheck	String.fss:431	Could not check call to function assert - (Any, Any, (Any...))->() is not applicable to an argument of type (Boolean, Boolean, String, String, Range[\ZZ32\], String, CompactFullRange[\ZZ32\]). - (Boolean, String)->() is not applicable to an argument of type (Boolean, Boolean, String, String, Range[\ZZ32\], String, CompactFullRange[\ZZ32\]). - Boolean->() is not applicable to an argument of type (Boolean, Boolean, String, String, Range[\ZZ32\], String, CompactFullRange[\ZZ32\]).
typecheck	Could not check call to function big - (ZZ32 & {Int, IntLiteral})->ZZ is not applicable to an argument of type	-	component FortressLibrary	typecheck	FortressLibrary.fss:919	Could not check call to function big - (ZZ32 & {Int, IntLiteral})->ZZ is not applicable to an argument of type NN64. - (ZZ64 & {Long})->ZZ is not applicable to an argument of type NN64.
typecheck	Could not check call to function big - (ZZ32 & {Int, IntLiteral})->ZZ is not applicable to an argument of type	-	component FortressLibrary	typecheck	FortressLibrary.fss:921	Could not check call to function big - (ZZ32 & {Int, IntLiteral})->ZZ is not applicable to an argument of type NN64. - (ZZ64 & {Long})->ZZ is not applicable to an argument of type NN64.
typecheck	Could not check call to function combine2D - (RangeInternals.CompactFullScalarRange, RangeInternals.CompactFul	-	component RangeInternals	typecheck	RangeInternals.fss:175	Could not check call to function combine2D - (RangeInternals.CompactFullScalarRange, RangeInternals.CompactFullScalarRange)->RangeInternals.CompactFullRange2D is not applicable to an argument of type (Range[\ZZ32\], Range[\ZZ32\]). - (RangeInternals.ExtentScalarRange, RangeInternals.ExtentScalarRange)->RangeInternals.ExtentRange2D is not applicable to an argument of type (Range[\ZZ32\], Range[\ZZ32\]). - (RangeInternals.FullScalarRange, RangeInternals.FullScalarRange)->RangeInternals.FullRange2D is not applicable to an argument of type (Range[\ZZ32\], Range[\ZZ32\]). - (RangeInternals.LeftScalarRange, RangeInternals.LeftScalarRange)->RangeInternals.LeftRange2D is not applicable to an argument of type (Range[\ZZ32\], Range[\ZZ32\]). - (RangeInternals.OpenScalarRange, RangeInternals.OpenScalarRange)->RangeInternals.OpenRange2D is not applicable to an argument of type (Range[\ZZ32\], Range[\ZZ32\]). - (RangeInternals.RightScalarRange, RangeInternals.RightScalarRange)->RangeInternals.RightRange2D is not applicable to an argument of type (Range[\ZZ32\], Range[\ZZ32\]). - (RangeInternals.ScalarRange, RangeInternals.ScalarRange)->RangeInternals.Range2D is not applicable to an argument of type (Range[\ZZ32\], Range[\ZZ32\]).
typecheck	Could not check call to function combine2D - (RangeInternals.CompactFullScalarRange, RangeInternals.CompactFul	-	component RangeInternals	typecheck	RangeInternals.fss:179	Could not check call to function combine2D - (RangeInternals.CompactFullScalarRange, RangeInternals.CompactFullScalarRange)->RangeInternals.CompactFullRange2D is not applicable to an argument of type (RangeWithRight[\ZZ32\], RangeWithRight[\ZZ32\]). - (RangeInternals.ExtentScalarRange, RangeInternals.ExtentScalarRange)->RangeInternals.ExtentRange2D is not applicable to an argument of type (RangeWithRight[\ZZ32\], RangeWithRight[\ZZ32\]). - (RangeInternals.FullScalarRange, RangeInternals.FullScalarRange)->RangeInternals.FullRange2D is not applicable to an argument of type (RangeWithRight[\ZZ32\], RangeWithRight[\ZZ32\]). - (RangeInternals.LeftScalarRange, RangeInternals.LeftScalarRange)->RangeInternals.LeftRange2D is not applicable to an argument of type (RangeWithRight[\ZZ32\], RangeWithRight[\ZZ32\]). - (RangeInternals.OpenScalarRange, RangeInternals.OpenScalarRange)->RangeInternals.OpenRange2D is not applicable to an argument of type (RangeWithRight[\ZZ32\], RangeWithRight[\ZZ32\]). - (RangeInternals.RightScalarRange, RangeInternals.RightScalarRange)->RangeInternals.RightRange2D is not applicable to an argument of type (RangeWithRight[\ZZ32\], RangeWithRight[\ZZ32\]). - (RangeInternals.ScalarRange, RangeInternals.ScalarRange)->RangeInternals.Range2D is not applicable to an argument of type (RangeWithRight[\ZZ32\], RangeWithRight[\ZZ32\]).
typecheck	Could not check call to function combine2D - (RangeInternals.CompactFullScalarRange, RangeInternals.CompactFul	-	component RangeInternals	typecheck	RangeInternals.fss:183	Could not check call to function combine2D - (RangeInternals.CompactFullScalarRange, RangeInternals.CompactFullScalarRange)->RangeInternals.CompactFullRange2D is not applicable to an argument of type (Range[\ZZ32\], Range[\ZZ32\]). - (RangeInternals.ExtentScalarRange, RangeInternals.ExtentScalarRange)->RangeInternals.ExtentRange2D is not applicable to an argument of type (Range[\ZZ32\], Range[\ZZ32\]). - (RangeInternals.FullScalarRange, RangeInternals.FullScalarRange)->RangeInternals.FullRange2D is not applicable to an argument of type (Range[\ZZ32\], Range[\ZZ32\]). - (RangeInternals.LeftScalarRange, RangeInternals.LeftScalarRange)->RangeInternals.LeftRange2D is not applicable to an argument of type (Range[\ZZ32\], Range[\ZZ32\]). - (RangeInternals.OpenScalarRange, RangeInternals.OpenScalarRange)->RangeInternals.OpenRange2D is not applicable to an argument of type (Range[\ZZ32\], Range[\ZZ32\]). - (RangeInternals.RightScalarRange, RangeInternals.RightScalarRange)->RangeInternals.RightRange2D is not applicable to an argument of type (Range[\ZZ32\], Range[\ZZ32\]). - (RangeInternals.ScalarRange, RangeInternals.ScalarRange)->RangeInternals.Range2D is not applicable to an argument of type (Range[\ZZ32\], Range[\ZZ32\]).
typecheck	Could not check call to function combine3D - (RangeInternals.CompactFullScalarRange, RangeInternals.CompactFul	-	component RangeInternals	typecheck	RangeInternals.fss:234	Could not check call to function combine3D - (RangeInternals.CompactFullScalarRange, RangeInternals.CompactFullScalarRange, RangeInternals.CompactFullScalarRange)->RangeInternals.CompactFullRange3D is not applicable to an argument of type (Range[\ZZ32\], Range[\ZZ32\], Range[\ZZ32\]). - (RangeInternals.ExtentScalarRange, RangeInternals.ExtentScalarRange, RangeInternals.ExtentScalarRange)->RangeInternals.ExtentRange3D is not applicable to an argument of type (Range[\ZZ32\], Range[\ZZ32\], Range[\ZZ32\]). - (RangeInternals.FullScalarRange, RangeInternals.FullScalarRange, RangeInternals.FullScalarRange)->RangeInternals.FullRange3D is not applicable to an argument of type (Range[\ZZ32\], Range[\ZZ32\], Range[\ZZ32\]). - (RangeInternals.LeftScalarRange, RangeInternals.LeftScalarRange, RangeInternals.LeftScalarRange)->RangeInternals.LeftRange3D is not applicable to an argument of type (Range[\ZZ32\], Range[\ZZ32\], Range[\ZZ32\]). - (RangeInternals.OpenScalarRange, RangeInternals.OpenScalarRange, RangeInternals.OpenScalarRange)->RangeInternals.OpenRange3D is not applicable to an argument of type (Range[\ZZ32\], Range[\ZZ32\], Range[\ZZ32\]). - (RangeInternals.RightScalarRange, RangeInternals.RightScalarRange, RangeInternals.RightScalarRange)->RangeInternals.RightRange3D is not applicable to an argument of type (Range[\ZZ32\], Range[\ZZ32\], Range[\ZZ32\]). - (RangeInternals.ScalarRange, RangeInternals.ScalarRange, RangeInternals.ScalarRange)->RangeInternals.Range3D is not applicable to an argument of type (Range[\ZZ32\], Range[\ZZ32\], Range[\ZZ32\]).
typecheck	Could not check call to function combine3D - (RangeInternals.CompactFullScalarRange, RangeInternals.CompactFul	-	component RangeInternals	typecheck	RangeInternals.fss:238	Could not check call to function combine3D - (RangeInternals.CompactFullScalarRange, RangeInternals.CompactFullScalarRange, RangeInternals.CompactFullScalarRange)->RangeInternals.CompactFullRange3D is not applicable to an argument of type (RangeWithRight[\ZZ32\], RangeWithRight[\ZZ32\], RangeWithRight[\ZZ32\]). - (RangeInternals.ExtentScalarRange, RangeInternals.ExtentScalarRange, RangeInternals.ExtentScalarRange)->RangeInternals.ExtentRange3D is not applicable to an argument of type (RangeWithRight[\ZZ32\], RangeWithRight[\ZZ32\], RangeWithRight[\ZZ32\]). - (RangeInternals.FullScalarRange, RangeInternals.FullScalarRange, RangeInternals.FullScalarRange)->RangeInternals.FullRange3D is not applicable to an argument of type (RangeWithRight[\ZZ32\], RangeWithRight[\ZZ32\], RangeWithRight[\ZZ32\]). - (RangeInternals.LeftScalarRange, RangeInternals.LeftScalarRange, RangeInternals.LeftScalarRange)->RangeInternals.LeftRange3D is not applicable to an argument of type (RangeWithRight[\ZZ32\], RangeWithRight[\ZZ32\], RangeWithRight[\ZZ32\]). - (RangeInternals.OpenScalarRange, RangeInternals.OpenScalarRange, RangeInternals.OpenScalarRange)->RangeInternals.OpenRange3D is not applicable to an argument of type (RangeWithRight[\ZZ32\], RangeWithRight[\ZZ32\], RangeWithRight[\ZZ32\]). - (RangeInternals.RightScalarRange, RangeInternals.RightScalarRange, RangeInternals.RightScalarRange)->RangeInternals.RightRange3D is not applicable to an argument of type (RangeWithRight[\ZZ32\], RangeWithRight[\ZZ32\], RangeWithRight[\ZZ32\]). - (RangeInternals.ScalarRange, RangeInternals.ScalarRange, RangeInternals.ScalarRange)->RangeInternals.Range3D is not applicable to an argument of type (RangeWithRight[\ZZ32\], RangeWithRight[\ZZ32\], RangeWithRight[\ZZ32\]).
typecheck	Could not check call to function combine3D - (RangeInternals.CompactFullScalarRange, RangeInternals.CompactFul	-	component RangeInternals	typecheck	RangeInternals.fss:242	Could not check call to function combine3D - (RangeInternals.CompactFullScalarRange, RangeInternals.CompactFullScalarRange, RangeInternals.CompactFullScalarRange)->RangeInternals.CompactFullRange3D is not applicable to an argument of type (Range[\ZZ32\], Range[\ZZ32\], Range[\ZZ32\]). - (RangeInternals.ExtentScalarRange, RangeInternals.ExtentScalarRange, RangeInternals.ExtentScalarRange)->RangeInternals.ExtentRange3D is not applicable to an argument of type (Range[\ZZ32\], Range[\ZZ32\], Range[\ZZ32\]). - (RangeInternals.FullScalarRange, RangeInternals.FullScalarRange, RangeInternals.FullScalarRange)->RangeInternals.FullRange3D is not applicable to an argument of type (Range[\ZZ32\], Range[\ZZ32\], Range[\ZZ32\]). - (RangeInternals.LeftScalarRange, RangeInternals.LeftScalarRange, RangeInternals.LeftScalarRange)->RangeInternals.LeftRange3D is not applicable to an argument of type (Range[\ZZ32\], Range[\ZZ32\], Range[\ZZ32\]). - (RangeInternals.OpenScalarRange, RangeInternals.OpenScalarRange, RangeInternals.OpenScalarRange)->RangeInternals.OpenRange3D is not applicable to an argument of type (Range[\ZZ32\], Range[\ZZ32\], Range[\ZZ32\]). - (RangeInternals.RightScalarRange, RangeInternals.RightScalarRange, RangeInternals.RightScalarRange)->RangeInternals.RightRange3D is not applicable to an argument of type (Range[\ZZ32\], Range[\ZZ32\], Range[\ZZ32\]). - (RangeInternals.ScalarRange, RangeInternals.ScalarRange, RangeInternals.ScalarRange)->RangeInternals.Range3D is not applicable to an argument of type (Range[\ZZ32\], Range[\ZZ32\], Range[\ZZ32\]).
typecheck	Could not check call to function cond - [\..\]).	-	component FortressLibrary	typecheck	FortressLibrary.fss:1317	Could not check call to function cond - [\E\](E->E, ()->E)->E is not applicable to an argument of type (E->Just[\(ZZ32, E)\], ()->Nothing[\(ZZ32, E)\]).
typecheck	Could not check call to function cond - [\..\]).	-	component FortressLibrary	typecheck	FortressLibrary.fss:1322	Could not check call to function cond - [\E\](E->E, ()->E)->E is not applicable to an argument of type (E->Condition[\E\], ()->Condition[\E\]).
typecheck	Could not check call to function cond - [\..\]).	-	component FortressLibrary	typecheck	FortressLibrary.fss:1333	Could not check call to function cond - [\G\](E->G, ()->G)->G is not applicable to an argument of type (E->Just[\G\], ()->Nothing[\G\]).
typecheck	Could not check call to function cond - [\..\]).	-	component FortressLibrary	typecheck	FortressLibrary.fss:1335	Could not check call to function cond - [\G\](E->G, ()->G)->G is not applicable to an argument of type (E->Just[\G\], ()->Nothing[\G\]).
typecheck	Could not check call to function cond - [\..\]).	-	component FortressLibrary	typecheck	FortressLibrary.fss:1337	Could not check call to function cond - [\G\](E->G, ()->G)->G is not applicable to an argument of type (E->Generator[\G\], ()->Nothing[\G\]).
typecheck	Could not check call to function cond - [\..\]).	-	component FortressLibrary	typecheck	FortressLibrary.fss:1339	Could not check call to function cond - [\G\](E->G, ()->G)->G is not applicable to an argument of type (E->Generator[\(E, G)\], ()->Nothing[\(E, G)\]).
typecheck	Could not check call to function deny - (Any, Any, (Any...))->() is not applicable to an argument of type (Boo	-	component String	typecheck	String.fss:430	Could not check call to function deny - (Any, Any, (Any...))->() is not applicable to an argument of type (Boolean, Boolean, String, String, Range[\ZZ32\], String, CompactFullRange[\ZZ32\]). - (Boolean, String)->() is not applicable to an argument of type (Boolean, Boolean, String, String, Range[\ZZ32\], String, CompactFullRange[\ZZ32\]). - Boolean->() is not applicable to an argument of type (Boolean, Boolean, String, String, Range[\ZZ32\], String, CompactFullRange[\ZZ32\]).
typecheck	Could not check call to function fill - [\..\]).	-	component List	typecheck	List.fss:322	Could not check call to function fill - [\T\](ZZ32, ImmutableArray[\T,ZZ32\])->() is not applicable to an argument of type (ZZ32, ImmutableArray[\E,ZZ32\]).
typecheck	Could not check call to function fill - [\..\]).	-	component List	typecheck	List.fss:333	Could not check call to function fill - [\T\](ZZ32, ImmutableArray[\T,ZZ32\])->() is not applicable to an argument of type (ZZ32, ImmutableArray[\E,ZZ32\]).
typecheck	Could not check call to function flatConcat - (FlatString.FlatString, Char)->String is not applicable to an ar	-	component FlatString	typecheck	FlatString.fss:135	Could not check call to function flatConcat - (FlatString.FlatString, Char)->String is not applicable to an argument of type (FlatString.FlatString, String). - (FlatString.FlatString, FlatString.FlatString)->String is not applicable to an argument of type (FlatString.FlatString, String).
typecheck	Could not check call to function fullRange2D - (ZZ32, ZZ32, ZZ32, ZZ32, ZZ32, ZZ32)->RangeInternals.FullRange2	-	component RangeInternals	typecheck	RangeInternals.fss:885	Could not check call to function fullRange2D - (ZZ32, ZZ32, ZZ32, ZZ32, ZZ32, ZZ32)->RangeInternals.FullRange2D is not applicable to an argument of type (ZZ32, ZZ32, ZZ32, ZZ32).
typecheck	Could not check call to function fullRange3D - (ZZ32, ZZ32, ZZ32, ZZ32, ZZ32, ZZ32, ZZ32, ZZ32, ZZ32)->RangeIn	-	component RangeInternals	typecheck	RangeInternals.fss:931	Could not check call to function fullRange3D - (ZZ32, ZZ32, ZZ32, ZZ32, ZZ32, ZZ32, ZZ32, ZZ32, ZZ32)->RangeInternals.FullRange3D is not applicable to an argument of type (ZZ32, ZZ32, ZZ32, ZZ32, ZZ32, ZZ32).
typecheck	Could not check call to function list - [\..\] is not applicable to an argument of type E.	-	component List	typecheck	List.fss:176	Could not check call to function list - [\E\]Generator[\E\]->List.List[\E\] is not applicable to an argument of type E. - [\E\]ImmutableArray[\E,ZZ32\]->List.List[\E\] is not applicable to an argument of type E. - [\E\]Indexed[\E,ZZ32\]->List.List[\E\] is not applicable to an argument of type E. - [\E\]List.List[\E\]->List.List[\E\] is not applicable to an argument of type E.
typecheck	Could not check call to function map - [\..\])->T is not applicable to an argument of type (T, T). L: Possibly	-	component FortressLibrary	typecheck	FortressLibrary.fss:2316	Could not check call to function map - [\T\]T->T->Array1[\T,0,s0\]: FortressLibrary.fss:2316:54-56: Could not check call to operator juxtaposition - ((NN64 & {UnsignedLong}), NN64)->NN64 is not applicable to an argument of type (T, T). - ((QQ & {Ratio}), QQ)->QQ is not applicable to an argument of type (T, T). - ((RR64 & {Float, FloatLiteral, RR32}), RR64)->RR64 is not applicable to an argument of type (T, T). - ((ZZ & {BigNum}), ZZ)->ZZ is not applicable to an argument of type (T, T). - ((ZZ32 & {Int, IntLiteral}), ZZ32)->ZZ32 is not applicable to an argument of type (T, T). - ((ZZ64 & {Long}), ZZ64)->ZZ64 is not applicable to an argument of type (T, T). - (Any, String)->String is not applicable to an argument of type (T, T). - (Integral[\I\], I)->I is not applicable to an argument of type (T, T). - (MultiplicativeRing[\T\], T)->T is not applicable to an argument of type (T, T). - (NN32, NN32)->NN32 is not applicable to an argument of type (T, T). - (String, Any)->String is not applicable to an argument of type (T, T). - (String, String)->String is not applicable to an argument of type (T, T). - [\T extends Number, nat n, nat m, nat p\](Matrix[\T,n,m\], Matrix[\T,m,p\])->Matrix[\T,n,p\] is not applicable to an argument of type (T, T). - [\T extends Number, nat n, nat m\](Matrix[\T,n,m\], T)->Matrix[\T,n,m\] is not applicable to an argument of type (T, T). - [\T extends Number, nat n, nat m\](Matrix[\T,n,m\], Vector[\T,m\])->Vector[\T,n\] is not applicable to an argument of type (T, T). - [\T extends Number, nat n, nat m\](T, Matrix[\T,n,m\])->Matrix[\T,n,m\] is not applicable to an argument of type (T, T). - [\T extends Number, nat n, nat m\](Vector[\T,n\], Matrix[\T,n,m\])->Vector[\T,m\] is not applicable to an argument of type (T, T). - [\T extends Number, nat n\](T, Vector[\T,n\])->Vector[\T,n\] is not applicable to an argument of type (T, T). - [\T extends Number, nat n\](Vector[\T,n\], T)->Vector[\T,n\] is not applicable to an argument of type (T, T). - [\T extends Number, nat n\](Vector[\T,n\], Vector[\T,n\])->T is not applicable to an argument of type (T, T). FortressLibrary.fss:2316:44-56: Possibly because v: T after argument inference - [\T\]T->T->Array[\T,ZZ32\]: FortressLibrary.fss:2316:54-56: Could not check call to operator juxtaposition - ((NN64 & {UnsignedLong}), NN64)->NN64 is not applicable to an argument of type (T, T). - ((QQ & {Ratio}), QQ)->QQ is not applicable to an argument of type (T, T). - ((RR64 & {Float, FloatLiteral, RR32}), RR64)->RR64 is not applicable to an argument of type (T, T). - ((ZZ & {BigNum}), ZZ)->ZZ is not applicable to an argument of type (T, T). - ((ZZ32 & {Int, IntLiteral}), ZZ32)->ZZ32 is not applicable to an argument of type (T, T). - ((ZZ64 & {Long}), ZZ64)->ZZ64 is not applicable to an argument of type (T, T). - (Any, String)->String is not applicable to an argument of type (T, T). - (Integral[\I\], I)->I is not applicable to an argument of type (T, T). - (MultiplicativeRing[\T\], T)->T is not applicable to an argument of type (T, T). - (NN32, NN32)->NN32 is not applicable to an argument of type (T, T). - (String, Any)->String is not applicable to an argument of type (T, T). - (String, String)->String is not applicable to an argument of type (T, T). - [\T extends Number, nat n, nat m, nat p\](Matrix[\T,n,m\], Matrix[\T,m,p\])->Matrix[\T,n,p\] is not applicable to an argument of type (T, T). - [\T extends Number, nat n, nat m\](Matrix[\T,n,m\], T)->Matrix[\T,n,m\] is not applicable to an argument of type (T, T). - [\T extends Number, nat n, nat m\](Matrix[\T,n,m\], Vector[\T,m\])->Vector[\T,n\] is not applicable to an argument of type (T, T). - [\T extends Number, nat n, nat m\](T, Matrix[\T,n,m\])->Matrix[\T,n,m\] is not applicable to an argument of type (T, T). - [\T extends Number, nat n, nat m\](Vector[\T,n\], Matrix[\T,n,m\])->Vector[\T,m\] is not applicable to an argument of type (T, T). - [\T extends Number, nat n\](T, Vector[\T,n\])->Vector[\T,n\] is not applicable to an argument of type (T, T). - [\T extends Number, nat n\](Vector[\T,n\], T)->Vector[\T,n\] is not applicable to an argument of type (T, T). - [\T extends Number, nat n\](Vector[\T,n\], Vector[\T,n\])->T is not applicable to an argument of type (T, T). FortressLibrary.fss:2316:44-56: Possibly because v: T after argument inference - [\T\]T->T->Generator[\T\]: FortressLibrary.fss:2316:54-56: Could not check call to operator juxtaposition - ((NN64 & {UnsignedLong}), NN64)->NN64 is not applicable to an argument of type (T, T). - ((QQ & {Ratio}), QQ)->QQ is not applicable to an argument of type (T, T). - ((RR64 & {Float, FloatLiteral, RR32}), RR64)->RR64 is not applicable to an argument of type (T, T). - ((ZZ & {BigNum}), ZZ)->ZZ is not applicable to an argument of type (T, T). - ((ZZ32 & {Int, IntLiteral}), ZZ32)->ZZ32 is not applicable to an argument of type (T, T). - ((ZZ64 & {Long}), ZZ64)->ZZ64 is not applicable to an argument of type (T, T). - (Any, String)->String is not applicable to an argument of type (T, T). - (Integral[\I\], I)->I is not applicable to an argument of type (T, T). - (MultiplicativeRing[\T\], T)->T is not applicable to an argument of type (T, T). - (NN32, NN32)->NN32 is not applicable to an argument of type (T, T). - (String, Any)->String is not applicable to an argument of type (T, T). - (String, String)->String is not applicable to an argument of type (T, T). - [\T extends Number, nat n, nat m, nat p\](Matrix[\T,n,m\], Matrix[\T,m,p\])->Matrix[\T,n,p\] is not applicable to an argument of type (T, T). - [\T extends Number, nat n, nat m\](Matrix[\T,n,m\], T)->Matrix[\T,n,m\] is not applicable to an argument of type (T, T). - [\T extends Number, nat n, nat m\](Matrix[\T,n,m\], Vector[\T,m\])->Vector[\T,n\] is not applicable to an argument of type (T, T). - [\T extends Number, nat n, nat m\](T, Matrix[\T,n,m\])->Matrix[\T,n,m\] is not applicable to an argument of type (T, T). - [\T extends Number, nat n, nat m\](Vector[\T,n\], Matrix[\T,n,m\])->Vector[\T,m\] is not applicable to an argument of type (T, T). - [\T extends Number, nat n\](T, Vector[\T,n\])->Vector[\T,n\] is not applicable to an argument of type (T, T). - [\T extends Number, nat n\](Vector[\T,n\], T)->Vector[\T,n\] is not applicable to an argument of type (T, T). - [\T extends Number, nat n\](Vector[\T,n\], Vector[\T,n\])->T is not applicable to an argument of type (T, T). FortressLibrary.fss:2316:44-56: Possibly because v: T after argument inference - [\T\]T->T->Indexed[\T,ZZ32\]: FortressLibrary.fss:2316:54-56: Could not check call to operator juxtaposition - ((NN64 & {UnsignedLong}), NN64)->NN64 is not applicable to an argument of type (T, T). - ((QQ & {Ratio}), QQ)->QQ is not applicable to an argument of type (T, T). - ((RR64 & {Float, FloatLiteral, RR32}), RR64)->RR64 is not applicable to an argument of type (T, T). - ((ZZ & {BigNum}), ZZ)->ZZ is not applicable to an argument of type (T, T). - ((ZZ32 & {Int, IntLiteral}), ZZ32)->ZZ32 is not applicable to an argument of type (T, T). - ((ZZ64 & {Long}), ZZ64)->ZZ64 is not applicable to an argument of type (T, T). - (Any, String)->String is not applicable to an argument of type (T, T). - (Integral[\I\], I)->I is not applicable to an argument of type (T, T). - (MultiplicativeRing[\T\], T)->T is not applicable to an argument of type (T, T). - (NN32, NN32)->NN32 is not applicable to an argument of type (T, T). - (String, Any)->String is not applicable to an argument of type (T, T). - (String, String)->String is not applicable to an argument of type (T, T). - [\T extends Number, nat n, nat m, nat p\](Matrix[\T,n,m\], Matrix[\T,m,p\])->Matrix[\T,n,p\] is not applicable to an argument of type (T, T). - [\T extends Number, nat n, nat m\](Matrix[\T,n,m\], T)->Matrix[\T,n,m\] is not applicable to an argument of type (T, T). - [\T extends Number, nat n, nat m\](Matrix[\T,n,m\], Vector[\T,m\])->Vector[\T,n\] is not applicable to an argument of type (T, T). - [\T extends Number, nat n, nat m\](T, Matrix[\T,n,m\])->Matrix[\T,n,m\] is not applicable to an argument of type (T, T). - [\T extends Number, nat n, nat m\](Vector[\T,n\], Matrix[\T,n,m\])->Vector[\T,m\] is not applicable to an argument of type (T, T). - [\T extends Number, nat n\](T, Vector[\T,n\])->Vector[\T,n\] is not applicable to an argument of type (T, T). - [\T extends Number, nat n\](Vector[\T,n\], T)->Vector[\T,n\] is not applicable to an argument of type (T, T). - [\T extends Number, nat n\](Vector[\T,n\], Vector[\T,n\])->T is not applicable to an argument of type (T, T). FortressLibrary.fss:2316:44-56: Possibly because v: T after argument inference - [\T\]T->T->ReadableArray[\T,ZZ32\]: FortressLibrary.fss:2316:54-56: Could not check call to operator juxtaposition - ((NN64 & {UnsignedLong}), NN64)->NN64 is not applicable to an argument of type (T, T). - ((QQ & {Ratio}), QQ)->QQ is not applicable to an argument of type (T, T). - ((RR64 & {Float, FloatLiteral, RR32}), RR64)->RR64 is not applicable to an argument of type (T, T). - ((ZZ & {BigNum}), ZZ)->ZZ is not applicable to an argument of type (T, T). - ((ZZ32 & {Int, IntLiteral}), ZZ32)->ZZ32 is not applicable to an argument of type (T, T). - ((ZZ64 & {Long}), ZZ64)->ZZ64 is not applicable to an argument of type (T, T). - (Any, String)->String is not applicable to an argument of type (T, T). - (Integral[\I\], I)->I is not applicable to an argument of type (T, T). - (MultiplicativeRing[\T\], T)->T is not applicable to an argument of type (T, T). - (NN32, NN32)->NN32 is not applicable to an argument of type (T, T). - (String, Any)->String is not applicable to an argument of type (T, T). - (String, String)->String is not applicable to an argument of type (T, T). - [\T extends Number, nat n, nat m, nat p\](Matrix[\T,n,m\], Matrix[\T,m,p\])->Matrix[\T,n,p\] is not applicable to an argument of type (T, T). - [\T extends Number, nat n, nat m\](Matrix[\T,n,m\], T)->Matrix[\T,n,m\] is not applicable to an argument of type (T, T). - [\T extends Number, nat n, nat m\](Matrix[\T,n,m\], Vector[\T,m\])->Vector[\T,n\] is not applicable to an argument of type (T, T). - [\T extends Number, nat n, nat m\](T, Matrix[\T,n,m\])->Matrix[\T,n,m\] is not applicable to an argument of type (T, T). - [\T extends Number, nat n, nat m\](Vector[\T,n\], Matrix[\T,n,m\])->Vector[\T,m\] is not applicable to an argument of type (T, T). - [\T extends Number, nat n\](T, Vector[\T,n\])->Vector[\T,n\] is not applicable to an argument of type (T, T). - [\T extends Number, nat n\](Vector[\T,n\], T)->Vector[\T,n\] is not applicable to an argument of type (T, T). - [\T extends Number, nat n\](Vector[\T,n\], Vector[\T,n\])->T is not applicable to an argument of type (T, T). FortressLibrary.fss:2316:44-56: Possibly because v: T after argument inference
typecheck	Could not check call to function openRangeHelper - ()->(ZZ32, ZZ32)->RangeInternals.OpenRange2D is not applica	-	component FortressLibrary	typecheck	FortressLibrary.fss:3961	Could not check call to function openRangeHelper - ()->(ZZ32, ZZ32)->RangeInternals.OpenRange2D is not applicable to an argument of type ()->I. - ()->(ZZ32, ZZ32, ZZ32)->RangeInternals.OpenRange3D is not applicable to an argument of type ()->I. - ()->ZZ32->RangeInternals.OpenScalarRange is not applicable to an argument of type ()->I.
typecheck	Could not check call to function partitionL - (NN64 & {UnsignedLong})->NN64 is not applicable to an argument o	-	component FortressLibrary	typecheck	FortressLibrary.fss:2116	Could not check call to function partitionL - (NN64 & {UnsignedLong})->NN64 is not applicable to an argument of type I. - (ZZ32 & {Int, IntLiteral})->ZZ32 is not applicable to an argument of type I. - (ZZ64 & {Long})->ZZ64 is not applicable to an argument of type I. - NN32->NN32 is not applicable to an argument of type I.
typecheck	Could not check call to function seq - DelegatedIndexed[\..\].	-	component FortressLibrary	typecheck	FortressLibrary.fss:4592	Could not check call to function seq - DelegatedIndexed[\E,I\]->SequentialGenerator[\E\] is not applicable to an argument of type Range[\ZZ32\]. - FilterGenerator[\E\]->SequentialGenerator[\E\] is not applicable to an argument of type Range[\ZZ32\]. - Generator[\E\]->SequentialGenerator[\E\] is not applicable to an argument of type Range[\ZZ32\]. - MappedGenerator[\E,F\]->SimpleMappedSeqGenerator[\E,F\] is not applicable to an argument of type Range[\ZZ32\]. - RangeInternals.CompactFullParScalarRange->RangeInternals.CompactFullSeqScalarRange is not applicable to an argument of type Range[\ZZ32\]. - RangeInternals.StridedFullParScalarRange->RangeInternals.StridedFullSeqScalarRange is not applicable to an argument of type Range[\ZZ32\]. - RangeInternals.StridedFullSeqScalarRange->RangeInternals.StridedFullSeqScalarRange is not applicable to an argument of type Range[\ZZ32\]. - ReadableArray[\E,I\]->SequentialGenerator[\E\] is not applicable to an argument of type Range[\ZZ32\]. - SequentialGenerator[\E\]->SequentialGenerator[\E\] is not applicable to an argument of type Range[\ZZ32\]. - SimpleMappedSeqGenerator[\E,F\]->SimpleMappedSeqGenerator[\E,F\] is not applicable to an argument of type Range[\ZZ32\]. - SimpleNestedGenerator[\E,F\]->SequentialGenerator[\E\] is not applicable to an argument of type Range[\ZZ32\]. - SimplePairGenerator[\E,F\]->SequentialGenerator[\E\] is not applicable to an argument of type Range[\ZZ32\]. - SimpleSeqFilterGenerator[\E\]->SimpleSeqFilterGenerator[\E\] is not applicable to an argument of type Range[\ZZ32\].
typecheck	Could not check call to function seq - DelegatedIndexed[\..\].	-	component String	typecheck	String.fss:486	Could not check call to function seq - DelegatedIndexed[\E,I\]->SequentialGenerator[\E\] is not applicable to an argument of type Range[\ZZ32\]. - FilterGenerator[\E\]->SequentialGenerator[\E\] is not applicable to an argument of type Range[\ZZ32\]. - Generator[\E\]->SequentialGenerator[\E\] is not applicable to an argument of type Range[\ZZ32\]. - ReadableArray[\E,I\]->SequentialGenerator[\E\] is not applicable to an argument of type Range[\ZZ32\]. - SequentialGenerator[\E\]->SequentialGenerator[\E\] is not applicable to an argument of type Range[\ZZ32\].
typecheck	Could not check call to function writes - (Generator[\..\]->() is not applicable to an argument of type (Any, 	-	component Stream	typecheck	Stream.fss:70	Could not check call to function writes - (Generator[\Any\], String)->() is not applicable to an argument of type (Any, String). - Generator[\Any\]->() is not applicable to an argument of type (Any, String).
typecheck	Could not check call to function writes - (Generator[\..\]->() is not applicable to an argument of type (Any, 	-	component Stream	typecheck	Stream.fss:71	Could not check call to function writes - (Generator[\Any\], String)->() is not applicable to an argument of type (Any, String). - Generator[\Any\]->() is not applicable to an argument of type (Any, String).
typecheck	Could not check call to operator # - ((ZZ32, ZZ32), (ZZ32, ZZ32))->CompactFullRange[\..\] is not applicable to	-	component String	typecheck	String.fss:79	Could not check call to operator # - ((ZZ32, ZZ32), (ZZ32, ZZ32))->CompactFullRange[\(ZZ32, ZZ32)\] is not applicable to an argument of type (IntLiteral, ()->ZZ32). - ((ZZ32, ZZ32, ZZ32), (ZZ32, ZZ32, ZZ32))->CompactFullRange[\(ZZ32, ZZ32, ZZ32)\] is not applicable to an argument of type (IntLiteral, ()->ZZ32). - (ZZ32, ZZ32)->CompactFullRange[\ZZ32\] is not applicable to an argument of type (IntLiteral, ()->ZZ32). - [\I\](PartialRange[\I\], I)->Range[\I\] is not applicable to an argument of type (IntLiteral, ()->ZZ32).
typecheck	Could not check call to operator # - (ZZ32, ZZ32)->ExtentRange[\..\] is not applicable to an argument of type 	-	component FortressLibrary	typecheck	FortressLibrary.fss:3782	Could not check call to operator # - (ZZ32, ZZ32)->ExtentRange[\(ZZ32, ZZ32)\] is not applicable to an argument of type Any. - (ZZ32, ZZ32, ZZ32)->ExtentRange[\(ZZ32, ZZ32, ZZ32)\] is not applicable to an argument of type Any. - ZZ32->ExtentRange[\ZZ32\] is not applicable to an argument of type Any.
typecheck	Could not check call to operator # - (ZZ32, ZZ32)->LeftRange[\..\] is not applicable to an argument of type An	-	component FortressLibrary	typecheck	FortressLibrary.fss:3776	Could not check call to operator # - (ZZ32, ZZ32)->LeftRange[\(ZZ32, ZZ32)\] is not applicable to an argument of type Any. - (ZZ32, ZZ32, ZZ32)->LeftRange[\(ZZ32, ZZ32, ZZ32)\] is not applicable to an argument of type Any. - ZZ32->LeftRange[\ZZ32\] is not applicable to an argument of type Any.
typecheck	Could not check call to operator + - ((NN64 & {UnsignedLong}), NN64)->NN64 is not applicable to an argument of	-	component FortressLibrary	typecheck	FortressLibrary.fss:2312	Could not check call to operator + - ((NN64 & {UnsignedLong}), NN64)->NN64 is not applicable to an argument of type (T, T). - ((QQ & {Ratio}), QQ)->QQ is not applicable to an argument of type (T, T). - ((RR64 & {Float, FloatLiteral, RR32}), RR64)->RR64 is not applicable to an argument of type (T, T). - ((ZZ & {BigNum}), ZZ)->ZZ is not applicable to an argument of type (T, T). - ((ZZ32 & {Int, IntLiteral}), ZZ32)->ZZ32 is not applicable to an argument of type (T, T). - ((ZZ64 & {Long}), ZZ64)->ZZ64 is not applicable to an argument of type (T, T). - (AdditiveGroup[\T\], T)->T is not applicable to an argument of type (T, T). - (Integral[\I\], I)->I is not applicable to an argument of type (T, T). - (Matrix[\T,s0,s1\], Matrix[\T,s0,s1\])->Matrix[\T,s0,s1\] is not applicable to an argument of type (T, T). - (NN32, NN32)->NN32 is not applicable to an argument of type (T, T). - (Vector[\T,s0\], Vector[\T,s0\])->Vector[\T,s0\] is not applicable to an argument of type (T, T). - [\T extends Number, I\](Array[\T,I\], T)->Array[\T,I\] is not applicable to an argument of type (T, T). - [\T extends Number, I\](T, Array[\T,I\])->Array[\T,I\] is not applicable to an argument of type (T, T).
typecheck	Could not check call to operator + - ((NN64 & {UnsignedLong}), NN64)->NN64 is not applicable to an argument of	-	component FortressLibrary	typecheck	FortressLibrary.fss:2620	Could not check call to operator + - ((NN64 & {UnsignedLong}), NN64)->NN64 is not applicable to an argument of type (T, T). - ((QQ & {Ratio}), QQ)->QQ is not applicable to an argument of type (T, T). - ((RR64 & {Float, FloatLiteral, RR32}), RR64)->RR64 is not applicable to an argument of type (T, T). - ((ZZ & {BigNum}), ZZ)->ZZ is not applicable to an argument of type (T, T). - ((ZZ32 & {Int, IntLiteral}), ZZ32)->ZZ32 is not applicable to an argument of type (T, T). - ((ZZ64 & {Long}), ZZ64)->ZZ64 is not applicable to an argument of type (T, T). - (AdditiveGroup[\T\], T)->T is not applicable to an argument of type (T, T). - (Integral[\I\], I)->I is not applicable to an argument of type (T, T). - (Matrix[\T,s0,s1\], Matrix[\T,s0,s1\])->Matrix[\T,s0,s1\] is not applicable to an argument of type (T, T). - (NN32, NN32)->NN32 is not applicable to an argument of type (T, T). - (Vector[\T,s0\], Vector[\T,s0\])->Vector[\T,s0\] is not applicable to an argument of type (T, T). - [\T extends Number, I\](Array[\T,I\], T)->Array[\T,I\] is not applicable to an argument of type (T, T). - [\T extends Number, I\](T, Array[\T,I\])->Array[\T,I\] is not applicable to an argument of type (T, T).
typecheck	Could not check call to operator + - ((NN64 & {UnsignedLong}), NN64)->NN64 is not applicable to an argument of	-	component FortressLibrary	typecheck	FortressLibrary.fss:2632	Could not check call to operator + - ((NN64 & {UnsignedLong}), NN64)->NN64 is not applicable to an argument of type (T, T). - ((QQ & {Ratio}), QQ)->QQ is not applicable to an argument of type (T, T). - ((RR64 & {Float, FloatLiteral, RR32}), RR64)->RR64 is not applicable to an argument of type (T, T). - ((ZZ & {BigNum}), ZZ)->ZZ is not applicable to an argument of type (T, T). - ((ZZ32 & {Int, IntLiteral}), ZZ32)->ZZ32 is not applicable to an argument of type (T, T). - ((ZZ64 & {Long}), ZZ64)->ZZ64 is not applicable to an argument of type (T, T). - (AdditiveGroup[\T\], T)->T is not applicable to an argument of type (T, T). - (Integral[\I\], I)->I is not applicable to an argument of type (T, T). - (Matrix[\T,s0,s1\], Matrix[\T,s0,s1\])->Matrix[\T,s0,s1\] is not applicable to an argument of type (T, T). - (NN32, NN32)->NN32 is not applicable to an argument of type (T, T). - (Vector[\T,s0\], Vector[\T,s0\])->Vector[\T,s0\] is not applicable to an argument of type (T, T). - [\T extends Number, I\](Array[\T,I\], T)->Array[\T,I\] is not applicable to an argument of type (T, T). - [\T extends Number, I\](T, Array[\T,I\])->Array[\T,I\] is not applicable to an argument of type (T, T).
typecheck	Could not check call to operator + - ((NN64 & {UnsignedLong}), NN64)->NN64 is not applicable to an argument of	-	component FortressLibrary	typecheck	FortressLibrary.fss:4602	Could not check call to operator + - ((NN64 & {UnsignedLong}), NN64)->NN64 is not applicable to an argument of type (T, T). - ((QQ & {Ratio}), QQ)->QQ is not applicable to an argument of type (T, T). - ((RR64 & {Float, FloatLiteral, RR32}), RR64)->RR64 is not applicable to an argument of type (T, T). - ((ZZ & {BigNum}), ZZ)->ZZ is not applicable to an argument of type (T, T). - ((ZZ32 & {Int, IntLiteral}), ZZ32)->ZZ32 is not applicable to an argument of type (T, T). - ((ZZ64 & {Long}), ZZ64)->ZZ64 is not applicable to an argument of type (T, T). - (AdditiveGroup[\T\], T)->T is not applicable to an argument of type (T, T). - (Integral[\I\], I)->I is not applicable to an argument of type (T, T). - (Matrix[\T,s0,s1\], Matrix[\T,s0,s1\])->Matrix[\T,s0,s1\] is not applicable to an argument of type (T, T). - (NN32, NN32)->NN32 is not applicable to an argument of type (T, T). - (Vector[\T,s0\], Vector[\T,s0\])->Vector[\T,s0\] is not applicable to an argument of type (T, T). - [\T extends Number, I\](Array[\T,I\], T)->Array[\T,I\] is not applicable to an argument of type (T, T). - [\T extends Number, I\](T, Array[\T,I\])->Array[\T,I\] is not applicable to an argument of type (T, T).
typecheck	Could not check call to operator + - ((NN64 & {UnsignedLong}), NN64)->NN64 is not applicable to an argument of	-	component FortressLibrary	typecheck	FortressLibrary.fss:4603	Could not check call to operator + - ((NN64 & {UnsignedLong}), NN64)->NN64 is not applicable to an argument of type (T, T). - ((QQ & {Ratio}), QQ)->QQ is not applicable to an argument of type (T, T). - ((RR64 & {Float, FloatLiteral, RR32}), RR64)->RR64 is not applicable to an argument of type (T, T). - ((ZZ & {BigNum}), ZZ)->ZZ is not applicable to an argument of type (T, T). - ((ZZ32 & {Int, IntLiteral}), ZZ32)->ZZ32 is not applicable to an argument of type (T, T). - ((ZZ64 & {Long}), ZZ64)->ZZ64 is not applicable to an argument of type (T, T). - (AdditiveGroup[\T\], T)->T is not applicable to an argument of type (T, T). - (Integral[\I\], I)->I is not applicable to an argument of type (T, T). - (Matrix[\T,s0,s1\], Matrix[\T,s0,s1\])->Matrix[\T,s0,s1\] is not applicable to an argument of type (T, T). - (NN32, NN32)->NN32 is not applicable to an argument of type (T, T). - (Vector[\T,s0\], Vector[\T,s0\])->Vector[\T,s0\] is not applicable to an argument of type (T, T). - [\T extends Number, I\](Array[\T,I\], T)->Array[\T,I\] is not applicable to an argument of type (T, T). - [\T extends Number, I\](T, Array[\T,I\])->Array[\T,I\] is not applicable to an argument of type (T, T).
typecheck	Could not check call to operator + - ((NN64 & {UnsignedLong}), NN64)->NN64 is not applicable to an argument of	-	component RangeInternals	typecheck	RangeInternals.fss:1320	Could not check call to operator + - ((NN64 & {UnsignedLong}), NN64)->NN64 is not applicable to an argument of type (ZZ32, (ZZ32, ZZ32)). - ((RR64 & {Float, FloatLiteral, RR32}), RR64)->RR64 is not applicable to an argument of type (ZZ32, (ZZ32, ZZ32)). - ((ZZ32 & {Int, IntLiteral}), ZZ32)->ZZ32 is not applicable to an argument of type (ZZ32, (ZZ32, ZZ32)). - ((ZZ64 & {Long}), ZZ64)->ZZ64 is not applicable to an argument of type (ZZ32, (ZZ32, ZZ32)). - (AdditiveGroup[\T\], T)->T is not applicable to an argument of type (ZZ32, (ZZ32, ZZ32)). - (Integral[\I\], I)->I is not applicable to an argument of type (ZZ32, (ZZ32, ZZ32)). - (Matrix[\T,s0,s1\], Matrix[\T,s0,s1\])->Matrix[\T,s0,s1\] is not applicable to an argument of type (ZZ32, (ZZ32, ZZ32)). - (NN32, NN32)->NN32 is not applicable to an argument of type (ZZ32, (ZZ32, ZZ32)). - (QQ, QQ)->QQ is not applicable to an argument of type (ZZ32, (ZZ32, ZZ32)). - (Vector[\T,s0\], Vector[\T,s0\])->Vector[\T,s0\] is not applicable to an argument of type (ZZ32, (ZZ32, ZZ32)). - [\T extends Number, I\](Array[\T,I\], T)->Array[\T,I\] is not applicable to an argument of type (ZZ32, (ZZ32, ZZ32)). - [\T extends Number, I\](T, Array[\T,I\])->Array[\T,I\] is not applicable to an argument of type (ZZ32, (ZZ32, ZZ32)). - [\T extends Number, nat n, nat m\](Matrix[\T,n,m\], Matrix[\T,n,m\])->Matrix[\T,n,m\] is not applicable to an argument of type (ZZ32, (ZZ32, ZZ32)). - [\T extends Number, nat n, nat m\](Vector[\T,n\], Vector[\T,n\])->Vector[\T,n\] is not applicable to an argument of type (ZZ32, (ZZ32, ZZ32)).
typecheck	Could not check call to operator + - ((NN64 & {UnsignedLong}), NN64)->NN64 is not applicable to an argument of	-	component RangeInternals	typecheck	RangeInternals.fss:641	Could not check call to operator + - ((NN64 & {UnsignedLong}), NN64)->NN64 is not applicable to an argument of type (ZZ32, (ZZ32, ZZ32, ZZ32)). - ((RR64 & {Float, FloatLiteral, RR32}), RR64)->RR64 is not applicable to an argument of type (ZZ32, (ZZ32, ZZ32, ZZ32)). - ((ZZ32 & {Int, IntLiteral}), ZZ32)->ZZ32 is not applicable to an argument of type (ZZ32, (ZZ32, ZZ32, ZZ32)). - ((ZZ64 & {Long}), ZZ64)->ZZ64 is not applicable to an argument of type (ZZ32, (ZZ32, ZZ32, ZZ32)). - (AdditiveGroup[\T\], T)->T is not applicable to an argument of type (ZZ32, (ZZ32, ZZ32, ZZ32)). - (Integral[\I\], I)->I is not applicable to an argument of type (ZZ32, (ZZ32, ZZ32, ZZ32)). - (Matrix[\T,s0,s1\], Matrix[\T,s0,s1\])->Matrix[\T,s0,s1\] is not applicable to an argument of type (ZZ32, (ZZ32, ZZ32, ZZ32)). - (NN32, NN32)->NN32 is not applicable to an argument of type (ZZ32, (ZZ32, ZZ32, ZZ32)). - (QQ, QQ)->QQ is not applicable to an argument of type (ZZ32, (ZZ32, ZZ32, ZZ32)). - (Vector[\T,s0\], Vector[\T,s0\])->Vector[\T,s0\] is not applicable to an argument of type (ZZ32, (ZZ32, ZZ32, ZZ32)). - [\T extends Number, I\](Array[\T,I\], T)->Array[\T,I\] is not applicable to an argument of type (ZZ32, (ZZ32, ZZ32, ZZ32)). - [\T extends Number, I\](T, Array[\T,I\])->Array[\T,I\] is not applicable to an argument of type (ZZ32, (ZZ32, ZZ32, ZZ32)). - [\T extends Number, nat n, nat m\](Matrix[\T,n,m\], Matrix[\T,n,m\])->Matrix[\T,n,m\] is not applicable to an argument of type (ZZ32, (ZZ32, ZZ32, ZZ32)). - [\T extends Number, nat n, nat m\](Vector[\T,n\], Vector[\T,n\])->Vector[\T,n\] is not applicable to an argument of type (ZZ32, (ZZ32, ZZ32, ZZ32)).
typecheck	Could not check call to operator + - ((NN64 & {UnsignedLong}), NN64)->NN64 is not applicable to an argument of	-	component RangeInternals	typecheck	RangeInternals.fss:755	Could not check call to operator + - ((NN64 & {UnsignedLong}), NN64)->NN64 is not applicable to an argument of type (ZZ32, (ZZ32, ZZ32, ZZ32)). - ((RR64 & {Float, FloatLiteral, RR32}), RR64)->RR64 is not applicable to an argument of type (ZZ32, (ZZ32, ZZ32, ZZ32)). - ((ZZ32 & {Int, IntLiteral}), ZZ32)->ZZ32 is not applicable to an argument of type (ZZ32, (ZZ32, ZZ32, ZZ32)). - ((ZZ64 & {Long}), ZZ64)->ZZ64 is not applicable to an argument of type (ZZ32, (ZZ32, ZZ32, ZZ32)). - (AdditiveGroup[\T\], T)->T is not applicable to an argument of type (ZZ32, (ZZ32, ZZ32, ZZ32)). - (Integral[\I\], I)->I is not applicable to an argument of type (ZZ32, (ZZ32, ZZ32, ZZ32)). - (Matrix[\T,s0,s1\], Matrix[\T,s0,s1\])->Matrix[\T,s0,s1\] is not applicable to an argument of type (ZZ32, (ZZ32, ZZ32, ZZ32)). - (NN32, NN32)->NN32 is not applicable to an argument of type (ZZ32, (ZZ32, ZZ32, ZZ32)). - (QQ, QQ)->QQ is not applicable to an argument of type (ZZ32, (ZZ32, ZZ32, ZZ32)). - (Vector[\T,s0\], Vector[\T,s0\])->Vector[\T,s0\] is not applicable to an argument of type (ZZ32, (ZZ32, ZZ32, ZZ32)). - [\T extends Number, I\](Array[\T,I\], T)->Array[\T,I\] is not applicable to an argument of type (ZZ32, (ZZ32, ZZ32, ZZ32)). - [\T extends Number, I\](T, Array[\T,I\])->Array[\T,I\] is not applicable to an argument of type (ZZ32, (ZZ32, ZZ32, ZZ32)). - [\T extends Number, nat n, nat m\](Matrix[\T,n,m\], Matrix[\T,n,m\])->Matrix[\T,n,m\] is not applicable to an argument of type (ZZ32, (ZZ32, ZZ32, ZZ32)). - [\T extends Number, nat n, nat m\](Vector[\T,n\], Vector[\T,n\])->Vector[\T,n\] is not applicable to an argument of type (ZZ32, (ZZ32, ZZ32, ZZ32)).
typecheck	Could not check call to operator - - ((NN64 & {UnsignedLong}), NN64)->NN64 is not applicable to an argument of	-	component FortressLibrary	typecheck	FortressLibrary.fss:2314	Could not check call to operator - - ((NN64 & {UnsignedLong}), NN64)->NN64 is not applicable to an argument of type (T, T). - ((QQ & {Ratio}), QQ)->QQ is not applicable to an argument of type (T, T). - ((RR64 & {Float, FloatLiteral, RR32}), RR64)->RR64 is not applicable to an argument of type (T, T). - ((ZZ & {BigNum}), ZZ)->ZZ is not applicable to an argument of type (T, T). - ((ZZ32 & {Int, IntLiteral}), ZZ32)->ZZ32 is not applicable to an argument of type (T, T). - ((ZZ64 & {Long}), ZZ64)->ZZ64 is not applicable to an argument of type (T, T). - (AdditiveGroup[\T\], T)->T is not applicable to an argument of type (T, T). - (Integral[\I\], I)->I is not applicable to an argument of type (T, T). - (Matrix[\T,s0,s1\], Matrix[\T,s0,s1\])->Matrix[\T,s0,s1\] is not applicable to an argument of type (T, T). - (NN32, NN32)->NN32 is not applicable to an argument of type (T, T). - (Vector[\T,s0\], Vector[\T,s0\])->Vector[\T,s0\] is not applicable to an argument of type (T, T). - [\T extends Number, I\](Array[\T,I\], T)->Array[\T,I\] is not applicable to an argument of type (T, T). - [\T extends Number, I\](T, Array[\T,I\])->Array[\T,I\] is not applicable to an argument of type (T, T).
typecheck	Could not check call to operator - - ((NN64 & {UnsignedLong}), NN64)->NN64 is not applicable to an argument of	-	component FortressLibrary	typecheck	FortressLibrary.fss:2622	Could not check call to operator - - ((NN64 & {UnsignedLong}), NN64)->NN64 is not applicable to an argument of type (T, T). - ((QQ & {Ratio}), QQ)->QQ is not applicable to an argument of type (T, T). - ((RR64 & {Float, FloatLiteral, RR32}), RR64)->RR64 is not applicable to an argument of type (T, T). - ((ZZ & {BigNum}), ZZ)->ZZ is not applicable to an argument of type (T, T). - ((ZZ32 & {Int, IntLiteral}), ZZ32)->ZZ32 is not applicable to an argument of type (T, T). - ((ZZ64 & {Long}), ZZ64)->ZZ64 is not applicable to an argument of type (T, T). - (AdditiveGroup[\T\], T)->T is not applicable to an argument of type (T, T). - (Integral[\I\], I)->I is not applicable to an argument of type (T, T). - (Matrix[\T,s0,s1\], Matrix[\T,s0,s1\])->Matrix[\T,s0,s1\] is not applicable to an argument of type (T, T). - (NN32, NN32)->NN32 is not applicable to an argument of type (T, T). - (Vector[\T,s0\], Vector[\T,s0\])->Vector[\T,s0\] is not applicable to an argument of type (T, T). - [\T extends Number, I\](Array[\T,I\], T)->Array[\T,I\] is not applicable to an argument of type (T, T). - [\T extends Number, I\](T, Array[\T,I\])->Array[\T,I\] is not applicable to an argument of type (T, T).
typecheck	Could not check call to operator - - ((NN64 & {UnsignedLong}), NN64)->NN64 is not applicable to an argument of	-	component FortressLibrary	typecheck	FortressLibrary.fss:338	Could not check call to operator - - ((NN64 & {UnsignedLong}), NN64)->NN64 is not applicable to an argument of type (AdditiveGroup[\T\], AdditiveGroup[\T\]). - ((QQ & {Ratio}), QQ)->QQ is not applicable to an argument of type (AdditiveGroup[\T\], AdditiveGroup[\T\]). - ((RR64 & {Float, FloatLiteral, RR32}), RR64)->RR64 is not applicable to an argument of type (AdditiveGroup[\T\], AdditiveGroup[\T\]). - ((ZZ & {BigNum}), ZZ)->ZZ is not applicable to an argument of type (AdditiveGroup[\T\], AdditiveGroup[\T\]). - ((ZZ32 & {Int, IntLiteral}), ZZ32)->ZZ32 is not applicable to an argument of type (AdditiveGroup[\T\], AdditiveGroup[\T\]). - ((ZZ64 & {Long}), ZZ64)->ZZ64 is not applicable to an argument of type (AdditiveGroup[\T\], AdditiveGroup[\T\]). - (AdditiveGroup[\T\], T)->T is not applicable to an argument of type (AdditiveGroup[\T\], AdditiveGroup[\T\]). - (Integral[\I\], I)->I is not applicable to an argument of type (AdditiveGroup[\T\], AdditiveGroup[\T\]). - (Matrix[\T,s0,s1\], Matrix[\T,s0,s1\])->Matrix[\T,s0,s1\] is not applicable to an argument of type (AdditiveGroup[\T\], AdditiveGroup[\T\]). - (NN32, NN32)->NN32 is not applicable to an argument of type (AdditiveGroup[\T\], AdditiveGroup[\T\]). - (Vector[\T,s0\], Vector[\T,s0\])->Vector[\T,s0\] is not applicable to an argument of type (AdditiveGroup[\T\], AdditiveGroup[\T\]). - [\T extends Number, I\](Array[\T,I\], T)->Array[\T,I\] is not applicable to an argument of type (AdditiveGroup[\T\], AdditiveGroup[\T\]). - [\T extends Number, I\](T, Array[\T,I\])->Array[\T,I\] is not applicable to an argument of type (AdditiveGroup[\T\], AdditiveGroup[\T\]).
typecheck	Could not check call to operator - - ((NN64 & {UnsignedLong}), NN64)->NN64 is not applicable to an argument of	-	component FortressLibrary	typecheck	FortressLibrary.fss:341	Could not check call to operator - - ((NN64 & {UnsignedLong}), NN64)->NN64 is not applicable to an argument of type (T, AdditiveGroup[\T\]). - ((QQ & {Ratio}), QQ)->QQ is not applicable to an argument of type (T, AdditiveGroup[\T\]). - ((RR64 & {Float, FloatLiteral, RR32}), RR64)->RR64 is not applicable to an argument of type (T, AdditiveGroup[\T\]). - ((ZZ & {BigNum}), ZZ)->ZZ is not applicable to an argument of type (T, AdditiveGroup[\T\]). - ((ZZ32 & {Int, IntLiteral}), ZZ32)->ZZ32 is not applicable to an argument of type (T, AdditiveGroup[\T\]). - ((ZZ64 & {Long}), ZZ64)->ZZ64 is not applicable to an argument of type (T, AdditiveGroup[\T\]). - (AdditiveGroup[\T\], T)->T is not applicable to an argument of type (T, AdditiveGroup[\T\]). - (Integral[\I\], I)->I is not applicable to an argument of type (T, AdditiveGroup[\T\]). - (Matrix[\T,s0,s1\], Matrix[\T,s0,s1\])->Matrix[\T,s0,s1\] is not applicable to an argument of type (T, AdditiveGroup[\T\]). - (NN32, NN32)->NN32 is not applicable to an argument of type (T, AdditiveGroup[\T\]). - (Vector[\T,s0\], Vector[\T,s0\])->Vector[\T,s0\] is not applicable to an argument of type (T, AdditiveGroup[\T\]). - [\T extends Number, I\](Array[\T,I\], T)->Array[\T,I\] is not applicable to an argument of type (T, AdditiveGroup[\T\]). - [\T extends Number, I\](T, Array[\T,I\])->Array[\T,I\] is not applicable to an argument of type (T, AdditiveGroup[\T\]).
typecheck	Could not check call to operator - - ((NN64 & {UnsignedLong}), NN64)->NN64 is not applicable to an argument of	-	component FortressLibrary	typecheck	FortressLibrary.fss:3894	Could not check call to operator - - ((NN64 & {UnsignedLong}), NN64)->NN64 is not applicable to an argument of type (I, AND(ZZ32,I)). - ((QQ & {Ratio}), QQ)->QQ is not applicable to an argument of type (I, AND(ZZ32,I)). - ((RR64 & {Float, FloatLiteral, RR32}), RR64)->RR64 is not applicable to an argument of type (I, AND(ZZ32,I)). - ((ZZ & {BigNum}), ZZ)->ZZ is not applicable to an argument of type (I, AND(ZZ32,I)). - ((ZZ32 & {Int, IntLiteral}), ZZ32)->ZZ32 is not applicable to an argument of type (I, AND(ZZ32,I)). - ((ZZ64 & {Long}), ZZ64)->ZZ64 is not applicable to an argument of type (I, AND(ZZ32,I)). - (AdditiveGroup[\T\], T)->T is not applicable to an argument of type (I, AND(ZZ32,I)). - (Integral[\I\], I)->I is not applicable to an argument of type (I, AND(ZZ32,I)). - (Matrix[\T,s0,s1\], Matrix[\T,s0,s1\])->Matrix[\T,s0,s1\] is not applicable to an argument of type (I, AND(ZZ32,I)). - (NN32, NN32)->NN32 is not applicable to an argument of type (I, AND(ZZ32,I)). - (Vector[\T,s0\], Vector[\T,s0\])->Vector[\T,s0\] is not applicable to an argument of type (I, AND(ZZ32,I)). - [\T extends Number, I\](Array[\T,I\], T)->Array[\T,I\] is not applicable to an argument of type (I, AND(ZZ32,I)). - [\T extends Number, I\](T, Array[\T,I\])->Array[\T,I\] is not applicable to an argument of type (I, AND(ZZ32,I)).
typecheck	Could not check call to operator - - ((NN64 & {UnsignedLong}), NN64)->NN64 is not applicable to an argument of	-	component FortressLibrary	typecheck	FortressLibrary.fss:4604	Could not check call to operator - - ((NN64 & {UnsignedLong}), NN64)->NN64 is not applicable to an argument of type (T, T). - ((QQ & {Ratio}), QQ)->QQ is not applicable to an argument of type (T, T). - ((RR64 & {Float, FloatLiteral, RR32}), RR64)->RR64 is not applicable to an argument of type (T, T). - ((ZZ & {BigNum}), ZZ)->ZZ is not applicable to an argument of type (T, T). - ((ZZ32 & {Int, IntLiteral}), ZZ32)->ZZ32 is not applicable to an argument of type (T, T). - ((ZZ64 & {Long}), ZZ64)->ZZ64 is not applicable to an argument of type (T, T). - (AdditiveGroup[\T\], T)->T is not applicable to an argument of type (T, T). - (Integral[\I\], I)->I is not applicable to an argument of type (T, T). - (Matrix[\T,s0,s1\], Matrix[\T,s0,s1\])->Matrix[\T,s0,s1\] is not applicable to an argument of type (T, T). - (NN32, NN32)->NN32 is not applicable to an argument of type (T, T). - (Vector[\T,s0\], Vector[\T,s0\])->Vector[\T,s0\] is not applicable to an argument of type (T, T). - [\T extends Number, I\](Array[\T,I\], T)->Array[\T,I\] is not applicable to an argument of type (T, T). - [\T extends Number, I\](T, Array[\T,I\])->Array[\T,I\] is not applicable to an argument of type (T, T).
typecheck	Could not check call to operator - - ((NN64 & {UnsignedLong}), NN64)->NN64 is not applicable to an argument of	-	component FortressLibrary	typecheck	FortressLibrary.fss:4608	Could not check call to operator - - ((NN64 & {UnsignedLong}), NN64)->NN64 is not applicable to an argument of type (T, T). - ((QQ & {Ratio}), QQ)->QQ is not applicable to an argument of type (T, T). - ((RR64 & {Float, FloatLiteral, RR32}), RR64)->RR64 is not applicable to an argument of type (T, T). - ((ZZ & {BigNum}), ZZ)->ZZ is not applicable to an argument of type (T, T). - ((ZZ32 & {Int, IntLiteral}), ZZ32)->ZZ32 is not applicable to an argument of type (T, T). - ((ZZ64 & {Long}), ZZ64)->ZZ64 is not applicable to an argument of type (T, T). - (AdditiveGroup[\T\], T)->T is not applicable to an argument of type (T, T). - (Integral[\I\], I)->I is not applicable to an argument of type (T, T). - (Matrix[\T,s0,s1\], Matrix[\T,s0,s1\])->Matrix[\T,s0,s1\] is not applicable to an argument of type (T, T). - (NN32, NN32)->NN32 is not applicable to an argument of type (T, T). - (Vector[\T,s0\], Vector[\T,s0\])->Vector[\T,s0\] is not applicable to an argument of type (T, T). - [\T extends Number, I\](Array[\T,I\], T)->Array[\T,I\] is not applicable to an argument of type (T, T). - [\T extends Number, I\](T, Array[\T,I\])->Array[\T,I\] is not applicable to an argument of type (T, T).
typecheck	Could not check call to operator - - ((NN64 & {UnsignedLong}), NN64)->NN64 is not applicable to an argument of	-	component RangeInternals	typecheck	RangeInternals.fss:1316	Could not check call to operator - - ((NN64 & {UnsignedLong}), NN64)->NN64 is not applicable to an argument of type (ZZ32, (ZZ32, ZZ32)). - ((RR64 & {Float, FloatLiteral, RR32}), RR64)->RR64 is not applicable to an argument of type (ZZ32, (ZZ32, ZZ32)). - ((ZZ32 & {Int, IntLiteral}), ZZ32)->ZZ32 is not applicable to an argument of type (ZZ32, (ZZ32, ZZ32)). - ((ZZ64 & {Long}), ZZ64)->ZZ64 is not applicable to an argument of type (ZZ32, (ZZ32, ZZ32)). - (AdditiveGroup[\T\], T)->T is not applicable to an argument of type (ZZ32, (ZZ32, ZZ32)). - (Integral[\I\], I)->I is not applicable to an argument of type (ZZ32, (ZZ32, ZZ32)). - (Matrix[\T,s0,s1\], Matrix[\T,s0,s1\])->Matrix[\T,s0,s1\] is not applicable to an argument of type (ZZ32, (ZZ32, ZZ32)). - (NN32, NN32)->NN32 is not applicable to an argument of type (ZZ32, (ZZ32, ZZ32)). - (QQ, QQ)->QQ is not applicable to an argument of type (ZZ32, (ZZ32, ZZ32)). - (Vector[\T,s0\], Vector[\T,s0\])->Vector[\T,s0\] is not applicable to an argument of type (ZZ32, (ZZ32, ZZ32)). - [\T extends Number, I\](Array[\T,I\], T)->Array[\T,I\] is not applicable to an argument of type (ZZ32, (ZZ32, ZZ32)). - [\T extends Number, I\](T, Array[\T,I\])->Array[\T,I\] is not applicable to an argument of type (ZZ32, (ZZ32, ZZ32)). - [\T extends Number, nat n, nat m\](Matrix[\T,n,m\], Matrix[\T,n,m\])->Matrix[\T,n,m\] is not applicable to an argument of type (ZZ32, (ZZ32, ZZ32)). - [\T extends Number, nat n, nat m\](Vector[\T,n\], Vector[\T,n\])->Vector[\T,n\] is not applicable to an argument of type (ZZ32, (ZZ32, ZZ32)).
typecheck	Could not check call to operator - - ((NN64 & {UnsignedLong}), NN64)->NN64 is not applicable to an argument of	-	component RangeInternals	typecheck	RangeInternals.fss:637	Could not check call to operator - - ((NN64 & {UnsignedLong}), NN64)->NN64 is not applicable to an argument of type (ZZ32, (ZZ32, ZZ32, ZZ32)). - ((RR64 & {Float, FloatLiteral, RR32}), RR64)->RR64 is not applicable to an argument of type (ZZ32, (ZZ32, ZZ32, ZZ32)). - ((ZZ32 & {Int, IntLiteral}), ZZ32)->ZZ32 is not applicable to an argument of type (ZZ32, (ZZ32, ZZ32, ZZ32)). - ((ZZ64 & {Long}), ZZ64)->ZZ64 is not applicable to an argument of type (ZZ32, (ZZ32, ZZ32, ZZ32)). - (AdditiveGroup[\T\], T)->T is not applicable to an argument of type (ZZ32, (ZZ32, ZZ32, ZZ32)). - (Integral[\I\], I)->I is not applicable to an argument of type (ZZ32, (ZZ32, ZZ32, ZZ32)). - (Matrix[\T,s0,s1\], Matrix[\T,s0,s1\])->Matrix[\T,s0,s1\] is not applicable to an argument of type (ZZ32, (ZZ32, ZZ32, ZZ32)). - (NN32, NN32)->NN32 is not applicable to an argument of type (ZZ32, (ZZ32, ZZ32, ZZ32)). - (QQ, QQ)->QQ is not applicable to an argument of type (ZZ32, (ZZ32, ZZ32, ZZ32)). - (Vector[\T,s0\], Vector[\T,s0\])->Vector[\T,s0\] is not applicable to an argument of type (ZZ32, (ZZ32, ZZ32, ZZ32)). - [\T extends Number, I\](Array[\T,I\], T)->Array[\T,I\] is not applicable to an argument of type (ZZ32, (ZZ32, ZZ32, ZZ32)). - [\T extends Number, I\](T, Array[\T,I\])->Array[\T,I\] is not applicable to an argument of type (ZZ32, (ZZ32, ZZ32, ZZ32)). - [\T extends Number, nat n, nat m\](Matrix[\T,n,m\], Matrix[\T,n,m\])->Matrix[\T,n,m\] is not applicable to an argument of type (ZZ32, (ZZ32, ZZ32, ZZ32)). - [\T extends Number, nat n, nat m\](Vector[\T,n\], Vector[\T,n\])->Vector[\T,n\] is not applicable to an argument of type (ZZ32, (ZZ32, ZZ32, ZZ32)).
typecheck	Could not check call to operator - - ((NN64 & {UnsignedLong}), NN64)->NN64 is not applicable to an argument of	-	component RangeInternals	typecheck	RangeInternals.fss:751	Could not check call to operator - - ((NN64 & {UnsignedLong}), NN64)->NN64 is not applicable to an argument of type (ZZ32, (ZZ32, ZZ32, ZZ32)). - ((RR64 & {Float, FloatLiteral, RR32}), RR64)->RR64 is not applicable to an argument of type (ZZ32, (ZZ32, ZZ32, ZZ32)). - ((ZZ32 & {Int, IntLiteral}), ZZ32)->ZZ32 is not applicable to an argument of type (ZZ32, (ZZ32, ZZ32, ZZ32)). - ((ZZ64 & {Long}), ZZ64)->ZZ64 is not applicable to an argument of type (ZZ32, (ZZ32, ZZ32, ZZ32)). - (AdditiveGroup[\T\], T)->T is not applicable to an argument of type (ZZ32, (ZZ32, ZZ32, ZZ32)). - (Integral[\I\], I)->I is not applicable to an argument of type (ZZ32, (ZZ32, ZZ32, ZZ32)). - (Matrix[\T,s0,s1\], Matrix[\T,s0,s1\])->Matrix[\T,s0,s1\] is not applicable to an argument of type (ZZ32, (ZZ32, ZZ32, ZZ32)). - (NN32, NN32)->NN32 is not applicable to an argument of type (ZZ32, (ZZ32, ZZ32, ZZ32)). - (QQ, QQ)->QQ is not applicable to an argument of type (ZZ32, (ZZ32, ZZ32, ZZ32)). - (Vector[\T,s0\], Vector[\T,s0\])->Vector[\T,s0\] is not applicable to an argument of type (ZZ32, (ZZ32, ZZ32, ZZ32)). - [\T extends Number, I\](Array[\T,I\], T)->Array[\T,I\] is not applicable to an argument of type (ZZ32, (ZZ32, ZZ32, ZZ32)). - [\T extends Number, I\](T, Array[\T,I\])->Array[\T,I\] is not applicable to an argument of type (ZZ32, (ZZ32, ZZ32, ZZ32)). - [\T extends Number, nat n, nat m\](Matrix[\T,n,m\], Matrix[\T,n,m\])->Matrix[\T,n,m\] is not applicable to an argument of type (ZZ32, (ZZ32, ZZ32, ZZ32)). - [\T extends Number, nat n, nat m\](Vector[\T,n\], Vector[\T,n\])->Vector[\T,n\] is not applicable to an argument of type (ZZ32, (ZZ32, ZZ32, ZZ32)).
typecheck	Could not check call to operator - - (NN64 & {UnsignedLong})->NN64 is not applicable to an argument of type An	-	component FortressLibrary	typecheck	FortressLibrary.fss:614	Could not check call to operator - - (NN64 & {UnsignedLong})->NN64 is not applicable to an argument of type AnyIntegral. - (QQ & {Ratio})->QQ is not applicable to an argument of type AnyIntegral. - (RR64 & {Float, FloatLiteral, RR32})->RR64 is not applicable to an argument of type AnyIntegral. - (ZZ & {BigNum})->ZZ is not applicable to an argument of type AnyIntegral. - (ZZ32 & {Int, IntLiteral})->ZZ32 is not applicable to an argument of type AnyIntegral. - (ZZ64 & {Long})->ZZ64 is not applicable to an argument of type AnyIntegral. - AdditiveGroup[\T\]->T is not applicable to an argument of type AnyIntegral. - Integral[\I\]->I is not applicable to an argument of type AnyIntegral. - Matrix[\T,s0,s1\]->Matrix[\T,s0,s1\] is not applicable to an argument of type AnyIntegral. - NN32->NN32 is not applicable to an argument of type AnyIntegral. - Vector[\T,s0\]->Vector[\T,s0\] is not applicable to an argument of type AnyIntegral.
typecheck	Could not check call to operator - - (NN64 & {UnsignedLong})->NN64 is not applicable to an argument of type An	-	component FortressLibrary	typecheck	FortressLibrary.fss:615	Could not check call to operator - - (NN64 & {UnsignedLong})->NN64 is not applicable to an argument of type AnyIntegral. - (QQ & {Ratio})->QQ is not applicable to an argument of type AnyIntegral. - (RR64 & {Float, FloatLiteral, RR32})->RR64 is not applicable to an argument of type AnyIntegral. - (ZZ & {BigNum})->ZZ is not applicable to an argument of type AnyIntegral. - (ZZ32 & {Int, IntLiteral})->ZZ32 is not applicable to an argument of type AnyIntegral. - (ZZ64 & {Long})->ZZ64 is not applicable to an argument of type AnyIntegral. - AdditiveGroup[\T\]->T is not applicable to an argument of type AnyIntegral. - Integral[\I\]->I is not applicable to an argument of type AnyIntegral. - Matrix[\T,s0,s1\]->Matrix[\T,s0,s1\] is not applicable to an argument of type AnyIntegral. - NN32->NN32 is not applicable to an argument of type AnyIntegral. - Vector[\T,s0\]->Vector[\T,s0\] is not applicable to an argument of type AnyIntegral.
typecheck	Could not check call to operator - - (NN64 & {UnsignedLong})->NN64 is not applicable to an argument of type T.	-	component FortressLibrary	typecheck	FortressLibrary.fss:2315	Could not check call to operator - - (NN64 & {UnsignedLong})->NN64 is not applicable to an argument of type T. - (QQ & {Ratio})->QQ is not applicable to an argument of type T. - (RR64 & {Float, FloatLiteral, RR32})->RR64 is not applicable to an argument of type T. - (ZZ & {BigNum})->ZZ is not applicable to an argument of type T. - (ZZ32 & {Int, IntLiteral})->ZZ32 is not applicable to an argument of type T. - (ZZ64 & {Long})->ZZ64 is not applicable to an argument of type T. - AdditiveGroup[\T\]->T is not applicable to an argument of type T. - Integral[\I\]->I is not applicable to an argument of type T. - Matrix[\T,s0,s1\]->Matrix[\T,s0,s1\] is not applicable to an argument of type T. - NN32->NN32 is not applicable to an argument of type T. - Vector[\T,s0\]->Vector[\T,s0\] is not applicable to an argument of type T.
typecheck	Could not check call to operator - - (NN64 & {UnsignedLong})->NN64 is not applicable to an argument of type T.	-	component FortressLibrary	typecheck	FortressLibrary.fss:2623	Could not check call to operator - - (NN64 & {UnsignedLong})->NN64 is not applicable to an argument of type T. - (QQ & {Ratio})->QQ is not applicable to an argument of type T. - (RR64 & {Float, FloatLiteral, RR32})->RR64 is not applicable to an argument of type T. - (ZZ & {BigNum})->ZZ is not applicable to an argument of type T. - (ZZ32 & {Int, IntLiteral})->ZZ32 is not applicable to an argument of type T. - (ZZ64 & {Long})->ZZ64 is not applicable to an argument of type T. - AdditiveGroup[\T\]->T is not applicable to an argument of type T. - Integral[\I\]->I is not applicable to an argument of type T. - Matrix[\T,s0,s1\]->Matrix[\T,s0,s1\] is not applicable to an argument of type T. - NN32->NN32 is not applicable to an argument of type T. - Vector[\T,s0\]->Vector[\T,s0\] is not applicable to an argument of type T.
typecheck	Could not check call to operator : - ((ZZ32, ZZ32), (ZZ32, ZZ32))->RangeInternals.CompactFullRange2D is not ap	-	component FortressLibrary	typecheck	FortressLibrary.fss:3982	Could not check call to operator : - ((ZZ32, ZZ32), (ZZ32, ZZ32))->RangeInternals.CompactFullRange2D is not applicable to an argument of type (LeftRange[\ZZ32\], ZZ32). - ((ZZ32, ZZ32, ZZ32), (ZZ32, ZZ32, ZZ32))->RangeInternals.CompactFullRange3D is not applicable to an argument of type (LeftRange[\ZZ32\], ZZ32). - (ZZ32, ZZ32)->RangeInternals.CompactFullParScalarRange is not applicable to an argument of type (LeftRange[\ZZ32\], ZZ32). - [\I\](Range[\I\], I)->Range[\I\] is not applicable to an argument of type (LeftRange[\ZZ32\], ZZ32).
typecheck	Could not check call to operator : - ((ZZ32, ZZ32), (ZZ32, ZZ32))->RangeInternals.CompactFullRange2D is not ap	-	component FortressLibrary	typecheck	FortressLibrary.fss:3983	Could not check call to operator : - ((ZZ32, ZZ32), (ZZ32, ZZ32))->RangeInternals.CompactFullRange2D is not applicable to an argument of type (LeftRange[\(ZZ32, ZZ32)\], (ZZ32, ZZ32)). - ((ZZ32, ZZ32, ZZ32), (ZZ32, ZZ32, ZZ32))->RangeInternals.CompactFullRange3D is not applicable to an argument of type (LeftRange[\(ZZ32, ZZ32)\], (ZZ32, ZZ32)). - (ZZ32, ZZ32)->RangeInternals.CompactFullParScalarRange is not applicable to an argument of type (LeftRange[\(ZZ32, ZZ32)\], (ZZ32, ZZ32)). - [\I\](Range[\I\], I)->Range[\I\] is not applicable to an argument of type (LeftRange[\(ZZ32, ZZ32)\], (ZZ32, ZZ32)).
typecheck	Could not check call to operator : - ((ZZ32, ZZ32), (ZZ32, ZZ32))->RangeInternals.CompactFullRange2D is not ap	-	component FortressLibrary	typecheck	FortressLibrary.fss:3984	Could not check call to operator : - ((ZZ32, ZZ32), (ZZ32, ZZ32))->RangeInternals.CompactFullRange2D is not applicable to an argument of type (LeftRange[\(ZZ32, ZZ32, ZZ32)\], (ZZ32, ZZ32, ZZ32)). - ((ZZ32, ZZ32, ZZ32), (ZZ32, ZZ32, ZZ32))->RangeInternals.CompactFullRange3D is not applicable to an argument of type (LeftRange[\(ZZ32, ZZ32, ZZ32)\], (ZZ32, ZZ32, ZZ32)). - (ZZ32, ZZ32)->RangeInternals.CompactFullParScalarRange is not applicable to an argument of type (LeftRange[\(ZZ32, ZZ32, ZZ32)\], (ZZ32, ZZ32, ZZ32)). - [\I\](Range[\I\], I)->Range[\I\] is not applicable to an argument of type (LeftRange[\(ZZ32, ZZ32, ZZ32)\], (ZZ32, ZZ32, ZZ32)).
typecheck	Could not check call to operator : - (ZZ32, ZZ32)->RightRange[\..\] is not applicable to an argument of type A	-	component FortressLibrary	typecheck	FortressLibrary.fss:3777	Could not check call to operator : - (ZZ32, ZZ32)->RightRange[\(ZZ32, ZZ32)\] is not applicable to an argument of type Any. - (ZZ32, ZZ32, ZZ32)->RightRange[\(ZZ32, ZZ32, ZZ32)\] is not applicable to an argument of type Any. - ZZ32->RightRange[\ZZ32\] is not applicable to an argument of type Any.
typecheck	Could not check call to operator :: - (ZZ32, ZZ32)->OpenRange[\..\] is not applicable to an argument of type A	-	component FortressLibrary	typecheck	FortressLibrary.fss:3780	Could not check call to operator :: - (ZZ32, ZZ32)->OpenRange[\(ZZ32, ZZ32)\] is not applicable to an argument of type Any. - (ZZ32, ZZ32, ZZ32)->OpenRange[\(ZZ32, ZZ32, ZZ32)\] is not applicable to an argument of type Any. - ZZ32->OpenRange[\ZZ32\] is not applicable to an argument of type Any.
typecheck	Could not check call to operator :: - (ZZ32, ZZ32)->OpenRange[\..\] is not applicable to an argument of type A	-	component FortressLibrary	typecheck	FortressLibrary.fss:3781	Could not check call to operator :: - (ZZ32, ZZ32)->OpenRange[\(ZZ32, ZZ32)\] is not applicable to an argument of type Any. - (ZZ32, ZZ32, ZZ32)->OpenRange[\(ZZ32, ZZ32, ZZ32)\] is not applicable to an argument of type Any. - ZZ32->OpenRange[\ZZ32\] is not applicable to an argument of type Any.
typecheck	Could not check call to operator < - ((NN64 & {UnsignedLong}), NN64)->Boolean is not applicable to an argument	-	component FortressLibrary	typecheck	FortressLibrary.fss:223	Could not check call to operator < - ((NN64 & {UnsignedLong}), NN64)->Boolean is not applicable to an argument of type (T, StandardPartialOrder[\T\]). - ((QQ & {Ratio}), QQ)->Boolean is not applicable to an argument of type (T, StandardPartialOrder[\T\]). - ((RR64 & {Float, FloatLiteral, RR32}), RR64)->Boolean is not applicable to an argument of type (T, StandardPartialOrder[\T\]). - ((TotalComparison & {LessThan, EqualTo, GreaterThan}), Unordered)->Boolean is not applicable to an argument of type (T, StandardPartialOrder[\T\]). - ((ZZ & {BigNum}), ZZ)->Boolean is not applicable to an argument of type (T, StandardPartialOrder[\T\]). - ((ZZ32 & {Int, IntLiteral}), ZZ32)->Boolean is not applicable to an argument of type (T, StandardPartialOrder[\T\]). - ((ZZ64 & {Long}), ZZ64)->Boolean is not applicable to an argument of type (T, StandardPartialOrder[\T\]). - (Char, Char)->Boolean is not applicable to an argument of type (T, StandardPartialOrder[\T\]). - (EqualTo, GreaterThan)->Boolean is not applicable to an argument of type (T, StandardPartialOrder[\T\]). - (EqualTo, TotalComparison)->Boolean is not applicable to an argument of type (T, StandardPartialOrder[\T\]). - (GreaterThan, TotalComparison)->Boolean is not applicable to an argument of type (T, StandardPartialOrder[\T\]). - (IntLiteral, IntLiteral)->Boolean is not applicable to an argument of type (T, StandardPartialOrder[\T\]). - (LessThan, LessThan)->Boolean is not applicable to an argument of type (T, StandardPartialOrder[\T\]). - (LessThan, TotalComparison)->Boolean is not applicable to an argument of type (T, StandardPartialOrder[\T\]). - (NN32, NN32)->Boolean is not applicable to an argument of type (T, StandardPartialOrder[\T\]). - (StandardPartialOrder[\T\], T)->Boolean is not applicable to an argument of type (T, StandardPartialOrder[\T\]). - (Unordered, Comparison)->Boolean is not applicable to an argument of type (T, StandardPartialOrder[\T\]). - [\A, B, C\]((A, B, C), (A, B, C))->Boolean is not applicable to an argument of type (T, StandardPartialOrder[\T\]). - [\A, B\]((A, B), (A, B))->Boolean is not applicable to an argument of type (T, StandardPartialOrder[\T\]).
typecheck	Could not check call to operator < - ((NN64 & {UnsignedLong}), NN64)->Boolean is not applicable to an argument	-	component FortressLibrary	typecheck	FortressLibrary.fss:228	Could not check call to operator < - ((NN64 & {UnsignedLong}), NN64)->Boolean is not applicable to an argument of type (T, StandardPartialOrder[\T\]). - ((QQ & {Ratio}), QQ)->Boolean is not applicable to an argument of type (T, StandardPartialOrder[\T\]). - ((RR64 & {Float, FloatLiteral, RR32}), RR64)->Boolean is not applicable to an argument of type (T, StandardPartialOrder[\T\]). - ((TotalComparison & {LessThan, EqualTo, GreaterThan}), Unordered)->Boolean is not applicable to an argument of type (T, StandardPartialOrder[\T\]). - ((ZZ & {BigNum}), ZZ)->Boolean is not applicable to an argument of type (T, StandardPartialOrder[\T\]). - ((ZZ32 & {Int, IntLiteral}), ZZ32)->Boolean is not applicable to an argument of type (T, StandardPartialOrder[\T\]). - ((ZZ64 & {Long}), ZZ64)->Boolean is not applicable to an argument of type (T, StandardPartialOrder[\T\]). - (Char, Char)->Boolean is not applicable to an argument of type (T, StandardPartialOrder[\T\]). - (EqualTo, GreaterThan)->Boolean is not applicable to an argument of type (T, StandardPartialOrder[\T\]). - (EqualTo, TotalComparison)->Boolean is not applicable to an argument of type (T, StandardPartialOrder[\T\]). - (GreaterThan, TotalComparison)->Boolean is not applicable to an argument of type (T, StandardPartialOrder[\T\]). - (IntLiteral, IntLiteral)->Boolean is not applicable to an argument of type (T, StandardPartialOrder[\T\]). - (LessThan, LessThan)->Boolean is not applicable to an argument of type (T, StandardPartialOrder[\T\]). - (LessThan, TotalComparison)->Boolean is not applicable to an argument of type (T, StandardPartialOrder[\T\]). - (NN32, NN32)->Boolean is not applicable to an argument of type (T, StandardPartialOrder[\T\]). - (StandardPartialOrder[\T\], T)->Boolean is not applicable to an argument of type (T, StandardPartialOrder[\T\]). - (Unordered, Comparison)->Boolean is not applicable to an argument of type (T, StandardPartialOrder[\T\]). - [\A, B, C\]((A, B, C), (A, B, C))->Boolean is not applicable to an argument of type (T, StandardPartialOrder[\T\]). - [\A, B\]((A, B), (A, B))->Boolean is not applicable to an argument of type (T, StandardPartialOrder[\T\]).
typecheck	Could not check call to operator < - ((NN64 & {UnsignedLong}), NN64)->Boolean is not applicable to an argument	-	component FortressLibrary	typecheck	FortressLibrary.fss:280	Could not check call to operator < - ((NN64 & {UnsignedLong}), NN64)->Boolean is not applicable to an argument of type (T, StandardTotalOrder[\T\]). - ((QQ & {Ratio}), QQ)->Boolean is not applicable to an argument of type (T, StandardTotalOrder[\T\]). - ((RR64 & {Float, FloatLiteral, RR32}), RR64)->Boolean is not applicable to an argument of type (T, StandardTotalOrder[\T\]). - ((TotalComparison & {LessThan, EqualTo, GreaterThan}), Unordered)->Boolean is not applicable to an argument of type (T, StandardTotalOrder[\T\]). - ((ZZ & {BigNum}), ZZ)->Boolean is not applicable to an argument of type (T, StandardTotalOrder[\T\]). - ((ZZ32 & {Int, IntLiteral}), ZZ32)->Boolean is not applicable to an argument of type (T, StandardTotalOrder[\T\]). - ((ZZ64 & {Long}), ZZ64)->Boolean is not applicable to an argument of type (T, StandardTotalOrder[\T\]). - (Char, Char)->Boolean is not applicable to an argument of type (T, StandardTotalOrder[\T\]). - (EqualTo, GreaterThan)->Boolean is not applicable to an argument of type (T, StandardTotalOrder[\T\]). - (EqualTo, TotalComparison)->Boolean is not applicable to an argument of type (T, StandardTotalOrder[\T\]). - (GreaterThan, TotalComparison)->Boolean is not applicable to an argument of type (T, StandardTotalOrder[\T\]). - (IntLiteral, IntLiteral)->Boolean is not applicable to an argument of type (T, StandardTotalOrder[\T\]). - (LessThan, LessThan)->Boolean is not applicable to an argument of type (T, StandardTotalOrder[\T\]). - (LessThan, TotalComparison)->Boolean is not applicable to an argument of type (T, StandardTotalOrder[\T\]). - (NN32, NN32)->Boolean is not applicable to an argument of type (T, StandardTotalOrder[\T\]). - (StandardPartialOrder[\T\], T)->Boolean is not applicable to an argument of type (T, StandardTotalOrder[\T\]). - (Unordered, Comparison)->Boolean is not applicable to an argument of type (T, StandardTotalOrder[\T\]). - [\A, B, C\]((A, B, C), (A, B, C))->Boolean is not applicable to an argument of type (T, StandardTotalOrder[\T\]). - [\A, B\]((A, B), (A, B))->Boolean is not applicable to an argument of type (T, StandardTotalOrder[\T\]).
typecheck	Could not check call to operator < - ((NN64 & {UnsignedLong}), NN64)->Boolean is not applicable to an argument	-	component FortressLibrary	typecheck	FortressLibrary.fss:284	Could not check call to operator < - ((NN64 & {UnsignedLong}), NN64)->Boolean is not applicable to an argument of type (T, StandardTotalOrder[\T\]). - ((QQ & {Ratio}), QQ)->Boolean is not applicable to an argument of type (T, StandardTotalOrder[\T\]). - ((RR64 & {Float, FloatLiteral, RR32}), RR64)->Boolean is not applicable to an argument of type (T, StandardTotalOrder[\T\]). - ((TotalComparison & {LessThan, EqualTo, GreaterThan}), Unordered)->Boolean is not applicable to an argument of type (T, StandardTotalOrder[\T\]). - ((ZZ & {BigNum}), ZZ)->Boolean is not applicable to an argument of type (T, StandardTotalOrder[\T\]). - ((ZZ32 & {Int, IntLiteral}), ZZ32)->Boolean is not applicable to an argument of type (T, StandardTotalOrder[\T\]). - ((ZZ64 & {Long}), ZZ64)->Boolean is not applicable to an argument of type (T, StandardTotalOrder[\T\]). - (Char, Char)->Boolean is not applicable to an argument of type (T, StandardTotalOrder[\T\]). - (EqualTo, GreaterThan)->Boolean is not applicable to an argument of type (T, StandardTotalOrder[\T\]). - (EqualTo, TotalComparison)->Boolean is not applicable to an argument of type (T, StandardTotalOrder[\T\]). - (GreaterThan, TotalComparison)->Boolean is not applicable to an argument of type (T, StandardTotalOrder[\T\]). - (IntLiteral, IntLiteral)->Boolean is not applicable to an argument of type (T, StandardTotalOrder[\T\]). - (LessThan, LessThan)->Boolean is not applicable to an argument of type (T, StandardTotalOrder[\T\]). - (LessThan, TotalComparison)->Boolean is not applicable to an argument of type (T, StandardTotalOrder[\T\]). - (NN32, NN32)->Boolean is not applicable to an argument of type (T, StandardTotalOrder[\T\]). - (StandardPartialOrder[\T\], T)->Boolean is not applicable to an argument of type (T, StandardTotalOrder[\T\]). - (Unordered, Comparison)->Boolean is not applicable to an argument of type (T, StandardTotalOrder[\T\]). - [\A, B, C\]((A, B, C), (A, B, C))->Boolean is not applicable to an argument of type (T, StandardTotalOrder[\T\]). - [\A, B\]((A, B), (A, B))->Boolean is not applicable to an argument of type (T, StandardTotalOrder[\T\]).
typecheck	Could not check call to operator < - ((NN64 & {UnsignedLong}), NN64)->Boolean is not applicable to an argument	-	component FortressLibrary	typecheck	FortressLibrary.fss:285	Could not check call to operator < - ((NN64 & {UnsignedLong}), NN64)->Boolean is not applicable to an argument of type (T, StandardTotalOrder[\T\]). - ((QQ & {Ratio}), QQ)->Boolean is not applicable to an argument of type (T, StandardTotalOrder[\T\]). - ((RR64 & {Float, FloatLiteral, RR32}), RR64)->Boolean is not applicable to an argument of type (T, StandardTotalOrder[\T\]). - ((TotalComparison & {LessThan, EqualTo, GreaterThan}), Unordered)->Boolean is not applicable to an argument of type (T, StandardTotalOrder[\T\]). - ((ZZ & {BigNum}), ZZ)->Boolean is not applicable to an argument of type (T, StandardTotalOrder[\T\]). - ((ZZ32 & {Int, IntLiteral}), ZZ32)->Boolean is not applicable to an argument of type (T, StandardTotalOrder[\T\]). - ((ZZ64 & {Long}), ZZ64)->Boolean is not applicable to an argument of type (T, StandardTotalOrder[\T\]). - (Char, Char)->Boolean is not applicable to an argument of type (T, StandardTotalOrder[\T\]). - (EqualTo, GreaterThan)->Boolean is not applicable to an argument of type (T, StandardTotalOrder[\T\]). - (EqualTo, TotalComparison)->Boolean is not applicable to an argument of type (T, StandardTotalOrder[\T\]). - (GreaterThan, TotalComparison)->Boolean is not applicable to an argument of type (T, StandardTotalOrder[\T\]). - (IntLiteral, IntLiteral)->Boolean is not applicable to an argument of type (T, StandardTotalOrder[\T\]). - (LessThan, LessThan)->Boolean is not applicable to an argument of type (T, StandardTotalOrder[\T\]). - (LessThan, TotalComparison)->Boolean is not applicable to an argument of type (T, StandardTotalOrder[\T\]). - (NN32, NN32)->Boolean is not applicable to an argument of type (T, StandardTotalOrder[\T\]). - (StandardPartialOrder[\T\], T)->Boolean is not applicable to an argument of type (T, StandardTotalOrder[\T\]). - (Unordered, Comparison)->Boolean is not applicable to an argument of type (T, StandardTotalOrder[\T\]). - [\A, B, C\]((A, B, C), (A, B, C))->Boolean is not applicable to an argument of type (T, StandardTotalOrder[\T\]). - [\A, B\]((A, B), (A, B))->Boolean is not applicable to an argument of type (T, StandardTotalOrder[\T\]).
typecheck	Could not check call to operator < - ((NN64 & {UnsignedLong}), NN64)->Boolean is not applicable to an argument	-	component FortressLibrary	typecheck	FortressLibrary.fss:286	Could not check call to operator < - ((NN64 & {UnsignedLong}), NN64)->Boolean is not applicable to an argument of type (T, StandardTotalOrder[\T\]). - ((QQ & {Ratio}), QQ)->Boolean is not applicable to an argument of type (T, StandardTotalOrder[\T\]). - ((RR64 & {Float, FloatLiteral, RR32}), RR64)->Boolean is not applicable to an argument of type (T, StandardTotalOrder[\T\]). - ((TotalComparison & {LessThan, EqualTo, GreaterThan}), Unordered)->Boolean is not applicable to an argument of type (T, StandardTotalOrder[\T\]). - ((ZZ & {BigNum}), ZZ)->Boolean is not applicable to an argument of type (T, StandardTotalOrder[\T\]). - ((ZZ32 & {Int, IntLiteral}), ZZ32)->Boolean is not applicable to an argument of type (T, StandardTotalOrder[\T\]). - ((ZZ64 & {Long}), ZZ64)->Boolean is not applicable to an argument of type (T, StandardTotalOrder[\T\]). - (Char, Char)->Boolean is not applicable to an argument of type (T, StandardTotalOrder[\T\]). - (EqualTo, GreaterThan)->Boolean is not applicable to an argument of type (T, StandardTotalOrder[\T\]). - (EqualTo, TotalComparison)->Boolean is not applicable to an argument of type (T, StandardTotalOrder[\T\]). - (GreaterThan, TotalComparison)->Boolean is not applicable to an argument of type (T, StandardTotalOrder[\T\]). - (IntLiteral, IntLiteral)->Boolean is not applicable to an argument of type (T, StandardTotalOrder[\T\]). - (LessThan, LessThan)->Boolean is not applicable to an argument of type (T, StandardTotalOrder[\T\]). - (LessThan, TotalComparison)->Boolean is not applicable to an argument of type (T, StandardTotalOrder[\T\]). - (NN32, NN32)->Boolean is not applicable to an argument of type (T, StandardTotalOrder[\T\]). - (StandardPartialOrder[\T\], T)->Boolean is not applicable to an argument of type (T, StandardTotalOrder[\T\]). - (Unordered, Comparison)->Boolean is not applicable to an argument of type (T, StandardTotalOrder[\T\]). - [\A, B, C\]((A, B, C), (A, B, C))->Boolean is not applicable to an argument of type (T, StandardTotalOrder[\T\]). - [\A, B\]((A, B), (A, B))->Boolean is not applicable to an argument of type (T, StandardTotalOrder[\T\]).
typecheck	Could not check call to operator < - ((NN64 & {UnsignedLong}), NN64)->Boolean is not applicable to an argument	-	component FortressLibrary	typecheck	FortressLibrary.fss:288	Could not check call to operator < - ((NN64 & {UnsignedLong}), NN64)->Boolean is not applicable to an argument of type (T, StandardTotalOrder[\T\]). - ((QQ & {Ratio}), QQ)->Boolean is not applicable to an argument of type (T, StandardTotalOrder[\T\]). - ((RR64 & {Float, FloatLiteral, RR32}), RR64)->Boolean is not applicable to an argument of type (T, StandardTotalOrder[\T\]). - ((TotalComparison & {LessThan, EqualTo, GreaterThan}), Unordered)->Boolean is not applicable to an argument of type (T, StandardTotalOrder[\T\]). - ((ZZ & {BigNum}), ZZ)->Boolean is not applicable to an argument of type (T, StandardTotalOrder[\T\]). - ((ZZ32 & {Int, IntLiteral}), ZZ32)->Boolean is not applicable to an argument of type (T, StandardTotalOrder[\T\]). - ((ZZ64 & {Long}), ZZ64)->Boolean is not applicable to an argument of type (T, StandardTotalOrder[\T\]). - (Char, Char)->Boolean is not applicable to an argument of type (T, StandardTotalOrder[\T\]). - (EqualTo, GreaterThan)->Boolean is not applicable to an argument of type (T, StandardTotalOrder[\T\]). - (EqualTo, TotalComparison)->Boolean is not applicable to an argument of type (T, StandardTotalOrder[\T\]). - (GreaterThan, TotalComparison)->Boolean is not applicable to an argument of type (T, StandardTotalOrder[\T\]). - (IntLiteral, IntLiteral)->Boolean is not applicable to an argument of type (T, StandardTotalOrder[\T\]). - (LessThan, LessThan)->Boolean is not applicable to an argument of type (T, StandardTotalOrder[\T\]). - (LessThan, TotalComparison)->Boolean is not applicable to an argument of type (T, StandardTotalOrder[\T\]). - (NN32, NN32)->Boolean is not applicable to an argument of type (T, StandardTotalOrder[\T\]). - (StandardPartialOrder[\T\], T)->Boolean is not applicable to an argument of type (T, StandardTotalOrder[\T\]). - (Unordered, Comparison)->Boolean is not applicable to an argument of type (T, StandardTotalOrder[\T\]). - [\A, B, C\]((A, B, C), (A, B, C))->Boolean is not applicable to an argument of type (T, StandardTotalOrder[\T\]). - [\A, B\]((A, B), (A, B))->Boolean is not applicable to an argument of type (T, StandardTotalOrder[\T\]).
typecheck	Could not check call to operator <|_|> - [\..\])).	-	component String	typecheck	String.fss:156	Could not check call to operator <|_|> - [\(ZZ32, String)\]((ZZ32, String)...)->List.List[\(ZZ32, String)\] is not applicable to an argument of type ((IntLiteral, ()->Maybe[\Char\]), ((), ()->Maybe[\Char\])).
typecheck	Could not check call to operator >= - ((QQ & {Ratio}), QQ)->Boolean is not applicable to an argument of type (	-	component FortressLibrary	typecheck	FortressLibrary.fss:230	Could not check call to operator >= - ((QQ & {Ratio}), QQ)->Boolean is not applicable to an argument of type (T, StandardPartialOrder[\T\]). - ((RR64 & {Float, FloatLiteral, RR32}), RR64)->Boolean is not applicable to an argument of type (T, StandardPartialOrder[\T\]). - ((TotalComparison & {LessThan, EqualTo, GreaterThan}), Comparison)->Boolean is not applicable to an argument of type (T, StandardPartialOrder[\T\]). - ((TotalComparison & {LessThan, EqualTo, GreaterThan}), TotalComparison)->Boolean is not applicable to an argument of type (T, StandardPartialOrder[\T\]). - ((TotalComparison & {LessThan, EqualTo, GreaterThan}), Unordered)->Boolean is not applicable to an argument of type (T, StandardPartialOrder[\T\]). - ((ZZ & {BigNum}), ZZ)->Boolean is not applicable to an argument of type (T, StandardPartialOrder[\T\]). - ((ZZ64 & {Long}), ZZ64)->Boolean is not applicable to an argument of type (T, StandardPartialOrder[\T\]). - (IntLiteral, IntLiteral)->Boolean is not applicable to an argument of type (T, StandardPartialOrder[\T\]). - (StandardPartialOrder[\T\], T)->Boolean is not applicable to an argument of type (T, StandardPartialOrder[\T\]). - (StandardTotalOrder[\T\], T)->Boolean is not applicable to an argument of type (T, StandardPartialOrder[\T\]). - [\A, B, C\]((A, B, C), (A, B, C))->Boolean is not applicable to an argument of type (T, StandardPartialOrder[\T\]). - [\A, B\]((A, B), (A, B))->Boolean is not applicable to an argument of type (T, StandardPartialOrder[\T\]).
typecheck	Could not check call to operator BIG || - ()->Comprehension[\..\] is not applicable to an argument of type Any	-	component FortressLibrary	typecheck	FortressLibrary.fss:304	Could not check call to operator BIG || - ()->Comprehension[\Any,String,String,String\] is not applicable to an argument of type Any. - [\T\]Generator[\T\]->Comprehension[\Any,String,String,String\] is not applicable to an argument of type Any.
typecheck	Could not check call to operator BIG || - ()->Comprehension[\..\] is not applicable to an argument of type Any	-	component FortressLibrary	typecheck	FortressLibrary.fss:314	Could not check call to operator BIG || - ()->Comprehension[\Any,String,String,String\] is not applicable to an argument of type Any. - [\T\]Generator[\T\]->Comprehension[\Any,String,String,String\] is not applicable to an argument of type Any.
typecheck	Could not check call to operator CASE_INSENSITIVE_CMP - (String, String)->TotalComparison is not applicable to	-	component String	typecheck	String.fss:113	Could not check call to operator CASE_INSENSITIVE_CMP - (String, String)->TotalComparison is not applicable to an argument of type (()->Maybe[\Char\], String). - (String.CatString, String)->TotalComparison is not applicable to an argument of type (()->Maybe[\Char\], String). - (String.EmptyString, String)->TotalComparison is not applicable to an argument of type (()->Maybe[\Char\], String). - (String.SubString, String)->TotalComparison is not applicable to an argument of type (()->Maybe[\Char\], String).
typecheck	Could not check call to operator CMP - ((RR64 & {Float, FloatLiteral, RR32}), RR64)->Comparison is not applica	-	component FortressLibrary	typecheck	FortressLibrary.fss:1849	Could not check call to operator CMP - ((RR64 & {Float, FloatLiteral, RR32}), RR64)->Comparison is not applicable to an argument of type (E, E). - ((TotalComparison & {LessThan, EqualTo, GreaterThan}), Unordered)->Comparison is not applicable to an argument of type (E, E). - ((ZZ & {BigNum}), ZZ)->TotalComparison is not applicable to an argument of type (E, E). - ((ZZ64 & {Long}), ZZ64)->TotalComparison is not applicable to an argument of type (E, E). - (EqualTo, TotalComparison)->TotalComparison is not applicable to an argument of type (E, E). - (GreaterThan, GreaterThan)->TotalComparison is not applicable to an argument of type (E, E). - (GreaterThan, TotalComparison)->TotalComparison is not applicable to an argument of type (E, E). - (IntLiteral, IntLiteral)->TotalComparison is not applicable to an argument of type (E, E). - (LessThan, LessThan)->TotalComparison is not applicable to an argument of type (E, E). - (LessThan, TotalComparison)->TotalComparison is not applicable to an argument of type (E, E). - (LexicographicOrder[\T,E\], T)->TotalComparison is not applicable to an argument of type (E, E). - (Range[\I\], Range[\I\])->Comparison is not applicable to an argument of type (E, E). - (StandardPartialOrder[\T\], T)->Comparison is not applicable to an argument of type (E, E). - (StandardTotalOrder[\T\], T)->TotalComparison is not applicable to an argument of type (E, E). - (String, String)->TotalComparison is not applicable to an argument of type (E, E). - [\A, B, C\]((A, B, C), (A, B, C))->Comparison is not applicable to an argument of type (E, E). - [\A, B\]((A, B), (A, B))->Comparison is not applicable to an argument of type (E, E).
typecheck	Could not check call to operator CMP - ((RR64 & {Float, FloatLiteral, RR32}), RR64)->Comparison is not applica	-	component FortressLibrary	typecheck	FortressLibrary.fss:4346	Could not check call to operator CMP - ((RR64 & {Float, FloatLiteral, RR32}), RR64)->Comparison is not applicable to an argument of type (A, A). - ((TotalComparison & {LessThan, EqualTo, GreaterThan}), Unordered)->Comparison is not applicable to an argument of type (A, A). - ((ZZ & {BigNum}), ZZ)->TotalComparison is not applicable to an argument of type (A, A). - ((ZZ64 & {Long}), ZZ64)->TotalComparison is not applicable to an argument of type (A, A). - (EqualTo, TotalComparison)->TotalComparison is not applicable to an argument of type (A, A). - (GreaterThan, GreaterThan)->TotalComparison is not applicable to an argument of type (A, A). - (GreaterThan, TotalComparison)->TotalComparison is not applicable to an argument of type (A, A). - (IntLiteral, IntLiteral)->TotalComparison is not applicable to an argument of type (A, A). - (LessThan, LessThan)->TotalComparison is not applicable to an argument of type (A, A). - (LessThan, TotalComparison)->TotalComparison is not applicable to an argument of type (A, A). - (LexicographicOrder[\T,E\], T)->TotalComparison is not applicable to an argument of type (A, A). - (Range[\I\], Range[\I\])->Comparison is not applicable to an argument of type (A, A). - (StandardPartialOrder[\T\], T)->Comparison is not applicable to an argument of type (A, A). - (StandardTotalOrder[\T\], T)->TotalComparison is not applicable to an argument of type (A, A). - (String, String)->TotalComparison is not applicable to an argument of type (A, A). - [\A, B, C\]((A, B, C), (A, B, C))->Comparison is not applicable to an argument of type (A, A). - [\A, B\]((A, B), (A, B))->Comparison is not applicable to an argument of type (A, A).
typecheck	Could not check call to operator CMP - ((RR64 & {Float, FloatLiteral, RR32}), RR64)->Comparison is not applica	-	component FortressLibrary	typecheck	FortressLibrary.fss:4356	Could not check call to operator CMP - ((RR64 & {Float, FloatLiteral, RR32}), RR64)->Comparison is not applicable to an argument of type (A, A). - ((TotalComparison & {LessThan, EqualTo, GreaterThan}), Unordered)->Comparison is not applicable to an argument of type (A, A). - ((ZZ & {BigNum}), ZZ)->TotalComparison is not applicable to an argument of type (A, A). - ((ZZ64 & {Long}), ZZ64)->TotalComparison is not applicable to an argument of type (A, A). - (EqualTo, TotalComparison)->TotalComparison is not applicable to an argument of type (A, A). - (GreaterThan, GreaterThan)->TotalComparison is not applicable to an argument of type (A, A). - (GreaterThan, TotalComparison)->TotalComparison is not applicable to an argument of type (A, A). - (IntLiteral, IntLiteral)->TotalComparison is not applicable to an argument of type (A, A). - (LessThan, LessThan)->TotalComparison is not applicable to an argument of type (A, A). - (LessThan, TotalComparison)->TotalComparison is not applicable to an argument of type (A, A). - (LexicographicOrder[\T,E\], T)->TotalComparison is not applicable to an argument of type (A, A). - (Range[\I\], Range[\I\])->Comparison is not applicable to an argument of type (A, A). - (StandardPartialOrder[\T\], T)->Comparison is not applicable to an argument of type (A, A). - (StandardTotalOrder[\T\], T)->TotalComparison is not applicable to an argument of type (A, A). - (String, String)->TotalComparison is not applicable to an argument of type (A, A). - [\A, B, C\]((A, B, C), (A, B, C))->Comparison is not applicable to an argument of type (A, A). - [\A, B\]((A, B), (A, B))->Comparison is not applicable to an argument of type (A, A).
typecheck	Could not check call to operator CMP - ((RR64 & {Float, FloatLiteral, RR32}), RR64)->Comparison is not applica	-	component FortressLibrary	typecheck	FortressLibrary.fss:4366	Could not check call to operator CMP - ((RR64 & {Float, FloatLiteral, RR32}), RR64)->Comparison is not applicable to an argument of type (A, A). - ((TotalComparison & {LessThan, EqualTo, GreaterThan}), Unordered)->Comparison is not applicable to an argument of type (A, A). - ((ZZ & {BigNum}), ZZ)->TotalComparison is not applicable to an argument of type (A, A). - ((ZZ64 & {Long}), ZZ64)->TotalComparison is not applicable to an argument of type (A, A). - (EqualTo, TotalComparison)->TotalComparison is not applicable to an argument of type (A, A). - (GreaterThan, GreaterThan)->TotalComparison is not applicable to an argument of type (A, A). - (GreaterThan, TotalComparison)->TotalComparison is not applicable to an argument of type (A, A). - (IntLiteral, IntLiteral)->TotalComparison is not applicable to an argument of type (A, A). - (LessThan, LessThan)->TotalComparison is not applicable to an argument of type (A, A). - (LessThan, TotalComparison)->TotalComparison is not applicable to an argument of type (A, A). - (LexicographicOrder[\T,E\], T)->TotalComparison is not applicable to an argument of type (A, A). - (Range[\I\], Range[\I\])->Comparison is not applicable to an argument of type (A, A). - (StandardPartialOrder[\T\], T)->Comparison is not applicable to an argument of type (A, A). - (StandardTotalOrder[\T\], T)->TotalComparison is not applicable to an argument of type (A, A). - (String, String)->TotalComparison is not applicable to an argument of type (A, A). - [\A, B, C\]((A, B, C), (A, B, C))->Comparison is not applicable to an argument of type (A, A). - [\A, B\]((A, B), (A, B))->Comparison is not applicable to an argument of type (A, A).
typecheck	Could not check call to operator CMP - ((RR64 & {Float, FloatLiteral, RR32}), RR64)->Comparison is not applica	-	component FortressLibrary	typecheck	FortressLibrary.fss:4376	Could not check call to operator CMP - ((RR64 & {Float, FloatLiteral, RR32}), RR64)->Comparison is not applicable to an argument of type (A, A). - ((TotalComparison & {LessThan, EqualTo, GreaterThan}), Unordered)->Comparison is not applicable to an argument of type (A, A). - ((ZZ & {BigNum}), ZZ)->TotalComparison is not applicable to an argument of type (A, A). - ((ZZ64 & {Long}), ZZ64)->TotalComparison is not applicable to an argument of type (A, A). - (EqualTo, TotalComparison)->TotalComparison is not applicable to an argument of type (A, A). - (GreaterThan, GreaterThan)->TotalComparison is not applicable to an argument of type (A, A). - (GreaterThan, TotalComparison)->TotalComparison is not applicable to an argument of type (A, A). - (IntLiteral, IntLiteral)->TotalComparison is not applicable to an argument of type (A, A). - (LessThan, LessThan)->TotalComparison is not applicable to an argument of type (A, A). - (LessThan, TotalComparison)->TotalComparison is not applicable to an argument of type (A, A). - (LexicographicOrder[\T,E\], T)->TotalComparison is not applicable to an argument of type (A, A). - (Range[\I\], Range[\I\])->Comparison is not applicable to an argument of type (A, A). - (StandardPartialOrder[\T\], T)->Comparison is not applicable to an argument of type (A, A). - (StandardTotalOrder[\T\], T)->TotalComparison is not applicable to an argument of type (A, A). - (String, String)->TotalComparison is not applicable to an argument of type (A, A). - [\A, B, C\]((A, B, C), (A, B, C))->Comparison is not applicable to an argument of type (A, A). - [\A, B\]((A, B), (A, B))->Comparison is not applicable to an argument of type (A, A).
typecheck	Could not check call to operator CMP - ((RR64 & {Float, FloatLiteral, RR32}), RR64)->Comparison is not applica	-	component FortressLibrary	typecheck	FortressLibrary.fss:4386	Could not check call to operator CMP - ((RR64 & {Float, FloatLiteral, RR32}), RR64)->Comparison is not applicable to an argument of type (A, A). - ((TotalComparison & {LessThan, EqualTo, GreaterThan}), Unordered)->Comparison is not applicable to an argument of type (A, A). - ((ZZ & {BigNum}), ZZ)->TotalComparison is not applicable to an argument of type (A, A). - ((ZZ64 & {Long}), ZZ64)->TotalComparison is not applicable to an argument of type (A, A). - (EqualTo, TotalComparison)->TotalComparison is not applicable to an argument of type (A, A). - (GreaterThan, GreaterThan)->TotalComparison is not applicable to an argument of type (A, A). - (GreaterThan, TotalComparison)->TotalComparison is not applicable to an argument of type (A, A). - (IntLiteral, IntLiteral)->TotalComparison is not applicable to an argument of type (A, A). - (LessThan, LessThan)->TotalComparison is not applicable to an argument of type (A, A). - (LessThan, TotalComparison)->TotalComparison is not applicable to an argument of type (A, A). - (LexicographicOrder[\T,E\], T)->TotalComparison is not applicable to an argument of type (A, A). - (Range[\I\], Range[\I\])->Comparison is not applicable to an argument of type (A, A). - (StandardPartialOrder[\T\], T)->Comparison is not applicable to an argument of type (A, A). - (StandardTotalOrder[\T\], T)->TotalComparison is not applicable to an argument of type (A, A). - (String, String)->TotalComparison is not applicable to an argument of type (A, A). - [\A, B, C\]((A, B, C), (A, B, C))->Comparison is not applicable to an argument of type (A, A). - [\A, B\]((A, B), (A, B))->Comparison is not applicable to an argument of type (A, A).
typecheck	Could not check call to operator CMP - ((RR64 & {Float, FloatLiteral, RR32}), RR64)->Comparison is not applica	-	component FortressLibrary	typecheck	FortressLibrary.fss:4386	Could not check call to operator CMP - ((RR64 & {Float, FloatLiteral, RR32}), RR64)->Comparison is not applicable to an argument of type (B, B). - ((TotalComparison & {LessThan, EqualTo, GreaterThan}), Unordered)->Comparison is not applicable to an argument of type (B, B). - ((ZZ & {BigNum}), ZZ)->TotalComparison is not applicable to an argument of type (B, B). - ((ZZ64 & {Long}), ZZ64)->TotalComparison is not applicable to an argument of type (B, B). - (EqualTo, TotalComparison)->TotalComparison is not applicable to an argument of type (B, B). - (GreaterThan, GreaterThan)->TotalComparison is not applicable to an argument of type (B, B). - (GreaterThan, TotalComparison)->TotalComparison is not applicable to an argument of type (B, B). - (IntLiteral, IntLiteral)->TotalComparison is not applicable to an argument of type (B, B). - (LessThan, LessThan)->TotalComparison is not applicable to an argument of type (B, B). - (LessThan, TotalComparison)->TotalComparison is not applicable to an argument of type (B, B). - (LexicographicOrder[\T,E\], T)->TotalComparison is not applicable to an argument of type (B, B). - (Range[\I\], Range[\I\])->Comparison is not applicable to an argument of type (B, B). - (StandardPartialOrder[\T\], T)->Comparison is not applicable to an argument of type (B, B). - (StandardTotalOrder[\T\], T)->TotalComparison is not applicable to an argument of type (B, B). - (String, String)->TotalComparison is not applicable to an argument of type (B, B). - [\A, B, C\]((A, B, C), (A, B, C))->Comparison is not applicable to an argument of type (B, B). - [\A, B\]((A, B), (A, B))->Comparison is not applicable to an argument of type (B, B).
typecheck	Could not check call to operator CMP - ((RR64 & {Float, FloatLiteral, RR32}), RR64)->Comparison is not applica	-	component FortressLibrary	typecheck	FortressLibrary.fss:4398	Could not check call to operator CMP - ((RR64 & {Float, FloatLiteral, RR32}), RR64)->Comparison is not applicable to an argument of type (A, A). - ((TotalComparison & {LessThan, EqualTo, GreaterThan}), Unordered)->Comparison is not applicable to an argument of type (A, A). - ((ZZ & {BigNum}), ZZ)->TotalComparison is not applicable to an argument of type (A, A). - ((ZZ64 & {Long}), ZZ64)->TotalComparison is not applicable to an argument of type (A, A). - (EqualTo, TotalComparison)->TotalComparison is not applicable to an argument of type (A, A). - (GreaterThan, GreaterThan)->TotalComparison is not applicable to an argument of type (A, A). - (GreaterThan, TotalComparison)->TotalComparison is not applicable to an argument of type (A, A). - (IntLiteral, IntLiteral)->TotalComparison is not applicable to an argument of type (A, A). - (LessThan, LessThan)->TotalComparison is not applicable to an argument of type (A, A). - (LessThan, TotalComparison)->TotalComparison is not applicable to an argument of type (A, A). - (LexicographicOrder[\T,E\], T)->TotalComparison is not applicable to an argument of type (A, A). - (Range[\I\], Range[\I\])->Comparison is not applicable to an argument of type (A, A). - (StandardPartialOrder[\T\], T)->Comparison is not applicable to an argument of type (A, A). - (StandardTotalOrder[\T\], T)->TotalComparison is not applicable to an argument of type (A, A). - (String, String)->TotalComparison is not applicable to an argument of type (A, A). - [\A, B, C\]((A, B, C), (A, B, C))->Comparison is not applicable to an argument of type (A, A). - [\A, B\]((A, B), (A, B))->Comparison is not applicable to an argument of type (A, A).
typecheck	Could not check call to operator CMP - ((RR64 & {Float, FloatLiteral, RR32}), RR64)->Comparison is not applica	-	component FortressLibrary	typecheck	FortressLibrary.fss:4398	Could not check call to operator CMP - ((RR64 & {Float, FloatLiteral, RR32}), RR64)->Comparison is not applicable to an argument of type (B, B). - ((TotalComparison & {LessThan, EqualTo, GreaterThan}), Unordered)->Comparison is not applicable to an argument of type (B, B). - ((ZZ & {BigNum}), ZZ)->TotalComparison is not applicable to an argument of type (B, B). - ((ZZ64 & {Long}), ZZ64)->TotalComparison is not applicable to an argument of type (B, B). - (EqualTo, TotalComparison)->TotalComparison is not applicable to an argument of type (B, B). - (GreaterThan, GreaterThan)->TotalComparison is not applicable to an argument of type (B, B). - (GreaterThan, TotalComparison)->TotalComparison is not applicable to an argument of type (B, B). - (IntLiteral, IntLiteral)->TotalComparison is not applicable to an argument of type (B, B). - (LessThan, LessThan)->TotalComparison is not applicable to an argument of type (B, B). - (LessThan, TotalComparison)->TotalComparison is not applicable to an argument of type (B, B). - (LexicographicOrder[\T,E\], T)->TotalComparison is not applicable to an argument of type (B, B). - (Range[\I\], Range[\I\])->Comparison is not applicable to an argument of type (B, B). - (StandardPartialOrder[\T\], T)->Comparison is not applicable to an argument of type (B, B). - (StandardTotalOrder[\T\], T)->TotalComparison is not applicable to an argument of type (B, B). - (String, String)->TotalComparison is not applicable to an argument of type (B, B). - [\A, B, C\]((A, B, C), (A, B, C))->Comparison is not applicable to an argument of type (B, B). - [\A, B\]((A, B), (A, B))->Comparison is not applicable to an argument of type (B, B).
typecheck	Could not check call to operator CMP - ((RR64 & {Float, FloatLiteral, RR32}), RR64)->Comparison is not applica	-	component FortressLibrary	typecheck	FortressLibrary.fss:4408	Could not check call to operator CMP - ((RR64 & {Float, FloatLiteral, RR32}), RR64)->Comparison is not applicable to an argument of type (A, A). - ((TotalComparison & {LessThan, EqualTo, GreaterThan}), Unordered)->Comparison is not applicable to an argument of type (A, A). - ((ZZ & {BigNum}), ZZ)->TotalComparison is not applicable to an argument of type (A, A). - ((ZZ64 & {Long}), ZZ64)->TotalComparison is not applicable to an argument of type (A, A). - (EqualTo, TotalComparison)->TotalComparison is not applicable to an argument of type (A, A). - (GreaterThan, GreaterThan)->TotalComparison is not applicable to an argument of type (A, A). - (GreaterThan, TotalComparison)->TotalComparison is not applicable to an argument of type (A, A). - (IntLiteral, IntLiteral)->TotalComparison is not applicable to an argument of type (A, A). - (LessThan, LessThan)->TotalComparison is not applicable to an argument of type (A, A). - (LessThan, TotalComparison)->TotalComparison is not applicable to an argument of type (A, A). - (LexicographicOrder[\T,E\], T)->TotalComparison is not applicable to an argument of type (A, A). - (Range[\I\], Range[\I\])->Comparison is not applicable to an argument of type (A, A). - (StandardPartialOrder[\T\], T)->Comparison is not applicable to an argument of type (A, A). - (StandardTotalOrder[\T\], T)->TotalComparison is not applicable to an argument of type (A, A). - (String, String)->TotalComparison is not applicable to an argument of type (A, A). - [\A, B, C\]((A, B, C), (A, B, C))->Comparison is not applicable to an argument of type (A, A). - [\A, B\]((A, B), (A, B))->Comparison is not applicable to an argument of type (A, A).
typecheck	Could not check call to operator CMP - ((RR64 & {Float, FloatLiteral, RR32}), RR64)->Comparison is not applica	-	component FortressLibrary	typecheck	FortressLibrary.fss:4408	Could not check call to operator CMP - ((RR64 & {Float, FloatLiteral, RR32}), RR64)->Comparison is not applicable to an argument of type (B, B). - ((TotalComparison & {LessThan, EqualTo, GreaterThan}), Unordered)->Comparison is not applicable to an argument of type (B, B). - ((ZZ & {BigNum}), ZZ)->TotalComparison is not applicable to an argument of type (B, B). - ((ZZ64 & {Long}), ZZ64)->TotalComparison is not applicable to an argument of type (B, B). - (EqualTo, TotalComparison)->TotalComparison is not applicable to an argument of type (B, B). - (GreaterThan, GreaterThan)->TotalComparison is not applicable to an argument of type (B, B). - (GreaterThan, TotalComparison)->TotalComparison is not applicable to an argument of type (B, B). - (IntLiteral, IntLiteral)->TotalComparison is not applicable to an argument of type (B, B). - (LessThan, LessThan)->TotalComparison is not applicable to an argument of type (B, B). - (LessThan, TotalComparison)->TotalComparison is not applicable to an argument of type (B, B). - (LexicographicOrder[\T,E\], T)->TotalComparison is not applicable to an argument of type (B, B). - (Range[\I\], Range[\I\])->Comparison is not applicable to an argument of type (B, B). - (StandardPartialOrder[\T\], T)->Comparison is not applicable to an argument of type (B, B). - (StandardTotalOrder[\T\], T)->TotalComparison is not applicable to an argument of type (B, B). - (String, String)->TotalComparison is not applicable to an argument of type (B, B). - [\A, B, C\]((A, B, C), (A, B, C))->Comparison is not applicable to an argument of type (B, B). - [\A, B\]((A, B), (A, B))->Comparison is not applicable to an argument of type (B, B).
typecheck	Could not check call to operator CMP - ((RR64 & {Float, FloatLiteral, RR32}), RR64)->Comparison is not applica	-	component FortressLibrary	typecheck	FortressLibrary.fss:4418	Could not check call to operator CMP - ((RR64 & {Float, FloatLiteral, RR32}), RR64)->Comparison is not applicable to an argument of type (A, A). - ((TotalComparison & {LessThan, EqualTo, GreaterThan}), Unordered)->Comparison is not applicable to an argument of type (A, A). - ((ZZ & {BigNum}), ZZ)->TotalComparison is not applicable to an argument of type (A, A). - ((ZZ64 & {Long}), ZZ64)->TotalComparison is not applicable to an argument of type (A, A). - (EqualTo, TotalComparison)->TotalComparison is not applicable to an argument of type (A, A). - (GreaterThan, GreaterThan)->TotalComparison is not applicable to an argument of type (A, A). - (GreaterThan, TotalComparison)->TotalComparison is not applicable to an argument of type (A, A). - (IntLiteral, IntLiteral)->TotalComparison is not applicable to an argument of type (A, A). - (LessThan, LessThan)->TotalComparison is not applicable to an argument of type (A, A). - (LessThan, TotalComparison)->TotalComparison is not applicable to an argument of type (A, A). - (LexicographicOrder[\T,E\], T)->TotalComparison is not applicable to an argument of type (A, A). - (Range[\I\], Range[\I\])->Comparison is not applicable to an argument of type (A, A). - (StandardPartialOrder[\T\], T)->Comparison is not applicable to an argument of type (A, A). - (StandardTotalOrder[\T\], T)->TotalComparison is not applicable to an argument of type (A, A). - (String, String)->TotalComparison is not applicable to an argument of type (A, A). - [\A, B, C\]((A, B, C), (A, B, C))->Comparison is not applicable to an argument of type (A, A). - [\A, B\]((A, B), (A, B))->Comparison is not applicable to an argument of type (A, A).
typecheck	Could not check call to operator CMP - ((RR64 & {Float, FloatLiteral, RR32}), RR64)->Comparison is not applica	-	component FortressLibrary	typecheck	FortressLibrary.fss:4418	Could not check call to operator CMP - ((RR64 & {Float, FloatLiteral, RR32}), RR64)->Comparison is not applicable to an argument of type (B, B). - ((TotalComparison & {LessThan, EqualTo, GreaterThan}), Unordered)->Comparison is not applicable to an argument of type (B, B). - ((ZZ & {BigNum}), ZZ)->TotalComparison is not applicable to an argument of type (B, B). - ((ZZ64 & {Long}), ZZ64)->TotalComparison is not applicable to an argument of type (B, B). - (EqualTo, TotalComparison)->TotalComparison is not applicable to an argument of type (B, B). - (GreaterThan, GreaterThan)->TotalComparison is not applicable to an argument of type (B, B). - (GreaterThan, TotalComparison)->TotalComparison is not applicable to an argument of type (B, B). - (IntLiteral, IntLiteral)->TotalComparison is not applicable to an argument of type (B, B). - (LessThan, LessThan)->TotalComparison is not applicable to an argument of type (B, B). - (LessThan, TotalComparison)->TotalComparison is not applicable to an argument of type (B, B). - (LexicographicOrder[\T,E\], T)->TotalComparison is not applicable to an argument of type (B, B). - (Range[\I\], Range[\I\])->Comparison is not applicable to an argument of type (B, B). - (StandardPartialOrder[\T\], T)->Comparison is not applicable to an argument of type (B, B). - (StandardTotalOrder[\T\], T)->TotalComparison is not applicable to an argument of type (B, B). - (String, String)->TotalComparison is not applicable to an argument of type (B, B). - [\A, B, C\]((A, B, C), (A, B, C))->Comparison is not applicable to an argument of type (B, B). - [\A, B\]((A, B), (A, B))->Comparison is not applicable to an argument of type (B, B).
typecheck	Could not check call to operator CMP - ((RR64 & {Float, FloatLiteral, RR32}), RR64)->Comparison is not applica	-	component FortressLibrary	typecheck	FortressLibrary.fss:4428	Could not check call to operator CMP - ((RR64 & {Float, FloatLiteral, RR32}), RR64)->Comparison is not applicable to an argument of type (A, A). - ((TotalComparison & {LessThan, EqualTo, GreaterThan}), Unordered)->Comparison is not applicable to an argument of type (A, A). - ((ZZ & {BigNum}), ZZ)->TotalComparison is not applicable to an argument of type (A, A). - ((ZZ64 & {Long}), ZZ64)->TotalComparison is not applicable to an argument of type (A, A). - (EqualTo, TotalComparison)->TotalComparison is not applicable to an argument of type (A, A). - (GreaterThan, GreaterThan)->TotalComparison is not applicable to an argument of type (A, A). - (GreaterThan, TotalComparison)->TotalComparison is not applicable to an argument of type (A, A). - (IntLiteral, IntLiteral)->TotalComparison is not applicable to an argument of type (A, A). - (LessThan, LessThan)->TotalComparison is not applicable to an argument of type (A, A). - (LessThan, TotalComparison)->TotalComparison is not applicable to an argument of type (A, A). - (LexicographicOrder[\T,E\], T)->TotalComparison is not applicable to an argument of type (A, A). - (Range[\I\], Range[\I\])->Comparison is not applicable to an argument of type (A, A). - (StandardPartialOrder[\T\], T)->Comparison is not applicable to an argument of type (A, A). - (StandardTotalOrder[\T\], T)->TotalComparison is not applicable to an argument of type (A, A). - (String, String)->TotalComparison is not applicable to an argument of type (A, A). - [\A, B, C\]((A, B, C), (A, B, C))->Comparison is not applicable to an argument of type (A, A). - [\A, B\]((A, B), (A, B))->Comparison is not applicable to an argument of type (A, A).
typecheck	Could not check call to operator CMP - ((RR64 & {Float, FloatLiteral, RR32}), RR64)->Comparison is not applica	-	component FortressLibrary	typecheck	FortressLibrary.fss:4428	Could not check call to operator CMP - ((RR64 & {Float, FloatLiteral, RR32}), RR64)->Comparison is not applicable to an argument of type (B, B). - ((TotalComparison & {LessThan, EqualTo, GreaterThan}), Unordered)->Comparison is not applicable to an argument of type (B, B). - ((ZZ & {BigNum}), ZZ)->TotalComparison is not applicable to an argument of type (B, B). - ((ZZ64 & {Long}), ZZ64)->TotalComparison is not applicable to an argument of type (B, B). - (EqualTo, TotalComparison)->TotalComparison is not applicable to an argument of type (B, B). - (GreaterThan, GreaterThan)->TotalComparison is not applicable to an argument of type (B, B). - (GreaterThan, TotalComparison)->TotalComparison is not applicable to an argument of type (B, B). - (IntLiteral, IntLiteral)->TotalComparison is not applicable to an argument of type (B, B). - (LessThan, LessThan)->TotalComparison is not applicable to an argument of type (B, B). - (LessThan, TotalComparison)->TotalComparison is not applicable to an argument of type (B, B). - (LexicographicOrder[\T,E\], T)->TotalComparison is not applicable to an argument of type (B, B). - (Range[\I\], Range[\I\])->Comparison is not applicable to an argument of type (B, B). - (StandardPartialOrder[\T\], T)->Comparison is not applicable to an argument of type (B, B). - (StandardTotalOrder[\T\], T)->TotalComparison is not applicable to an argument of type (B, B). - (String, String)->TotalComparison is not applicable to an argument of type (B, B). - [\A, B, C\]((A, B, C), (A, B, C))->Comparison is not applicable to an argument of type (B, B). - [\A, B\]((A, B), (A, B))->Comparison is not applicable to an argument of type (B, B).
typecheck	Could not check call to operator CMP - ((RR64 & {Float, FloatLiteral, RR32}), RR64)->Comparison is not applica	-	component FortressLibrary	typecheck	FortressLibrary.fss:4438	Could not check call to operator CMP - ((RR64 & {Float, FloatLiteral, RR32}), RR64)->Comparison is not applicable to an argument of type (A, A). - ((TotalComparison & {LessThan, EqualTo, GreaterThan}), Unordered)->Comparison is not applicable to an argument of type (A, A). - ((ZZ & {BigNum}), ZZ)->TotalComparison is not applicable to an argument of type (A, A). - ((ZZ64 & {Long}), ZZ64)->TotalComparison is not applicable to an argument of type (A, A). - (EqualTo, TotalComparison)->TotalComparison is not applicable to an argument of type (A, A). - (GreaterThan, GreaterThan)->TotalComparison is not applicable to an argument of type (A, A). - (GreaterThan, TotalComparison)->TotalComparison is not applicable to an argument of type (A, A). - (IntLiteral, IntLiteral)->TotalComparison is not applicable to an argument of type (A, A). - (LessThan, LessThan)->TotalComparison is not applicable to an argument of type (A, A). - (LessThan, TotalComparison)->TotalComparison is not applicable to an argument of type (A, A). - (LexicographicOrder[\T,E\], T)->TotalComparison is not applicable to an argument of type (A, A). - (Range[\I\], Range[\I\])->Comparison is not applicable to an argument of type (A, A). - (StandardPartialOrder[\T\], T)->Comparison is not applicable to an argument of type (A, A). - (StandardTotalOrder[\T\], T)->TotalComparison is not applicable to an argument of type (A, A). - (String, String)->TotalComparison is not applicable to an argument of type (A, A). - [\A, B, C\]((A, B, C), (A, B, C))->Comparison is not applicable to an argument of type (A, A). - [\A, B\]((A, B), (A, B))->Comparison is not applicable to an argument of type (A, A).
typecheck	Could not check call to operator CMP - ((RR64 & {Float, FloatLiteral, RR32}), RR64)->Comparison is not applica	-	component FortressLibrary	typecheck	FortressLibrary.fss:4438	Could not check call to operator CMP - ((RR64 & {Float, FloatLiteral, RR32}), RR64)->Comparison is not applicable to an argument of type (B, B). - ((TotalComparison & {LessThan, EqualTo, GreaterThan}), Unordered)->Comparison is not applicable to an argument of type (B, B). - ((ZZ & {BigNum}), ZZ)->TotalComparison is not applicable to an argument of type (B, B). - ((ZZ64 & {Long}), ZZ64)->TotalComparison is not applicable to an argument of type (B, B). - (EqualTo, TotalComparison)->TotalComparison is not applicable to an argument of type (B, B). - (GreaterThan, GreaterThan)->TotalComparison is not applicable to an argument of type (B, B). - (GreaterThan, TotalComparison)->TotalComparison is not applicable to an argument of type (B, B). - (IntLiteral, IntLiteral)->TotalComparison is not applicable to an argument of type (B, B). - (LessThan, LessThan)->TotalComparison is not applicable to an argument of type (B, B). - (LessThan, TotalComparison)->TotalComparison is not applicable to an argument of type (B, B). - (LexicographicOrder[\T,E\], T)->TotalComparison is not applicable to an argument of type (B, B). - (Range[\I\], Range[\I\])->Comparison is not applicable to an argument of type (B, B). - (StandardPartialOrder[\T\], T)->Comparison is not applicable to an argument of type (B, B). - (StandardTotalOrder[\T\], T)->TotalComparison is not applicable to an argument of type (B, B). - (String, String)->TotalComparison is not applicable to an argument of type (B, B). - [\A, B, C\]((A, B, C), (A, B, C))->Comparison is not applicable to an argument of type (B, B). - [\A, B\]((A, B), (A, B))->Comparison is not applicable to an argument of type (B, B).
typecheck	Could not check call to operator CMP - ((RR64 & {Float, FloatLiteral, RR32}), RR64)->Comparison is not applica	-	component FortressLibrary	typecheck	FortressLibrary.fss:4438	Could not check call to operator CMP - ((RR64 & {Float, FloatLiteral, RR32}), RR64)->Comparison is not applicable to an argument of type (C, C). - ((TotalComparison & {LessThan, EqualTo, GreaterThan}), Unordered)->Comparison is not applicable to an argument of type (C, C). - ((ZZ & {BigNum}), ZZ)->TotalComparison is not applicable to an argument of type (C, C). - ((ZZ64 & {Long}), ZZ64)->TotalComparison is not applicable to an argument of type (C, C). - (EqualTo, TotalComparison)->TotalComparison is not applicable to an argument of type (C, C). - (GreaterThan, GreaterThan)->TotalComparison is not applicable to an argument of type (C, C). - (GreaterThan, TotalComparison)->TotalComparison is not applicable to an argument of type (C, C). - (IntLiteral, IntLiteral)->TotalComparison is not applicable to an argument of type (C, C). - (LessThan, LessThan)->TotalComparison is not applicable to an argument of type (C, C). - (LessThan, TotalComparison)->TotalComparison is not applicable to an argument of type (C, C). - (LexicographicOrder[\T,E\], T)->TotalComparison is not applicable to an argument of type (C, C). - (Range[\I\], Range[\I\])->Comparison is not applicable to an argument of type (C, C). - (StandardPartialOrder[\T\], T)->Comparison is not applicable to an argument of type (C, C). - (StandardTotalOrder[\T\], T)->TotalComparison is not applicable to an argument of type (C, C). - (String, String)->TotalComparison is not applicable to an argument of type (C, C). - [\A, B, C\]((A, B, C), (A, B, C))->Comparison is not applicable to an argument of type (C, C). - [\A, B\]((A, B), (A, B))->Comparison is not applicable to an argument of type (C, C).
typecheck	Could not check call to operator CMP - ((RR64 & {Float, FloatLiteral, RR32}), RR64)->Comparison is not applica	-	component String	typecheck	String.fss:97	Could not check call to operator CMP - ((RR64 & {Float, FloatLiteral, RR32}), RR64)->Comparison is not applicable to an argument of type (()->Maybe[\Char\], String). - ((TotalComparison & {LessThan, EqualTo, GreaterThan}), Unordered)->Comparison is not applicable to an argument of type (()->Maybe[\Char\], String). - ((ZZ64 & {Long}), ZZ64)->TotalComparison is not applicable to an argument of type (()->Maybe[\Char\], String). - (EqualTo, TotalComparison)->TotalComparison is not applicable to an argument of type (()->Maybe[\Char\], String). - (GreaterThan, GreaterThan)->Comparison is not applicable to an argument of type (()->Maybe[\Char\], String). - (GreaterThan, TotalComparison)->TotalComparison is not applicable to an argument of type (()->Maybe[\Char\], String). - (IntLiteral, IntLiteral)->TotalComparison is not applicable to an argument of type (()->Maybe[\Char\], String). - (LessThan, LessThan)->Comparison is not applicable to an argument of type (()->Maybe[\Char\], String). - (LessThan, TotalComparison)->TotalComparison is not applicable to an argument of type (()->Maybe[\Char\], String). - (LexicographicOrder[\T,E\], T)->TotalComparison is not applicable to an argument of type (()->Maybe[\Char\], String). - (Range[\I\], Range[\I\])->Comparison is not applicable to an argument of type (()->Maybe[\Char\], String). - (StandardPartialOrder[\T\], T)->Comparison is not applicable to an argument of type (()->Maybe[\Char\], String). - (StandardTotalOrder[\T\], T)->TotalComparison is not applicable to an argument of type (()->Maybe[\Char\], String). - (String.CatString, String)->TotalComparison is not applicable to an argument of type (()->Maybe[\Char\], String). - (String.EmptyString, String)->TotalComparison is not applicable to an argument of type (()->Maybe[\Char\], String). - (String.SubString, String)->TotalComparison is not applicable to an argument of type (()->Maybe[\Char\], String). - [\A, B, C\]((A, B, C), (A, B, C))->Comparison is not applicable to an argument of type (()->Maybe[\Char\], String). - [\A, B\]((A, B), (A, B))->Comparison is not applicable to an argument of type (()->Maybe[\Char\], String).
typecheck	Could not check call to operator IN - (Char, String.CatString)->Boolean is not applicable to an argument of ty	-	component String	typecheck	String.fss:89	Could not check call to operator IN - (Char, String.CatString)->Boolean is not applicable to an argument of type (Char, ()->Maybe[\Char\]). - (Char, String.EmptyString)->Boolean is not applicable to an argument of type (Char, ()->Maybe[\Char\]). - (Char, String.SubString)->Boolean is not applicable to an argument of type (Char, ()->Maybe[\Char\]). - (E, Condition[\E\])->Boolean is not applicable to an argument of type (Char, ()->Maybe[\Char\]). - (E, Generator[\E\])->Boolean is not applicable to an argument of type (Char, ()->Maybe[\Char\]). - (I, ExtentRange[\I\])->Boolean is not applicable to an argument of type (Char, ()->Maybe[\Char\]). - (I, OpenRange[\I\])->Boolean is not applicable to an argument of type (Char, ()->Maybe[\Char\]). - (I, Range[\I\])->Boolean is not applicable to an argument of type (Char, ()->Maybe[\Char\]). - (T, Contains[\T\])->Boolean is not applicable to an argument of type (Char, ()->Maybe[\Char\]). - (T, NotUnique[\T\])->Boolean is not applicable to an argument of type (Char, ()->Maybe[\Char\]).
typecheck	Could not check call to operator MAX - ((QQ & {Ratio}), QQ)->QQ is not applicable to an argument of type (T, T	-	component FortressLibrary	typecheck	FortressLibrary.fss:4611	Could not check call to operator MAX - ((QQ & {Ratio}), QQ)->QQ is not applicable to an argument of type (T, T). - ((RR64 & {Float, FloatLiteral, RR32}), RR64)->RR64 is not applicable to an argument of type (T, T). - ((TotalComparison & {LessThan, EqualTo, GreaterThan}), TotalComparison)->TotalComparison is not applicable to an argument of type (T, T). - (StandardMax[\T\], T)->T is not applicable to an argument of type (T, T). - (StandardMinMax[\T\], T)->T is not applicable to an argument of type (T, T). - (StandardTotalOrder[\T\], T)->T is not applicable to an argument of type (T, T). - [\T extends Number, I\](Array[\T,I\], T)->Array[\T,I\] is not applicable to an argument of type (T, T). - [\T extends Number, I\](T, Array[\T,I\])->Array[\T,I\] is not applicable to an argument of type (T, T).
typecheck	Could not check call to operator MAX - ((QQ & {Ratio}), QQ)->QQ is not applicable to an argument of type (T, T	-	component FortressLibrary	typecheck	FortressLibrary.fss:4612	Could not check call to operator MAX - ((QQ & {Ratio}), QQ)->QQ is not applicable to an argument of type (T, T). - ((RR64 & {Float, FloatLiteral, RR32}), RR64)->RR64 is not applicable to an argument of type (T, T). - ((TotalComparison & {LessThan, EqualTo, GreaterThan}), TotalComparison)->TotalComparison is not applicable to an argument of type (T, T). - (StandardMax[\T\], T)->T is not applicable to an argument of type (T, T). - (StandardMinMax[\T\], T)->T is not applicable to an argument of type (T, T). - (StandardTotalOrder[\T\], T)->T is not applicable to an argument of type (T, T). - [\T extends Number, I\](Array[\T,I\], T)->Array[\T,I\] is not applicable to an argument of type (T, T). - [\T extends Number, I\](T, Array[\T,I\])->Array[\T,I\] is not applicable to an argument of type (T, T).
typecheck	Could not check call to operator MIN - ((QQ & {Ratio}), QQ)->QQ is not applicable to an argument of type (T, T	-	component FortressLibrary	typecheck	FortressLibrary.fss:4609	Could not check call to operator MIN - ((QQ & {Ratio}), QQ)->QQ is not applicable to an argument of type (T, T). - ((RR64 & {Float, FloatLiteral, RR32}), RR64)->RR64 is not applicable to an argument of type (T, T). - ((TotalComparison & {LessThan, EqualTo, GreaterThan}), TotalComparison)->TotalComparison is not applicable to an argument of type (T, T). - (StandardMinMax[\T\], T)->T is not applicable to an argument of type (T, T). - (StandardMin[\T\], T)->T is not applicable to an argument of type (T, T). - (StandardTotalOrder[\T\], T)->T is not applicable to an argument of type (T, T). - [\T extends Number, I\](Array[\T,I\], T)->Array[\T,I\] is not applicable to an argument of type (T, T). - [\T extends Number, I\](T, Array[\T,I\])->Array[\T,I\] is not applicable to an argument of type (T, T).
typecheck	Could not check call to operator MIN - ((QQ & {Ratio}), QQ)->QQ is not applicable to an argument of type (T, T	-	component FortressLibrary	typecheck	FortressLibrary.fss:4610	Could not check call to operator MIN - ((QQ & {Ratio}), QQ)->QQ is not applicable to an argument of type (T, T). - ((RR64 & {Float, FloatLiteral, RR32}), RR64)->RR64 is not applicable to an argument of type (T, T). - ((TotalComparison & {LessThan, EqualTo, GreaterThan}), TotalComparison)->TotalComparison is not applicable to an argument of type (T, T). - (StandardMinMax[\T\], T)->T is not applicable to an argument of type (T, T). - (StandardMin[\T\], T)->T is not applicable to an argument of type (T, T). - (StandardTotalOrder[\T\], T)->T is not applicable to an argument of type (T, T). - [\T extends Number, I\](Array[\T,I\], T)->Array[\T,I\] is not applicable to an argument of type (T, T). - [\T extends Number, I\](T, Array[\T,I\])->Array[\T,I\] is not applicable to an argument of type (T, T).
typecheck	Could not check call to operator MOD - ((NN64 & {UnsignedLong}), NN64)->NN64 is not applicable to an argument 	-	component FortressLibrary	typecheck	FortressLibrary.fss:664	Could not check call to operator MOD - ((NN64 & {UnsignedLong}), NN64)->NN64 is not applicable to an argument of type (Integral[\I\], IntLiteral). - ((ZZ & {BigNum}), ZZ)->ZZ is not applicable to an argument of type (Integral[\I\], IntLiteral). - ((ZZ32 & {Int, IntLiteral}), ZZ32)->ZZ32 is not applicable to an argument of type (Integral[\I\], IntLiteral). - ((ZZ64 & {Long}), ZZ64)->ZZ64 is not applicable to an argument of type (Integral[\I\], IntLiteral). - (Integral[\I\], I)->I is not applicable to an argument of type (Integral[\I\], IntLiteral). - (NN32, NN32)->NN32 is not applicable to an argument of type (Integral[\I\], IntLiteral).
typecheck	Could not check call to operator MOD - ((NN64 & {UnsignedLong}), NN64)->NN64 is not applicable to an argument 	-	component FortressLibrary	typecheck	FortressLibrary.fss:680	Could not check call to operator MOD - ((NN64 & {UnsignedLong}), NN64)->NN64 is not applicable to an argument of type (I, Integral[\I\]). - ((ZZ & {BigNum}), ZZ)->ZZ is not applicable to an argument of type (I, Integral[\I\]). - ((ZZ32 & {Int, IntLiteral}), ZZ32)->ZZ32 is not applicable to an argument of type (I, Integral[\I\]). - ((ZZ64 & {Long}), ZZ64)->ZZ64 is not applicable to an argument of type (I, Integral[\I\]). - (Integral[\I\], I)->I is not applicable to an argument of type (I, Integral[\I\]). - (NN32, NN32)->NN32 is not applicable to an argument of type (I, Integral[\I\]).
typecheck	Could not check call to operator PCMP - ((ZZ32, ZZ32), (ZZ32, ZZ32))->Comparison is not applicable to an argum	-	component FortressLibrary	typecheck	FortressLibrary.fss:3884	Could not check call to operator PCMP - ((ZZ32, ZZ32), (ZZ32, ZZ32))->Comparison is not applicable to an argument of type (I, I). - ((ZZ32, ZZ32, ZZ32), (ZZ32, ZZ32, ZZ32))->Comparison is not applicable to an argument of type (I, I). - (ZZ32, ZZ32)->Comparison is not applicable to an argument of type (I, I).
typecheck	Could not check call to operator PCMP - ((ZZ32, ZZ32), (ZZ32, ZZ32))->Comparison is not applicable to an argum	-	component FortressLibrary	typecheck	FortressLibrary.fss:3885	Could not check call to operator PCMP - ((ZZ32, ZZ32), (ZZ32, ZZ32))->Comparison is not applicable to an argument of type (I, I). - ((ZZ32, ZZ32, ZZ32), (ZZ32, ZZ32, ZZ32))->Comparison is not applicable to an argument of type (I, I). - (ZZ32, ZZ32)->Comparison is not applicable to an argument of type (I, I).
typecheck	Could not check call to operator SCMP - ((ZZ32, ZZ32), (ZZ32, ZZ32))->Comparison is not applicable to an argum	-	component FortressLibrary	typecheck	FortressLibrary.fss:3746	Could not check call to operator SCMP - ((ZZ32, ZZ32), (ZZ32, ZZ32))->Comparison is not applicable to an argument of type (I, I). - ((ZZ32, ZZ32, ZZ32), (ZZ32, ZZ32, ZZ32))->Comparison is not applicable to an argument of type (I, I). - (ZZ32, ZZ32)->Comparison is not applicable to an argument of type (I, I).
typecheck	Could not check call to operator SYMMETRIC_PARTIAL - ((Comparison & {Unordered, TotalComparison}), Comparison)	-	component RangeInternals	typecheck	RangeInternals.fss:106	Could not check call to operator SYMMETRIC_PARTIAL - ((Comparison & {Unordered, TotalComparison}), Comparison)->Comparison is not applicable to an argument of type (Comparison, ()->Comparison). - (EqualTo, Comparison)->Comparison is not applicable to an argument of type (Comparison, ()->Comparison). - (GreaterThan, EqualTo)->GreaterThan is not applicable to an argument of type (Comparison, ()->Comparison). - (GreaterThan, GreaterThan)->GreaterThan is not applicable to an argument of type (Comparison, ()->Comparison). - (LessThan, EqualTo)->LessThan is not applicable to an argument of type (Comparison, ()->Comparison). - (LessThan, LessThan)->LessThan is not applicable to an argument of type (Comparison, ()->Comparison).
typecheck	Could not check call to operator SYMMETRIC_PARTIAL - ((Comparison & {Unordered, TotalComparison}), Comparison)	-	component RangeInternals	typecheck	RangeInternals.fss:120	Could not check call to operator SYMMETRIC_PARTIAL - ((Comparison & {Unordered, TotalComparison}), Comparison)->Comparison is not applicable to an argument of type (Comparison, ()->Comparison). - (EqualTo, Comparison)->Comparison is not applicable to an argument of type (Comparison, ()->Comparison). - (GreaterThan, EqualTo)->GreaterThan is not applicable to an argument of type (Comparison, ()->Comparison). - (GreaterThan, GreaterThan)->GreaterThan is not applicable to an argument of type (Comparison, ()->Comparison). - (LessThan, EqualTo)->LessThan is not applicable to an argument of type (Comparison, ()->Comparison). - (LessThan, LessThan)->LessThan is not applicable to an argument of type (Comparison, ()->Comparison).
typecheck	Could not check call to operator ^ - ((NN64 & {UnsignedLong}), AnyIntegral)->RR64 is not applicable to an argu	-	component FortressBuiltin	typecheck	FortressBuiltin.fss:327	Could not check call to operator ^ - ((NN64 & {UnsignedLong}), AnyIntegral)->RR64 is not applicable to an argument of type (RR32, AND(Int->Float,IntLiteral->Float,Float->Float,BigNum->Float,FloatLiteral->Float,Long->Float,NN32->Float,UnsignedLong->Float,(Number & {RR64, QQ, AnyIntegral})->RR64,RR32->Float)). - ((RR64 & {Float, FloatLiteral, RR32}), RR64)->RR64 is not applicable to an argument of type (RR32, AND(Int->Float,IntLiteral->Float,Float->Float,BigNum->Float,FloatLiteral->Float,Long->Float,NN32->Float,UnsignedLong->Float,(Number & {RR64, QQ, AnyIntegral})->RR64,RR32->Float)). - (Float, AnyIntegral)->RR64 is not applicable to an argument of type (RR32, AND(Int->Float,IntLiteral->Float,Float->Float,BigNum->Float,FloatLiteral->Float,Long->Float,NN32->Float,UnsignedLong->Float,(Number & {RR64, QQ, AnyIntegral})->RR64,RR32->Float)). - (Float, Float)->RR64 is not applicable to an argument of type (RR32, AND(Int->Float,IntLiteral->Float,Float->Float,BigNum->Float,FloatLiteral->Float,Long->Float,NN32->Float,UnsignedLong->Float,(Number & {RR64, QQ, AnyIntegral})->RR64,RR32->Float)). - (Float, Number)->RR64 is not applicable to an argument of type (RR32, AND(Int->Float,IntLiteral->Float,Float->Float,BigNum->Float,FloatLiteral->Float,Long->Float,NN32->Float,UnsignedLong->Float,(Number & {RR64, QQ, AnyIntegral})->RR64,RR32->Float)). - (Float, RR32)->RR64 is not applicable to an argument of type (RR32, AND(Int->Float,IntLiteral->Float,Float->Float,BigNum->Float,FloatLiteral->Float,Long->Float,NN32->Float,UnsignedLong->Float,(Number & {RR64, QQ, AnyIntegral})->RR64,RR32->Float)). - (Integral[\I\], AnyIntegral)->RR64 is not applicable to an argument of type (RR32, AND(Int->Float,IntLiteral->Float,Float->Float,BigNum->Float,FloatLiteral->Float,Long->Float,NN32->Float,UnsignedLong->Float,(Number & {RR64, QQ, AnyIntegral})->RR64,RR32->Float)). - (MultiplicativeRing[\T\], ZZ64)->T is not applicable to an argument of type (RR32, AND(Int->Float,IntLiteral->Float,Float->Float,BigNum->Float,FloatLiteral->Float,Long->Float,NN32->Float,UnsignedLong->Float,(Number & {RR64, QQ, AnyIntegral})->RR64,RR32->Float)). - (NN32, AnyIntegral)->RR64 is not applicable to an argument of type (RR32, AND(Int->Float,IntLiteral->Float,Float->Float,BigNum->Float,FloatLiteral->Float,Long->Float,NN32->Float,UnsignedLong->Float,(Number & {RR64, QQ, AnyIntegral})->RR64,RR32->Float)). - (QQ, ZZ64)->QQ is not applicable to an argument of type (RR32, AND(Int->Float,IntLiteral->Float,Float->Float,BigNum->Float,FloatLiteral->Float,Long->Float,NN32->Float,UnsignedLong->Float,(Number & {RR64, QQ, AnyIntegral})->RR64,RR32->Float)). - (RR32, Float)->RR64 is not applicable to an argument of type (RR32, AND(Int->Float,IntLiteral->Float,Float->Float,BigNum->Float,FloatLiteral->Float,Long->Float,NN32->Float,UnsignedLong->Float,(Number & {RR64, QQ, AnyIntegral})->RR64,RR32->Float)). - (RR32, Number)->RR64 is not applicable to an argument of type (RR32, AND(Int->Float,IntLiteral->Float,Float->Float,BigNum->Float,FloatLiteral->Float,Long->Float,NN32->Float,UnsignedLong->Float,(Number & {RR64, QQ, AnyIntegral})->RR64,RR32->Float)). - (RR32, RR32)->RR32 is not applicable to an argument of type (RR32, AND(Int->Float,IntLiteral->Float,Float->Float,BigNum->Float,FloatLiteral->Float,Long->Float,NN32->Float,UnsignedLong->Float,(Number & {RR64, QQ, AnyIntegral})->RR64,RR32->Float)). - (RR32, ZZ64)->RR32 is not applicable to an argument of type (RR32, AND(Int->Float,IntLiteral->Float,Float->Float,BigNum->Float,FloatLiteral->Float,Long->Float,NN32->Float,UnsignedLong->Float,(Number & {RR64, QQ, AnyIntegral})->RR64,RR32->Float)). - (String, ZZ32)->String is not applicable to an argument of type (RR32, AND(Int->Float,IntLiteral->Float,Float->Float,BigNum->Float,FloatLiteral->Float,Long->Float,NN32->Float,UnsignedLong->Float,(Number & {RR64, QQ, AnyIntegral})->RR64,RR32->Float)).
typecheck	Could not check call to operator juxtaposition - ((NN64 & {UnsignedLong}), NN64)->NN64 is not applicable to an	-	component FortressLibrary	typecheck	FortressLibrary.fss:2318	Could not check call to operator juxtaposition - ((NN64 & {UnsignedLong}), NN64)->NN64 is not applicable to an argument of type (T, T). - ((QQ & {Ratio}), QQ)->QQ is not applicable to an argument of type (T, T). - ((RR64 & {Float, FloatLiteral, RR32}), RR64)->RR64 is not applicable to an argument of type (T, T). - ((ZZ & {BigNum}), ZZ)->ZZ is not applicable to an argument of type (T, T). - ((ZZ32 & {Int, IntLiteral}), ZZ32)->ZZ32 is not applicable to an argument of type (T, T). - ((ZZ64 & {Long}), ZZ64)->ZZ64 is not applicable to an argument of type (T, T). - (Any, String)->String is not applicable to an argument of type (T, T). - (Integral[\I\], I)->I is not applicable to an argument of type (T, T). - (MultiplicativeRing[\T\], T)->T is not applicable to an argument of type (T, T). - (NN32, NN32)->NN32 is not applicable to an argument of type (T, T). - (String, Any)->String is not applicable to an argument of type (T, T). - (String, String)->String is not applicable to an argument of type (T, T). - [\T extends Number, nat n, nat m, nat p\](Matrix[\T,n,m\], Matrix[\T,m,p\])->Matrix[\T,n,p\] is not applicable to an argument of type (T, T). - [\T extends Number, nat n, nat m\](Matrix[\T,n,m\], T)->Matrix[\T,n,m\] is not applicable to an argument of type (T, T). - [\T extends Number, nat n, nat m\](Matrix[\T,n,m\], Vector[\T,m\])->Vector[\T,n\] is not applicable to an argument of type (T, T). - [\T extends Number, nat n, nat m\](T, Matrix[\T,n,m\])->Matrix[\T,n,m\] is not applicable to an argument of type (T, T). - [\T extends Number, nat n, nat m\](Vector[\T,n\], Matrix[\T,n,m\])->Vector[\T,m\] is not applicable to an argument of type (T, T). - [\T extends Number, nat n\](T, Vector[\T,n\])->Vector[\T,n\] is not applicable to an argument of type (T, T). - [\T extends Number, nat n\](Vector[\T,n\], T)->Vector[\T,n\] is not applicable to an argument of type (T, T). - [\T extends Number, nat n\](Vector[\T,n\], Vector[\T,n\])->T is not applicable to an argument of type (T, T).
typecheck	Could not check call to operator juxtaposition - ((NN64 & {UnsignedLong}), NN64)->NN64 is not applicable to an	-	component FortressLibrary	typecheck	FortressLibrary.fss:2320	Could not check call to operator juxtaposition - ((NN64 & {UnsignedLong}), NN64)->NN64 is not applicable to an argument of type (T, T). - ((QQ & {Ratio}), QQ)->QQ is not applicable to an argument of type (T, T). - ((RR64 & {Float, FloatLiteral, RR32}), RR64)->RR64 is not applicable to an argument of type (T, T). - ((ZZ & {BigNum}), ZZ)->ZZ is not applicable to an argument of type (T, T). - ((ZZ32 & {Int, IntLiteral}), ZZ32)->ZZ32 is not applicable to an argument of type (T, T). - ((ZZ64 & {Long}), ZZ64)->ZZ64 is not applicable to an argument of type (T, T). - (Any, String)->String is not applicable to an argument of type (T, T). - (Integral[\I\], I)->I is not applicable to an argument of type (T, T). - (MultiplicativeRing[\T\], T)->T is not applicable to an argument of type (T, T). - (NN32, NN32)->NN32 is not applicable to an argument of type (T, T). - (String, Any)->String is not applicable to an argument of type (T, T). - (String, String)->String is not applicable to an argument of type (T, T). - [\T extends Number, nat n, nat m, nat p\](Matrix[\T,n,m\], Matrix[\T,m,p\])->Matrix[\T,n,p\] is not applicable to an argument of type (T, T). - [\T extends Number, nat n, nat m\](Matrix[\T,n,m\], T)->Matrix[\T,n,m\] is not applicable to an argument of type (T, T). - [\T extends Number, nat n, nat m\](Matrix[\T,n,m\], Vector[\T,m\])->Vector[\T,n\] is not applicable to an argument of type (T, T). - [\T extends Number, nat n, nat m\](T, Matrix[\T,n,m\])->Matrix[\T,n,m\] is not applicable to an argument of type (T, T). - [\T extends Number, nat n, nat m\](Vector[\T,n\], Matrix[\T,n,m\])->Vector[\T,m\] is not applicable to an argument of type (T, T). - [\T extends Number, nat n\](T, Vector[\T,n\])->Vector[\T,n\] is not applicable to an argument of type (T, T). - [\T extends Number, nat n\](Vector[\T,n\], T)->Vector[\T,n\] is not applicable to an argument of type (T, T). - [\T extends Number, nat n\](Vector[\T,n\], Vector[\T,n\])->T is not applicable to an argument of type (T, T). FortressLibrary.fss:2320:19-47: Possibly because (i, me_i): (ZZ32, T) after argument inference FortressLibrary.fss:2320:9-63: Possibly because (reduction?7, unit?8): (Reduction[\T\], T->T) after argument inference
typecheck	Could not check call to operator juxtaposition - ((NN64 & {UnsignedLong}), NN64)->NN64 is not applicable to an	-	component FortressLibrary	typecheck	FortressLibrary.fss:2624	Could not check call to operator juxtaposition - ((NN64 & {UnsignedLong}), NN64)->NN64 is not applicable to an argument of type (T, T). - ((QQ & {Ratio}), QQ)->QQ is not applicable to an argument of type (T, T). - ((RR64 & {Float, FloatLiteral, RR32}), RR64)->RR64 is not applicable to an argument of type (T, T). - ((ZZ & {BigNum}), ZZ)->ZZ is not applicable to an argument of type (T, T). - ((ZZ32 & {Int, IntLiteral}), ZZ32)->ZZ32 is not applicable to an argument of type (T, T). - ((ZZ64 & {Long}), ZZ64)->ZZ64 is not applicable to an argument of type (T, T). - (Any, String)->String is not applicable to an argument of type (T, T). - (Integral[\I\], I)->I is not applicable to an argument of type (T, T). - (MultiplicativeRing[\T\], T)->T is not applicable to an argument of type (T, T). - (NN32, NN32)->NN32 is not applicable to an argument of type (T, T). - (String, Any)->String is not applicable to an argument of type (T, T). - (String, String)->String is not applicable to an argument of type (T, T). - [\T extends Number, nat n, nat m, nat p\](Matrix[\T,n,m\], Matrix[\T,m,p\])->Matrix[\T,n,p\] is not applicable to an argument of type (T, T). - [\T extends Number, nat n, nat m\](Matrix[\T,n,m\], T)->Matrix[\T,n,m\] is not applicable to an argument of type (T, T). - [\T extends Number, nat n, nat m\](Matrix[\T,n,m\], Vector[\T,m\])->Vector[\T,n\] is not applicable to an argument of type (T, T). - [\T extends Number, nat n, nat m\](T, Matrix[\T,n,m\])->Matrix[\T,n,m\] is not applicable to an argument of type (T, T). - [\T extends Number, nat n, nat m\](Vector[\T,n\], Matrix[\T,n,m\])->Vector[\T,m\] is not applicable to an argument of type (T, T). - [\T extends Number, nat n\](T, Vector[\T,n\])->Vector[\T,n\] is not applicable to an argument of type (T, T). - [\T extends Number, nat n\](Vector[\T,n\], T)->Vector[\T,n\] is not applicable to an argument of type (T, T). - [\T extends Number, nat n\](Vector[\T,n\], Vector[\T,n\])->T is not applicable to an argument of type (T, T).
typecheck	Could not check call to operator juxtaposition - ((NN64 & {UnsignedLong}), NN64)->NN64 is not applicable to an	-	component FortressLibrary	typecheck	FortressLibrary.fss:2630	Could not check call to operator juxtaposition - ((NN64 & {UnsignedLong}), NN64)->NN64 is not applicable to an argument of type (T, T). - ((QQ & {Ratio}), QQ)->QQ is not applicable to an argument of type (T, T). - ((RR64 & {Float, FloatLiteral, RR32}), RR64)->RR64 is not applicable to an argument of type (T, T). - ((ZZ & {BigNum}), ZZ)->ZZ is not applicable to an argument of type (T, T). - ((ZZ32 & {Int, IntLiteral}), ZZ32)->ZZ32 is not applicable to an argument of type (T, T). - ((ZZ64 & {Long}), ZZ64)->ZZ64 is not applicable to an argument of type (T, T). - (Any, String)->String is not applicable to an argument of type (T, T). - (Integral[\I\], I)->I is not applicable to an argument of type (T, T). - (MultiplicativeRing[\T\], T)->T is not applicable to an argument of type (T, T). - (NN32, NN32)->NN32 is not applicable to an argument of type (T, T). - (String, Any)->String is not applicable to an argument of type (T, T). - (String, String)->String is not applicable to an argument of type (T, T). - [\T extends Number, nat n, nat m, nat p\](Matrix[\T,n,m\], Matrix[\T,m,p\])->Matrix[\T,n,p\] is not applicable to an argument of type (T, T). - [\T extends Number, nat n, nat m\](Matrix[\T,n,m\], T)->Matrix[\T,n,m\] is not applicable to an argument of type (T, T). - [\T extends Number, nat n, nat m\](Matrix[\T,n,m\], Vector[\T,m\])->Vector[\T,n\] is not applicable to an argument of type (T, T). - [\T extends Number, nat n, nat m\](T, Matrix[\T,n,m\])->Matrix[\T,n,m\] is not applicable to an argument of type (T, T). - [\T extends Number, nat n, nat m\](Vector[\T,n\], Matrix[\T,n,m\])->Vector[\T,m\] is not applicable to an argument of type (T, T). - [\T extends Number, nat n\](T, Vector[\T,n\])->Vector[\T,n\] is not applicable to an argument of type (T, T). - [\T extends Number, nat n\](Vector[\T,n\], T)->Vector[\T,n\] is not applicable to an argument of type (T, T). - [\T extends Number, nat n\](Vector[\T,n\], Vector[\T,n\])->T is not applicable to an argument of type (T, T).
typecheck	Could not check call to operator juxtaposition - ((NN64 & {UnsignedLong}), NN64)->NN64 is not applicable to an	-	component FortressLibrary	typecheck	FortressLibrary.fss:2648	Could not check call to operator juxtaposition - ((NN64 & {UnsignedLong}), NN64)->NN64 is not applicable to an argument of type (T, T). - ((QQ & {Ratio}), QQ)->QQ is not applicable to an argument of type (T, T). - ((RR64 & {Float, FloatLiteral, RR32}), RR64)->RR64 is not applicable to an argument of type (T, T). - ((ZZ & {BigNum}), ZZ)->ZZ is not applicable to an argument of type (T, T). - ((ZZ32 & {Int, IntLiteral}), ZZ32)->ZZ32 is not applicable to an argument of type (T, T). - ((ZZ64 & {Long}), ZZ64)->ZZ64 is not applicable to an argument of type (T, T). - (Any, String)->String is not applicable to an argument of type (T, T). - (Integral[\I\], I)->I is not applicable to an argument of type (T, T). - (MultiplicativeRing[\T\], T)->T is not applicable to an argument of type (T, T). - (NN32, NN32)->NN32 is not applicable to an argument of type (T, T). - (String, Any)->String is not applicable to an argument of type (T, T). - (String, String)->String is not applicable to an argument of type (T, T). - [\T extends Number, nat n, nat m, nat p\](Matrix[\T,n,m\], Matrix[\T,m,p\])->Matrix[\T,n,p\] is not applicable to an argument of type (T, T). - [\T extends Number, nat n, nat m\](Matrix[\T,n,m\], T)->Matrix[\T,n,m\] is not applicable to an argument of type (T, T). - [\T extends Number, nat n, nat m\](Matrix[\T,n,m\], Vector[\T,m\])->Vector[\T,n\] is not applicable to an argument of type (T, T). - [\T extends Number, nat n, nat m\](T, Matrix[\T,n,m\])->Matrix[\T,n,m\] is not applicable to an argument of type (T, T). - [\T extends Number, nat n, nat m\](Vector[\T,n\], Matrix[\T,n,m\])->Vector[\T,m\] is not applicable to an argument of type (T, T). - [\T extends Number, nat n\](T, Vector[\T,n\])->Vector[\T,n\] is not applicable to an argument of type (T, T). - [\T extends Number, nat n\](Vector[\T,n\], T)->Vector[\T,n\] is not applicable to an argument of type (T, T). - [\T extends Number, nat n\](Vector[\T,n\], Vector[\T,n\])->T is not applicable to an argument of type (T, T).
typecheck	Could not check call to operator juxtaposition - ((NN64 & {UnsignedLong}), NN64)->NN64 is not applicable to an	-	component FortressLibrary	typecheck	FortressLibrary.fss:2670	Could not check call to operator juxtaposition - ((NN64 & {UnsignedLong}), NN64)->NN64 is not applicable to an argument of type (T, T). - ((QQ & {Ratio}), QQ)->QQ is not applicable to an argument of type (T, T). - ((RR64 & {Float, FloatLiteral, RR32}), RR64)->RR64 is not applicable to an argument of type (T, T). - ((ZZ & {BigNum}), ZZ)->ZZ is not applicable to an argument of type (T, T). - ((ZZ32 & {Int, IntLiteral}), ZZ32)->ZZ32 is not applicable to an argument of type (T, T). - ((ZZ64 & {Long}), ZZ64)->ZZ64 is not applicable to an argument of type (T, T). - (Any, String)->String is not applicable to an argument of type (T, T). - (Integral[\I\], I)->I is not applicable to an argument of type (T, T). - (MultiplicativeRing[\T\], T)->T is not applicable to an argument of type (T, T). - (NN32, NN32)->NN32 is not applicable to an argument of type (T, T). - (String, Any)->String is not applicable to an argument of type (T, T). - (String, String)->String is not applicable to an argument of type (T, T). - [\T extends Number, nat n, nat m, nat p\](Matrix[\T,n,m\], Matrix[\T,m,p\])->Matrix[\T,n,p\] is not applicable to an argument of type (T, T). - [\T extends Number, nat n, nat m\](Matrix[\T,n,m\], T)->Matrix[\T,n,m\] is not applicable to an argument of type (T, T). - [\T extends Number, nat n, nat m\](Matrix[\T,n,m\], Vector[\T,m\])->Vector[\T,n\] is not applicable to an argument of type (T, T). - [\T extends Number, nat n, nat m\](T, Matrix[\T,n,m\])->Matrix[\T,n,m\] is not applicable to an argument of type (T, T). - [\T extends Number, nat n, nat m\](Vector[\T,n\], Matrix[\T,n,m\])->Vector[\T,m\] is not applicable to an argument of type (T, T). - [\T extends Number, nat n\](T, Vector[\T,n\])->Vector[\T,n\] is not applicable to an argument of type (T, T). - [\T extends Number, nat n\](Vector[\T,n\], T)->Vector[\T,n\] is not applicable to an argument of type (T, T). - [\T extends Number, nat n\](Vector[\T,n\], Vector[\T,n\])->T is not applicable to an argument of type (T, T). FortressLibrary.fss:2670:22-46: Possibly because (j, v_j): (ZZ32, T) after argument inference FortressLibrary.fss:2670:13-61: Possibly because (reduction?9, unit?10): (Reduction[\T\], T->T) after argument inference
typecheck	Could not check call to operator juxtaposition - ((NN64 & {UnsignedLong}), NN64)->NN64 is not applicable to an	-	component FortressLibrary	typecheck	FortressLibrary.fss:2675	Could not check call to operator juxtaposition - ((NN64 & {UnsignedLong}), NN64)->NN64 is not applicable to an argument of type (T, T). - ((QQ & {Ratio}), QQ)->QQ is not applicable to an argument of type (T, T). - ((RR64 & {Float, FloatLiteral, RR32}), RR64)->RR64 is not applicable to an argument of type (T, T). - ((ZZ & {BigNum}), ZZ)->ZZ is not applicable to an argument of type (T, T). - ((ZZ32 & {Int, IntLiteral}), ZZ32)->ZZ32 is not applicable to an argument of type (T, T). - ((ZZ64 & {Long}), ZZ64)->ZZ64 is not applicable to an argument of type (T, T). - (Any, String)->String is not applicable to an argument of type (T, T). - (Integral[\I\], I)->I is not applicable to an argument of type (T, T). - (MultiplicativeRing[\T\], T)->T is not applicable to an argument of type (T, T). - (NN32, NN32)->NN32 is not applicable to an argument of type (T, T). - (String, Any)->String is not applicable to an argument of type (T, T). - (String, String)->String is not applicable to an argument of type (T, T). - [\T extends Number, nat n, nat m, nat p\](Matrix[\T,n,m\], Matrix[\T,m,p\])->Matrix[\T,n,p\] is not applicable to an argument of type (T, T). - [\T extends Number, nat n, nat m\](Matrix[\T,n,m\], T)->Matrix[\T,n,m\] is not applicable to an argument of type (T, T). - [\T extends Number, nat n, nat m\](Matrix[\T,n,m\], Vector[\T,m\])->Vector[\T,n\] is not applicable to an argument of type (T, T). - [\T extends Number, nat n, nat m\](T, Matrix[\T,n,m\])->Matrix[\T,n,m\] is not applicable to an argument of type (T, T). - [\T extends Number, nat n, nat m\](Vector[\T,n\], Matrix[\T,n,m\])->Vector[\T,m\] is not applicable to an argument of type (T, T). - [\T extends Number, nat n\](T, Vector[\T,n\])->Vector[\T,n\] is not applicable to an argument of type (T, T). - [\T extends Number, nat n\](Vector[\T,n\], T)->Vector[\T,n\] is not applicable to an argument of type (T, T). - [\T extends Number, nat n\](Vector[\T,n\], Vector[\T,n\])->T is not applicable to an argument of type (T, T). FortressLibrary.fss:2675:22-46: Possibly because (j, v_j): (ZZ32, T) after argument inference FortressLibrary.fss:2675:13-61: Possibly because (reduction?11, unit?12): (Reduction[\T\], T->T) after argument inference
typecheck	Could not check call to operator juxtaposition - ((NN64 & {UnsignedLong}), NN64)->NN64 is not applicable to an	-	component FortressLibrary	typecheck	FortressLibrary.fss:3508	Could not check call to operator juxtaposition - ((NN64 & {UnsignedLong}), NN64)->NN64 is not applicable to an argument of type (Indexed[\E,I\], ()). - ((QQ & {Ratio}), QQ)->QQ is not applicable to an argument of type (Indexed[\E,I\], ()). - ((RR64 & {Float, FloatLiteral, RR32}), RR64)->RR64 is not applicable to an argument of type (Indexed[\E,I\], ()). - ((ZZ & {BigNum}), ZZ)->ZZ is not applicable to an argument of type (Indexed[\E,I\], ()). - ((ZZ32 & {Int, IntLiteral}), ZZ32)->ZZ32 is not applicable to an argument of type (Indexed[\E,I\], ()). - ((ZZ64 & {Long}), ZZ64)->ZZ64 is not applicable to an argument of type (Indexed[\E,I\], ()). - (Any, String)->String is not applicable to an argument of type (Indexed[\E,I\], ()). - (Integral[\I\], I)->I is not applicable to an argument of type (Indexed[\E,I\], ()). - (MultiplicativeRing[\T\], T)->T is not applicable to an argument of type (Indexed[\E,I\], ()). - (NN32, NN32)->NN32 is not applicable to an argument of type (Indexed[\E,I\], ()). - (String, Any)->String is not applicable to an argument of type (Indexed[\E,I\], ()). - (String, String)->String is not applicable to an argument of type (Indexed[\E,I\], ()). - [\T extends Number, nat n, nat m, nat p\](Matrix[\T,n,m\], Matrix[\T,m,p\])->Matrix[\T,n,p\] is not applicable to an argument of type (Indexed[\E,I\], ()). - [\T extends Number, nat n, nat m\](Matrix[\T,n,m\], T)->Matrix[\T,n,m\] is not applicable to an argument of type (Indexed[\E,I\], ()). - [\T extends Number, nat n, nat m\](Matrix[\T,n,m\], Vector[\T,m\])->Vector[\T,n\] is not applicable to an argument of type (Indexed[\E,I\], ()). - [\T extends Number, nat n, nat m\](T, Matrix[\T,n,m\])->Matrix[\T,n,m\] is not applicable to an argument of type (Indexed[\E,I\], ()). - [\T extends Number, nat n, nat m\](Vector[\T,n\], Matrix[\T,n,m\])->Vector[\T,m\] is not applicable to an argument of type (Indexed[\E,I\], ()). - [\T extends Number, nat n\](T, Vector[\T,n\])->Vector[\T,n\] is not applicable to an argument of type (Indexed[\E,I\], ()). - [\T extends Number, nat n\](Vector[\T,n\], T)->Vector[\T,n\] is not applicable to an argument of type (Indexed[\E,I\], ()). - [\T extends Number, nat n\](Vector[\T,n\], Vector[\T,n\])->T is not applicable to an argument of type (Indexed[\E,I\], ()).
typecheck	Could not check call to operator |_| - (NN64 & {UnsignedLong})->NN64 is not applicable to an argument of type 	-	component FortressLibrary	typecheck	FortressLibrary.fss:1878	Could not check call to operator |_| - (NN64 & {UnsignedLong})->NN64 is not applicable to an argument of type Generator[\I\]. - (PairGenerator[\E,F\] & {SimplePairGenerator[\E,F\], SimplePairSeqGenerator[\E,F\]})->ZZ32 is not applicable to an argument of type Generator[\I\]. - (QQ & {Ratio})->QQ is not applicable to an argument of type Generator[\I\]. - (RR64 & {Float, FloatLiteral, RR32})->RR64 is not applicable to an argument of type Generator[\I\]. - (ReadableArray1[\T,b0,s0\] & {ImmutableArray1[\T,b0,s0\], Array1[\T,b0,s0\]})->ZZ32 is not applicable to an argument of type Generator[\I\]. - (ZZ & {BigNum})->ZZ is not applicable to an argument of type Generator[\I\]. - (ZZ32 & {Int, IntLiteral})->ZZ32 is not applicable to an argument of type Generator[\I\]. - (ZZ64 & {Long})->ZZ64 is not applicable to an argument of type Generator[\I\]. - Array2[\T,b0,s0,b1,s1\]->ZZ32 is not applicable to an argument of type Generator[\I\]. - Array3[\T,b0,s0,b1,s1,b2,s2\]->ZZ32 is not applicable to an argument of type Generator[\I\]. - Char->ZZ32 is not applicable to an argument of type Generator[\I\]. - CompactFullRange[\I\]->ZZ32 is not applicable to an argument of type Generator[\I\]. - Condition[\E\]->ZZ32 is not applicable to an argument of type Generator[\I\]. - DefaultZip[\E,F\]->ZZ32 is not applicable to an argument of type Generator[\I\]. - DelegatedIndexed[\E,I\]->ZZ32 is not applicable to an argument of type Generator[\I\]. - Indexed[\E,I\]->ZZ32 is not applicable to an argument of type Generator[\I\]. - Just[\T\]->ZZ32 is not applicable to an argument of type Generator[\I\]. - NN32->NN32 is not applicable to an argument of type Generator[\I\]. - NaiveSeqGenerator[\E\]->ZZ32 is not applicable to an argument of type Generator[\I\]. - NotUnique[\T\]->ZZ32 is not applicable to an argument of type Generator[\I\]. - Nothing[\T\]->ZZ32 is not applicable to an argument of type Generator[\I\]. - RangeInternals.FullRange2D->ZZ32 is not applicable to an argument of type Generator[\I\]. - RangeInternals.FullRange3D->ZZ32 is not applicable to an argument of type Generator[\I\]. - ReversedIndexed[\E,I\]->ZZ32 is not applicable to an argument of type Generator[\I\]. - SimpleMappedIndexed[\E,F,I\]->ZZ32 is not applicable to an argument of type Generator[\I\]. - String->ZZ32 is not applicable to an argument of type Generator[\I\].
typecheck	Could not check call to operator |_| - (NN64 & {UnsignedLong})->NN64 is not applicable to an argument of type 	-	component FortressLibrary	typecheck	FortressLibrary.fss:3606	Could not check call to operator |_| - (NN64 & {UnsignedLong})->NN64 is not applicable to an argument of type Generator[\E\]. - (PairGenerator[\E,F\] & {SimplePairGenerator[\E,F\], SimplePairSeqGenerator[\E,F\]})->ZZ32 is not applicable to an argument of type Generator[\E\]. - (QQ & {Ratio})->QQ is not applicable to an argument of type Generator[\E\]. - (RR64 & {Float, FloatLiteral, RR32})->RR64 is not applicable to an argument of type Generator[\E\]. - (ReadableArray1[\T,b0,s0\] & {ImmutableArray1[\T,b0,s0\], Array1[\T,b0,s0\]})->ZZ32 is not applicable to an argument of type Generator[\E\]. - (ZZ & {BigNum})->ZZ is not applicable to an argument of type Generator[\E\]. - (ZZ32 & {Int, IntLiteral})->ZZ32 is not applicable to an argument of type Generator[\E\]. - (ZZ64 & {Long})->ZZ64 is not applicable to an argument of type Generator[\E\]. - Array2[\T,b0,s0,b1,s1\]->ZZ32 is not applicable to an argument of type Generator[\E\]. - Array3[\T,b0,s0,b1,s1,b2,s2\]->ZZ32 is not applicable to an argument of type Generator[\E\]. - Char->ZZ32 is not applicable to an argument of type Generator[\E\]. - CompactFullRange[\I\]->ZZ32 is not applicable to an argument of type Generator[\E\]. - Condition[\E\]->ZZ32 is not applicable to an argument of type Generator[\E\]. - DefaultZip[\E,F\]->ZZ32 is not applicable to an argument of type Generator[\E\]. - DelegatedIndexed[\E,I\]->ZZ32 is not applicable to an argument of type Generator[\E\]. - Indexed[\E,I\]->ZZ32 is not applicable to an argument of type Generator[\E\]. - Just[\T\]->ZZ32 is not applicable to an argument of type Generator[\E\]. - NN32->NN32 is not applicable to an argument of type Generator[\E\]. - NaiveSeqGenerator[\E\]->ZZ32 is not applicable to an argument of type Generator[\E\]. - NotUnique[\T\]->ZZ32 is not applicable to an argument of type Generator[\E\]. - Nothing[\T\]->ZZ32 is not applicable to an argument of type Generator[\E\]. - RangeInternals.FullRange2D->ZZ32 is not applicable to an argument of type Generator[\E\]. - RangeInternals.FullRange3D->ZZ32 is not applicable to an argument of type Generator[\E\]. - ReversedIndexed[\E,I\]->ZZ32 is not applicable to an argument of type Generator[\E\]. - SimpleMappedIndexed[\E,F,I\]->ZZ32 is not applicable to an argument of type Generator[\E\]. - String->ZZ32 is not applicable to an argument of type Generator[\E\].
typecheck	Could not check call to operator |_| - (NN64 & {UnsignedLong})->NN64 is not applicable to an argument of type 	-	component FortressLibrary	typecheck	FortressLibrary.fss:3606	Could not check call to operator |_| - (NN64 & {UnsignedLong})->NN64 is not applicable to an argument of type Generator[\F\]. - (PairGenerator[\E,F\] & {SimplePairGenerator[\E,F\], SimplePairSeqGenerator[\E,F\]})->ZZ32 is not applicable to an argument of type Generator[\F\]. - (QQ & {Ratio})->QQ is not applicable to an argument of type Generator[\F\]. - (RR64 & {Float, FloatLiteral, RR32})->RR64 is not applicable to an argument of type Generator[\F\]. - (ReadableArray1[\T,b0,s0\] & {ImmutableArray1[\T,b0,s0\], Array1[\T,b0,s0\]})->ZZ32 is not applicable to an argument of type Generator[\F\]. - (ZZ & {BigNum})->ZZ is not applicable to an argument of type Generator[\F\]. - (ZZ32 & {Int, IntLiteral})->ZZ32 is not applicable to an argument of type Generator[\F\]. - (ZZ64 & {Long})->ZZ64 is not applicable to an argument of type Generator[\F\]. - Array2[\T,b0,s0,b1,s1\]->ZZ32 is not applicable to an argument of type Generator[\F\]. - Array3[\T,b0,s0,b1,s1,b2,s2\]->ZZ32 is not applicable to an argument of type Generator[\F\]. - Char->ZZ32 is not applicable to an argument of type Generator[\F\]. - CompactFullRange[\I\]->ZZ32 is not applicable to an argument of type Generator[\F\]. - Condition[\E\]->ZZ32 is not applicable to an argument of type Generator[\F\]. - DefaultZip[\E,F\]->ZZ32 is not applicable to an argument of type Generator[\F\]. - DelegatedIndexed[\E,I\]->ZZ32 is not applicable to an argument of type Generator[\F\]. - Indexed[\E,I\]->ZZ32 is not applicable to an argument of type Generator[\F\]. - Just[\T\]->ZZ32 is not applicable to an argument of type Generator[\F\]. - NN32->NN32 is not applicable to an argument of type Generator[\F\]. - NaiveSeqGenerator[\E\]->ZZ32 is not applicable to an argument of type Generator[\F\]. - NotUnique[\T\]->ZZ32 is not applicable to an argument of type Generator[\F\]. - Nothing[\T\]->ZZ32 is not applicable to an argument of type Generator[\F\]. - RangeInternals.FullRange2D->ZZ32 is not applicable to an argument of type Generator[\F\]. - RangeInternals.FullRange3D->ZZ32 is not applicable to an argument of type Generator[\F\]. - ReversedIndexed[\E,I\]->ZZ32 is not applicable to an argument of type Generator[\F\]. - SimpleMappedIndexed[\E,F,I\]->ZZ32 is not applicable to an argument of type Generator[\F\]. - String->ZZ32 is not applicable to an argument of type Generator[\F\].
typecheck	Could not check call to operator |_| - (NN64 & {UnsignedLong})->NN64 is not applicable to an argument of type 	-	component FortressLibrary	typecheck	FortressLibrary.fss:3684	Could not check call to operator |_| - (NN64 & {UnsignedLong})->NN64 is not applicable to an argument of type Generator[\E\]. - (PairGenerator[\E,F\] & {SimplePairGenerator[\E,F\], SimplePairSeqGenerator[\E,F\]})->ZZ32 is not applicable to an argument of type Generator[\E\]. - (QQ & {Ratio})->QQ is not applicable to an argument of type Generator[\E\]. - (RR64 & {Float, FloatLiteral, RR32})->RR64 is not applicable to an argument of type Generator[\E\]. - (ReadableArray1[\T,b0,s0\] & {ImmutableArray1[\T,b0,s0\], Array1[\T,b0,s0\]})->ZZ32 is not applicable to an argument of type Generator[\E\]. - (ZZ & {BigNum})->ZZ is not applicable to an argument of type Generator[\E\]. - (ZZ32 & {Int, IntLiteral})->ZZ32 is not applicable to an argument of type Generator[\E\]. - (ZZ64 & {Long})->ZZ64 is not applicable to an argument of type Generator[\E\]. - Array2[\T,b0,s0,b1,s1\]->ZZ32 is not applicable to an argument of type Generator[\E\]. - Array3[\T,b0,s0,b1,s1,b2,s2\]->ZZ32 is not applicable to an argument of type Generator[\E\]. - Char->ZZ32 is not applicable to an argument of type Generator[\E\]. - CompactFullRange[\I\]->ZZ32 is not applicable to an argument of type Generator[\E\]. - Condition[\E\]->ZZ32 is not applicable to an argument of type Generator[\E\]. - DefaultZip[\E,F\]->ZZ32 is not applicable to an argument of type Generator[\E\]. - DelegatedIndexed[\E,I\]->ZZ32 is not applicable to an argument of type Generator[\E\]. - Indexed[\E,I\]->ZZ32 is not applicable to an argument of type Generator[\E\]. - Just[\T\]->ZZ32 is not applicable to an argument of type Generator[\E\]. - NN32->NN32 is not applicable to an argument of type Generator[\E\]. - NaiveSeqGenerator[\E\]->ZZ32 is not applicable to an argument of type Generator[\E\]. - NotUnique[\T\]->ZZ32 is not applicable to an argument of type Generator[\E\]. - Nothing[\T\]->ZZ32 is not applicable to an argument of type Generator[\E\]. - RangeInternals.FullRange2D->ZZ32 is not applicable to an argument of type Generator[\E\]. - RangeInternals.FullRange3D->ZZ32 is not applicable to an argument of type Generator[\E\]. - ReversedIndexed[\E,I\]->ZZ32 is not applicable to an argument of type Generator[\E\]. - SimpleMappedIndexed[\E,F,I\]->ZZ32 is not applicable to an argument of type Generator[\E\]. - String->ZZ32 is not applicable to an argument of type Generator[\E\].
typecheck	Could not check call to operator |_| - (NN64 & {UnsignedLong})->NN64 is not applicable to an argument of type 	-	component FortressLibrary	typecheck	FortressLibrary.fss:3686	Could not check call to operator |_| - (NN64 & {UnsignedLong})->NN64 is not applicable to an argument of type Generator[\E\]. - (PairGenerator[\E,F\] & {SimplePairGenerator[\E,F\], SimplePairSeqGenerator[\E,F\]})->ZZ32 is not applicable to an argument of type Generator[\E\]. - (QQ & {Ratio})->QQ is not applicable to an argument of type Generator[\E\]. - (RR64 & {Float, FloatLiteral, RR32})->RR64 is not applicable to an argument of type Generator[\E\]. - (ReadableArray1[\T,b0,s0\] & {ImmutableArray1[\T,b0,s0\], Array1[\T,b0,s0\]})->ZZ32 is not applicable to an argument of type Generator[\E\]. - (ZZ & {BigNum})->ZZ is not applicable to an argument of type Generator[\E\]. - (ZZ32 & {Int, IntLiteral})->ZZ32 is not applicable to an argument of type Generator[\E\]. - (ZZ64 & {Long})->ZZ64 is not applicable to an argument of type Generator[\E\]. - Array2[\T,b0,s0,b1,s1\]->ZZ32 is not applicable to an argument of type Generator[\E\]. - Array3[\T,b0,s0,b1,s1,b2,s2\]->ZZ32 is not applicable to an argument of type Generator[\E\]. - Char->ZZ32 is not applicable to an argument of type Generator[\E\]. - CompactFullRange[\I\]->ZZ32 is not applicable to an argument of type Generator[\E\]. - Condition[\E\]->ZZ32 is not applicable to an argument of type Generator[\E\]. - DefaultZip[\E,F\]->ZZ32 is not applicable to an argument of type Generator[\E\]. - DelegatedIndexed[\E,I\]->ZZ32 is not applicable to an argument of type Generator[\E\]. - Indexed[\E,I\]->ZZ32 is not applicable to an argument of type Generator[\E\]. - Just[\T\]->ZZ32 is not applicable to an argument of type Generator[\E\]. - NN32->NN32 is not applicable to an argument of type Generator[\E\]. - NaiveSeqGenerator[\E\]->ZZ32 is not applicable to an argument of type Generator[\E\]. - NotUnique[\T\]->ZZ32 is not applicable to an argument of type Generator[\E\]. - Nothing[\T\]->ZZ32 is not applicable to an argument of type Generator[\E\]. - RangeInternals.FullRange2D->ZZ32 is not applicable to an argument of type Generator[\E\]. - RangeInternals.FullRange3D->ZZ32 is not applicable to an argument of type Generator[\E\]. - ReversedIndexed[\E,I\]->ZZ32 is not applicable to an argument of type Generator[\E\]. - SimpleMappedIndexed[\E,F,I\]->ZZ32 is not applicable to an argument of type Generator[\E\]. - String->ZZ32 is not applicable to an argument of type Generator[\E\].
typecheck	Could not check call to operator |_| - (NN64 & {UnsignedLong})->NN64 is not applicable to an argument of type 	-	component FortressLibrary	typecheck	FortressLibrary.fss:4465	Could not check call to operator |_| - (NN64 & {UnsignedLong})->NN64 is not applicable to an argument of type Generator[\((ActualReduction[\R,L1\], ActualReduction[\R,L2\], E->R)->Boolean, (ActualReduction[\R,L1\], ActualReduction[\R,L1\], E->R)->R)\]. - (PairGenerator[\E,F\] & {SimplePairGenerator[\E,F\], SimplePairSeqGenerator[\E,F\]})->ZZ32 is not applicable to an argument of type Generator[\((ActualReduction[\R,L1\], ActualReduction[\R,L2\], E->R)->Boolean, (ActualReduction[\R,L1\], ActualReduction[\R,L1\], E->R)->R)\]. - (QQ & {Ratio})->QQ is not applicable to an argument of type Generator[\((ActualReduction[\R,L1\], ActualReduction[\R,L2\], E->R)->Boolean, (ActualReduction[\R,L1\], ActualReduction[\R,L1\], E->R)->R)\]. - (RR64 & {Float, FloatLiteral, RR32})->RR64 is not applicable to an argument of type Generator[\((ActualReduction[\R,L1\], ActualReduction[\R,L2\], E->R)->Boolean, (ActualReduction[\R,L1\], ActualReduction[\R,L1\], E->R)->R)\]. - (ReadableArray1[\T,b0,s0\] & {ImmutableArray1[\T,b0,s0\], Array1[\T,b0,s0\]})->ZZ32 is not applicable to an argument of type Generator[\((ActualReduction[\R,L1\], ActualReduction[\R,L2\], E->R)->Boolean, (ActualReduction[\R,L1\], ActualReduction[\R,L1\], E->R)->R)\]. - (ZZ & {BigNum})->ZZ is not applicable to an argument of type Generator[\((ActualReduction[\R,L1\], ActualReduction[\R,L2\], E->R)->Boolean, (ActualReduction[\R,L1\], ActualReduction[\R,L1\], E->R)->R)\]. - (ZZ32 & {Int, IntLiteral})->ZZ32 is not applicable to an argument of type Generator[\((ActualReduction[\R,L1\], ActualReduction[\R,L2\], E->R)->Boolean, (ActualReduction[\R,L1\], ActualReduction[\R,L1\], E->R)->R)\]. - (ZZ64 & {Long})->ZZ64 is not applicable to an argument of type Generator[\((ActualReduction[\R,L1\], ActualReduction[\R,L2\], E->R)->Boolean, (ActualReduction[\R,L1\], ActualReduction[\R,L1\], E->R)->R)\]. - Array2[\T,b0,s0,b1,s1\]->ZZ32 is not applicable to an argument of type Generator[\((ActualReduction[\R,L1\], ActualReduction[\R,L2\], E->R)->Boolean, (ActualReduction[\R,L1\], ActualReduction[\R,L1\], E->R)->R)\]. - Array3[\T,b0,s0,b1,s1,b2,s2\]->ZZ32 is not applicable to an argument of type Generator[\((ActualReduction[\R,L1\], ActualReduction[\R,L2\], E->R)->Boolean, (ActualReduction[\R,L1\], ActualReduction[\R,L1\], E->R)->R)\]. - Char->ZZ32 is not applicable to an argument of type Generator[\((ActualReduction[\R,L1\], ActualReduction[\R,L2\], E->R)->Boolean, (ActualReduction[\R,L1\], ActualReduction[\R,L1\], E->R)->R)\]. - CompactFullRange[\I\]->ZZ32 is not applicable to an argument of type Generator[\((ActualReduction[\R,L1\], ActualReduction[\R,L2\], E->R)->Boolean, (ActualReduction[\R,L1\], ActualReduction[\R,L1\], E->R)->R)\]. - Condition[\E\]->ZZ32 is not applicable to an argument of type Generator[\((ActualReduction[\R,L1\], ActualReduction[\R,L2\], E->R)->Boolean, (ActualReduction[\R,L1\], ActualReduction[\R,L1\], E->R)->R)\]. - DefaultZip[\E,F\]->ZZ32 is not applicable to an argument of type Generator[\((ActualReduction[\R,L1\], ActualReduction[\R,L2\], E->R)->Boolean, (ActualReduction[\R,L1\], ActualReduction[\R,L1\], E->R)->R)\]. - DelegatedIndexed[\E,I\]->ZZ32 is not applicable to an argument of type Generator[\((ActualReduction[\R,L1\], ActualReduction[\R,L2\], E->R)->Boolean, (ActualReduction[\R,L1\], ActualReduction[\R,L1\], E->R)->R)\]. - Indexed[\E,I\]->ZZ32 is not applicable to an argument of type Generator[\((ActualReduction[\R,L1\], ActualReduction[\R,L2\], E->R)->Boolean, (ActualReduction[\R,L1\], ActualReduction[\R,L1\], E->R)->R)\]. - Just[\T\]->ZZ32 is not applicable to an argument of type Generator[\((ActualReduction[\R,L1\], ActualReduction[\R,L2\], E->R)->Boolean, (ActualReduction[\R,L1\], ActualReduction[\R,L1\], E->R)->R)\]. - NN32->NN32 is not applicable to an argument of type Generator[\((ActualReduction[\R,L1\], ActualReduction[\R,L2\], E->R)->Boolean, (ActualReduction[\R,L1\], ActualReduction[\R,L1\], E->R)->R)\]. - NaiveSeqGenerator[\E\]->ZZ32 is not applicable to an argument of type Generator[\((ActualReduction[\R,L1\], ActualReduction[\R,L2\], E->R)->Boolean, (ActualReduction[\R,L1\], ActualReduction[\R,L1\], E->R)->R)\]. - NotUnique[\T\]->ZZ32 is not applicable to an argument of type Generator[\((ActualReduction[\R,L1\], ActualReduction[\R,L2\], E->R)->Boolean, (ActualReduction[\R,L1\], ActualReduction[\R,L1\], E->R)->R)\]. - Nothing[\T\]->ZZ32 is not applicable to an argument of type Generator[\((ActualReduction[\R,L1\], ActualReduction[\R,L2\], E->R)->Boolean, (ActualReduction[\R,L1\], ActualReduction[\R,L1\], E->R)->R)\]. - RangeInternals.FullRange2D->ZZ32 is not applicable to an argument of type Generator[\((ActualReduction[\R,L1\], ActualReduction[\R,L2\], E->R)->Boolean, (ActualReduction[\R,L1\], ActualReduction[\R,L1\], E->R)->R)\]. - RangeInternals.FullRange3D->ZZ32 is not applicable to an argument of type Generator[\((ActualReduction[\R,L1\], ActualReduction[\R,L2\], E->R)->Boolean, (ActualReduction[\R,L1\], ActualReduction[\R,L1\], E->R)->R)\]. - ReversedIndexed[\E,I\]->ZZ32 is not applicable to an argument of type Generator[\((ActualReduction[\R,L1\], ActualReduction[\R,L2\], E->R)->Boolean, (ActualReduction[\R,L1\], ActualReduction[\R,L1\], E->R)->R)\]. - SimpleMappedIndexed[\E,F,I\]->ZZ32 is not applicable to an argument of type Generator[\((ActualReduction[\R,L1\], ActualReduction[\R,L2\], E->R)->Boolean, (ActualReduction[\R,L1\], ActualReduction[\R,L1\], E->R)->R)\]. - String->ZZ32 is not applicable to an argument of type Generator[\((ActualReduction[\R,L1\], ActualReduction[\R,L2\], E->R)->Boolean, (ActualReduction[\R,L1\], ActualReduction[\R,L1\], E->R)->R)\].
typecheck	Could not check call to operator |_| - (NN64 & {UnsignedLong})->NN64 is not applicable to an argument of type 	-	component FortressLibrary	typecheck	FortressLibrary.fss:4490	Could not check call to operator |_| - (NN64 & {UnsignedLong})->NN64 is not applicable to an argument of type Generator[\((ActualReduction[\R,L1\], ActualReduction[\R,L2\], Generator[\E\]->Condition[\()\], E->R)->Boolean, (ActualReduction[\R,L1\], ActualReduction[\R,L2\], Generator[\E\]->Condition[\()\], E->R)->R)\]. - (PairGenerator[\E,F\] & {SimplePairGenerator[\E,F\], SimplePairSeqGenerator[\E,F\]})->ZZ32 is not applicable to an argument of type Generator[\((ActualReduction[\R,L1\], ActualReduction[\R,L2\], Generator[\E\]->Condition[\()\], E->R)->Boolean, (ActualReduction[\R,L1\], ActualReduction[\R,L2\], Generator[\E\]->Condition[\()\], E->R)->R)\]. - (QQ & {Ratio})->QQ is not applicable to an argument of type Generator[\((ActualReduction[\R,L1\], ActualReduction[\R,L2\], Generator[\E\]->Condition[\()\], E->R)->Boolean, (ActualReduction[\R,L1\], ActualReduction[\R,L2\], Generator[\E\]->Condition[\()\], E->R)->R)\]. - (RR64 & {Float, FloatLiteral, RR32})->RR64 is not applicable to an argument of type Generator[\((ActualReduction[\R,L1\], ActualReduction[\R,L2\], Generator[\E\]->Condition[\()\], E->R)->Boolean, (ActualReduction[\R,L1\], ActualReduction[\R,L2\], Generator[\E\]->Condition[\()\], E->R)->R)\]. - (ReadableArray1[\T,b0,s0\] & {ImmutableArray1[\T,b0,s0\], Array1[\T,b0,s0\]})->ZZ32 is not applicable to an argument of type Generator[\((ActualReduction[\R,L1\], ActualReduction[\R,L2\], Generator[\E\]->Condition[\()\], E->R)->Boolean, (ActualReduction[\R,L1\], ActualReduction[\R,L2\], Generator[\E\]->Condition[\()\], E->R)->R)\]. - (ZZ & {BigNum})->ZZ is not applicable to an argument of type Generator[\((ActualReduction[\R,L1\], ActualReduction[\R,L2\], Generator[\E\]->Condition[\()\], E->R)->Boolean, (ActualReduction[\R,L1\], ActualReduction[\R,L2\], Generator[\E\]->Condition[\()\], E->R)->R)\]. - (ZZ32 & {Int, IntLiteral})->ZZ32 is not applicable to an argument of type Generator[\((ActualReduction[\R,L1\], ActualReduction[\R,L2\], Generator[\E\]->Condition[\()\], E->R)->Boolean, (ActualReduction[\R,L1\], ActualReduction[\R,L2\], Generator[\E\]->Condition[\()\], E->R)->R)\]. - (ZZ64 & {Long})->ZZ64 is not applicable to an argument of type Generator[\((ActualReduction[\R,L1\], ActualReduction[\R,L2\], Generator[\E\]->Condition[\()\], E->R)->Boolean, (ActualReduction[\R,L1\], ActualReduction[\R,L2\], Generator[\E\]->Condition[\()\], E->R)->R)\]. - Array2[\T,b0,s0,b1,s1\]->ZZ32 is not applicable to an argument of type Generator[\((ActualReduction[\R,L1\], ActualReduction[\R,L2\], Generator[\E\]->Condition[\()\], E->R)->Boolean, (ActualReduction[\R,L1\], ActualReduction[\R,L2\], Generator[\E\]->Condition[\()\], E->R)->R)\]. - Array3[\T,b0,s0,b1,s1,b2,s2\]->ZZ32 is not applicable to an argument of type Generator[\((ActualReduction[\R,L1\], ActualReduction[\R,L2\], Generator[\E\]->Condition[\()\], E->R)->Boolean, (ActualReduction[\R,L1\], ActualReduction[\R,L2\], Generator[\E\]->Condition[\()\], E->R)->R)\]. - Char->ZZ32 is not applicable to an argument of type Generator[\((ActualReduction[\R,L1\], ActualReduction[\R,L2\], Generator[\E\]->Condition[\()\], E->R)->Boolean, (ActualReduction[\R,L1\], ActualReduction[\R,L2\], Generator[\E\]->Condition[\()\], E->R)->R)\]. - CompactFullRange[\I\]->ZZ32 is not applicable to an argument of type Generator[\((ActualReduction[\R,L1\], ActualReduction[\R,L2\], Generator[\E\]->Condition[\()\], E->R)->Boolean, (ActualReduction[\R,L1\], ActualReduction[\R,L2\], Generator[\E\]->Condition[\()\], E->R)->R)\]. - Condition[\E\]->ZZ32 is not applicable to an argument of type Generator[\((ActualReduction[\R,L1\], ActualReduction[\R,L2\], Generator[\E\]->Condition[\()\], E->R)->Boolean, (ActualReduction[\R,L1\], ActualReduction[\R,L2\], Generator[\E\]->Condition[\()\], E->R)->R)\]. - DefaultZip[\E,F\]->ZZ32 is not applicable to an argument of type Generator[\((ActualReduction[\R,L1\], ActualReduction[\R,L2\], Generator[\E\]->Condition[\()\], E->R)->Boolean, (ActualReduction[\R,L1\], ActualReduction[\R,L2\], Generator[\E\]->Condition[\()\], E->R)->R)\]. - DelegatedIndexed[\E,I\]->ZZ32 is not applicable to an argument of type Generator[\((ActualReduction[\R,L1\], ActualReduction[\R,L2\], Generator[\E\]->Condition[\()\], E->R)->Boolean, (ActualReduction[\R,L1\], ActualReduction[\R,L2\], Generator[\E\]->Condition[\()\], E->R)->R)\]. - Indexed[\E,I\]->ZZ32 is not applicable to an argument of type Generator[\((ActualReduction[\R,L1\], ActualReduction[\R,L2\], Generator[\E\]->Condition[\()\], E->R)->Boolean, (ActualReduction[\R,L1\], ActualReduction[\R,L2\], Generator[\E\]->Condition[\()\], E->R)->R)\]. - Just[\T\]->ZZ32 is not applicable to an argument of type Generator[\((ActualReduction[\R,L1\], ActualReduction[\R,L2\], Generator[\E\]->Condition[\()\], E->R)->Boolean, (ActualReduction[\R,L1\], ActualReduction[\R,L2\], Generator[\E\]->Condition[\()\], E->R)->R)\]. - NN32->NN32 is not applicable to an argument of type Generator[\((ActualReduction[\R,L1\], ActualReduction[\R,L2\], Generator[\E\]->Condition[\()\], E->R)->Boolean, (ActualReduction[\R,L1\], ActualReduction[\R,L2\], Generator[\E\]->Condition[\()\], E->R)->R)\]. - NaiveSeqGenerator[\E\]->ZZ32 is not applicable to an argument of type Generator[\((ActualReduction[\R,L1\], ActualReduction[\R,L2\], Generator[\E\]->Condition[\()\], E->R)->Boolean, (ActualReduction[\R,L1\], ActualReduction[\R,L2\], Generator[\E\]->Condition[\()\], E->R)->R)\]. - NotUnique[\T\]->ZZ32 is not applicable to an argument of type Generator[\((ActualReduction[\R,L1\], ActualReduction[\R,L2\], Generator[\E\]->Condition[\()\], E->R)->Boolean, (ActualReduction[\R,L1\], ActualReduction[\R,L2\], Generator[\E\]->Condition[\()\], E->R)->R)\]. - Nothing[\T\]->ZZ32 is not applicable to an argument of type Generator[\((ActualReduction[\R,L1\], ActualReduction[\R,L2\], Generator[\E\]->Condition[\()\], E->R)->Boolean, (ActualReduction[\R,L1\], ActualReduction[\R,L2\], Generator[\E\]->Condition[\()\], E->R)->R)\]. - RangeInternals.FullRange2D->ZZ32 is not applicable to an argument of type Generator[\((ActualReduction[\R,L1\], ActualReduction[\R,L2\], Generator[\E\]->Condition[\()\], E->R)->Boolean, (ActualReduction[\R,L1\], ActualReduction[\R,L2\], Generator[\E\]->Condition[\()\], E->R)->R)\]. - RangeInternals.FullRange3D->ZZ32 is not applicable to an argument of type Generator[\((ActualReduction[\R,L1\], ActualReduction[\R,L2\], Generator[\E\]->Condition[\()\], E->R)->Boolean, (ActualReduction[\R,L1\], ActualReduction[\R,L2\], Generator[\E\]->Condition[\()\], E->R)->R)\]. - ReversedIndexed[\E,I\]->ZZ32 is not applicable to an argument of type Generator[\((ActualReduction[\R,L1\], ActualReduction[\R,L2\], Generator[\E\]->Condition[\()\], E->R)->Boolean, (ActualReduction[\R,L1\], ActualReduction[\R,L2\], Generator[\E\]->Condition[\()\], E->R)->R)\]. - SimpleMappedIndexed[\E,F,I\]->ZZ32 is not applicable to an argument of type Generator[\((ActualReduction[\R,L1\], ActualReduction[\R,L2\], Generator[\E\]->Condition[\()\], E->R)->Boolean, (ActualReduction[\R,L1\], ActualReduction[\R,L2\], Generator[\E\]->Condition[\()\], E->R)->R)\]. - String->ZZ32 is not applicable to an argument of type Generator[\((ActualReduction[\R,L1\], ActualReduction[\R,L2\], Generator[\E\]->Condition[\()\], E->R)->Boolean, (ActualReduction[\R,L1\], ActualReduction[\R,L2\], Generator[\E\]->Condition[\()\], E->R)->R)\].
typecheck	Could not check call to operator |_| - (NN64 & {UnsignedLong})->NN64 is not applicable to an argument of type 	-	component String	typecheck	String.fss:111	Could not check call to operator |_| - (NN64 & {UnsignedLong})->NN64 is not applicable to an argument of type ()->Maybe[\Char\]. - (RR64 & {Float, FloatLiteral, RR32})->RR64 is not applicable to an argument of type ()->Maybe[\Char\]. - (ReadableArray1[\T,b0,s0\] & {ImmutableArray1[\T,b0,s0\], Array1[\T,b0,s0\]})->ZZ32 is not applicable to an argument of type ()->Maybe[\Char\]. - (ZZ32 & {Int, IntLiteral})->ZZ32 is not applicable to an argument of type ()->Maybe[\Char\]. - (ZZ64 & {Long})->ZZ64 is not applicable to an argument of type ()->Maybe[\Char\]. - Array2[\T,b0,s0,b1,s1\]->ZZ32 is not applicable to an argument of type ()->Maybe[\Char\]. - Array3[\T,b0,s0,b1,s1,b2,s2\]->ZZ32 is not applicable to an argument of type ()->Maybe[\Char\]. - Char->ZZ32 is not applicable to an argument of type ()->Maybe[\Char\]. - CompactFullRange[\I\]->I is not applicable to an argument of type ()->Maybe[\Char\]. - Condition[\E\]->ZZ32 is not applicable to an argument of type ()->Maybe[\Char\]. - DefaultZip[\E,F\]->ZZ32 is not applicable to an argument of type ()->Maybe[\Char\]. - DelegatedIndexed[\E,I\]->ZZ32 is not applicable to an argument of type ()->Maybe[\Char\]. - Indexed[\E,I\]->ZZ32 is not applicable to an argument of type ()->Maybe[\Char\]. - Just[\T\]->ZZ32 is not applicable to an argument of type ()->Maybe[\Char\]. - NN32->NN32 is not applicable to an argument of type ()->Maybe[\Char\]. - NotUnique[\T\]->ZZ32 is not applicable to an argument of type ()->Maybe[\Char\]. - Nothing[\T\]->ZZ32 is not applicable to an argument of type ()->Maybe[\Char\]. - QQ->QQ is not applicable to an argument of type ()->Maybe[\Char\]. - String->ZZ32 is not applicable to an argument of type ()->Maybe[\Char\]. - String.SubString->ZZ32 is not applicable to an argument of type ()->Maybe[\Char\].
typecheck	Could not check call to operator |_| - (NN64 & {UnsignedLong})->NN64 is not applicable to an argument of type 	-	component String	typecheck	String.fss:115	Could not check call to operator |_| - (NN64 & {UnsignedLong})->NN64 is not applicable to an argument of type ()->Maybe[\Char\]. - (RR64 & {Float, FloatLiteral, RR32})->RR64 is not applicable to an argument of type ()->Maybe[\Char\]. - (ReadableArray1[\T,b0,s0\] & {ImmutableArray1[\T,b0,s0\], Array1[\T,b0,s0\]})->ZZ32 is not applicable to an argument of type ()->Maybe[\Char\]. - (ZZ32 & {Int, IntLiteral})->ZZ32 is not applicable to an argument of type ()->Maybe[\Char\]. - (ZZ64 & {Long})->ZZ64 is not applicable to an argument of type ()->Maybe[\Char\]. - Array2[\T,b0,s0,b1,s1\]->ZZ32 is not applicable to an argument of type ()->Maybe[\Char\]. - Array3[\T,b0,s0,b1,s1,b2,s2\]->ZZ32 is not applicable to an argument of type ()->Maybe[\Char\]. - Char->ZZ32 is not applicable to an argument of type ()->Maybe[\Char\]. - CompactFullRange[\I\]->I is not applicable to an argument of type ()->Maybe[\Char\]. - Condition[\E\]->ZZ32 is not applicable to an argument of type ()->Maybe[\Char\]. - DefaultZip[\E,F\]->ZZ32 is not applicable to an argument of type ()->Maybe[\Char\]. - DelegatedIndexed[\E,I\]->ZZ32 is not applicable to an argument of type ()->Maybe[\Char\]. - Indexed[\E,I\]->ZZ32 is not applicable to an argument of type ()->Maybe[\Char\]. - Just[\T\]->ZZ32 is not applicable to an argument of type ()->Maybe[\Char\]. - NN32->NN32 is not applicable to an argument of type ()->Maybe[\Char\]. - NotUnique[\T\]->ZZ32 is not applicable to an argument of type ()->Maybe[\Char\]. - Nothing[\T\]->ZZ32 is not applicable to an argument of type ()->Maybe[\Char\]. - QQ->QQ is not applicable to an argument of type ()->Maybe[\Char\]. - String->ZZ32 is not applicable to an argument of type ()->Maybe[\Char\]. - String.SubString->ZZ32 is not applicable to an argument of type ()->Maybe[\Char\].
typecheck	Could not check call to operator |_| - (NN64 & {UnsignedLong})->NN64 is not applicable to an argument of type 	-	component String	typecheck	String.fss:125	Could not check call to operator |_| - (NN64 & {UnsignedLong})->NN64 is not applicable to an argument of type ()->Maybe[\Char\]. - (RR64 & {Float, FloatLiteral, RR32})->RR64 is not applicable to an argument of type ()->Maybe[\Char\]. - (ReadableArray1[\T,b0,s0\] & {ImmutableArray1[\T,b0,s0\], Array1[\T,b0,s0\]})->ZZ32 is not applicable to an argument of type ()->Maybe[\Char\]. - (ZZ32 & {Int, IntLiteral})->ZZ32 is not applicable to an argument of type ()->Maybe[\Char\]. - (ZZ64 & {Long})->ZZ64 is not applicable to an argument of type ()->Maybe[\Char\]. - Array2[\T,b0,s0,b1,s1\]->ZZ32 is not applicable to an argument of type ()->Maybe[\Char\]. - Array3[\T,b0,s0,b1,s1,b2,s2\]->ZZ32 is not applicable to an argument of type ()->Maybe[\Char\]. - Char->ZZ32 is not applicable to an argument of type ()->Maybe[\Char\]. - CompactFullRange[\I\]->I is not applicable to an argument of type ()->Maybe[\Char\]. - Condition[\E\]->ZZ32 is not applicable to an argument of type ()->Maybe[\Char\]. - DefaultZip[\E,F\]->ZZ32 is not applicable to an argument of type ()->Maybe[\Char\]. - DelegatedIndexed[\E,I\]->ZZ32 is not applicable to an argument of type ()->Maybe[\Char\]. - Indexed[\E,I\]->ZZ32 is not applicable to an argument of type ()->Maybe[\Char\]. - Just[\T\]->ZZ32 is not applicable to an argument of type ()->Maybe[\Char\]. - NN32->NN32 is not applicable to an argument of type ()->Maybe[\Char\]. - NotUnique[\T\]->ZZ32 is not applicable to an argument of type ()->Maybe[\Char\]. - Nothing[\T\]->ZZ32 is not applicable to an argument of type ()->Maybe[\Char\]. - QQ->QQ is not applicable to an argument of type ()->Maybe[\Char\]. - String->ZZ32 is not applicable to an argument of type ()->Maybe[\Char\]. - String.SubString->ZZ32 is not applicable to an argument of type ()->Maybe[\Char\].
typecheck	Could not check call to operator |_| - (NN64 & {UnsignedLong})->NN64 is not applicable to an argument of type 	-	component String	typecheck	String.fss:156	Could not check call to operator |_| - (NN64 & {UnsignedLong})->NN64 is not applicable to an argument of type ()->Maybe[\Char\]. - (RR64 & {Float, FloatLiteral, RR32})->RR64 is not applicable to an argument of type ()->Maybe[\Char\]. - (ReadableArray1[\T,b0,s0\] & {ImmutableArray1[\T,b0,s0\], Array1[\T,b0,s0\]})->ZZ32 is not applicable to an argument of type ()->Maybe[\Char\]. - (ZZ32 & {Int, IntLiteral})->ZZ32 is not applicable to an argument of type ()->Maybe[\Char\]. - (ZZ64 & {Long})->ZZ64 is not applicable to an argument of type ()->Maybe[\Char\]. - Array2[\T,b0,s0,b1,s1\]->ZZ32 is not applicable to an argument of type ()->Maybe[\Char\]. - Array3[\T,b0,s0,b1,s1,b2,s2\]->ZZ32 is not applicable to an argument of type ()->Maybe[\Char\]. - Char->ZZ32 is not applicable to an argument of type ()->Maybe[\Char\]. - CompactFullRange[\I\]->I is not applicable to an argument of type ()->Maybe[\Char\]. - Condition[\E\]->ZZ32 is not applicable to an argument of type ()->Maybe[\Char\]. - DefaultZip[\E,F\]->ZZ32 is not applicable to an argument of type ()->Maybe[\Char\]. - DelegatedIndexed[\E,I\]->ZZ32 is not applicable to an argument of type ()->Maybe[\Char\]. - Indexed[\E,I\]->ZZ32 is not applicable to an argument of type ()->Maybe[\Char\]. - Just[\T\]->ZZ32 is not applicable to an argument of type ()->Maybe[\Char\]. - NN32->NN32 is not applicable to an argument of type ()->Maybe[\Char\]. - NotUnique[\T\]->ZZ32 is not applicable to an argument of type ()->Maybe[\Char\]. - Nothing[\T\]->ZZ32 is not applicable to an argument of type ()->Maybe[\Char\]. - QQ->QQ is not applicable to an argument of type ()->Maybe[\Char\]. - String->ZZ32 is not applicable to an argument of type ()->Maybe[\Char\]. - String.SubString->ZZ32 is not applicable to an argument of type ()->Maybe[\Char\].
typecheck	Could not check call to operator |_| - (NN64 & {UnsignedLong})->NN64 is not applicable to an argument of type 	-	component String	typecheck	String.fss:95	Could not check call to operator |_| - (NN64 & {UnsignedLong})->NN64 is not applicable to an argument of type ()->Maybe[\Char\]. - (RR64 & {Float, FloatLiteral, RR32})->RR64 is not applicable to an argument of type ()->Maybe[\Char\]. - (ReadableArray1[\T,b0,s0\] & {ImmutableArray1[\T,b0,s0\], Array1[\T,b0,s0\]})->ZZ32 is not applicable to an argument of type ()->Maybe[\Char\]. - (ZZ32 & {Int, IntLiteral})->ZZ32 is not applicable to an argument of type ()->Maybe[\Char\]. - (ZZ64 & {Long})->ZZ64 is not applicable to an argument of type ()->Maybe[\Char\]. - Array2[\T,b0,s0,b1,s1\]->ZZ32 is not applicable to an argument of type ()->Maybe[\Char\]. - Array3[\T,b0,s0,b1,s1,b2,s2\]->ZZ32 is not applicable to an argument of type ()->Maybe[\Char\]. - Char->ZZ32 is not applicable to an argument of type ()->Maybe[\Char\]. - CompactFullRange[\I\]->I is not applicable to an argument of type ()->Maybe[\Char\]. - Condition[\E\]->ZZ32 is not applicable to an argument of type ()->Maybe[\Char\]. - DefaultZip[\E,F\]->ZZ32 is not applicable to an argument of type ()->Maybe[\Char\]. - DelegatedIndexed[\E,I\]->ZZ32 is not applicable to an argument of type ()->Maybe[\Char\]. - Indexed[\E,I\]->ZZ32 is not applicable to an argument of type ()->Maybe[\Char\]. - Just[\T\]->ZZ32 is not applicable to an argument of type ()->Maybe[\Char\]. - NN32->NN32 is not applicable to an argument of type ()->Maybe[\Char\]. - NotUnique[\T\]->ZZ32 is not applicable to an argument of type ()->Maybe[\Char\]. - Nothing[\T\]->ZZ32 is not applicable to an argument of type ()->Maybe[\Char\]. - QQ->QQ is not applicable to an argument of type ()->Maybe[\Char\]. - String->ZZ32 is not applicable to an argument of type ()->Maybe[\Char\]. - String.SubString->ZZ32 is not applicable to an argument of type ()->Maybe[\Char\].
typecheck	Could not check call to operator |_| - (NN64 & {UnsignedLong})->NN64 is not applicable to an argument of type 	-	component String	typecheck	String.fss:99	Could not check call to operator |_| - (NN64 & {UnsignedLong})->NN64 is not applicable to an argument of type ()->Maybe[\Char\]. - (RR64 & {Float, FloatLiteral, RR32})->RR64 is not applicable to an argument of type ()->Maybe[\Char\]. - (ReadableArray1[\T,b0,s0\] & {ImmutableArray1[\T,b0,s0\], Array1[\T,b0,s0\]})->ZZ32 is not applicable to an argument of type ()->Maybe[\Char\]. - (ZZ32 & {Int, IntLiteral})->ZZ32 is not applicable to an argument of type ()->Maybe[\Char\]. - (ZZ64 & {Long})->ZZ64 is not applicable to an argument of type ()->Maybe[\Char\]. - Array2[\T,b0,s0,b1,s1\]->ZZ32 is not applicable to an argument of type ()->Maybe[\Char\]. - Array3[\T,b0,s0,b1,s1,b2,s2\]->ZZ32 is not applicable to an argument of type ()->Maybe[\Char\]. - Char->ZZ32 is not applicable to an argument of type ()->Maybe[\Char\]. - CompactFullRange[\I\]->I is not applicable to an argument of type ()->Maybe[\Char\]. - Condition[\E\]->ZZ32 is not applicable to an argument of type ()->Maybe[\Char\]. - DefaultZip[\E,F\]->ZZ32 is not applicable to an argument of type ()->Maybe[\Char\]. - DelegatedIndexed[\E,I\]->ZZ32 is not applicable to an argument of type ()->Maybe[\Char\]. - Indexed[\E,I\]->ZZ32 is not applicable to an argument of type ()->Maybe[\Char\]. - Just[\T\]->ZZ32 is not applicable to an argument of type ()->Maybe[\Char\]. - NN32->NN32 is not applicable to an argument of type ()->Maybe[\Char\]. - NotUnique[\T\]->ZZ32 is not applicable to an argument of type ()->Maybe[\Char\]. - Nothing[\T\]->ZZ32 is not applicable to an argument of type ()->Maybe[\Char\]. - QQ->QQ is not applicable to an argument of type ()->Maybe[\Char\]. - String->ZZ32 is not applicable to an argument of type ()->Maybe[\Char\]. - String.SubString->ZZ32 is not applicable to an argument of type ()->Maybe[\Char\].
typecheck	Could not check function application - BottomType->AnyMaybe is not applicable to an argument of type ZZ32. L: 	-	component FortressLibrary	typecheck	FortressLibrary.fss:4101	Could not check function application - BottomType->AnyMaybe is not applicable to an argument of type ZZ32. FortressLibrary.fss:4101:21-45: Possibly because i: ZZ32 after argument inference FortressLibrary.fss:4101:13-51: Possibly because (reduction?17, unit?18): (Reduction[\AnyMaybe\], BottomType->AnyMaybe) after argument inference
typecheck	Could not check function application - BottomType->AnyMaybe is not applicable to an argument of type ZZ32. L: 	-	component FortressLibrary	typecheck	FortressLibrary.fss:4107	Could not check function application - BottomType->AnyMaybe is not applicable to an argument of type ZZ32. FortressLibrary.fss:4107:21-45: Possibly because i: ZZ32 after argument inference FortressLibrary.fss:4107:13-51: Possibly because (reduction?19, unit?20): (Reduction[\AnyMaybe\], BottomType->AnyMaybe) after argument inference
typecheck	Could not check function application - BottomType->CovariantCollection.AnyCovColl is not applicable to an argu	-	component List	typecheck	List.fss:150	Could not check function application - BottomType->CovariantCollection.AnyCovColl is not applicable to an argument of type E. List.fss:150:26-33: Possibly because i: ZZ32 after argument inference List.fss:150:13-33: Possibly because (reduction?27, unit?28): (Reduction[\CovariantCollection.AnyCovColl\], BottomType->CovariantCollection.AnyCovColl) after argument inference
typecheck	Could not check method invocation AND(Generator2[\..\], _->_).	-	component FortressLibrary	typecheck	FortressLibrary.fss:1266	Could not check method invocation AND(Generator2[\E\],Generator[\F\]).generate2 - [\I0, L0, L1\](ActualReduction[\I0,L0\], ActualReduction[\I0,L1\], E->I0)->I0 is not applicable to any type of the form (ActualReduction[\R0,L0\], ActualReduction[\R1,L1\], _->_).
typecheck	Could not check method invocation BalancingForest.add - FlatString.FlatString->() is not applicable to an argu	-	component String	typecheck	String.fss:165	Could not check method invocation BalancingForest.add - FlatString.FlatString->() is not applicable to an argument of type String. - String.CatString->() is not applicable to an argument of type String. - String.EmptyString->() is not applicable to an argument of type String. - String.SubString->() is not applicable to an argument of type String.
typecheck	Could not check method invocation BalancingForest.add - FlatString.FlatString->() is not applicable to an argu	-	component String	typecheck	String.fss:166	Could not check method invocation BalancingForest.add - FlatString.FlatString->() is not applicable to an argument of type String. - String.CatString->() is not applicable to an argument of type String. - String.EmptyString->() is not applicable to an argument of type String. - String.SubString->() is not applicable to an argument of type String.
typecheck	Could not check method invocation BalancingForest.add - FlatString.FlatString->() is not applicable to an argu	-	component String	typecheck	String.fss:243	Could not check method invocation BalancingForest.add - FlatString.FlatString->() is not applicable to an argument of type String. - String.CatString->() is not applicable to an argument of type String. - String.EmptyString->() is not applicable to an argument of type String. - String.SubString->() is not applicable to an argument of type String.
typecheck	Could not check method invocation BalancingForest.add - FlatString.FlatString->() is not applicable to an argu	-	component String	typecheck	String.fss:244	Could not check method invocation BalancingForest.add - FlatString.FlatString->() is not applicable to an argument of type String. - String.CatString->() is not applicable to an argument of type String. - String.EmptyString->() is not applicable to an argument of type String. - String.SubString->() is not applicable to an argument of type String.
typecheck	Could not check method invocation Generator[\..\] is not applicable to an argument of type G->((), G).	-	component FortressBuiltin	typecheck	FortressBuiltin.fss:562	Could not check method invocation Generator[\G\].map - [\((), G)\]((), G)->((), G)->Generator[\((), G)\] is not applicable to an argument of type G->((), G).
typecheck	Could not check method invocation Generator[\..\] is not applicable to an argument of type G->(E, G).	-	component FortressLibrary	typecheck	FortressLibrary.fss:1339	Could not check method invocation Generator[\G\].map - [\(E, G)\](E, G)->(E, G)->Generator[\(E, G)\] is not applicable to an argument of type G->(E, G).
typecheck	Could not check method invocation Generator[\..\] is not applicable to an argument of type G->(T, G).	-	component FortressLibrary	typecheck	FortressLibrary.fss:1434	Could not check method invocation Generator[\G\].map - [\(T, G)\](T, G)->(T, G)->Generator[\(T, G)\] is not applicable to an argument of type G->(T, G).
typecheck	Could not check method invocation Generator[\..\] is not applicable to any type of the form _->_.	-	component RangeInternals	typecheck	RangeInternals.fss:1065	Could not check method invocation Generator[\(ZZ32, ZZ32)\].map - [\(ZZ32, ZZ32)\](ZZ32, ZZ32)->(ZZ32, ZZ32)->Generator[\(ZZ32, ZZ32)\] is not applicable to any type of the form _->_.
typecheck	Could not check method invocation Generator[\..\] is not applicable to any type of the form _->_.	-	component RangeInternals	typecheck	RangeInternals.fss:1096	Could not check method invocation Generator[\(ZZ32, ZZ32, ZZ32)\].map - [\(ZZ32, ZZ32, ZZ32)\](ZZ32, ZZ32, ZZ32)->(ZZ32, ZZ32, ZZ32)->Generator[\(ZZ32, ZZ32, ZZ32)\] is not applicable to any type of the form _->_.
typecheck	Could not check method invocation Generator[\..\] is not applicable to any type of the form _->_.	-	component RangeInternals	typecheck	RangeInternals.fss:1302	Could not check method invocation Generator[\(ZZ32, ZZ32)\].map - [\(ZZ32, ZZ32)\](ZZ32, ZZ32)->(ZZ32, ZZ32)->Generator[\(ZZ32, ZZ32)\] is not applicable to any type of the form _->_.
typecheck	Could not check method invocation Generator[\..\] is not applicable to any type of the form _->_.	-	component RangeInternals	typecheck	RangeInternals.fss:1337	Could not check method invocation Generator[\(ZZ32, ZZ32, ZZ32)\].map - [\(ZZ32, ZZ32, ZZ32)\](ZZ32, ZZ32, ZZ32)->(ZZ32, ZZ32, ZZ32)->Generator[\(ZZ32, ZZ32, ZZ32)\] is not applicable to any type of the form _->_.
typecheck	Could not check method invocation Generator[\..\], BottomType->R).	-	component FortressLibrary	typecheck	FortressLibrary.fss:3479	Could not check method invocation Generator[\E\].generate - [\R\](Reduction[\R\], E->R)->R is not applicable to an argument of type (Reduction[\R\], BottomType->R).
typecheck	Could not check method invocation Generator[\..\].loop - E->()->() is not applicable to an argument of type E-	-	component FortressLibrary	typecheck	FortressLibrary.fss:1179	Could not check method invocation Generator[\E\].loop - E->()->() is not applicable to an argument of type E->R.
typecheck	Could not check method invocation Maybe[\..\]((A, B), (A, B))->Boolean is not applicable to an argument of typ	-	component RangeInternals	typecheck	RangeInternals.fss:129	Could not check method invocation Maybe[\I\].loop - I->()->(): RangeInternals.fss:129:25-43: Could not check method invocation Maybe[\I\].loop - I->()->(): RangeInternals.fss:129:42-49: Could not check call to operator > - ((RR64 & {Float, FloatLiteral, RR32}), RR64)->Boolean is not applicable to an argument of type (I, I). - ((ZZ64 & {Long}), ZZ64)->Boolean is not applicable to an argument of type (I, I). - (IntLiteral, IntLiteral)->Boolean is not applicable to an argument of type (I, I). - (QQ, QQ)->Boolean is not applicable to an argument of type (I, I). - (StandardPartialOrder[\T\], T)->Boolean is not applicable to an argument of type (I, I). - [\A, B, C\]((A, B, C), (A, B, C))->Boolean is not applicable to an argument of type (I, I). - [\A, B\]((A, B), (A, B))->Boolean is not applicable to an argument of type (I, I). RangeInternals.fss:129:25-43: Possibly because ofl: I after argument inference - I->()->(): RangeInternals.fss:129:42-49: Could not check call to operator > - ((RR64 & {Float, FloatLiteral, RR32}), RR64)->Boolean is not applicable to an argument of type (I, I). - ((ZZ64 & {Long}), ZZ64)->Boolean is not applicable to an argument of type (I, I). - (IntLiteral, IntLiteral)->Boolean is not applicable to an argument of type (I, I). - (QQ, QQ)->Boolean is not applicable to an argument of type (I, I). - (StandardPartialOrder[\T\], T)->Boolean is not applicable to an argument of type (I, I). - [\A, B, C\]((A, B, C), (A, B, C))->Boolean is not applicable to an argument of type (I, I). - [\A, B\]((A, B), (A, B))->Boolean is not applicable to an argument of type (I, I). RangeInternals.fss:129:25-43: Possibly because ofl: I after argument inference RangeInternals.fss:129:9-26: Possibly because tfl: I after argument inference - I->()->(): RangeInternals.fss:129:25-43: Could not check method invocation Maybe[\I\].loop - I->()->(): RangeInternals.fss:129:42-49: Could not check call to operator > - ((RR64 & {Float, FloatLiteral, RR32}), RR64)->Boolean is not applicable to an argument of type (I, I). - ((ZZ64 & {Long}), ZZ64)->Boolean is not applicable to an argument of type (I, I). - (IntLiteral, IntLiteral)->Boolean is not applicable to an argument of type (I, I). - (QQ, QQ)->Boolean is not applicable to an argument of type (I, I). - (StandardPartialOrder[\T\], T)->Boolean is not applicable to an argument of type (I, I). - [\A, B, C\]((A, B, C), (A, B, C))->Boolean is not applicable to an argument of type (I, I). - [\A, B\]((A, B), (A, B))->Boolean is not applicable to an argument of type (I, I). RangeInternals.fss:129:25-43: Possibly because ofl: I after argument inference - I->()->(): RangeInternals.fss:129:42-49: Could not check call to operator > - ((RR64 & {Float, FloatLiteral, RR32}), RR64)->Boolean is not applicable to an argument of type (I, I). - ((ZZ64 & {Long}), ZZ64)->Boolean is not applicable to an argument of type (I, I). - (IntLiteral, IntLiteral)->Boolean is not applicable to an argument of type (I, I). - (QQ, QQ)->Boolean is not applicable to an argument of type (I, I). - (StandardPartialOrder[\T\], T)->Boolean is not applicable to an argument of type (I, I). - [\A, B, C\]((A, B, C), (A, B, C))->Boolean is not applicable to an argument of type (I, I). - [\A, B\]((A, B), (A, B))->Boolean is not applicable to an argument of type (I, I). RangeInternals.fss:129:25-43: Possibly because ofl: I after argument inference RangeInternals.fss:129:9-26: Possibly because tfl: I after argument inference
typecheck	Could not check method invocation Maybe[\..\]((A, B), (A, B))->Boolean is not applicable to an argument of typ	-	component RangeInternals	typecheck	RangeInternals.fss:133	Could not check method invocation Maybe[\I\].loop - I->()->(): RangeInternals.fss:133:26-45: Could not check method invocation Maybe[\I\].loop - I->()->(): RangeInternals.fss:133:44-51: Could not check call to operator < - ((NN64 & {UnsignedLong}), NN64)->Boolean is not applicable to an argument of type (I, I). - ((RR64 & {Float, FloatLiteral, RR32}), RR64)->Boolean is not applicable to an argument of type (I, I). - ((ZZ32 & {Int, IntLiteral}), ZZ32)->Boolean is not applicable to an argument of type (I, I). - ((ZZ64 & {Long}), ZZ64)->Boolean is not applicable to an argument of type (I, I). - (Char, Char)->Boolean is not applicable to an argument of type (I, I). - (EqualTo, LessThan)->Boolean is not applicable to an argument of type (I, I). - (EqualTo, TotalComparison)->Boolean is not applicable to an argument of type (I, I). - (GreaterThan, TotalComparison)->Boolean is not applicable to an argument of type (I, I). - (IntLiteral, IntLiteral)->Boolean is not applicable to an argument of type (I, I). - (LessThan, LessThan)->Boolean is not applicable to an argument of type (I, I). - (LessThan, TotalComparison)->Boolean is not applicable to an argument of type (I, I). - (NN32, NN32)->Boolean is not applicable to an argument of type (I, I). - (QQ, QQ)->Boolean is not applicable to an argument of type (I, I). - (StandardPartialOrder[\T\], T)->Boolean is not applicable to an argument of type (I, I). - (Unordered, Comparison)->Boolean is not applicable to an argument of type (I, I). - [\A, B, C\]((A, B, C), (A, B, C))->Boolean is not applicable to an argument of type (I, I). - [\A, B\]((A, B), (A, B))->Boolean is not applicable to an argument of type (I, I). RangeInternals.fss:133:26-45: Possibly because ofr: I after argument inference - I->()->(): RangeInternals.fss:133:44-51: Could not check call to operator < - ((NN64 & {UnsignedLong}), NN64)->Boolean is not applicable to an argument of type (I, I). - ((RR64 & {Float, FloatLiteral, RR32}), RR64)->Boolean is not applicable to an argument of type (I, I). - ((ZZ32 & {Int, IntLiteral}), ZZ32)->Boolean is not applicable to an argument of type (I, I). - ((ZZ64 & {Long}), ZZ64)->Boolean is not applicable to an argument of type (I, I). - (Char, Char)->Boolean is not applicable to an argument of type (I, I). - (EqualTo, LessThan)->Boolean is not applicable to an argument of type (I, I). - (EqualTo, TotalComparison)->Boolean is not applicable to an argument of type (I, I). - (GreaterThan, TotalComparison)->Boolean is not applicable to an argument of type (I, I). - (IntLiteral, IntLiteral)->Boolean is not applicable to an argument of type (I, I). - (LessThan, LessThan)->Boolean is not applicable to an argument of type (I, I). - (LessThan, TotalComparison)->Boolean is not applicable to an argument of type (I, I). - (NN32, NN32)->Boolean is not applicable to an argument of type (I, I). - (QQ, QQ)->Boolean is not applicable to an argument of type (I, I). - (StandardPartialOrder[\T\], T)->Boolean is not applicable to an argument of type (I, I). - (Unordered, Comparison)->Boolean is not applicable to an argument of type (I, I). - [\A, B, C\]((A, B, C), (A, B, C))->Boolean is not applicable to an argument of type (I, I). - [\A, B\]((A, B), (A, B))->Boolean is not applicable to an argument of type (I, I). RangeInternals.fss:133:26-45: Possibly because ofr: I after argument inference RangeInternals.fss:133:9-27: Possibly because tfr: I after argument inference - I->()->(): RangeInternals.fss:133:26-45: Could not check method invocation Maybe[\I\].loop - I->()->(): RangeInternals.fss:133:44-51: Could not check call to operator < - ((NN64 & {UnsignedLong}), NN64)->Boolean is not applicable to an argument of type (I, I). - ((RR64 & {Float, FloatLiteral, RR32}), RR64)->Boolean is not applicable to an argument of type (I, I). - ((ZZ32 & {Int, IntLiteral}), ZZ32)->Boolean is not applicable to an argument of type (I, I). - ((ZZ64 & {Long}), ZZ64)->Boolean is not applicable to an argument of type (I, I). - (Char, Char)->Boolean is not applicable to an argument of type (I, I). - (EqualTo, LessThan)->Boolean is not applicable to an argument of type (I, I). - (EqualTo, TotalComparison)->Boolean is not applicable to an argument of type (I, I). - (GreaterThan, TotalComparison)->Boolean is not applicable to an argument of type (I, I). - (IntLiteral, IntLiteral)->Boolean is not applicable to an argument of type (I, I). - (LessThan, LessThan)->Boolean is not applicable to an argument of type (I, I). - (LessThan, TotalComparison)->Boolean is not applicable to an argument of type (I, I). - (NN32, NN32)->Boolean is not applicable to an argument of type (I, I). - (QQ, QQ)->Boolean is not applicable to an argument of type (I, I). - (StandardPartialOrder[\T\], T)->Boolean is not applicable to an argument of type (I, I). - (Unordered, Comparison)->Boolean is not applicable to an argument of type (I, I). - [\A, B, C\]((A, B, C), (A, B, C))->Boolean is not applicable to an argument of type (I, I). - [\A, B\]((A, B), (A, B))->Boolean is not applicable to an argument of type (I, I). RangeInternals.fss:133:26-45: Possibly because ofr: I after argument inference - I->()->(): RangeInternals.fss:133:44-51: Could not check call to operator < - ((NN64 & {UnsignedLong}), NN64)->Boolean is not applicable to an argument of type (I, I). - ((RR64 & {Float, FloatLiteral, RR32}), RR64)->Boolean is not applicable to an argument of type (I, I). - ((ZZ32 & {Int, IntLiteral}), ZZ32)->Boolean is not applicable to an argument of type (I, I). - ((ZZ64 & {Long}), ZZ64)->Boolean is not applicable to an argument of type (I, I). - (Char, Char)->Boolean is not applicable to an argument of type (I, I). - (EqualTo, LessThan)->Boolean is not applicable to an argument of type (I, I). - (EqualTo, TotalComparison)->Boolean is not applicable to an argument of type (I, I). - (GreaterThan, TotalComparison)->Boolean is not applicable to an argument of type (I, I). - (IntLiteral, IntLiteral)->Boolean is not applicable to an argument of type (I, I). - (LessThan, LessThan)->Boolean is not applicable to an argument of type (I, I). - (LessThan, TotalComparison)->Boolean is not applicable to an argument of type (I, I). - (NN32, NN32)->Boolean is not applicable to an argument of type (I, I). - (QQ, QQ)->Boolean is not applicable to an argument of type (I, I). - (StandardPartialOrder[\T\], T)->Boolean is not applicable to an argument of type (I, I). - (Unordered, Comparison)->Boolean is not applicable to an argument of type (I, I). - [\A, B, C\]((A, B, C), (A, B, C))->Boolean is not applicable to an argument of type (I, I). - [\A, B\]((A, B), (A, B))->Boolean is not applicable to an argument of type (I, I). RangeInternals.fss:133:26-45: Possibly because ofr: I after argument inference RangeInternals.fss:133:9-27: Possibly because tfr: I after argument inference
typecheck	Could not check method invocation RangeInternals.ActualRange2D[\..\]).	-	component RangeInternals	typecheck	RangeInternals.fss:214	Could not check method invocation RangeInternals.ActualRange2D[\T,Scalar1,Scalar2\].recombine - (Scalar1, Scalar2)->T is not applicable to an argument of type (Range[\ZZ32\], Range[\ZZ32\]).
typecheck	Could not check method invocation RangeInternals.ActualRange2D[\..\]).	-	component RangeInternals	typecheck	RangeInternals.fss:216	Could not check method invocation RangeInternals.ActualRange2D[\T,Scalar1,Scalar2\].recombine - (Scalar1, Scalar2)->T is not applicable to an argument of type (Range[\ZZ32\], Range[\ZZ32\]).
typecheck	Could not check method invocation RangeInternals.ActualRange3D[\..\]).	-	component RangeInternals	typecheck	RangeInternals.fss:280	Could not check method invocation RangeInternals.ActualRange3D[\T,Scalar1,Scalar2,Scalar3\].recombine - (Scalar1, Scalar2, Scalar3)->T is not applicable to an argument of type (Range[\ZZ32\], Range[\ZZ32\], Range[\ZZ32\]).
typecheck	Could not check method invocation RangeInternals.ActualRange3D[\..\]).	-	component RangeInternals	typecheck	RangeInternals.fss:284	Could not check method invocation RangeInternals.ActualRange3D[\T,Scalar1,Scalar2,Scalar3\].recombine - (Scalar1, Scalar2, Scalar3)->T is not applicable to an argument of type (Range[\ZZ32\], Range[\ZZ32\], Range[\ZZ32\]).
typecheck	Could not check method invocation RangeInternals.CompactFullScalarRange.map - [\..\] is not applicable to an a	-	component RangeInternals	typecheck	RangeInternals.fss:966	Could not check method invocation RangeInternals.CompactFullScalarRange.map - [\ZZ32\]ZZ32->ZZ32->Generator[\ZZ32\] is not applicable to an argument of type ZZ32->(ZZ32, ZZ32). - [\ZZ32\]ZZ32->ZZ32->Indexed[\ZZ32,ZZ32\] is not applicable to an argument of type ZZ32->(ZZ32, ZZ32).
typecheck	Could not check method invocation RangeInternals.LeftRange2D.recombine - (RangeInternals.LeftScalarRange, Rang	-	component RangeInternals	typecheck	RangeInternals.fss:605	Could not check method invocation RangeInternals.LeftRange2D.recombine - (RangeInternals.LeftScalarRange, RangeInternals.LeftScalarRange)->RangeInternals.LeftRange2D is not applicable to an argument of type (RangeInternals.BoundedScalarRange, RangeInternals.BoundedScalarRange). - (RangeInternals.LeftScalarRange, RangeInternals.LeftScalarRange)->RangeInternals.LeftRange2D is not applicable to an argument of type (RangeInternals.BoundedScalarRange, RangeInternals.BoundedScalarRange).
typecheck	Could not check method invocation RangeInternals.LeftRange3D.recombine - (RangeInternals.LeftScalarRange, Rang	-	component RangeInternals	typecheck	RangeInternals.fss:632	Could not check method invocation RangeInternals.LeftRange3D.recombine - (RangeInternals.LeftScalarRange, RangeInternals.LeftScalarRange, RangeInternals.LeftScalarRange)->RangeInternals.LeftRange3D is not applicable to an argument of type (RangeInternals.BoundedScalarRange, RangeInternals.BoundedScalarRange, RangeInternals.BoundedScalarRange). - (RangeInternals.LeftScalarRange, RangeInternals.LeftScalarRange, RangeInternals.LeftScalarRange)->RangeInternals.LeftRange3D is not applicable to an argument of type (RangeInternals.BoundedScalarRange, RangeInternals.BoundedScalarRange, RangeInternals.BoundedScalarRange).
typecheck	Could not check method invocation RangeInternals.RightRange2D.recombine - (RangeInternals.RightScalarRange, Ra	-	component RangeInternals	typecheck	RangeInternals.fss:719	Could not check method invocation RangeInternals.RightRange2D.recombine - (RangeInternals.RightScalarRange, RangeInternals.RightScalarRange)->RangeInternals.RightRange2D is not applicable to an argument of type (RangeInternals.BoundedScalarRange, RangeInternals.BoundedScalarRange). - (RangeInternals.RightScalarRange, RangeInternals.RightScalarRange)->RangeInternals.RightRange2D is not applicable to an argument of type (RangeInternals.BoundedScalarRange, RangeInternals.BoundedScalarRange).
typecheck	Could not check method invocation RangeInternals.RightRange3D.recombine - (RangeInternals.RightScalarRange, Ra	-	component RangeInternals	typecheck	RangeInternals.fss:746	Could not check method invocation RangeInternals.RightRange3D.recombine - (RangeInternals.RightScalarRange, RangeInternals.RightScalarRange, RangeInternals.RightScalarRange)->RangeInternals.RightRange3D is not applicable to an argument of type (RangeInternals.BoundedScalarRange, RangeInternals.BoundedScalarRange, RangeInternals.BoundedScalarRange). - (RangeInternals.RightScalarRange, RangeInternals.RightScalarRange, RangeInternals.RightScalarRange)->RangeInternals.RightRange3D is not applicable to an argument of type (RangeInternals.BoundedScalarRange, RangeInternals.BoundedScalarRange, RangeInternals.BoundedScalarRange).
typecheck	Could not check method invocation RangeInternals.StridedFullRange2D.recombine - (RangeInternals.FullScalarRang	-	component RangeInternals	typecheck	RangeInternals.fss:1311	Could not check method invocation RangeInternals.StridedFullRange2D.recombine - (RangeInternals.FullScalarRange, RangeInternals.FullScalarRange)->RangeInternals.FullRange2D is not applicable to an argument of type (Range[\ZZ32\], Range[\ZZ32\]). - (RangeInternals.FullScalarRange, RangeInternals.FullScalarRange)->RangeInternals.StridedFullRange2D is not applicable to an argument of type (Range[\ZZ32\], Range[\ZZ32\]).
typecheck	Could not check method invocation RangeInternals.StridedFullRange3D.recombine - (RangeInternals.FullScalarRang	-	component RangeInternals	typecheck	RangeInternals.fss:1348	Could not check method invocation RangeInternals.StridedFullRange3D.recombine - (RangeInternals.FullScalarRange, RangeInternals.FullScalarRange, RangeInternals.FullScalarRange)->RangeInternals.FullRange3D is not applicable to an argument of type (Range[\ZZ32\], Range[\ZZ32\], Range[\ZZ32\]). - (RangeInternals.FullScalarRange, RangeInternals.FullScalarRange, RangeInternals.FullScalarRange)->RangeInternals.StridedFullRange3D is not applicable to an argument of type (Range[\ZZ32\], Range[\ZZ32\], Range[\ZZ32\]).
typecheck	Could not check method invocation RangeInternals.StridedFullScalarRange.map - [\..\] is not applicable to an a	-	component RangeInternals	typecheck	RangeInternals.fss:1131	Could not check method invocation RangeInternals.StridedFullScalarRange.map - [\ZZ32\]ZZ32->ZZ32->Generator[\ZZ32\] is not applicable to an argument of type ZZ32->(ZZ32, ZZ32). - [\ZZ32\]ZZ32->ZZ32->Indexed[\ZZ32,ZZ32\] is not applicable to an argument of type ZZ32->(ZZ32, ZZ32).
typecheck	Could not check method invocation String.StringStats.collectStatsFor - FlatString.FlatString->() is not applic	-	component String	typecheck	String.fss:513	Could not check method invocation String.StringStats.collectStatsFor - FlatString.FlatString->() is not applicable to an argument of type String. - String.CatString->() is not applicable to an argument of type String. - String.EmptyString->() is not applicable to an argument of type String. - String.SubString->() is not applicable to an argument of type String.
typecheck	Could not check method invocation String.StringStats.collectStatsFor - FlatString.FlatString->() is not applic	-	component String	typecheck	String.fss:514	Could not check method invocation String.StringStats.collectStatsFor - FlatString.FlatString->() is not applicable to an argument of type String. - String.CatString->() is not applicable to an argument of type String. - String.EmptyString->() is not applicable to an argument of type String. - String.SubString->() is not applicable to an argument of type String.
typecheck	Could not check method invocation String.StringStats.collectStatsFor - FlatString.FlatString->() is not applic	-	component String	typecheck	String.fss:528	Could not check method invocation String.StringStats.collectStatsFor - FlatString.FlatString->() is not applicable to an argument of type String. - String.CatString->() is not applicable to an argument of type String. - String.EmptyString->() is not applicable to an argument of type String. - String.SubString->() is not applicable to an argument of type String.
typecheck	Could not check method invocation String.uncheckedSubstring - Range[\..\].	-	component FortressLibrary	typecheck	FortressLibrary.fss:4084	Could not check method invocation String.uncheckedSubstring - Range[\ZZ32\]->String is not applicable to an argument of type Indexed[\ZZ32,ZZ32\].
typecheck	Filter expressions in generator clauses must have type Boolean, but OpExpr at L.11 was not well typed.	-	component FortressLibrary	typecheck	FortressLibrary.fss:4465	Filter expressions in generator clauses must have type Boolean, but OpExpr at FortressLibrary.fss:4465.11 was not well typed.
typecheck	Filter expressions in generator clauses must have type Boolean, but OpExpr at L.11 was not well typed.	-	component FortressLibrary	typecheck	FortressLibrary.fss:4490	Filter expressions in generator clauses must have type Boolean, but OpExpr at FortressLibrary.fss:4490.11 was not well typed.
typecheck	Filter expressions in generator clauses must have type Boolean, but OpExpr at L.12 was not well typed.	-	component FortressLibrary	typecheck	FortressLibrary.fss:288	Filter expressions in generator clauses must have type Boolean, but OpExpr at FortressLibrary.fss:288.12 was not well typed.
typecheck	Filter expressions in generator clauses must have type Boolean, but OpExpr at L.12 was not well typed.	-	component String	typecheck	String.fss:111	Filter expressions in generator clauses must have type Boolean, but OpExpr at String.fss:111.12 was not well typed.
typecheck	Filter expressions in generator clauses must have type Boolean, but OpExpr at L.12 was not well typed.	-	component String	typecheck	String.fss:121	Filter expressions in generator clauses must have type Boolean, but OpExpr at String.fss:121.12 was not well typed.
typecheck	Filter expressions in generator clauses must have type Boolean, but OpExpr at L.12 was not well typed.	-	component String	typecheck	String.fss:95	Filter expressions in generator clauses must have type Boolean, but OpExpr at String.fss:95.12 was not well typed.
typecheck	Filter expressions in generator clauses must have type Boolean, but OpExpr at L.13 was not well typed.	-	component FortressLibrary	typecheck	FortressLibrary.fss:614	Filter expressions in generator clauses must have type Boolean, but OpExpr at FortressLibrary.fss:614.13 was not well typed.
typecheck	Filter expressions in generator clauses must have type Boolean, but OpExpr at L.14 was not well typed.	-	component FortressLibrary	typecheck	FortressLibrary.fss:223	Filter expressions in generator clauses must have type Boolean, but OpExpr at FortressLibrary.fss:223.14 was not well typed.
typecheck	Filter expressions in generator clauses must have type Boolean, but OpExpr at L.14 was not well typed.	-	component FortressLibrary	typecheck	FortressLibrary.fss:280	Filter expressions in generator clauses must have type Boolean, but OpExpr at FortressLibrary.fss:280.14 was not well typed.
typecheck	Filter expressions in generator clauses must have type Boolean, but OpExpr at L.14 was not well typed.	-	component List	typecheck	List.fss:368	Filter expressions in generator clauses must have type Boolean, but OpExpr at List.fss:368.14 was not well typed.
typecheck	Filter expressions in generator clauses must have type Boolean, but OpExpr at L.36 was not well typed.	-	component FortressLibrary	typecheck	FortressLibrary.fss:285	Filter expressions in generator clauses must have type Boolean, but OpExpr at FortressLibrary.fss:285.36 was not well typed.
typecheck	Filter expressions in generator clauses must have type Boolean, but OpExpr at L.36 was not well typed.	-	component FortressLibrary	typecheck	FortressLibrary.fss:286	Filter expressions in generator clauses must have type Boolean, but OpExpr at FortressLibrary.fss:286.36 was not well typed.
typecheck	Filter expressions in generator clauses must have type Boolean, but OpExpr at L.8 was not well typed.	-	component FortressLibrary	typecheck	FortressLibrary.fss:4540	Filter expressions in generator clauses must have type Boolean, but OpExpr at FortressLibrary.fss:4540.8 was not well typed.
typecheck	Filter expressions in generator clauses must have type Boolean, but otherPieces.nonEmpty was not well typed.	-	component String	typecheck	String.fss:375	Filter expressions in generator clauses must have type Boolean, but otherPieces.nonEmpty was not well typed.
typecheck	Filter expressions in generator clauses must have type Boolean, but otherPieces.nonEmpty was not well typed.	-	component String	typecheck	String.fss:399	Filter expressions in generator clauses must have type Boolean, but otherPieces.nonEmpty was not well typed.
typecheck	Filter expressions in generator clauses must have type Boolean, but pieces.nonEmpty was not well typed.	-	component String	typecheck	String.fss:367	Filter expressions in generator clauses must have type Boolean, but pieces.nonEmpty was not well typed.
typecheck	Filter expressions in generator clauses must have type Boolean, but pieces.nonEmpty was not well typed.	-	component String	typecheck	String.fss:391	Filter expressions in generator clauses must have type Boolean, but pieces.nonEmpty was not well typed.
typecheck	Filter expressions in generator clauses must have type Boolean, but pieces.nonEmpty was not well typed.	-	component String	typecheck	String.fss:413	Filter expressions in generator clauses must have type Boolean, but pieces.nonEmpty was not well typed.
typecheck	Filter expressions in generator clauses must have type Boolean, but pieces.nonEmpty was not well typed.	-	component String	typecheck	String.fss:480	Filter expressions in generator clauses must have type Boolean, but pieces.nonEmpty was not well typed.
typecheck	FullRange[\..\] has no getter called lower	-	component FortressLibrary	typecheck	FortressLibrary.fss:2171	FullRange[\ZZ32\] has no getter called lower
typecheck	Function body has type (QQ & {Ratio}), but declared return type is ZZ.	-	component FortressLibrary	typecheck	FortressLibrary.fss:621	Function body has type (QQ & {Ratio}), but declared return type is ZZ.
typecheck	Function body has type (QQ & {Ratio}), but declared return type is ZZ.	-	component FortressLibrary	typecheck	FortressLibrary.fss:626	Function body has type (QQ & {Ratio}), but declared return type is ZZ.
typecheck	Function body has type Any, but declared return type is R.	-	component FortressLibrary	typecheck	FortressLibrary.fss:3078	Function body has type Any, but declared return type is R.
typecheck	Function body has type Any, but declared return type is R.	-	component FortressLibrary	typecheck	FortressLibrary.fss:3452	Function body has type Any, but declared return type is R.
typecheck	Function body has type Array1[\..\].	-	component FortressLibrary	typecheck	FortressLibrary.fss:2312	Function body has type Array1[\T,0,s0\], but declared return type is Vector[\T,s0\].
typecheck	Function body has type Array1[\..\].	-	component FortressLibrary	typecheck	FortressLibrary.fss:2314	Function body has type Array1[\T,0,s0\], but declared return type is Vector[\T,s0\].
typecheck	Function body has type Array1[\..\].	-	component FortressLibrary	typecheck	FortressLibrary.fss:2315	Function body has type Array1[\T,0,s0\], but declared return type is Vector[\T,s0\].
typecheck	Function body has type Array1[\..\].	-	component FortressLibrary	typecheck	FortressLibrary.fss:2318	Function body has type Array1[\T,0,s0\], but declared return type is Vector[\T,s0\].
typecheck	Function body has type Array1[\..\].	-	component FortressLibrary	typecheck	FortressLibrary.fss:2373	Function body has type Array1[\T,0,s0\], but declared return type is Vector[\T,s0\].
typecheck	Function body has type Array1[\..\].	-	component FortressLibrary	typecheck	FortressLibrary.fss:2375	Function body has type Array1[\T,0,s0\], but declared return type is Vector[\T,s0\].
typecheck	Function body has type Array1[\..\].	-	component FortressLibrary	typecheck	FortressLibrary.fss:2668	Function body has type Array1[\T,0,s0\], but declared return type is Vector[\T,s0\].
typecheck	Function body has type Array1[\..\].	-	component FortressLibrary	typecheck	FortressLibrary.fss:2673	Function body has type Array1[\T,0,s1\], but declared return type is Vector[\T,s1\].
typecheck	Function body has type Array2[\..\].	-	component FortressLibrary	typecheck	FortressLibrary.fss:2620	Function body has type Array2[\T,0,s0,0,s1\], but declared return type is Matrix[\T,s0,s1\].
typecheck	Function body has type Array2[\..\].	-	component FortressLibrary	typecheck	FortressLibrary.fss:2622	Function body has type Array2[\T,0,s0,0,s1\], but declared return type is Matrix[\T,s0,s1\].
typecheck	Function body has type Array2[\..\].	-	component FortressLibrary	typecheck	FortressLibrary.fss:2623	Function body has type Array2[\T,0,s0,0,s1\], but declared return type is Matrix[\T,s0,s1\].
typecheck	Function body has type Array2[\..\].	-	component FortressLibrary	typecheck	FortressLibrary.fss:2624	Function body has type Array2[\T,0,s0,0,s1\], but declared return type is Matrix[\T,s0,s1\].
typecheck	Function body has type Array2[\..\].	-	component FortressLibrary	typecheck	FortressLibrary.fss:2735	Function body has type Array2[\T,0,s0,0,s1\], but declared return type is Matrix[\T,s0,s1\].
typecheck	Function body has type Boolean, but declared return type is ().	-	component FortressLibrary	typecheck	FortressLibrary.fss:1186	Function body has type Boolean, but declared return type is ().
typecheck	Function body has type Boolean, but declared return type is BigReduction[\..\].	-	component FortressLibrary	typecheck	FortressLibrary.fss:3341	Function body has type Boolean, but declared return type is BigReduction[\Boolean,Boolean\].
typecheck	Function body has type BoundedRange[\..\].	-	component FortressLibrary	typecheck	FortressLibrary.fss:3874	Function body has type BoundedRange[\I\], but declared return type is FullRange[\I\].
typecheck	Function body has type CompactFullRange[\..\], but declared return type is RangeInternals.CompactFullScalarRan	-	component RangeInternals	typecheck	RangeInternals.fss:975	Function body has type CompactFullRange[\ZZ32\], but declared return type is RangeInternals.CompactFullScalarRange.
typecheck	Function body has type CompactFullRange[\..\], but declared return type is RangeInternals.CompactFullScalarRan	-	component RangeInternals	typecheck	RangeInternals.fss:977	Function body has type CompactFullRange[\ZZ32\], but declared return type is RangeInternals.CompactFullScalarRange.
typecheck	Function body has type CompactFullRange[\..\].	-	component List	typecheck	List.fss:276	Function body has type CompactFullRange[\ZZ32\], but declared return type is ZeroIndexed[\ZZ32\].
typecheck	Function body has type ConcreteRelationalPredicateCondition[\..\].	-	component FortressLibrary	typecheck	FortressLibrary.fss:4577	Function body has type ConcreteRelationalPredicateCondition[\E\], but declared return type is RelationalPredicateCondition[\E\].
typecheck	Function body has type Condition[\..\].	-	component List	typecheck	List.fss:119	Function body has type Condition[\E\], but declared return type is Maybe[\E\].
typecheck	Function body has type Condition[\..\].	-	component List	typecheck	List.fss:120	Function body has type Condition[\E\], but declared return type is Maybe[\E\].
typecheck	Function body has type Generator[\..\].	-	component FortressLibrary	typecheck	FortressLibrary.fss:1765	Function body has type Generator[\(I, E)\], but declared return type is Indexed[\(I, E),I\].
typecheck	Function body has type Generator[\..\].	-	component FortressLibrary	typecheck	FortressLibrary.fss:4577	Function body has type Generator[\E\]->RelationalPredicateCondition[\E\], but declared return type is E->RelationalPredicateCondition[\E\].
typecheck	Function body has type Generator[\..\].	-	component RangeInternals	typecheck	RangeInternals.fss:913	Function body has type Generator[\(ZZ32, ZZ32, ZZ32)\], but declared return type is Generator[\(ZZ32, ZZ32)\].
typecheck	Function body has type I, but declared return type is Just[\..\].	-	component FortressLibrary	typecheck	FortressLibrary.fss:3853	Function body has type I, but declared return type is Just[\I\].
typecheck	Function body has type Integral[\..\], but declared return type is I.	-	component FortressLibrary	typecheck	FortressLibrary.fss:658	Function body has type Integral[\I\], but declared return type is I.
typecheck	Function body has type Integral[\..\], but declared return type is I.	-	component FortressLibrary	typecheck	FortressLibrary.fss:659	Function body has type Integral[\I\], but declared return type is I.
typecheck	Function body has type Integral[\..\], but declared return type is I.	-	component FortressLibrary	typecheck	FortressLibrary.fss:660	Function body has type Integral[\I\], but declared return type is I.
typecheck	Function body has type Integral[\..\], but declared return type is I.	-	component FortressLibrary	typecheck	FortressLibrary.fss:689	Function body has type Integral[\I\], but declared return type is I.
typecheck	Function body has type Integral[\..\], but declared return type is I.	-	component FortressLibrary	typecheck	FortressLibrary.fss:690	Function body has type Integral[\I\], but declared return type is I.
typecheck	Function body has type Integral[\..\], but declared return type is I.	-	component FortressLibrary	typecheck	FortressLibrary.fss:691	Function body has type Integral[\I\], but declared return type is I.
typecheck	Function body has type Just[\..\].	-	component FortressLibrary	typecheck	FortressLibrary.fss:3047	Function body has type Just[\R\], but declared return type is Nothing[\R\].
typecheck	Function body has type List.AnyList, but declared return type is List.List[\..\].	-	component List	typecheck	List.fss:106	Function body has type List.AnyList, but declared return type is List.List[\T\].
typecheck	Function body has type List.List[\..\].	-	component List	typecheck	List.fss:103	Function body has type List.List[\F\], but declared return type is List.List[\T\].
typecheck	Function body has type NN64, but declared return type is (ZZ64 & {Long}).	-	component FortressLibrary	typecheck	FortressLibrary.fss:770	Function body has type NN64, but declared return type is (ZZ64 & {Long}).
typecheck	Function body has type NN64, but declared return type is UnsignedLong.	-	component FortressBuiltin	typecheck	FortressBuiltin.fss:460	Function body has type NN64, but declared return type is UnsignedLong.
typecheck	Function body has type NN64, but declared return type is UnsignedLong.	-	component FortressBuiltin	typecheck	FortressBuiltin.fss:461	Function body has type NN64, but declared return type is UnsignedLong.
typecheck	Function body has type OR(((), ()),()), but declared return type is ().	-	component FortressLibrary	typecheck	FortressLibrary.fss:2628	Function body has type OR(((), ()),()), but declared return type is ().
typecheck	Function body has type OR(((), ()),()), but declared return type is ().	-	component FortressLibrary	typecheck	FortressLibrary.fss:2646	Function body has type OR(((), ()),()), but declared return type is ().
typecheck	Function body has type OR((StandardTotalOrder[\..\])), but declared return type is (T, T).	-	component FortressLibrary	typecheck	FortressLibrary.fss:288	Function body has type OR((StandardTotalOrder[\T\], T),(T, StandardTotalOrder[\T\])), but declared return type is (T, T).
typecheck	Function body has type OR(Array1[\..\].	-	component FortressLibrary	typecheck	FortressLibrary.fss:2337	Function body has type OR(Array1[\T,0,s0\],Array1[\T,b0,s0\]), but declared return type is Array1[\T,b0,s0\].
typecheck	Function body has type OR(ImmutableArray1[\..\].	-	component FortressLibrary	typecheck	FortressLibrary.fss:2348	Function body has type OR(ImmutableArray1[\T,0,s0\],ImmutableArray1[\T,b0,s0\]), but declared return type is ReadableArray1[\T,b0,s0\].
typecheck	Function body has type OR(IntLiteral,T), but declared return type is T.	-	component FortressLibrary	typecheck	FortressLibrary.fss:2735	Function body has type OR(IntLiteral,T), but declared return type is T.
typecheck	Function body has type OR(IntLiteral,T), but declared return type is T.	-	component FortressLibrary	typecheck	FortressLibrary.fss:3125	Function body has type OR(IntLiteral,T), but declared return type is T.
typecheck	Function body has type OR(IntLiteral,T), but declared return type is T.	-	component FortressLibrary	typecheck	FortressLibrary.fss:3138	Function body has type OR(IntLiteral,T), but declared return type is T.
typecheck	Function body has type OR(List.List[\..\].	-	component List	typecheck	List.fss:94	Function body has type OR(List.List[\T\],List.List[\E\],List.List[\F\]), but declared return type is List.List[\T\].
typecheck	Function body has type OR(RangeInternals.ExtentRange2D,RangeInternals.CompactFullRange2D), but declared return	-	component RangeInternals	typecheck	RangeInternals.fss:1407	Function body has type OR(RangeInternals.ExtentRange2D,RangeInternals.CompactFullRange2D), but declared return type is ExtentRange[\(ZZ32, ZZ32)\].
typecheck	Function body has type OR(RangeInternals.ExtentRange3D,RangeInternals.CompactFullRange3D), but declared return	-	component RangeInternals	typecheck	RangeInternals.fss:1415	Function body has type OR(RangeInternals.ExtentRange3D,RangeInternals.CompactFullRange3D), but declared return type is ExtentRange[\(ZZ32, ZZ32, ZZ32)\].
typecheck	Function body has type OR(RangeInternals.ExtentScalarRange,RangeInternals.CompactFullParScalarRange), but decl	-	component RangeInternals	typecheck	RangeInternals.fss:1399	Function body has type OR(RangeInternals.ExtentScalarRange,RangeInternals.CompactFullParScalarRange), but declared return type is ExtentRange[\ZZ32\].
typecheck	Function body has type OR(RangeInternals.FullScalarRange,BoundedRange[\..\],BottomType,RangeInternals.BoundedS	-	component RangeInternals	typecheck	RangeInternals.fss:492	Function body has type OR(RangeInternals.FullScalarRange,BoundedRange[\ZZ32\],BottomType,RangeInternals.BoundedScalarRange), but declared return type is RangeInternals.BoundedScalarRange.
typecheck	Function body has type OR(__DefaultArray2[\..\].	-	component FortressLibrary	typecheck	FortressLibrary.fss:2711	Function body has type OR(__DefaultArray2[\T,b0,s0,b1,s1\],Array2[\T,0,s0,0,s1\]), but declared return type is Array2[\T,b0,s0,b1,s1\].
typecheck	Function body has type RR64, but declared return type is BigReduction[\..\].	-	component FortressLibrary	typecheck	FortressLibrary.fss:3234	Function body has type RR64, but declared return type is BigReduction[\RR64,RR64\].
typecheck	Function body has type RR64, but declared return type is BigReduction[\..\].	-	component FortressLibrary	typecheck	FortressLibrary.fss:3241	Function body has type RR64, but declared return type is BigReduction[\RR64,RR64\].
typecheck	Function body has type RR64, but declared return type is QQ.	-	component FortressLibrary	typecheck	FortressLibrary.fss:614	Function body has type RR64, but declared return type is QQ.
typecheck	Function body has type RR64, but declared return type is RR32.	-	component FortressBuiltin	typecheck	FortressBuiltin.fss:347	Function body has type RR64, but declared return type is RR32.
typecheck	Function body has type RR64, but declared return type is RR32.	-	component FortressBuiltin	typecheck	FortressBuiltin.fss:357	Function body has type RR64, but declared return type is RR32.
typecheck	Function body has type RR64, but declared return type is RR32.	-	component String	typecheck	String.fss:508	Function body has type RR64, but declared return type is RR32.
typecheck	Function body has type RangeInternals.BoundedScalarRange, but declared return type is RangeInternals.FullScala	-	component RangeInternals	typecheck	RangeInternals.fss:838	Function body has type RangeInternals.BoundedScalarRange, but declared return type is RangeInternals.FullScalarRange.
typecheck	Function body has type RangeInternals.FullRange2D, but declared return type is RangeInternals.StridedFullRange	-	component RangeInternals	typecheck	RangeInternals.fss:1313	Function body has type RangeInternals.FullRange2D, but declared return type is RangeInternals.StridedFullRange2D.
typecheck	Function body has type RangeInternals.FullRange3D, but declared return type is RangeInternals.StridedFullRange	-	component RangeInternals	typecheck	RangeInternals.fss:1350	Function body has type RangeInternals.FullRange3D, but declared return type is RangeInternals.StridedFullRange3D.
typecheck	Function body has type RangeInternals.Range2D, but declared return type is RangeInternals.FullRange2D.	-	component RangeInternals	typecheck	RangeInternals.fss:1362	Function body has type RangeInternals.Range2D, but declared return type is RangeInternals.FullRange2D.
typecheck	Function body has type RangeInternals.Range2D, but declared return type is RangeWithLeft[\..\].	-	component RangeInternals	typecheck	RangeInternals.fss:177	Function body has type RangeInternals.Range2D, but declared return type is RangeWithLeft[\(ZZ32, ZZ32)\].
typecheck	Function body has type RangeInternals.Range3D, but declared return type is RangeInternals.FullRange3D.	-	component RangeInternals	typecheck	RangeInternals.fss:1369	Function body has type RangeInternals.Range3D, but declared return type is RangeInternals.FullRange3D.
typecheck	Function body has type RangeInternals.Range3D, but declared return type is RangeWithLeft[\..\].	-	component RangeInternals	typecheck	RangeInternals.fss:236	Function body has type RangeInternals.Range3D, but declared return type is RangeWithLeft[\(ZZ32, ZZ32, ZZ32)\].
typecheck	Function body has type RangeInternals.ScalarRange, but declared return type is RangeInternals.FullScalarRange.	-	component RangeInternals	typecheck	RangeInternals.fss:1355	Function body has type RangeInternals.ScalarRange, but declared return type is RangeInternals.FullScalarRange.
typecheck	Function body has type RangeInternals.ScalarRange, but declared return type is RangeInternals.LeftScalarRange.	-	component RangeInternals	typecheck	RangeInternals.fss:587	Function body has type RangeInternals.ScalarRange, but declared return type is RangeInternals.LeftScalarRange.
typecheck	Function body has type RangeInternals.ScalarRange, but declared return type is RangeInternals.RightScalarRange	-	component RangeInternals	typecheck	RangeInternals.fss:676	Function body has type RangeInternals.ScalarRange, but declared return type is RangeInternals.RightScalarRange.
typecheck	Function body has type RangeInternals.ScalarRange, but declared return type is RangeInternals.RightScalarRange	-	component RangeInternals	typecheck	RangeInternals.fss:701	Function body has type RangeInternals.ScalarRange, but declared return type is RangeInternals.RightScalarRange.
typecheck	Function body has type RangeInternals.ScalarRange, but declared return type is RangeInternals.ScalarRangeWithE	-	component RangeInternals	typecheck	RangeInternals.fss:445	Function body has type RangeInternals.ScalarRange, but declared return type is RangeInternals.ScalarRangeWithExtent.
typecheck	Function body has type Range[\..\], but declared return type is RangeInternals.ScalarRange.	-	component RangeInternals	typecheck	RangeInternals.fss:312	Function body has type Range[\ZZ32\], but declared return type is RangeInternals.ScalarRange.
typecheck	Function body has type Range[\..\], but declared return type is RangeInternals.ScalarRangeWithLeft.	-	component RangeInternals	typecheck	RangeInternals.fss:145	Function body has type Range[\ZZ32\], but declared return type is RangeInternals.ScalarRangeWithLeft.
typecheck	Function body has type Range[\..\].	-	component FortressLibrary	typecheck	FortressLibrary.fss:3716	Function body has type Range[\I\], but declared return type is RangeWithRight[\I\].
typecheck	Function body has type Range[\..\].	-	component FortressLibrary	typecheck	FortressLibrary.fss:3763	Function body has type Range[\I\], but declared return type is OpenRange[\I\].
typecheck	Function body has type ReadableArray1[\..\].	-	component FortressLibrary	typecheck	FortressLibrary.fss:2188	Function body has type ReadableArray1[\U,b0,s0\], but declared return type is ImmutableArray1[\U,b0,s0\].
typecheck	Function body has type ReadableArray[\..\].	-	component FortressLibrary	typecheck	FortressLibrary.fss:2252	Function body has type ReadableArray[\T,ZZ32\], but declared return type is ImmutableArray1[\T,b0,s0\].
typecheck	Function body has type SimpleNestedSeqGenerator[\..\].	-	component FortressLibrary	typecheck	FortressLibrary.fss:3579	Function body has type SimpleNestedSeqGenerator[\E,F\], but declared return type is SequentialGenerator[\E\].
typecheck	Function body has type SimplePairSeqGenerator[\..\].	-	component FortressLibrary	typecheck	FortressLibrary.fss:3617	Function body has type SimplePairSeqGenerator[\E,F\], but declared return type is SequentialGenerator[\E\].
typecheck	Function body has type StandardMutableArrayType[\..\], but declared return type is T.	-	component FortressLibrary	typecheck	FortressLibrary.fss:2092	Function body has type StandardMutableArrayType[\T,E,I\], but declared return type is T.
typecheck	Function body has type StandardMutableArrayType[\..\], but declared return type is T.	-	component FortressLibrary	typecheck	FortressLibrary.fss:2096	Function body has type StandardMutableArrayType[\T,E,I\], but declared return type is T.
typecheck	Function body has type StandardMutableArrayType[\..\], but declared return type is T.	-	component FortressLibrary	typecheck	FortressLibrary.fss:2100	Function body has type StandardMutableArrayType[\T,E,I\], but declared return type is T.
typecheck	Function body has type StandardMutableArrayType[\..\], but declared return type is T.	-	component FortressLibrary	typecheck	FortressLibrary.fss:2104	Function body has type StandardMutableArrayType[\T,E,I\], but declared return type is T.
typecheck	Function body has type StandardTotalOrder[\..\], but declared return type is T.	-	component FortressLibrary	typecheck	FortressLibrary.fss:285	Function body has type StandardTotalOrder[\T\], but declared return type is T.
typecheck	Function body has type StandardTotalOrder[\..\], but declared return type is T.	-	component FortressLibrary	typecheck	FortressLibrary.fss:286	Function body has type StandardTotalOrder[\T\], but declared return type is T.
typecheck	Function body has type String, but declared return type is Comprehension[\..\].	-	component FortressLibrary	typecheck	FortressLibrary.fss:3416	Function body has type String, but declared return type is Comprehension[\Any,String,String,String\].
typecheck	Function body has type T, but declared return type is (T, T).	-	component FortressLibrary	typecheck	FortressLibrary.fss:3213	Function body has type T, but declared return type is (T, T).
typecheck	Function body has type TotalComparison, but declared return type is BigReduction[\..\].	-	component FortressLibrary	typecheck	FortressLibrary.fss:130	Function body has type TotalComparison, but declared return type is BigReduction[\TotalComparison,TotalComparison\].
typecheck	Function body has type UniqueItem[\..\].	-	component FortressLibrary	typecheck	FortressLibrary.fss:1535	Function body has type UniqueItem[\T\], but declared return type is BigReduction[\UniqueItem[\T\],UniqueItem[\T\]\].
typecheck	Function body has type UniqueItem[\..\].	-	component FortressLibrary	typecheck	FortressLibrary.fss:1550	Function body has type UniqueItem[\T\], but declared return type is BigReduction[\UniqueItem[\T\],UniqueItem[\T\]\].
typecheck	Function body has type ZZ, but declared return type is IntLiteral.	-	component FortressBuiltin	typecheck	FortressBuiltin.fss:471	Function body has type ZZ, but declared return type is IntLiteral.
typecheck	Function body has type ZZ, but declared return type is IntLiteral.	-	component FortressBuiltin	typecheck	FortressBuiltin.fss:472	Function body has type ZZ, but declared return type is IntLiteral.
typecheck	Function body has type ZZ32, but declared return type is (ZZ32, ZZ32).	-	component RangeInternals	typecheck	RangeInternals.fss:1131	Function body has type ZZ32, but declared return type is (ZZ32, ZZ32).
typecheck	Function body has type ZZ32, but declared return type is (ZZ32, ZZ32).	-	component RangeInternals	typecheck	RangeInternals.fss:966	Function body has type ZZ32, but declared return type is (ZZ32, ZZ32).
typecheck	Generator[\..\] has no getter called flip	-	component String	typecheck	String.fss:196	Generator[\ZZ32\] has no getter called flip
typecheck	Generator[\..\] has no getter called nonEmpty	-	component String	typecheck	String.fss:367	Generator[\(ZZ32, String)\] has no getter called nonEmpty
typecheck	Generator[\..\] has no getter called nonEmpty	-	component String	typecheck	String.fss:375	Generator[\(ZZ32, String)\] has no getter called nonEmpty
typecheck	Generator[\..\] has no getter called nonEmpty	-	component String	typecheck	String.fss:391	Generator[\(ZZ32, String)\] has no getter called nonEmpty
typecheck	Generator[\..\] has no getter called nonEmpty	-	component String	typecheck	String.fss:399	Generator[\(ZZ32, String)\] has no getter called nonEmpty
typecheck	Generator[\..\] has no getter called nonEmpty	-	component String	typecheck	String.fss:413	Generator[\(ZZ32, String)\] has no getter called nonEmpty
typecheck	Generator[\..\] has no getter called nonEmpty	-	component String	typecheck	String.fss:480	Generator[\(ZZ32, String)\] has no getter called nonEmpty
typecheck	Generator[\..\] has no getter called size	-	component FortressLibrary	typecheck	FortressLibrary.fss:4540	Generator[\E\] has no getter called size
typecheck	Generator[\..\] has no getter called size	-	component FortressLibrary	typecheck	FortressLibrary.fss:4543	Generator[\E\] has no getter called size
typecheck	List.List[\..\] has no getter called canExtendLeft	-	component List	typecheck	List.fss:368	List.List[\E\] has no getter called canExtendLeft
typecheck	List.List[\..\] has no getter called leftSpace	-	component List	typecheck	List.fss:368	List.List[\E\] has no getter called leftSpace
typecheck	No such method ()->Maybe[\..\].asDebugStringIndented.	-	component String	typecheck	String.fss:130	No such method ()->Maybe[\Char\].asDebugStringIndented.
typecheck	No such method ()->Maybe[\..\].asDebugStringIndented.	-	component String	typecheck	String.fss:131	No such method ()->Maybe[\Char\].asDebugStringIndented.
typecheck	No such method ()->Maybe[\..\].generate.	-	component String	typecheck	String.fss:87	No such method ()->Maybe[\Char\].generate.
typecheck	No such method ()->Maybe[\..\].get.	-	component String	typecheck	String.fss:121	No such method ()->Maybe[\Char\].get.
typecheck	No such method Condition[\..\] after argument inference	-	component FortressLibrary	typecheck	FortressLibrary.fss:4483	No such method Condition[\()\].holds. FortressLibrary.fss:4483:185-294: Possibly because x: Generator[\E\] after argument inference
typecheck	No such method CovariantCollection.AnyCovColl.toImmutableArray. L: Possibly because cc: CovariantCollection.An	-	component List	typecheck	List.fss:178	No such method CovariantCollection.AnyCovColl.toImmutableArray. List.fss:178:35-86: Possibly because cc: CovariantCollection.AnyCovColl after argument inference
typecheck	No such method FlatString.FlatString.size.	-	component FlatString	typecheck	FlatString.fss:89	No such method FlatString.FlatString.size.
typecheck	No such method Generator2[\..\].seed.	-	component FortressLibrary	typecheck	FortressLibrary.fss:4529	No such method Generator2[\E\].seed.
typecheck	No such method Generator[\..\]._[_].	-	component FortressLibrary	typecheck	FortressLibrary.fss:4466	No such method Generator[\((ActualReduction[\R,L1\], ActualReduction[\R,L2\], E->R)->Boolean, (ActualReduction[\R,L1\], ActualReduction[\R,L1\], E->R)->R)\]._[_].
typecheck	No such method Generator[\..\]._[_].	-	component FortressLibrary	typecheck	FortressLibrary.fss:4491	No such method Generator[\((ActualReduction[\R,L1\], ActualReduction[\R,L2\], Generator[\E\]->Condition[\()\], E->R)->Boolean, (ActualReduction[\R,L1\], ActualReduction[\R,L2\], Generator[\E\]->Condition[\()\], E->R)->R)\]._[_].
typecheck	No such method Generator[\..\].__generate2filtered.	-	component FortressLibrary	typecheck	FortressLibrary.fss:4516	No such method Generator[\Generator[\E\]\].__generate2filtered.
typecheck	No such method Generator[\..\].__generate2filtered.	-	component FortressLibrary	typecheck	FortressLibrary.fss:4517	No such method Generator[\Generator[\E\]\].__generate2filtered.
typecheck	No such method Generator[\..\].theorems.	-	component FortressLibrary	typecheck	FortressLibrary.fss:4521	No such method Generator[\Generator[\E\]\].theorems.
typecheck	No such method Generator[\..\].theoremsFiltered.	-	component FortressLibrary	typecheck	FortressLibrary.fss:4519	No such method Generator[\Generator[\E\]\].theoremsFiltered.
typecheck	No such method ImmutableArray1[\..\].put.	-	component FortressLibrary	typecheck	FortressLibrary.fss:2297	No such method ImmutableArray1[\T,b_a,s_a\].put.
typecheck	No such method List.List[\..\].fill.	-	component List	typecheck	List.fss:379	No such method List.List[\T\].fill.
typecheck	No such method List.List[\..\].fill.	-	component List	typecheck	List.fss:393	No such method List.List[\T\].fill.
typecheck	No such method Matrix[\..\].add.	-	component FortressLibrary	typecheck	FortressLibrary.fss:2698	No such method Matrix[\T,s1,s0\].add.
typecheck	No such method Matrix[\..\].negate.	-	component FortressLibrary	typecheck	FortressLibrary.fss:2700	No such method Matrix[\T,s1,s0\].negate.
typecheck	No such method Matrix[\..\].subtract.	-	component FortressLibrary	typecheck	FortressLibrary.fss:2699	No such method Matrix[\T,s1,s0\].subtract.
typecheck	No such method NestedGenerator[\..\].f.	-	component FortressLibrary	typecheck	FortressLibrary.fss:3555	No such method NestedGenerator[\E,F\].f.
typecheck	No such method RangeInternals.ScalarRange.indexOf.	-	component RangeInternals	typecheck	RangeInternals.fss:191	No such method RangeInternals.ScalarRange.indexOf.
typecheck	No such method RangeInternals.ScalarRange.indexOf.	-	component RangeInternals	typecheck	RangeInternals.fss:251	No such method RangeInternals.ScalarRange.indexOf.
typecheck	No such method Range[\..\]._[_].	-	component String	typecheck	String.fss:296	No such method Range[\ZZ32\]._[_].
typecheck	No such method Range[\..\].forwardIntersection.	-	component RangeInternals	typecheck	RangeInternals.fss:497	No such method Range[\ZZ32\].forwardIntersection.
typecheck	No such method Range[\..\].intersectWithExtent.	-	component RangeInternals	typecheck	RangeInternals.fss:425	No such method Range[\ZZ32\].intersectWithExtent.
typecheck	No such method Range[\..\].intersectWithExtent.	-	component RangeInternals	typecheck	RangeInternals.fss:513	No such method Range[\ZZ32\].intersectWithExtent.
typecheck	No such method String.asDebugStringIndented.	-	component String	typecheck	String.fss:354	No such method String.asDebugStringIndented.
typecheck	No such method String.get.	-	component FortressLibrary	typecheck	FortressLibrary.fss:4054	No such method String.get.
typecheck	No such method String.get.	-	component FortressLibrary	typecheck	FortressLibrary.fss:4055	No such method String.get.
typecheck	No such method String.get.	-	component FortressLibrary	typecheck	FortressLibrary.fss:4076	No such method String.get.
typecheck	No such method String.get.	-	component String	typecheck	String.fss:467	No such method String.get.
typecheck	No such method String.get. L: Possibly because i: ZZ32 after argument inference L: Possibly because (reduction	-	component FortressLibrary	typecheck	FortressLibrary.fss:4066	No such method String.get. FortressLibrary.fss:4066:20-45: Possibly because i: ZZ32 after argument inference FortressLibrary.fss:4066:9-94: Possibly because (reduction?13, unit?14): (Reduction[\TotalComparison\], TotalComparison->TotalComparison) after argument inference
typecheck	No such method String.get. L: Possibly because i: ZZ32 after argument inference L: Possibly because (reduction	-	component FortressLibrary	typecheck	FortressLibrary.fss:4069	No such method String.get. FortressLibrary.fss:4069:20-45: Possibly because i: ZZ32 after argument inference FortressLibrary.fss:4069:9-77: Possibly because (reduction?15, unit?16): (Reduction[\TotalComparison\], TotalComparison->TotalComparison) after argument inference
typecheck	No such method String.reverse. L:62: Possibly because (reduction?21, unit?22): (Reduction[\..\], Any->String) 	-	component FortressLibrary	typecheck	FortressLibrary.fss:4195	No such method String.reverse. FortressLibrary.fss:4195:35-4199:62: Possibly because (reduction?21, unit?22): (Reduction[\String\], Any->String) after argument inference
typecheck	Non-last expression in a block has type FlatString.FlatString, but it must have () type.	-	component FlatString	typecheck	FlatString.fss:29	Non-last expression in a block has type FlatString.FlatString, but it must have () type.
typecheck	Non-last expression in a block has type OR((),QQ,BottomType), but it must have () type.	-	component FortressLibrary	typecheck	FortressLibrary.fss:509	Non-last expression in a block has type OR((),QQ,BottomType), but it must have () type.
typecheck	Q can only throw objects of Exception type. This expression is of type Exception->ForbiddenException.	-	component FortressLibrary	typecheck	FortressLibrary.fss:2356	'throw' can only throw objects of Exception type. This expression is of type Exception->ForbiddenException.
typecheck	Q can only throw objects of Exception type. This expression is of type Exception->ForbiddenException.	-	component FortressLibrary	typecheck	FortressLibrary.fss:321	'throw' can only throw objects of Exception type. This expression is of type Exception->ForbiddenException.
typecheck	Range[\..\] has no getter called lower	-	component FlatString	typecheck	FlatString.fss:64	Range[\ZZ32\] has no getter called lower
typecheck	Range[\..\] has no getter called lower	-	component String	typecheck	String.fss:424	Range[\ZZ32\] has no getter called lower
typecheck	Range[\..\] has no getter called lower	-	component String	typecheck	String.fss:450	Range[\ZZ32\] has no getter called lower
typecheck	Range[\..\] has no getter called lower	-	component String	typecheck	String.fss:471	Range[\ZZ32\] has no getter called lower
typecheck	Range[\..\] has no getter called lower	-	component String	typecheck	String.fss:474	Range[\ZZ32\] has no getter called lower
typecheck	Range[\..\] has no getter called size	-	component String	typecheck	String.fss:339	Range[\ZZ32\] has no getter called size
typecheck	Range[\..\] has no getter called upper	-	component FlatString	typecheck	FlatString.fss:64	Range[\ZZ32\] has no getter called upper
typecheck	Range[\..\], TotalComparison->TotalComparison) after argument inference	-	component String	typecheck	String.fss:371	Range[\ZZ32\] has no getter called lower String.fss:368:25-44: Possibly because (start, str): (ZZ32, String) after argument inference String.fss:368:13-372:16: Possibly because (reduction?35, unit?36): (Reduction[\TotalComparison\], TotalComparison->TotalComparison) after argument inference
typecheck	Range[\..\], TotalComparison->TotalComparison) after argument inference	-	component String	typecheck	String.fss:378	Range[\ZZ32\] has no getter called lower String.fss:377:29-53: Possibly because (start, str): (ZZ32, String) after argument inference String.fss:377:17-380:20: Possibly because (reduction?37, unit?38): (Reduction[\TotalComparison\], TotalComparison->TotalComparison) after argument inference
typecheck	Range[\..\], TotalComparison->TotalComparison) after argument inference	-	component String	typecheck	String.fss:395	Range[\ZZ32\] has no getter called lower String.fss:392:25-44: Possibly because (start, str): (ZZ32, String) after argument inference String.fss:392:13-396:16: Possibly because (reduction?39, unit?40): (Reduction[\TotalComparison\], TotalComparison->TotalComparison) after argument inference
typecheck	Range[\..\], TotalComparison->TotalComparison) after argument inference	-	component String	typecheck	String.fss:402	Range[\ZZ32\] has no getter called lower String.fss:401:29-53: Possibly because (start, str): (ZZ32, String) after argument inference String.fss:401:17-404:20: Possibly because (reduction?41, unit?42): (Reduction[\TotalComparison\], TotalComparison->TotalComparison) after argument inference
typecheck	Right-hand side has type AND((ZZ32, ZZ32),I), but left-hand side is a tuple of 2 variables.	-	component FortressLibrary	typecheck	FortressLibrary.fss:3895	Right-hand side has type AND((ZZ32, ZZ32),I), but left-hand side is a tuple of 2 variables.
typecheck	Right-hand side has type AND((ZZ32, ZZ32, ZZ32),I), but left-hand side is a tuple of 3 variables.	-	component FortressLibrary	typecheck	FortressLibrary.fss:3896	Right-hand side has type AND((ZZ32, ZZ32, ZZ32),I), but left-hand side is a tuple of 3 variables.
typecheck	Right-hand side has type Integral[\..\], but declared type is ZZ.	-	component FortressLibrary	typecheck	FortressLibrary.fss:655	Right-hand side has type Integral[\I\], but declared type is ZZ.
typecheck	String has no getter called balanced	-	component String	typecheck	String.fss:360	String has no getter called balanced
typecheck	String.SubString has no getter called balanced	-	component String	typecheck	String.fss:256	String.SubString has no getter called balanced
typecheck	The typecase clause, NatReflect.N[\..\], is unreachable.	-	component FortressLibrary	typecheck	FortressLibrary.fss:2340,NatReflect.fsi:27	The typecase clause, NatReflect.N[\0\], is unreachable.
typecheck	The typecase clause, NatReflect.N[\..\], is unreachable.	-	component FortressLibrary	typecheck	FortressLibrary.fss:2351,NatReflect.fsi:27	The typecase clause, NatReflect.N[\0\], is unreachable.
wellformed	Ill-formed static argument: b+b Arithmetic on nat static arguments is not supported by the type checker; use a	-	component NatReflect	wellformed1+wellformed2	NatReflect.fss:45	Ill-formed static argument: b+b Arithmetic on nat static arguments is not supported by the type checker; use a nat parameter or a literal.
wellformed	Ill-formed static argument: b+b Arithmetic on nat static arguments is not supported by the type checker; use a	-	component NatReflect	wellformed1+wellformed2	NatReflect.fss:47	Ill-formed static argument: b+b Arithmetic on nat static arguments is not supported by the type checker; use a nat parameter or a literal.
wellformed	Ill-formed static argument: r+b Arithmetic on nat static arguments is not supported by the type checker; use a	-	component NatReflect	wellformed1+wellformed2	NatReflect.fss:47	Ill-formed static argument: r+b Arithmetic on nat static arguments is not supported by the type checker; use a nat parameter or a literal.
wellformed	Ill-formed static argument: s0 s1 Arithmetic on nat static arguments is not supported by the type checker; use	-	component FortressLibrary	wellformed1+wellformed2	FortressLibrary.fss:2536	Ill-formed static argument: s0 s1 Arithmetic on nat static arguments is not supported by the type checker; use a nat parameter or a literal.
wellformed	Ill-formed static argument: s0 s1 Arithmetic on nat static arguments is not supported by the type checker; use	-	component FortressLibrary	wellformed1+wellformed2	FortressLibrary.fss:2684	Ill-formed static argument: s0 s1 Arithmetic on nat static arguments is not supported by the type checker; use a nat parameter or a literal.
wellformed	Ill-formed static argument: s0 s1 s2 Arithmetic on nat static arguments is not supported by the type checker; 	-	component FortressLibrary	wellformed1+wellformed2	FortressLibrary.fss:2907	Ill-formed static argument: s0 s1 s2 Arithmetic on nat static arguments is not supported by the type checker; use a nat parameter or a literal.
wellformed	Ill-formed type: Matrix[\..\] The static argument T does not satisfy the corresponding bound Number.	-	component FortressLibrary	wellformed1+wellformed2	FortressLibrary.fss:2683	Ill-formed type: Matrix[\T,s0,s1\] The static argument T does not satisfy the corresponding bound Number.
wellformed	Ill-formed type: Matrix[\..\] The static argument T does not satisfy the corresponding bound Number.	-	component FortressLibrary	wellformed1+wellformed2	FortressLibrary.fss:2690	Ill-formed type: Matrix[\T,s1,s0\] The static argument T does not satisfy the corresponding bound Number.
wellformed	Ill-formed type: Matrix[\..\] The static argument T does not satisfy the corresponding bound Number.	-	component FortressLibrary	wellformed1+wellformed2	FortressLibrary.fss:2691	Ill-formed type: Matrix[\T,s0,s1\] The static argument T does not satisfy the corresponding bound Number.
wellformed	Ill-formed type: Matrix[\..\] The static argument T does not satisfy the corresponding bound Number.	-	component FortressLibrary	wellformed1+wellformed2	FortressLibrary.fss:2697	Ill-formed type: Matrix[\T,s1,s0\] The static argument T does not satisfy the corresponding bound Number.
wellformed	Ill-formed type: Matrix[\..\] The static argument T does not satisfy the corresponding bound Number.	-	component FortressLibrary	wellformed1+wellformed2	FortressLibrary.fss:2698	Ill-formed type: Matrix[\T,s0,s1\] The static argument T does not satisfy the corresponding bound Number.
wellformed	Ill-formed type: Matrix[\..\] The static argument T does not satisfy the corresponding bound Number.	-	component FortressLibrary	wellformed1+wellformed2	FortressLibrary.fss:2699	Ill-formed type: Matrix[\T,s0,s1\] The static argument T does not satisfy the corresponding bound Number.
wellformed	Ill-formed type: Matrix[\..\] The static argument T does not satisfy the corresponding bound Number.	-	component FortressLibrary	wellformed1+wellformed2	FortressLibrary.fss:2700	Ill-formed type: Matrix[\T,s0,s1\] The static argument T does not satisfy the corresponding bound Number.
wellformed	Ill-formed type: Matrix[\..\] The static argument T does not satisfy the corresponding bound Number.	-	component FortressLibrary	wellformed1+wellformed2	FortressLibrary.fss:2701	Ill-formed type: Matrix[\T,s0,s1\] The static argument T does not satisfy the corresponding bound Number.
wellformed	Ill-formed type: Matrix[\..\] The static argument T does not satisfy the corresponding bound Number.	-	component FortressLibrary	wellformed2	FortressLibrary.fss:2624	Ill-formed type: Matrix[\T,s1,s0\] The static argument T does not satisfy the corresponding bound Number.
wellformed	Ill-formed type: Matrix[\..\] The static argument T does not satisfy the corresponding bound Number.	-	component FortressLibrary	wellformed2	FortressLibrary.fss:2678	Ill-formed type: Matrix[\T,s0,s1\] The static argument T does not satisfy the corresponding bound Number.
wellformed	Ill-formed type: Matrix[\..\] The static argument T does not satisfy the corresponding bound Number.	-	component FortressLibrary	wellformed2	FortressLibrary.fss:2732	Ill-formed type: Matrix[\T,s0,s1\] The static argument T does not satisfy the corresponding bound Number.
wellformed	Ill-formed type: MaxReduction[\..\].	-	component FortressLibrary	wellformed1+wellformed2	FortressLibrary.fss:3171	Ill-formed type: MaxReduction[\T\] The static argument T does not satisfy the corresponding bound StandardMax[\T\].
wellformed	Ill-formed type: MaxSumReductionPair[\..\].	-	component FortressLibrary	wellformed2	FortressLibrary.fss:3155	Ill-formed type: MaxSumReductionPair[\T\] The static argument T does not satisfy the corresponding bound StandardMax[\T\].
wellformed	Ill-formed type: MinReduction[\..\].	-	component FortressLibrary	wellformed1+wellformed2	FortressLibrary.fss:3173	Ill-formed type: MinReduction[\T\] The static argument T does not satisfy the corresponding bound StandardMin[\T\].
wellformed	Ill-formed type: MinSumReductionPair[\..\].	-	component FortressLibrary	wellformed2	FortressLibrary.fss:3161	Ill-formed type: MinSumReductionPair[\T\] The static argument T does not satisfy the corresponding bound StandardMin[\T\].
wellformed	Ill-formed type: NativeArray.PrimitiveArray[\..\] Arithmetic on nat static arguments is not supported by the t	-	component FortressLibrary	wellformed1+wellformed2	FortressLibrary.fss:2536	Ill-formed type: NativeArray.PrimitiveArray[\T,s0 s1\] Arithmetic on nat static arguments is not supported by the type checker; use a nat parameter or a literal.
wellformed	Ill-formed type: NativeArray.PrimitiveArray[\..\] Arithmetic on nat static arguments is not supported by the t	-	component FortressLibrary	wellformed1+wellformed2	FortressLibrary.fss:2684	Ill-formed type: NativeArray.PrimitiveArray[\T,s0 s1\] Arithmetic on nat static arguments is not supported by the type checker; use a nat parameter or a literal.
wellformed	Ill-formed type: NativeArray.PrimitiveArray[\..\] Arithmetic on nat static arguments is not supported by the t	-	component FortressLibrary	wellformed1+wellformed2	FortressLibrary.fss:2907	Ill-formed type: NativeArray.PrimitiveArray[\T,s0 s1 s2\] Arithmetic on nat static arguments is not supported by the type checker; use a nat parameter or a literal.
wellformed	Ill-formed type: NativeArray.PrimitiveArray[\..\] Arithmetic on nat static arguments is not supported by the t	-	component FortressLibrary	wellformed2	NativeArray.fsi:12	Ill-formed type: NativeArray.PrimitiveArray[\T,s0 s1 s2\] Arithmetic on nat static arguments is not supported by the type checker; use a nat parameter or a literal.
wellformed	Ill-formed type: NativeArray.PrimitiveArray[\..\] Arithmetic on nat static arguments is not supported by the t	-	component FortressLibrary	wellformed2	NativeArray.fsi:12	Ill-formed type: NativeArray.PrimitiveArray[\T,s0 s1\] Arithmetic on nat static arguments is not supported by the type checker; use a nat parameter or a literal.
wellformed	Ill-formed type: Vector[\..\] The static argument T does not satisfy the corresponding bound Number.	-	component FortressLibrary	wellformed1+wellformed2	FortressLibrary.fss:2323	Ill-formed type: Vector[\T,s0\] The static argument T does not satisfy the corresponding bound Number.
wellformed	Ill-formed type: Vector[\..\] The static argument T does not satisfy the corresponding bound Number.	-	component FortressLibrary	wellformed1+wellformed2	FortressLibrary.fss:2702	Ill-formed type: Vector[\T,s0\] The static argument T does not satisfy the corresponding bound Number.
wellformed	Ill-formed type: Vector[\..\] The static argument T does not satisfy the corresponding bound Number.	-	component FortressLibrary	wellformed1+wellformed2	FortressLibrary.fss:2702	Ill-formed type: Vector[\T,s1\] The static argument T does not satisfy the corresponding bound Number.
wellformed	Ill-formed type: Vector[\..\] The static argument T does not satisfy the corresponding bound Number.	-	component FortressLibrary	wellformed1+wellformed2	FortressLibrary.fss:2703	Ill-formed type: Vector[\T,s0\] The static argument T does not satisfy the corresponding bound Number.
wellformed	Ill-formed type: Vector[\..\] The static argument T does not satisfy the corresponding bound Number.	-	component FortressLibrary	wellformed1+wellformed2	FortressLibrary.fss:2703	Ill-formed type: Vector[\T,s1\] The static argument T does not satisfy the corresponding bound Number.
wellformed	Ill-formed type: Vector[\..\] The static argument T does not satisfy the corresponding bound Number.	-	component FortressLibrary	wellformed2	FortressLibrary.fss:2371	Ill-formed type: Vector[\T,s0\] The static argument T does not satisfy the corresponding bound Number.
wellformed	Ill-formed type: Vector[\..\] The static argument T does not satisfy the corresponding bound Number.	-	component FortressLibrary	wellformed2	FortressLibrary.fss:2668	Ill-formed type: Vector[\T,s0\] The static argument T does not satisfy the corresponding bound Number.
wellformed	Ill-formed type: Vector[\..\] The static argument T does not satisfy the corresponding bound Number.	-	component FortressLibrary	wellformed2	FortressLibrary.fss:2668	Ill-formed type: Vector[\T,s1\] The static argument T does not satisfy the corresponding bound Number.
wellformed	Ill-formed type: Vector[\..\] The static argument T does not satisfy the corresponding bound Number.	-	component FortressLibrary	wellformed2	FortressLibrary.fss:2673	Ill-formed type: Vector[\T,s0\] The static argument T does not satisfy the corresponding bound Number.
wellformed	Ill-formed type: Vector[\..\] The static argument T does not satisfy the corresponding bound Number.	-	component FortressLibrary	wellformed2	FortressLibrary.fss:2673	Ill-formed type: Vector[\T,s1\] The static argument T does not satisfy the corresponding bound Number.
